example_id,domain,dialogue_id,turn_id,speaker,politeness_label,split,paper_subset
movie:1:1,movie,1,1,user,2,train,0
movie:1:2,movie,1,2,agent,2,train,1
movie:2:1,movie,2,1,user,3,test,1
movie:2:2,movie,2,2,agent,1,test,0
movie:2:3,movie,2,3,user,2,test,0
movie:2:4,movie,2,4,agent,3,test,1
movie:2:5,movie,2,5,user,3,test,1
movie:2:6,movie,2,6,agent,2,test,0
movie:2:7,movie,2,7,user,3,test,0
movie:2:8,movie,2,8,agent,2,test,0
movie:2:9,movie,2,9,user,2,test,0
movie:2:10,movie,2,10,agent,2,test,0
movie:2:11,movie,2,11,user,3,test,1
movie:2:12,movie,2,12,agent,3,test,0
movie:3:1,movie,3,1,user,1,validation,0
movie:3:2,movie,3,2,agent,3,validation,0
movie:3:3,movie,3,3,user,1,validation,0
movie:3:4,movie,3,4,agent,2,validation,1
movie:4:1,movie,4,1,user,3,train,0
movie:4:2,movie,4,2,agent,2,train,0
movie:4:3,movie,4,3,user,3,train,0
movie:4:4,movie,4,4,agent,2,train,0
movie:4:5,movie,4,5,user,2,train,0
movie:4:6,movie,4,6,agent,3,train,1
movie:4:7,movie,4,7,user,2,train,0
movie:4:8,movie,4,8,agent,3,train,1
movie:4:9,movie,4,9,user,2,train,0
movie:4:10,movie,4,10,agent,2,train,0
movie:4:11,movie,4,11,user,3,train,0
movie:4:12,movie,4,12,agent,3,train,0
movie:5:1,movie,5,1,user,3,train,1
movie:5:2,movie,5,2,agent,3,train,1
movie:5:3,movie,5,3,user,3,train,1
movie:5:4,movie,5,4,agent,2,train,0
movie:5:5,movie,5,5,user,3,train,1
movie:5:6,movie,5,6,agent,1,train,0
movie:5:7,movie,5,7,user,2,train,0
movie:5:8,movie,5,8,agent,2,train,0
movie:5:9,movie,5,9,user,3,train,0
movie:5:10,movie,5,10,agent,2,train,0
movie:5:11,movie,5,11,user,3,train,1
movie:5:12,movie,5,12,agent,3,train,0
movie:6:1,movie,6,1,user,1,train,1
movie:6:2,movie,6,2,agent,1,train,1
movie:6:3,movie,6,3,user,3,train,0
movie:6:4,movie,6,4,agent,2,train,1
movie:6:5,movie,6,5,user,0,train,0
movie:6:6,movie,6,6,agent,2,train,1
movie:6:7,movie,6,7,user,3,train,1
movie:6:8,movie,6,8,agent,2,train,1
movie:6:9,movie,6,9,user,2,train,1
movie:6:10,movie,6,10,agent,2,train,0
movie:6:11,movie,6,11,user,3,train,0
movie:6:12,movie,6,12,agent,2,train,1
movie:7:1,movie,7,1,user,2,train,0
movie:7:2,movie,7,2,agent,2,train,1
movie:7:3,movie,7,3,user,3,train,0
movie:7:4,movie,7,4,agent,3,train,1
movie:8:1,movie,8,1,user,2,train,0
movie:8:2,movie,8,2,agent,2,train,1
movie:9:1,movie,9,1,user,3,train,1
movie:9:2,movie,9,2,agent,0,train,1
movie:9:3,movie,9,3,user,0,train,1
movie:9:4,movie,9,4,agent,1,train,0
movie:9:5,movie,9,5,user,3,train,0
movie:9:6,movie,9,6,agent,1,train,0
movie:10:1,movie,10,1,user,3,train,0
movie:10:2,movie,10,2,agent,3,train,1
movie:10:3,movie,10,3,user,3,train,0
movie:10:4,movie,10,4,agent,2,train,1
movie:10:5,movie,10,5,user,3,train,0
movie:10:6,movie,10,6,agent,2,train,1
movie:11:1,movie,11,1,user,1,train,0
movie:11:2,movie,11,2,agent,2,train,0
movie:11:3,movie,11,3,user,0,train,0
movie:11:4,movie,11,4,agent,1,train,0
movie:11:5,movie,11,5,user,2,train,0
movie:11:6,movie,11,6,agent,3,train,1
movie:11:7,movie,11,7,user,3,train,0
movie:11:8,movie,11,8,agent,3,train,0
movie:11:9,movie,11,9,user,0,train,0
movie:11:10,movie,11,10,agent,1,train,1
movie:11:11,movie,11,11,user,2,train,1
movie:11:12,movie,11,12,agent,2,train,0
movie:11:13,movie,11,13,user,3,train,1
movie:11:14,movie,11,14,agent,3,train,0
movie:12:1,movie,12,1,user,3,validation,1
movie:12:2,movie,12,2,agent,3,validation,0
movie:12:3,movie,12,3,user,3,validation,1
movie:12:4,movie,12,4,agent,2,validation,0
movie:12:5,movie,12,5,user,0,validation,0
movie:12:6,movie,12,6,agent,1,validation,1
movie:12:7,movie,12,7,user,1,validation,0
movie:12:8,movie,12,8,agent,1,validation,0
movie:12:9,movie,12,9,user,0,validation,0
movie:12:10,movie,12,10,agent,1,validation,1
movie:13:1,movie,13,1,user,2,test,1
movie:13:2,movie,13,2,agent,2,test,0
movie:13:3,movie,13,3,user,3,test,1
movie:13:4,movie,13,4,agent,2,test,0
movie:14:1,movie,14,1,user,0,train,0
movie:14:2,movie,14,2,agent,1,train,0
movie:14:3,movie,14,3,user,2,train,0
movie:14:4,movie,14,4,agent,2,train,0
movie:14:5,movie,14,5,user,3,train,1
movie:14:6,movie,14,6,agent,3,train,1
movie:15:1,movie,15,1,user,3,test,0
movie:15:2,movie,15,2,agent,3,test,0
movie:15:3,movie,15,3,user,3,test,0
movie:15:4,movie,15,4,agent,2,test,0
movie:15:5,movie,15,5,user,3,test,0
movie:15:6,movie,15,6,agent,1,test,0
movie:15:7,movie,15,7,user,2,test,0
movie:15:8,movie,15,8,agent,2,test,0
movie:15:9,movie,15,9,user,3,test,0
movie:15:10,movie,15,10,agent,3,test,0
movie:16:1,movie,16,1,user,2,train,0
movie:16:2,movie,16,2,agent,2,train,0
movie:17:1,movie,17,1,user,3,train,1
movie:17:2,movie,17,2,agent,3,train,1
movie:17:3,movie,17,3,user,0,train,1
movie:17:4,movie,17,4,agent,2,train,0
movie:17:5,movie,17,5,user,0,train,1
movie:17:6,movie,17,6,agent,1,train,1
movie:18:1,movie,18,1,user,2,test,0
movie:18:2,movie,18,2,agent,3,test,0
movie:18:3,movie,18,3,user,1,test,0
movie:18:4,movie,18,4,agent,2,test,0
movie:18:5,movie,18,5,user,3,test,0
movie:18:6,movie,18,6,agent,1,test,0
movie:18:7,movie,18,7,user,3,test,0
movie:18:8,movie,18,8,agent,2,test,0
movie:18:9,movie,18,9,user,3,test,0
movie:18:10,movie,18,10,agent,3,test,1
movie:19:1,movie,19,1,user,1,train,0
movie:19:2,movie,19,2,agent,2,train,0
movie:19:3,movie,19,3,user,2,train,0
movie:19:4,movie,19,4,agent,2,train,0
movie:20:1,movie,20,1,user,1,train,0
movie:20:2,movie,20,2,agent,3,train,0
movie:20:3,movie,20,3,user,3,train,1
movie:20:4,movie,20,4,agent,1,train,0
movie:20:5,movie,20,5,user,2,train,1
movie:20:6,movie,20,6,agent,1,train,1
movie:20:7,movie,20,7,user,3,train,0
movie:20:8,movie,20,8,agent,2,train,1
movie:20:9,movie,20,9,user,3,train,0
movie:20:10,movie,20,10,agent,3,train,0
movie:21:1,movie,21,1,user,1,train,0
movie:21:2,movie,21,2,agent,2,train,0
movie:21:3,movie,21,3,user,1,train,0
movie:21:4,movie,21,4,agent,1,train,0
movie:21:5,movie,21,5,user,2,train,0
movie:21:6,movie,21,6,agent,1,train,0
movie:21:7,movie,21,7,user,2,train,0
movie:21:8,movie,21,8,agent,2,train,0
movie:21:9,movie,21,9,user,2,train,0
movie:21:10,movie,21,10,agent,2,train,1
movie:21:11,movie,21,11,user,3,train,0
movie:21:12,movie,21,12,agent,3,train,0
movie:22:1,movie,22,1,user,1,train,0
movie:22:2,movie,22,2,agent,3,train,0
movie:22:3,movie,22,3,user,3,train,1
movie:22:4,movie,22,4,agent,1,train,0
movie:22:5,movie,22,5,user,2,train,1
movie:22:6,movie,22,6,agent,1,train,0
movie:23:1,movie,23,1,user,2,train,0
movie:23:2,movie,23,2,agent,2,train,0
movie:23:3,movie,23,3,user,3,train,1
movie:23:4,movie,23,4,agent,3,train,1
movie:24:1,movie,24,1,user,1,train,0
movie:24:2,movie,24,2,agent,0,train,1
movie:24:3,movie,24,3,user,2,train,0
movie:24:4,movie,24,4,agent,2,train,1
movie:24:5,movie,24,5,user,2,train,0
movie:24:6,movie,24,6,agent,2,train,0
movie:25:1,movie,25,1,user,0,train,0
movie:25:2,movie,25,2,agent,0,train,1
movie:25:3,movie,25,3,user,0,train,0
movie:25:4,movie,25,4,agent,2,train,0
movie:25:5,movie,25,5,user,0,train,1
movie:25:6,movie,25,6,agent,1,train,0
movie:25:7,movie,25,7,user,2,train,0
movie:25:8,movie,25,8,agent,2,train,0
movie:25:9,movie,25,9,user,0,train,0
movie:25:10,movie,25,10,agent,2,train,1
movie:25:11,movie,25,11,user,2,train,0
movie:25:12,movie,25,12,agent,2,train,1
movie:25:13,movie,25,13,user,3,train,1
movie:25:14,movie,25,14,agent,2,train,0
movie:25:15,movie,25,15,user,3,train,1
movie:25:16,movie,25,16,agent,3,train,1
movie:26:1,movie,26,1,user,3,test,0
movie:26:2,movie,26,2,agent,2,test,1
movie:26:3,movie,26,3,user,3,test,1
movie:26:4,movie,26,4,agent,1,test,1
movie:26:5,movie,26,5,user,2,test,1
movie:26:6,movie,26,6,agent,2,test,0
movie:26:7,movie,26,7,user,3,test,0
movie:26:8,movie,26,8,agent,3,test,1
movie:27:1,movie,27,1,user,1,train,0
movie:27:2,movie,27,2,agent,2,train,0
movie:27:3,movie,27,3,user,3,train,1
movie:27:4,movie,27,4,agent,2,train,1
movie:27:5,movie,27,5,user,3,train,1
movie:27:6,movie,27,6,agent,2,train,1
movie:27:7,movie,27,7,user,0,train,0
movie:27:8,movie,27,8,agent,1,train,0
movie:27:9,movie,27,9,user,0,train,0
movie:27:10,movie,27,10,agent,2,train,0
movie:28:1,movie,28,1,user,2,test,0
movie:28:2,movie,28,2,agent,2,test,1
movie:29:1,movie,29,1,user,3,train,0
movie:29:2,movie,29,2,agent,3,train,0
movie:29:3,movie,29,3,user,3,train,1
movie:29:4,movie,29,4,agent,2,train,0
movie:29:5,movie,29,5,user,0,train,0
movie:29:6,movie,29,6,agent,2,train,1
movie:29:7,movie,29,7,user,3,train,1
movie:29:8,movie,29,8,agent,2,train,0
movie:29:9,movie,29,9,user,3,train,1
movie:29:10,movie,29,10,agent,3,train,0
movie:30:1,movie,30,1,user,2,train,1
movie:30:2,movie,30,2,agent,1,train,0
movie:30:3,movie,30,3,user,1,train,0
movie:30:4,movie,30,4,agent,1,train,1
movie:30:5,movie,30,5,user,1,train,0
movie:30:6,movie,30,6,agent,1,train,0
movie:30:7,movie,30,7,user,3,train,1
movie:30:8,movie,30,8,agent,2,train,0
movie:31:1,movie,31,1,user,1,test,0
movie:31:2,movie,31,2,agent,0,test,0
movie:31:3,movie,31,3,user,2,test,1
movie:31:4,movie,31,4,agent,2,test,0
movie:32:1,movie,32,1,user,2,test,1
movie:32:2,movie,32,2,agent,1,test,0
movie:32:3,movie,32,3,user,1,test,0
movie:32:4,movie,32,4,agent,1,test,0
movie:32:5,movie,32,5,user,0,test,0
movie:32:6,movie,32,6,agent,3,test,0
movie:33:1,movie,33,1,user,3,train,0
movie:33:2,movie,33,2,agent,3,train,0
movie:33:3,movie,33,3,user,3,train,1
movie:33:4,movie,33,4,agent,1,train,1
movie:33:5,movie,33,5,user,3,train,0
movie:33:6,movie,33,6,agent,2,train,0
movie:33:7,movie,33,7,user,2,train,0
movie:33:8,movie,33,8,agent,2,train,1
movie:33:9,movie,33,9,user,3,train,0
movie:33:10,movie,33,10,agent,2,train,0
movie:34:1,movie,34,1,user,3,train,0
movie:34:2,movie,34,2,agent,3,train,1
movie:34:3,movie,34,3,user,3,train,0
movie:34:4,movie,34,4,agent,1,train,1
movie:34:5,movie,34,5,user,2,train,0
movie:34:6,movie,34,6,agent,2,train,1
movie:35:1,movie,35,1,user,3,train,1
movie:35:2,movie,35,2,agent,2,train,0
movie:35:3,movie,35,3,user,0,train,0
movie:35:4,movie,35,4,agent,1,train,1
movie:35:5,movie,35,5,user,2,train,0
movie:35:6,movie,35,6,agent,0,train,0
movie:36:1,movie,36,1,user,2,train,1
movie:36:2,movie,36,2,agent,0,train,0
movie:36:3,movie,36,3,user,0,train,1
movie:36:4,movie,36,4,agent,1,train,0
movie:36:5,movie,36,5,user,0,train,0
movie:36:6,movie,36,6,agent,3,train,1
movie:36:7,movie,36,7,user,0,train,0
movie:36:8,movie,36,8,agent,2,train,0
movie:36:9,movie,36,9,user,0,train,0
movie:36:10,movie,36,10,agent,2,train,0
movie:37:1,movie,37,1,user,1,train,0
movie:37:2,movie,37,2,agent,3,train,1
movie:37:3,movie,37,3,user,0,train,1
movie:37:4,movie,37,4,agent,1,train,0
movie:37:5,movie,37,5,user,0,train,0
movie:37:6,movie,37,6,agent,1,train,0
movie:37:7,movie,37,7,user,2,train,0
movie:37:8,movie,37,8,agent,1,train,0
movie:37:9,movie,37,9,user,0,train,0
movie:37:10,movie,37,10,agent,1,train,0
movie:37:11,movie,37,11,user,0,train,1
movie:37:12,movie,37,12,agent,2,train,0
movie:37:13,movie,37,13,user,3,train,1
movie:37:14,movie,37,14,agent,2,train,0
movie:37:15,movie,37,15,user,3,train,1
movie:37:16,movie,37,16,agent,2,train,0
movie:38:1,movie,38,1,user,2,train,0
movie:38:2,movie,38,2,agent,2,train,1
movie:39:1,movie,39,1,user,1,train,1
movie:39:2,movie,39,2,agent,2,train,0
movie:39:3,movie,39,3,user,3,train,1
movie:39:4,movie,39,4,agent,2,train,0
movie:39:5,movie,39,5,user,3,train,0
movie:39:6,movie,39,6,agent,3,train,0
movie:40:1,movie,40,1,user,2,test,0
movie:40:2,movie,40,2,agent,2,test,0
movie:40:3,movie,40,3,user,3,test,1
movie:40:4,movie,40,4,agent,3,test,1
movie:41:1,movie,41,1,user,3,train,1
movie:41:2,movie,41,2,agent,1,train,0
movie:41:3,movie,41,3,user,3,train,0
movie:41:4,movie,41,4,agent,2,train,0
movie:41:5,movie,41,5,user,0,train,0
movie:41:6,movie,41,6,agent,1,train,0
movie:41:7,movie,41,7,user,3,train,1
movie:41:8,movie,41,8,agent,2,train,0
movie:42:1,movie,42,1,user,3,train,1
movie:42:2,movie,42,2,agent,1,train,0
movie:42:3,movie,42,3,user,1,train,0
movie:42:4,movie,42,4,agent,1,train,0
movie:42:5,movie,42,5,user,2,train,1
movie:42:6,movie,42,6,agent,1,train,0
movie:43:1,movie,43,1,user,2,train,1
movie:43:2,movie,43,2,agent,2,train,1
movie:44:1,movie,44,1,user,1,train,0
movie:44:2,movie,44,2,agent,0,train,0
movie:44:3,movie,44,3,user,0,train,0
movie:44:4,movie,44,4,agent,1,train,0
movie:44:5,movie,44,5,user,3,train,1
movie:44:6,movie,44,6,agent,2,train,0
movie:44:7,movie,44,7,user,3,train,1
movie:44:8,movie,44,8,agent,2,train,1
movie:45:1,movie,45,1,user,3,train,0
movie:45:2,movie,45,2,agent,1,train,0
movie:45:3,movie,45,3,user,3,train,0
movie:45:4,movie,45,4,agent,2,train,0
movie:45:5,movie,45,5,user,2,train,1
movie:45:6,movie,45,6,agent,2,train,0
movie:45:7,movie,45,7,user,3,train,1
movie:45:8,movie,45,8,agent,2,train,0
movie:45:9,movie,45,9,user,2,train,0
movie:45:10,movie,45,10,agent,2,train,0
movie:45:11,movie,45,11,user,3,train,1
movie:45:12,movie,45,12,agent,2,train,0
movie:46:1,movie,46,1,user,2,train,1
movie:46:2,movie,46,2,agent,2,train,1
movie:47:1,movie,47,1,user,3,train,1
movie:47:2,movie,47,2,agent,0,train,0
movie:47:3,movie,47,3,user,3,train,0
movie:47:4,movie,47,4,agent,2,train,0
movie:47:5,movie,47,5,user,3,train,1
movie:47:6,movie,47,6,agent,2,train,0
movie:47:7,movie,47,7,user,3,train,1
movie:47:8,movie,47,8,agent,2,train,0
movie:47:9,movie,47,9,user,3,train,1
movie:47:10,movie,47,10,agent,2,train,0
movie:47:11,movie,47,11,user,3,train,0
movie:47:12,movie,47,12,agent,3,train,0
movie:48:1,movie,48,1,user,3,test,0
movie:48:2,movie,48,2,agent,1,test,0
movie:48:3,movie,48,3,user,2,test,0
movie:48:4,movie,48,4,agent,2,test,0
movie:48:5,movie,48,5,user,2,test,0
movie:48:6,movie,48,6,agent,2,test,0
movie:48:7,movie,48,7,user,3,test,1
movie:48:8,movie,48,8,agent,3,test,1
movie:49:1,movie,49,1,user,2,train,0
movie:49:2,movie,49,2,agent,2,train,0
movie:49:3,movie,49,3,user,3,train,1
movie:49:4,movie,49,4,agent,3,train,0
movie:50:1,movie,50,1,user,3,train,0
movie:50:2,movie,50,2,agent,2,train,0
movie:50:3,movie,50,3,user,0,train,1
movie:50:4,movie,50,4,agent,1,train,0
movie:50:5,movie,50,5,user,3,train,0
movie:50:6,movie,50,6,agent,2,train,1
movie:50:7,movie,50,7,user,3,train,1
movie:50:8,movie,50,8,agent,2,train,0
movie:51:1,movie,51,1,user,2,train,0
movie:51:2,movie,51,2,agent,2,train,1
movie:51:3,movie,51,3,user,3,train,1
movie:51:4,movie,51,4,agent,3,train,0
movie:52:1,movie,52,1,user,1,train,0
movie:52:2,movie,52,2,agent,2,train,0
movie:53:1,movie,53,1,user,3,train,0
movie:53:2,movie,53,2,agent,3,train,0
movie:53:3,movie,53,3,user,3,train,1
movie:53:4,movie,53,4,agent,2,train,0
movie:53:5,movie,53,5,user,3,train,0
movie:53:6,movie,53,6,agent,2,train,0
movie:54:1,movie,54,1,user,2,train,0
movie:54:2,movie,54,2,agent,2,train,1
movie:55:1,movie,55,1,user,2,train,0
movie:55:2,movie,55,2,agent,2,train,0
movie:55:3,movie,55,3,user,3,train,0
movie:55:4,movie,55,4,agent,3,train,0
movie:56:1,movie,56,1,user,3,train,0
movie:56:2,movie,56,2,agent,2,train,1
movie:57:1,movie,57,1,user,1,validation,0
movie:57:2,movie,57,2,agent,2,validation,0
movie:57:3,movie,57,3,user,0,validation,0
movie:57:4,movie,57,4,agent,2,validation,0
movie:57:5,movie,57,5,user,0,validation,0
movie:57:6,movie,57,6,agent,2,validation,0
movie:57:7,movie,57,7,user,2,validation,0
movie:57:8,movie,57,8,agent,1,validation,0
movie:57:9,movie,57,9,user,0,validation,1
movie:57:10,movie,57,10,agent,2,validation,1
movie:57:11,movie,57,11,user,3,validation,1
movie:57:12,movie,57,12,agent,3,validation,0
movie:58:1,movie,58,1,user,2,train,0
movie:58:2,movie,58,2,agent,3,train,0
movie:58:3,movie,58,3,user,1,train,0
movie:58:4,movie,58,4,agent,1,train,0
movie:58:5,movie,58,5,user,2,train,1
movie:58:6,movie,58,6,agent,2,train,1
movie:59:1,movie,59,1,user,3,train,1
movie:59:2,movie,59,2,agent,2,train,0
movie:59:3,movie,59,3,user,3,train,0
movie:59:4,movie,59,4,agent,2,train,0
movie:59:5,movie,59,5,user,2,train,0
movie:59:6,movie,59,6,agent,1,train,1
movie:59:7,movie,59,7,user,2,train,0
movie:59:8,movie,59,8,agent,2,train,0
movie:59:9,movie,59,9,user,3,train,1
movie:59:10,movie,59,10,agent,3,train,1
movie:60:1,movie,60,1,user,1,train,0
movie:60:2,movie,60,2,agent,3,train,0
movie:61:1,movie,61,1,user,2,validation,0
movie:61:2,movie,61,2,agent,2,validation,1
movie:62:1,movie,62,1,user,1,train,1
movie:62:2,movie,62,2,agent,1,train,0
movie:62:3,movie,62,3,user,1,train,0
movie:62:4,movie,62,4,agent,1,train,0
movie:62:5,movie,62,5,user,3,train,1
movie:62:6,movie,62,6,agent,3,train,1
movie:63:1,movie,63,1,user,1,train,0
movie:63:2,movie,63,2,agent,1,train,0
movie:64:1,movie,64,1,user,1,test,0
movie:64:2,movie,64,2,agent,0,test,1
movie:64:3,movie,64,3,user,2,test,0
movie:64:4,movie,64,4,agent,2,test,0
movie:64:5,movie,64,5,user,0,test,0
movie:64:6,movie,64,6,agent,2,test,0
movie:65:1,movie,65,1,user,2,test,0
movie:65:2,movie,65,2,agent,2,test,0
movie:65:3,movie,65,3,user,3,test,0
movie:65:4,movie,65,4,agent,3,test,1
movie:66:1,movie,66,1,user,3,validation,0
movie:66:2,movie,66,2,agent,3,validation,1
movie:66:3,movie,66,3,user,3,validation,1
movie:66:4,movie,66,4,agent,1,validation,1
movie:66:5,movie,66,5,user,0,validation,0
movie:66:6,movie,66,6,agent,1,validation,0
movie:66:7,movie,66,7,user,0,validation,1
movie:66:8,movie,66,8,agent,3,validation,1
movie:66:9,movie,66,9,user,2,validation,0
movie:66:10,movie,66,10,agent,2,validation,1
movie:66:11,movie,66,11,user,3,validation,0
movie:66:12,movie,66,12,agent,2,validation,0
movie:67:1,movie,67,1,user,2,train,0
movie:67:2,movie,67,2,agent,2,train,0
movie:67:3,movie,67,3,user,3,train,0
movie:67:4,movie,67,4,agent,3,train,0
movie:68:1,movie,68,1,user,1,train,0
movie:68:2,movie,68,2,agent,2,train,0
movie:68:3,movie,68,3,user,0,train,1
movie:68:4,movie,68,4,agent,2,train,0
movie:68:5,movie,68,5,user,2,train,0
movie:68:6,movie,68,6,agent,2,train,0
movie:68:7,movie,68,7,user,0,train,1
movie:68:8,movie,68,8,agent,2,train,0
movie:68:9,movie,68,9,user,2,train,0
movie:68:10,movie,68,10,agent,2,train,0
movie:68:11,movie,68,11,user,0,train,0
movie:68:12,movie,68,12,agent,2,train,0
movie:69:1,movie,69,1,user,2,train,1
movie:69:2,movie,69,2,agent,2,train,0
movie:69:3,movie,69,3,user,3,train,0
movie:69:4,movie,69,4,agent,3,train,1
movie:70:1,movie,70,1,user,3,test,1
movie:70:2,movie,70,2,agent,2,test,0
movie:70:3,movie,70,3,user,3,test,1
movie:70:4,movie,70,4,agent,1,test,0
movie:70:5,movie,70,5,user,3,test,0
movie:70:6,movie,70,6,agent,2,test,1
movie:71:1,movie,71,1,user,2,train,0
movie:71:2,movie,71,2,agent,2,train,1
movie:71:3,movie,71,3,user,3,train,1
movie:71:4,movie,71,4,agent,3,train,0
movie:72:1,movie,72,1,user,1,train,0
movie:72:2,movie,72,2,agent,2,train,0
movie:72:3,movie,72,3,user,0,train,0
movie:72:4,movie,72,4,agent,2,train,0
movie:72:5,movie,72,5,user,2,train,0
movie:72:6,movie,72,6,agent,2,train,1
movie:72:7,movie,72,7,user,0,train,0
movie:72:8,movie,72,8,agent,2,train,0
movie:72:9,movie,72,9,user,3,train,1
movie:72:10,movie,72,10,agent,2,train,1
movie:72:11,movie,72,11,user,3,train,0
movie:72:12,movie,72,12,agent,3,train,0
movie:73:1,movie,73,1,user,1,train,1
movie:73:2,movie,73,2,agent,2,train,1
movie:73:3,movie,73,3,user,0,train,0
movie:73:4,movie,73,4,agent,2,train,0
movie:73:5,movie,73,5,user,2,train,0
movie:73:6,movie,73,6,agent,2,train,0
movie:73:7,movie,73,7,user,0,train,1
movie:73:8,movie,73,8,agent,2,train,0
movie:73:9,movie,73,9,user,0,train,0
movie:73:10,movie,73,10,agent,2,train,0
movie:73:11,movie,73,11,user,0,train,0
movie:73:12,movie,73,12,agent,2,train,0
movie:73:13,movie,73,13,user,0,train,0
movie:73:14,movie,73,14,agent,3,train,0
movie:73:15,movie,73,15,user,3,train,0
movie:73:16,movie,73,16,agent,2,train,0
movie:74:1,movie,74,1,user,1,train,0
movie:74:2,movie,74,2,agent,1,train,0
movie:74:3,movie,74,3,user,0,train,0
movie:74:4,movie,74,4,agent,2,train,1
movie:74:5,movie,74,5,user,0,train,0
movie:74:6,movie,74,6,agent,2,train,0
movie:74:7,movie,74,7,user,2,train,0
movie:74:8,movie,74,8,agent,1,train,1
movie:75:1,movie,75,1,user,3,train,0
movie:75:2,movie,75,2,agent,1,train,0
movie:75:3,movie,75,3,user,3,train,1
movie:75:4,movie,75,4,agent,1,train,0
movie:75:5,movie,75,5,user,3,train,0
movie:75:6,movie,75,6,agent,3,train,1
movie:76:1,movie,76,1,user,2,train,0
movie:76:2,movie,76,2,agent,2,train,0
movie:76:3,movie,76,3,user,3,train,0
movie:76:4,movie,76,4,agent,3,train,1
movie:77:1,movie,77,1,user,1,train,1
movie:77:2,movie,77,2,agent,1,train,0
movie:77:3,movie,77,3,user,0,train,0
movie:77:4,movie,77,4,agent,2,train,0
movie:77:5,movie,77,5,user,3,train,1
movie:77:6,movie,77,6,agent,2,train,0
movie:78:1,movie,78,1,user,1,train,0
movie:78:2,movie,78,2,agent,3,train,0
movie:78:3,movie,78,3,user,0,train,1
movie:78:4,movie,78,4,agent,1,train,0
movie:78:5,movie,78,5,user,2,train,0
movie:78:6,movie,78,6,agent,2,train,0
movie:79:1,movie,79,1,user,2,test,0
movie:79:2,movie,79,2,agent,2,test,0
movie:80:1,movie,80,1,user,3,test,0
movie:80:2,movie,80,2,agent,3,test,1
movie:80:3,movie,80,3,user,1,test,0
movie:80:4,movie,80,4,agent,1,test,0
movie:80:5,movie,80,5,user,2,test,0
movie:80:6,movie,80,6,agent,2,test,0
movie:80:7,movie,80,7,user,3,test,1
movie:80:8,movie,80,8,agent,2,test,0
movie:81:1,movie,81,1,user,2,train,0
movie:81:2,movie,81,2,agent,2,train,0
movie:81:3,movie,81,3,user,3,train,1
movie:81:4,movie,81,4,agent,3,train,1
movie:82:1,movie,82,1,user,2,validation,0
movie:82:2,movie,82,2,agent,2,validation,0
movie:83:1,movie,83,1,user,1,train,0
movie:83:2,movie,83,2,agent,2,train,1
movie:83:3,movie,83,3,user,2,train,0
movie:83:4,movie,83,4,agent,2,train,0
movie:84:1,movie,84,1,user,2,train,0
movie:84:2,movie,84,2,agent,2,train,1
movie:85:1,movie,85,1,user,2,validation,0
movie:85:2,movie,85,2,agent,1,validation,0
movie:85:3,movie,85,3,user,2,validation,0
movie:85:4,movie,85,4,agent,2,validation,1
movie:86:1,movie,86,1,user,2,train,0
movie:86:2,movie,86,2,agent,2,train,0
movie:87:1,movie,87,1,user,2,test,0
movie:87:2,movie,87,2,agent,2,test,1
movie:87:3,movie,87,3,user,3,test,0
movie:87:4,movie,87,4,agent,3,test,1
movie:88:1,movie,88,1,user,2,train,0
movie:88:2,movie,88,2,agent,2,train,0
movie:89:1,movie,89,1,user,1,train,0
movie:89:2,movie,89,2,agent,2,train,0
movie:89:3,movie,89,3,user,0,train,1
movie:89:4,movie,89,4,agent,2,train,0
movie:89:5,movie,89,5,user,3,train,1
movie:89:6,movie,89,6,agent,2,train,0
movie:90:1,movie,90,1,user,1,validation,1
movie:90:2,movie,90,2,agent,2,validation,0
movie:90:3,movie,90,3,user,0,validation,0
movie:90:4,movie,90,4,agent,2,validation,0
movie:90:5,movie,90,5,user,0,validation,0
movie:90:6,movie,90,6,agent,1,validation,0
movie:90:7,movie,90,7,user,3,validation,1
movie:90:8,movie,90,8,agent,2,validation,0
movie:90:9,movie,90,9,user,3,validation,0
movie:90:10,movie,90,10,agent,2,validation,0
movie:91:1,movie,91,1,user,1,train,0
movie:91:2,movie,91,2,agent,0,train,0
movie:91:3,movie,91,3,user,0,train,0
movie:91:4,movie,91,4,agent,1,train,1
movie:91:5,movie,91,5,user,3,train,1
movie:91:6,movie,91,6,agent,2,train,0
movie:91:7,movie,91,7,user,2,train,0
movie:91:8,movie,91,8,agent,2,train,0
movie:91:9,movie,91,9,user,3,train,0
movie:91:10,movie,91,10,agent,2,train,0
movie:91:11,movie,91,11,user,3,train,0
movie:91:12,movie,91,12,agent,3,train,1
movie:92:1,movie,92,1,user,1,train,0
movie:92:2,movie,92,2,agent,2,train,0
movie:92:3,movie,92,3,user,2,train,0
movie:92:4,movie,92,4,agent,1,train,0
movie:92:5,movie,92,5,user,3,train,0
movie:92:6,movie,92,6,agent,3,train,1
movie:92:7,movie,92,7,user,2,train,0
movie:92:8,movie,92,8,agent,2,train,0
movie:92:9,movie,92,9,user,3,train,1
movie:92:10,movie,92,10,agent,2,train,0
movie:93:1,movie,93,1,user,1,train,0
movie:93:2,movie,93,2,agent,1,train,0
movie:93:3,movie,93,3,user,2,train,0
movie:93:4,movie,93,4,agent,2,train,1
movie:93:5,movie,93,5,user,0,train,0
movie:93:6,movie,93,6,agent,2,train,1
movie:93:7,movie,93,7,user,3,train,1
movie:93:8,movie,93,8,agent,2,train,0
movie:93:9,movie,93,9,user,3,train,1
movie:93:10,movie,93,10,agent,2,train,0
movie:94:1,movie,94,1,user,1,train,0
movie:94:2,movie,94,2,agent,2,train,1
movie:94:3,movie,94,3,user,0,train,0
movie:94:4,movie,94,4,agent,3,train,1
movie:94:5,movie,94,5,user,3,train,0
movie:94:6,movie,94,6,agent,2,train,0
movie:94:7,movie,94,7,user,2,train,0
movie:94:8,movie,94,8,agent,1,train,1
movie:94:9,movie,94,9,user,0,train,0
movie:94:10,movie,94,10,agent,2,train,1
movie:94:11,movie,94,11,user,3,train,1
movie:94:12,movie,94,12,agent,3,train,1
movie:95:1,movie,95,1,user,1,train,0
movie:95:2,movie,95,2,agent,2,train,0
movie:95:3,movie,95,3,user,2,train,0
movie:95:4,movie,95,4,agent,2,train,0
movie:96:1,movie,96,1,user,1,train,0
movie:96:2,movie,96,2,agent,2,train,0
movie:96:3,movie,96,3,user,2,train,1
movie:96:4,movie,96,4,agent,2,train,0
movie:97:1,movie,97,1,user,1,train,0
movie:97:2,movie,97,2,agent,2,train,0
movie:97:3,movie,97,3,user,2,train,1
movie:97:4,movie,97,4,agent,0,train,0
movie:97:5,movie,97,5,user,0,train,0
movie:97:6,movie,97,6,agent,1,train,0
movie:97:7,movie,97,7,user,0,train,0
movie:97:8,movie,97,8,agent,2,train,0
movie:97:9,movie,97,9,user,2,train,1
movie:97:10,movie,97,10,agent,2,train,0
movie:97:11,movie,97,11,user,2,train,0
movie:97:12,movie,97,12,agent,1,train,1
movie:97:13,movie,97,13,user,0,train,1
movie:97:14,movie,97,14,agent,2,train,0
movie:97:15,movie,97,15,user,3,train,1
movie:97:16,movie,97,16,agent,2,train,0
movie:98:1,movie,98,1,user,3,test,0
movie:98:2,movie,98,2,agent,3,test,0
movie:98:3,movie,98,3,user,0,test,0
movie:98:4,movie,98,4,agent,1,test,1
movie:98:5,movie,98,5,user,0,test,0
movie:98:6,movie,98,6,agent,1,test,0
movie:98:7,movie,98,7,user,3,test,1
movie:98:8,movie,98,8,agent,2,test,0
movie:98:9,movie,98,9,user,3,test,0
movie:98:10,movie,98,10,agent,2,test,1
movie:99:1,movie,99,1,user,1,train,1
movie:99:2,movie,99,2,agent,2,train,1
movie:99:3,movie,99,3,user,2,train,0
movie:99:4,movie,99,4,agent,2,train,1
movie:99:5,movie,99,5,user,2,train,1
movie:99:6,movie,99,6,agent,2,train,0
movie:100:1,movie,100,1,user,1,train,1
movie:100:2,movie,100,2,agent,1,train,1
movie:100:3,movie,100,3,user,0,train,0
movie:100:4,movie,100,4,agent,1,train,0
movie:100:5,movie,100,5,user,3,train,0
movie:100:6,movie,100,6,agent,2,train,0
movie:100:7,movie,100,7,user,2,train,1
movie:100:8,movie,100,8,agent,2,train,1
movie:101:1,movie,101,1,user,1,train,0
movie:101:2,movie,101,2,agent,2,train,0
movie:101:3,movie,101,3,user,0,train,0
movie:101:4,movie,101,4,agent,2,train,0
movie:101:5,movie,101,5,user,3,train,0
movie:101:6,movie,101,6,agent,2,train,0
movie:102:1,movie,102,1,user,1,test,0
movie:102:2,movie,102,2,agent,2,test,0
movie:102:3,movie,102,3,user,2,test,0
movie:102:4,movie,102,4,agent,2,test,0
movie:103:1,movie,103,1,user,1,train,0
movie:103:2,movie,103,2,agent,3,train,0
movie:103:3,movie,103,3,user,3,train,0
movie:103:4,movie,103,4,agent,2,train,0
movie:103:5,movie,103,5,user,3,train,1
movie:103:6,movie,103,6,agent,2,train,0
movie:104:1,movie,104,1,user,1,test,0
movie:104:2,movie,104,2,agent,0,test,0
movie:104:3,movie,104,3,user,0,test,0
movie:104:4,movie,104,4,agent,2,test,1
movie:104:5,movie,104,5,user,3,test,0
movie:104:6,movie,104,6,agent,2,test,1
movie:104:7,movie,104,7,user,0,test,0
movie:104:8,movie,104,8,agent,2,test,0
movie:104:9,movie,104,9,user,3,test,1
movie:104:10,movie,104,10,agent,2,test,0
movie:104:11,movie,104,11,user,3,test,1
movie:104:12,movie,104,12,agent,2,test,0
movie:104:13,movie,104,13,user,3,test,1
movie:104:14,movie,104,14,agent,2,test,0
movie:104:15,movie,104,15,user,3,test,1
movie:104:16,movie,104,16,agent,3,test,0
movie:105:1,movie,105,1,user,2,test,0
movie:105:2,movie,105,2,agent,0,test,1
movie:105:3,movie,105,3,user,2,test,0
movie:105:4,movie,105,4,agent,1,test,0
movie:105:5,movie,105,5,user,0,test,0
movie:105:6,movie,105,6,agent,2,test,0
movie:105:7,movie,105,7,user,3,test,1
movie:105:8,movie,105,8,agent,2,test,0
movie:105:9,movie,105,9,user,3,test,0
movie:105:10,movie,105,10,agent,3,test,1
movie:106:1,movie,106,1,user,1,train,0
movie:106:2,movie,106,2,agent,0,train,0
movie:106:3,movie,106,3,user,0,train,0
movie:106:4,movie,106,4,agent,2,train,1
movie:106:5,movie,106,5,user,0,train,1
movie:106:6,movie,106,6,agent,2,train,0
movie:106:7,movie,106,7,user,2,train,0
movie:106:8,movie,106,8,agent,1,train,0
movie:106:9,movie,106,9,user,0,train,1
movie:106:10,movie,106,10,agent,1,train,0
movie:106:11,movie,106,11,user,3,train,0
movie:106:12,movie,106,12,agent,2,train,1
movie:106:13,movie,106,13,user,2,train,0
movie:106:14,movie,106,14,agent,2,train,0
movie:106:15,movie,106,15,user,0,train,0
movie:106:16,movie,106,16,agent,3,train,0
movie:106:17,movie,106,17,user,3,train,1
movie:106:18,movie,106,18,agent,2,train,0
movie:106:19,movie,106,19,user,3,train,1
movie:106:20,movie,106,20,agent,2,train,0
movie:107:1,movie,107,1,user,3,test,0
movie:107:2,movie,107,2,agent,1,test,0
movie:107:3,movie,107,3,user,0,test,1
movie:107:4,movie,107,4,agent,0,test,0
movie:107:5,movie,107,5,user,2,test,0
movie:107:6,movie,107,6,agent,1,test,0
movie:107:7,movie,107,7,user,0,test,0
movie:107:8,movie,107,8,agent,1,test,0
movie:107:9,movie,107,9,user,0,test,1
movie:107:10,movie,107,10,agent,2,test,0
movie:107:11,movie,107,11,user,0,test,1
movie:107:12,movie,107,12,agent,2,test,0
movie:107:13,movie,107,13,user,3,test,1
movie:107:14,movie,107,14,agent,2,test,1
movie:108:1,movie,108,1,user,1,test,0
movie:108:2,movie,108,2,agent,2,test,0
movie:108:3,movie,108,3,user,0,test,0
movie:108:4,movie,108,4,agent,2,test,0
movie:108:5,movie,108,5,user,2,test,0
movie:108:6,movie,108,6,agent,2,test,0
movie:109:1,movie,109,1,user,1,train,0
movie:109:2,movie,109,2,agent,1,train,0
movie:109:3,movie,109,3,user,1,train,0
movie:109:4,movie,109,4,agent,1,train,0
movie:109:5,movie,109,5,user,2,train,1
movie:109:6,movie,109,6,agent,2,train,0
movie:109:7,movie,109,7,user,2,train,1
movie:109:8,movie,109,8,agent,2,train,1
movie:109:9,movie,109,9,user,0,train,1
movie:109:10,movie,109,10,agent,2,train,0
movie:110:1,movie,110,1,user,2,train,0
movie:110:2,movie,110,2,agent,1,train,1
movie:110:3,movie,110,3,user,0,train,0
movie:110:4,movie,110,4,agent,2,train,0
movie:110:5,movie,110,5,user,2,train,0
movie:110:6,movie,110,6,agent,2,train,1
movie:111:1,movie,111,1,user,1,validation,0
movie:111:2,movie,111,2,agent,3,validation,1
movie:111:3,movie,111,3,user,3,validation,0
movie:111:4,movie,111,4,agent,1,validation,1
movie:111:5,movie,111,5,user,0,validation,0
movie:111:6,movie,111,6,agent,1,validation,0
movie:111:7,movie,111,7,user,3,validation,1
movie:111:8,movie,111,8,agent,1,validation,0
movie:111:9,movie,111,9,user,0,validation,0
movie:111:10,movie,111,10,agent,2,validation,0
movie:111:11,movie,111,11,user,3,validation,1
movie:111:12,movie,111,12,agent,2,validation,0
movie:111:13,movie,111,13,user,3,validation,0
movie:111:14,movie,111,14,agent,3,validation,1
movie:112:1,movie,112,1,user,1,train,0
movie:112:2,movie,112,2,agent,2,train,0
movie:112:3,movie,112,3,user,0,train,0
movie:112:4,movie,112,4,agent,2,train,0
movie:113:1,movie,113,1,user,1,train,1
movie:113:2,movie,113,2,agent,2,train,0
movie:113:3,movie,113,3,user,2,train,1
movie:113:4,movie,113,4,agent,2,train,0
movie:114:1,movie,114,1,user,3,test,1
movie:114:2,movie,114,2,agent,0,test,0
movie:114:3,movie,114,3,user,0,test,1
movie:114:4,movie,114,4,agent,0,test,1
movie:114:5,movie,114,5,user,0,test,0
movie:114:6,movie,114,6,agent,1,test,0
movie:114:7,movie,114,7,user,2,test,1
movie:114:8,movie,114,8,agent,1,test,0
movie:114:9,movie,114,9,user,2,test,0
movie:114:10,movie,114,10,agent,1,test,1
movie:114:11,movie,114,11,user,0,test,0
movie:114:12,movie,114,12,agent,2,test,0
movie:114:13,movie,114,13,user,3,test,0
movie:114:14,movie,114,14,agent,2,test,1
movie:114:15,movie,114,15,user,3,test,1
movie:114:16,movie,114,16,agent,3,test,0
movie:115:1,movie,115,1,user,1,train,0
movie:115:2,movie,115,2,agent,2,train,1
movie:115:3,movie,115,3,user,0,train,1
movie:115:4,movie,115,4,agent,2,train,0
movie:115:5,movie,115,5,user,3,train,1
movie:115:6,movie,115,6,agent,2,train,0
movie:116:1,movie,116,1,user,1,train,0
movie:116:2,movie,116,2,agent,0,train,0
movie:116:3,movie,116,3,user,0,train,0
movie:116:4,movie,116,4,agent,1,train,0
movie:116:5,movie,116,5,user,2,train,1
movie:116:6,movie,116,6,agent,2,train,0
movie:116:7,movie,116,7,user,2,train,0
movie:116:8,movie,116,8,agent,2,train,0
movie:116:9,movie,116,9,user,3,train,1
movie:116:10,movie,116,10,agent,2,train,0
movie:116:11,movie,116,11,user,3,train,0
movie:116:12,movie,116,12,agent,3,train,1
movie:117:1,movie,117,1,user,3,train,1
movie:117:2,movie,117,2,agent,2,train,0
movie:117:3,movie,117,3,user,2,train,0
movie:117:4,movie,117,4,agent,2,train,0
movie:117:5,movie,117,5,user,3,train,1
movie:117:6,movie,117,6,agent,2,train,1
movie:118:1,movie,118,1,user,1,test,0
movie:118:2,movie,118,2,agent,2,test,1
movie:118:3,movie,118,3,user,2,test,0
movie:118:4,movie,118,4,agent,1,test,0
movie:118:5,movie,118,5,user,3,test,0
movie:118:6,movie,118,6,agent,2,test,1
movie:118:7,movie,118,7,user,0,test,1
movie:118:8,movie,118,8,agent,1,test,0
movie:118:9,movie,118,9,user,2,test,1
movie:118:10,movie,118,10,agent,1,test,0
movie:118:11,movie,118,11,user,0,test,0
movie:118:12,movie,118,12,agent,2,test,0
movie:118:13,movie,118,13,user,3,test,0
movie:118:14,movie,118,14,agent,2,test,0
movie:119:1,movie,119,1,user,3,train,0
movie:119:2,movie,119,2,agent,3,train,0
movie:119:3,movie,119,3,user,0,train,1
movie:119:4,movie,119,4,agent,2,train,0
movie:119:5,movie,119,5,user,0,train,0
movie:119:6,movie,119,6,agent,3,train,0
movie:119:7,movie,119,7,user,2,train,1
movie:119:8,movie,119,8,agent,2,train,1
movie:119:9,movie,119,9,user,0,train,0
movie:119:10,movie,119,10,agent,3,train,1
movie:119:11,movie,119,11,user,2,train,0
movie:119:12,movie,119,12,agent,2,train,0
movie:119:13,movie,119,13,user,3,train,0
movie:119:14,movie,119,14,agent,2,train,0
movie:119:15,movie,119,15,user,0,train,0
movie:119:16,movie,119,16,agent,2,train,1
movie:119:17,movie,119,17,user,3,train,0
movie:119:18,movie,119,18,agent,3,train,1
movie:120:1,movie,120,1,user,2,train,1
movie:120:2,movie,120,2,agent,3,train,1
movie:120:3,movie,120,3,user,3,train,0
movie:120:4,movie,120,4,agent,2,train,0
movie:120:5,movie,120,5,user,0,train,1
movie:120:6,movie,120,6,agent,2,train,1
movie:120:7,movie,120,7,user,2,train,0
movie:120:8,movie,120,8,agent,2,train,0
movie:120:9,movie,120,9,user,2,train,1
movie:120:10,movie,120,10,agent,2,train,0
movie:120:11,movie,120,11,user,3,train,0
movie:120:12,movie,120,12,agent,2,train,0
movie:121:1,movie,121,1,user,3,test,1
movie:121:2,movie,121,2,agent,3,test,1
movie:121:3,movie,121,3,user,3,test,1
movie:121:4,movie,121,4,agent,2,test,0
movie:122:1,movie,122,1,user,1,test,0
movie:122:2,movie,122,2,agent,2,test,1
movie:122:3,movie,122,3,user,2,test,0
movie:122:4,movie,122,4,agent,2,test,1
movie:123:1,movie,123,1,user,1,test,0
movie:123:2,movie,123,2,agent,2,test,0
movie:123:3,movie,123,3,user,2,test,0
movie:123:4,movie,123,4,agent,2,test,0
movie:124:1,movie,124,1,user,3,train,0
movie:124:2,movie,124,2,agent,1,train,0
movie:124:3,movie,124,3,user,3,train,1
movie:124:4,movie,124,4,agent,3,train,0
movie:124:5,movie,124,5,user,0,train,1
movie:124:6,movie,124,6,agent,2,train,0
movie:124:7,movie,124,7,user,0,train,1
movie:124:8,movie,124,8,agent,3,train,1
movie:124:9,movie,124,9,user,2,train,1
movie:124:10,movie,124,10,agent,2,train,0
movie:124:11,movie,124,11,user,2,train,0
movie:124:12,movie,124,12,agent,2,train,1
movie:124:13,movie,124,13,user,3,train,0
movie:124:14,movie,124,14,agent,2,train,1
movie:125:1,movie,125,1,user,2,train,0
movie:125:2,movie,125,2,agent,3,train,1
movie:125:3,movie,125,3,user,0,train,0
movie:125:4,movie,125,4,agent,1,train,1
movie:125:5,movie,125,5,user,0,train,0
movie:125:6,movie,125,6,agent,2,train,0
movie:125:7,movie,125,7,user,2,train,1
movie:125:8,movie,125,8,agent,2,train,0
movie:125:9,movie,125,9,user,2,train,0
movie:125:10,movie,125,10,agent,2,train,0
movie:125:11,movie,125,11,user,3,train,1
movie:125:12,movie,125,12,agent,2,train,0
movie:126:1,movie,126,1,user,1,train,0
movie:126:2,movie,126,2,agent,2,train,0
movie:126:3,movie,126,3,user,2,train,0
movie:126:4,movie,126,4,agent,2,train,0
movie:126:5,movie,126,5,user,0,train,0
movie:126:6,movie,126,6,agent,2,train,1
movie:126:7,movie,126,7,user,0,train,1
movie:126:8,movie,126,8,agent,2,train,1
movie:127:1,movie,127,1,user,1,train,0
movie:127:2,movie,127,2,agent,2,train,0
movie:127:3,movie,127,3,user,0,train,0
movie:127:4,movie,127,4,agent,3,train,1
movie:128:1,movie,128,1,user,3,train,0
movie:128:2,movie,128,2,agent,3,train,0
movie:128:3,movie,128,3,user,3,train,0
movie:128:4,movie,128,4,agent,2,train,0
movie:129:1,movie,129,1,user,1,validation,0
movie:129:2,movie,129,2,agent,2,validation,0
movie:129:3,movie,129,3,user,0,validation,1
movie:129:4,movie,129,4,agent,1,validation,0
movie:129:5,movie,129,5,user,0,validation,0
movie:129:6,movie,129,6,agent,1,validation,0
movie:130:1,movie,130,1,user,2,train,0
movie:130:2,movie,130,2,agent,2,train,0
movie:130:3,movie,130,3,user,2,train,0
movie:130:4,movie,130,4,agent,2,train,0
movie:130:5,movie,130,5,user,3,train,1
movie:130:6,movie,130,6,agent,2,train,1
movie:130:7,movie,130,7,user,3,train,0
movie:130:8,movie,130,8,agent,2,train,0
movie:130:9,movie,130,9,user,3,train,0
movie:130:10,movie,130,10,agent,3,train,0
movie:131:1,movie,131,1,user,3,train,0
movie:131:2,movie,131,2,agent,3,train,0
movie:131:3,movie,131,3,user,1,train,0
movie:131:4,movie,131,4,agent,1,train,0
movie:132:1,movie,132,1,user,1,train,0
movie:132:2,movie,132,2,agent,3,train,1
movie:132:3,movie,132,3,user,2,train,0
movie:132:4,movie,132,4,agent,2,train,0
movie:132:5,movie,132,5,user,3,train,1
movie:132:6,movie,132,6,agent,2,train,0
movie:132:7,movie,132,7,user,3,train,0
movie:132:8,movie,132,8,agent,2,train,0
movie:132:9,movie,132,9,user,0,train,0
movie:132:10,movie,132,10,agent,2,train,0
movie:133:1,movie,133,1,user,1,train,0
movie:133:2,movie,133,2,agent,2,train,0
movie:133:3,movie,133,3,user,3,train,0
movie:133:4,movie,133,4,agent,1,train,0
movie:133:5,movie,133,5,user,0,train,1
movie:133:6,movie,133,6,agent,2,train,0
movie:133:7,movie,133,7,user,0,train,0
movie:133:8,movie,133,8,agent,2,train,0
movie:133:9,movie,133,9,user,3,train,1
movie:133:10,movie,133,10,agent,2,train,0
movie:134:1,movie,134,1,user,1,train,0
movie:134:2,movie,134,2,agent,1,train,0
movie:134:3,movie,134,3,user,2,train,0
movie:134:4,movie,134,4,agent,2,train,0
movie:134:5,movie,134,5,user,3,train,1
movie:134:6,movie,134,6,agent,2,train,0
movie:134:7,movie,134,7,user,3,train,1
movie:134:8,movie,134,8,agent,2,train,0
movie:135:1,movie,135,1,user,2,train,0
movie:135:2,movie,135,2,agent,2,train,1
movie:135:3,movie,135,3,user,0,train,0
movie:135:4,movie,135,4,agent,0,train,0
movie:135:5,movie,135,5,user,0,train,0
movie:135:6,movie,135,6,agent,2,train,1
movie:135:7,movie,135,7,user,2,train,1
movie:135:8,movie,135,8,agent,1,train,0
movie:135:9,movie,135,9,user,0,train,0
movie:135:10,movie,135,10,agent,2,train,0
movie:135:11,movie,135,11,user,3,train,0
movie:135:12,movie,135,12,agent,2,train,0
movie:135:13,movie,135,13,user,3,train,0
movie:135:14,movie,135,14,agent,3,train,0
movie:136:1,movie,136,1,user,2,train,1
movie:136:2,movie,136,2,agent,2,train,0
movie:136:3,movie,136,3,user,2,train,0
movie:136:4,movie,136,4,agent,2,train,0
movie:136:5,movie,136,5,user,3,train,0
movie:136:6,movie,136,6,agent,2,train,0
movie:136:7,movie,136,7,user,2,train,1
movie:136:8,movie,136,8,agent,2,train,1
movie:136:9,movie,136,9,user,3,train,0
movie:136:10,movie,136,10,agent,3,train,1
movie:137:1,movie,137,1,user,3,train,1
movie:137:2,movie,137,2,agent,2,train,0
movie:137:3,movie,137,3,user,0,train,0
movie:137:4,movie,137,4,agent,2,train,0
movie:137:5,movie,137,5,user,0,train,0
movie:137:6,movie,137,6,agent,2,train,0
movie:137:7,movie,137,7,user,3,train,1
movie:137:8,movie,137,8,agent,2,train,1
movie:138:1,movie,138,1,user,0,validation,0
movie:138:2,movie,138,2,agent,3,validation,1
movie:138:3,movie,138,3,user,3,validation,1
movie:138:4,movie,138,4,agent,1,validation,0
movie:139:1,movie,139,1,user,1,train,0
movie:139:2,movie,139,2,agent,1,train,0
movie:139:3,movie,139,3,user,0,train,0
movie:139:4,movie,139,4,agent,1,train,0
movie:139:5,movie,139,5,user,0,train,1
movie:139:6,movie,139,6,agent,2,train,0
movie:139:7,movie,139,7,user,3,train,1
movie:139:8,movie,139,8,agent,1,train,0
movie:139:9,movie,139,9,user,0,train,0
movie:139:10,movie,139,10,agent,3,train,1
movie:139:11,movie,139,11,user,2,train,0
movie:139:12,movie,139,12,agent,3,train,0
movie:139:13,movie,139,13,user,3,train,0
movie:139:14,movie,139,14,agent,2,train,1
movie:139:15,movie,139,15,user,3,train,0
movie:139:16,movie,139,16,agent,2,train,0
movie:139:17,movie,139,17,user,3,train,0
movie:139:18,movie,139,18,agent,3,train,0
movie:140:1,movie,140,1,user,1,train,0
movie:140:2,movie,140,2,agent,1,train,0
movie:140:3,movie,140,3,user,0,train,1
movie:140:4,movie,140,4,agent,2,train,1
movie:140:5,movie,140,5,user,3,train,1
movie:140:6,movie,140,6,agent,2,train,1
movie:140:7,movie,140,7,user,0,train,0
movie:140:8,movie,140,8,agent,2,train,1
movie:140:9,movie,140,9,user,3,train,1
movie:140:10,movie,140,10,agent,3,train,1
movie:141:1,movie,141,1,user,1,test,0
movie:141:2,movie,141,2,agent,3,test,0
movie:141:3,movie,141,3,user,0,test,0
movie:141:4,movie,141,4,agent,1,test,0
movie:141:5,movie,141,5,user,0,test,0
movie:141:6,movie,141,6,agent,0,test,0
movie:141:7,movie,141,7,user,0,test,0
movie:141:8,movie,141,8,agent,1,test,0
movie:141:9,movie,141,9,user,0,test,0
movie:141:10,movie,141,10,agent,2,test,0
movie:141:11,movie,141,11,user,0,test,0
movie:141:12,movie,141,12,agent,3,test,0
movie:141:13,movie,141,13,user,0,test,1
movie:141:14,movie,141,14,agent,2,test,0
movie:141:15,movie,141,15,user,0,test,1
movie:141:16,movie,141,16,agent,2,test,1
movie:142:1,movie,142,1,user,2,train,0
movie:142:2,movie,142,2,agent,1,train,0
movie:142:3,movie,142,3,user,2,train,0
movie:142:4,movie,142,4,agent,2,train,0
movie:142:5,movie,142,5,user,2,train,1
movie:142:6,movie,142,6,agent,2,train,1
movie:142:7,movie,142,7,user,3,train,0
movie:142:8,movie,142,8,agent,2,train,0
movie:142:9,movie,142,9,user,3,train,0
movie:142:10,movie,142,10,agent,2,train,1
movie:142:11,movie,142,11,user,3,train,0
movie:142:12,movie,142,12,agent,3,train,1
movie:143:1,movie,143,1,user,3,test,0
movie:143:2,movie,143,2,agent,2,test,0
movie:143:3,movie,143,3,user,2,test,0
movie:143:4,movie,143,4,agent,2,test,0
movie:143:5,movie,143,5,user,0,test,0
movie:143:6,movie,143,6,agent,2,test,1
movie:143:7,movie,143,7,user,3,test,0
movie:143:8,movie,143,8,agent,2,test,0
movie:143:9,movie,143,9,user,3,test,0
movie:143:10,movie,143,10,agent,2,test,0
movie:143:11,movie,143,11,user,3,test,1
movie:143:12,movie,143,12,agent,3,test,0
movie:144:1,movie,144,1,user,0,test,0
movie:144:2,movie,144,2,agent,0,test,1
movie:144:3,movie,144,3,user,0,test,1
movie:144:4,movie,144,4,agent,3,test,1
movie:144:5,movie,144,5,user,0,test,0
movie:144:6,movie,144,6,agent,2,test,1
movie:144:7,movie,144,7,user,3,test,0
movie:144:8,movie,144,8,agent,2,test,1
movie:144:9,movie,144,9,user,3,test,0
movie:144:10,movie,144,10,agent,3,test,0
movie:145:1,movie,145,1,user,1,train,1
movie:145:2,movie,145,2,agent,2,train,0
movie:145:3,movie,145,3,user,0,train,0
movie:145:4,movie,145,4,agent,2,train,1
movie:145:5,movie,145,5,user,0,train,0
movie:145:6,movie,145,6,agent,2,train,1
movie:145:7,movie,145,7,user,0,train,1
movie:145:8,movie,145,8,agent,1,train,1
movie:145:9,movie,145,9,user,2,train,0
movie:145:10,movie,145,10,agent,2,train,0
movie:145:11,movie,145,11,user,2,train,0
movie:145:12,movie,145,12,agent,1,train,1
movie:145:13,movie,145,13,user,3,train,1
movie:145:14,movie,145,14,agent,2,train,1
movie:145:15,movie,145,15,user,2,train,0
movie:145:16,movie,145,16,agent,1,train,0
movie:145:17,movie,145,17,user,3,train,1
movie:145:18,movie,145,18,agent,2,train,0
movie:146:1,movie,146,1,user,1,train,0
movie:146:2,movie,146,2,agent,2,train,0
movie:146:3,movie,146,3,user,0,train,0
movie:146:4,movie,146,4,agent,2,train,0
movie:146:5,movie,146,5,user,0,train,1
movie:146:6,movie,146,6,agent,2,train,0
movie:147:1,movie,147,1,user,3,validation,1
movie:147:2,movie,147,2,agent,2,validation,1
movie:147:3,movie,147,3,user,2,validation,0
movie:147:4,movie,147,4,agent,2,validation,0
movie:147:5,movie,147,5,user,2,validation,0
movie:147:6,movie,147,6,agent,2,validation,0
movie:147:7,movie,147,7,user,3,validation,0
movie:147:8,movie,147,8,agent,2,validation,0
movie:147:9,movie,147,9,user,3,validation,0
movie:147:10,movie,147,10,agent,2,validation,0
movie:147:11,movie,147,11,user,3,validation,1
movie:147:12,movie,147,12,agent,2,validation,0
movie:147:13,movie,147,13,user,2,validation,0
movie:147:14,movie,147,14,agent,2,validation,0
movie:148:1,movie,148,1,user,1,train,0
movie:148:2,movie,148,2,agent,2,train,0
movie:148:3,movie,148,3,user,0,train,1
movie:148:4,movie,148,4,agent,1,train,0
movie:148:5,movie,148,5,user,3,train,1
movie:148:6,movie,148,6,agent,2,train,0
movie:148:7,movie,148,7,user,3,train,0
movie:148:8,movie,148,8,agent,2,train,0
movie:148:9,movie,148,9,user,2,train,0
movie:148:10,movie,148,10,agent,3,train,1
movie:149:1,movie,149,1,user,1,train,0
movie:149:2,movie,149,2,agent,1,train,0
movie:149:3,movie,149,3,user,0,train,0
movie:149:4,movie,149,4,agent,1,train,0
movie:149:5,movie,149,5,user,0,train,1
movie:149:6,movie,149,6,agent,1,train,0
movie:149:7,movie,149,7,user,0,train,0
movie:149:8,movie,149,8,agent,1,train,0
movie:149:9,movie,149,9,user,0,train,0
movie:149:10,movie,149,10,agent,2,train,0
movie:149:11,movie,149,11,user,3,train,0
movie:149:12,movie,149,12,agent,2,train,0
movie:149:13,movie,149,13,user,0,train,1
movie:149:14,movie,149,14,agent,1,train,0
movie:149:15,movie,149,15,user,2,train,1
movie:149:16,movie,149,16,agent,2,train,1
movie:149:17,movie,149,17,user,3,train,0
movie:149:18,movie,149,18,agent,2,train,0
movie:150:1,movie,150,1,user,3,train,0
movie:150:2,movie,150,2,agent,3,train,0
movie:150:3,movie,150,3,user,3,train,1
movie:150:4,movie,150,4,agent,2,train,0
movie:150:5,movie,150,5,user,3,train,0
movie:150:6,movie,150,6,agent,2,train,0
movie:150:7,movie,150,7,user,3,train,1
movie:150:8,movie,150,8,agent,2,train,0
movie:150:9,movie,150,9,user,3,train,0
movie:150:10,movie,150,10,agent,2,train,1
movie:150:11,movie,150,11,user,3,train,1
movie:150:12,movie,150,12,agent,2,train,0
movie:150:13,movie,150,13,user,3,train,0
movie:150:14,movie,150,14,agent,3,train,1
movie:151:1,movie,151,1,user,1,train,1
movie:151:2,movie,151,2,agent,2,train,0
movie:151:3,movie,151,3,user,0,train,1
movie:151:4,movie,151,4,agent,1,train,1
movie:151:5,movie,151,5,user,0,train,1
movie:151:6,movie,151,6,agent,3,train,0
movie:151:7,movie,151,7,user,0,train,0
movie:151:8,movie,151,8,agent,1,train,0
movie:151:9,movie,151,9,user,0,train,0
movie:151:10,movie,151,10,agent,2,train,0
movie:151:11,movie,151,11,user,0,train,0
movie:151:12,movie,151,12,agent,2,train,0
movie:151:13,movie,151,13,user,3,train,0
movie:151:14,movie,151,14,agent,3,train,1
movie:152:1,movie,152,1,user,1,train,0
movie:152:2,movie,152,2,agent,2,train,0
movie:152:3,movie,152,3,user,2,train,0
movie:152:4,movie,152,4,agent,1,train,0
movie:152:5,movie,152,5,user,0,train,0
movie:152:6,movie,152,6,agent,2,train,0
movie:152:7,movie,152,7,user,0,train,0
movie:152:8,movie,152,8,agent,2,train,0
movie:153:1,movie,153,1,user,1,train,0
movie:153:2,movie,153,2,agent,3,train,1
movie:153:3,movie,153,3,user,0,train,1
movie:153:4,movie,153,4,agent,2,train,0
movie:153:5,movie,153,5,user,0,train,1
movie:153:6,movie,153,6,agent,2,train,0
movie:153:7,movie,153,7,user,0,train,0
movie:153:8,movie,153,8,agent,2,train,0
movie:153:9,movie,153,9,user,0,train,1
movie:153:10,movie,153,10,agent,2,train,1
movie:153:11,movie,153,11,user,2,train,1
movie:153:12,movie,153,12,agent,2,train,1
movie:153:13,movie,153,13,user,3,train,0
movie:153:14,movie,153,14,agent,3,train,1
movie:154:1,movie,154,1,user,1,train,0
movie:154:2,movie,154,2,agent,2,train,0
movie:154:3,movie,154,3,user,2,train,1
movie:154:4,movie,154,4,agent,1,train,0
movie:154:5,movie,154,5,user,0,train,1
movie:154:6,movie,154,6,agent,2,train,0
movie:154:7,movie,154,7,user,3,train,1
movie:154:8,movie,154,8,agent,2,train,0
movie:154:9,movie,154,9,user,2,train,0
movie:154:10,movie,154,10,agent,2,train,1
movie:154:11,movie,154,11,user,3,train,0
movie:154:12,movie,154,12,agent,2,train,0
movie:154:13,movie,154,13,user,3,train,0
movie:154:14,movie,154,14,agent,3,train,0
movie:155:1,movie,155,1,user,2,train,1
movie:155:2,movie,155,2,agent,2,train,0
movie:155:3,movie,155,3,user,3,train,1
movie:155:4,movie,155,4,agent,3,train,1
movie:155:5,movie,155,5,user,3,train,1
movie:155:6,movie,155,6,agent,3,train,1
movie:156:1,movie,156,1,user,1,test,1
movie:156:2,movie,156,2,agent,1,test,0
movie:156:3,movie,156,3,user,0,test,0
movie:156:4,movie,156,4,agent,2,test,1
movie:156:5,movie,156,5,user,2,test,0
movie:156:6,movie,156,6,agent,2,test,1
movie:156:7,movie,156,7,user,0,test,0
movie:156:8,movie,156,8,agent,1,test,0
movie:156:9,movie,156,9,user,0,test,0
movie:156:10,movie,156,10,agent,2,test,1
movie:156:11,movie,156,11,user,2,test,1
movie:156:12,movie,156,12,agent,2,test,1
movie:156:13,movie,156,13,user,3,test,0
movie:156:14,movie,156,14,agent,3,test,1
movie:157:1,movie,157,1,user,1,train,0
movie:157:2,movie,157,2,agent,2,train,0
movie:157:3,movie,157,3,user,0,train,0
movie:157:4,movie,157,4,agent,2,train,0
movie:157:5,movie,157,5,user,2,train,0
movie:157:6,movie,157,6,agent,2,train,0
movie:158:1,movie,158,1,user,2,validation,0
movie:158:2,movie,158,2,agent,2,validation,0
movie:158:3,movie,158,3,user,2,validation,0
movie:158:4,movie,158,4,agent,1,validation,0
movie:158:5,movie,158,5,user,0,validation,0
movie:158:6,movie,158,6,agent,2,validation,1
movie:159:1,movie,159,1,user,2,train,0
movie:159:2,movie,159,2,agent,2,train,1
movie:159:3,movie,159,3,user,2,train,0
movie:159:4,movie,159,4,agent,2,train,0
movie:159:5,movie,159,5,user,2,train,0
movie:159:6,movie,159,6,agent,2,train,0
movie:159:7,movie,159,7,user,3,train,1
movie:159:8,movie,159,8,agent,2,train,0
movie:159:9,movie,159,9,user,3,train,1
movie:159:10,movie,159,10,agent,2,train,1
movie:159:11,movie,159,11,user,3,train,0
movie:159:12,movie,159,12,agent,3,train,0
movie:160:1,movie,160,1,user,3,train,1
movie:160:2,movie,160,2,agent,1,train,1
movie:160:3,movie,160,3,user,3,train,1
movie:160:4,movie,160,4,agent,2,train,0
movie:160:5,movie,160,5,user,0,train,0
movie:160:6,movie,160,6,agent,2,train,0
movie:160:7,movie,160,7,user,3,train,0
movie:160:8,movie,160,8,agent,2,train,1
movie:161:1,movie,161,1,user,2,train,0
movie:161:2,movie,161,2,agent,0,train,0
movie:161:3,movie,161,3,user,0,train,0
movie:161:4,movie,161,4,agent,2,train,1
movie:161:5,movie,161,5,user,0,train,0
movie:161:6,movie,161,6,agent,2,train,1
movie:161:7,movie,161,7,user,0,train,1
movie:161:8,movie,161,8,agent,2,train,0
movie:161:9,movie,161,9,user,0,train,0
movie:161:10,movie,161,10,agent,2,train,0
movie:161:11,movie,161,11,user,0,train,0
movie:161:12,movie,161,12,agent,2,train,1
movie:161:13,movie,161,13,user,3,train,1
movie:161:14,movie,161,14,agent,3,train,0
movie:162:1,movie,162,1,user,1,train,0
movie:162:2,movie,162,2,agent,2,train,0
movie:162:3,movie,162,3,user,2,train,1
movie:162:4,movie,162,4,agent,2,train,0
movie:163:1,movie,163,1,user,3,train,0
movie:163:2,movie,163,2,agent,1,train,1
movie:163:3,movie,163,3,user,3,train,0
movie:163:4,movie,163,4,agent,2,train,0
movie:163:5,movie,163,5,user,2,train,1
movie:163:6,movie,163,6,agent,2,train,0
movie:163:7,movie,163,7,user,3,train,1
movie:163:8,movie,163,8,agent,3,train,1
movie:164:1,movie,164,1,user,2,train,0
movie:164:2,movie,164,2,agent,2,train,0
movie:164:3,movie,164,3,user,0,train,0
movie:164:4,movie,164,4,agent,3,train,0
movie:164:5,movie,164,5,user,0,train,0
movie:164:6,movie,164,6,agent,2,train,1
movie:164:7,movie,164,7,user,3,train,1
movie:164:8,movie,164,8,agent,2,train,0
movie:164:9,movie,164,9,user,3,train,1
movie:164:10,movie,164,10,agent,3,train,1
movie:165:1,movie,165,1,user,0,train,0
movie:165:2,movie,165,2,agent,2,train,0
movie:165:3,movie,165,3,user,0,train,0
movie:165:4,movie,165,4,agent,2,train,0
movie:165:5,movie,165,5,user,2,train,1
movie:165:6,movie,165,6,agent,1,train,0
movie:165:7,movie,165,7,user,0,train,1
movie:165:8,movie,165,8,agent,0,train,0
movie:165:9,movie,165,9,user,0,train,1
movie:165:10,movie,165,10,agent,2,train,1
movie:165:11,movie,165,11,user,0,train,0
movie:165:12,movie,165,12,agent,2,train,0
movie:166:1,movie,166,1,user,3,test,0
movie:166:2,movie,166,2,agent,2,test,0
movie:166:3,movie,166,3,user,0,test,1
movie:166:4,movie,166,4,agent,1,test,1
movie:166:5,movie,166,5,user,0,test,1
movie:166:6,movie,166,6,agent,1,test,1
movie:166:7,movie,166,7,user,0,test,1
movie:166:8,movie,166,8,agent,2,test,1
movie:166:9,movie,166,9,user,0,test,0
movie:166:10,movie,166,10,agent,1,test,0
movie:166:11,movie,166,11,user,2,test,0
movie:166:12,movie,166,12,agent,2,test,1
movie:167:1,movie,167,1,user,2,test,0
movie:167:2,movie,167,2,agent,2,test,0
movie:167:3,movie,167,3,user,2,test,0
movie:167:4,movie,167,4,agent,3,test,1
movie:168:1,movie,168,1,user,1,train,0
movie:168:2,movie,168,2,agent,1,train,0
movie:168:3,movie,168,3,user,2,train,1
movie:168:4,movie,168,4,agent,1,train,0
movie:168:5,movie,168,5,user,0,train,0
movie:168:6,movie,168,6,agent,0,train,0
movie:169:1,movie,169,1,user,2,test,0
movie:169:2,movie,169,2,agent,1,test,1
movie:169:3,movie,169,3,user,2,test,1
movie:169:4,movie,169,4,agent,1,test,0
movie:169:5,movie,169,5,user,2,test,0
movie:169:6,movie,169,6,agent,2,test,0
movie:169:7,movie,169,7,user,3,test,0
movie:169:8,movie,169,8,agent,2,test,0
movie:169:9,movie,169,9,user,3,test,0
movie:169:10,movie,169,10,agent,3,test,1
movie:170:1,movie,170,1,user,2,test,0
movie:170:2,movie,170,2,agent,2,test,0
movie:170:3,movie,170,3,user,0,test,1
movie:170:4,movie,170,4,agent,2,test,0
movie:170:5,movie,170,5,user,3,test,1
movie:170:6,movie,170,6,agent,1,test,0
movie:170:7,movie,170,7,user,2,test,0
movie:170:8,movie,170,8,agent,2,test,0
movie:170:9,movie,170,9,user,2,test,1
movie:170:10,movie,170,10,agent,2,test,0
movie:170:11,movie,170,11,user,3,test,1
movie:170:12,movie,170,12,agent,3,test,1
movie:170:13,movie,170,13,user,1,test,0
movie:170:14,movie,170,14,agent,2,test,1
movie:170:15,movie,170,15,user,3,test,1
movie:170:16,movie,170,16,agent,2,test,0
movie:170:17,movie,170,17,user,3,test,0
movie:170:18,movie,170,18,agent,2,test,0
movie:171:1,movie,171,1,user,1,train,0
movie:171:2,movie,171,2,agent,2,train,0
movie:171:3,movie,171,3,user,0,train,1
movie:171:4,movie,171,4,agent,1,train,0
movie:171:5,movie,171,5,user,0,train,1
movie:171:6,movie,171,6,agent,2,train,0
movie:171:7,movie,171,7,user,2,train,0
movie:171:8,movie,171,8,agent,2,train,0
movie:171:9,movie,171,9,user,2,train,1
movie:171:10,movie,171,10,agent,2,train,1
movie:171:11,movie,171,11,user,0,train,0
movie:171:12,movie,171,12,agent,2,train,0
movie:171:13,movie,171,13,user,3,train,1
movie:171:14,movie,171,14,agent,3,train,1
movie:172:1,movie,172,1,user,3,train,1
movie:172:2,movie,172,2,agent,3,train,0
movie:172:3,movie,172,3,user,2,train,0
movie:172:4,movie,172,4,agent,3,train,1
movie:172:5,movie,172,5,user,2,train,0
movie:172:6,movie,172,6,agent,3,train,1
movie:172:7,movie,172,7,user,2,train,1
movie:172:8,movie,172,8,agent,3,train,1
movie:172:9,movie,172,9,user,3,train,1
movie:172:10,movie,172,10,agent,2,train,0
movie:172:11,movie,172,11,user,2,train,1
movie:172:12,movie,172,12,agent,2,train,0
movie:172:13,movie,172,13,user,3,train,0
movie:172:14,movie,172,14,agent,2,train,0
movie:172:15,movie,172,15,user,3,train,1
movie:172:16,movie,172,16,agent,3,train,0
movie:173:1,movie,173,1,user,0,train,1
movie:173:2,movie,173,2,agent,1,train,0
movie:173:3,movie,173,3,user,0,train,1
movie:173:4,movie,173,4,agent,1,train,0
movie:173:5,movie,173,5,user,0,train,0
movie:173:6,movie,173,6,agent,2,train,0
movie:173:7,movie,173,7,user,3,train,0
movie:173:8,movie,173,8,agent,2,train,0
movie:173:9,movie,173,9,user,3,train,0
movie:173:10,movie,173,10,agent,3,train,1
movie:174:1,movie,174,1,user,3,train,1
movie:174:2,movie,174,2,agent,2,train,0
movie:174:3,movie,174,3,user,3,train,0
movie:174:4,movie,174,4,agent,2,train,1
movie:174:5,movie,174,5,user,3,train,1
movie:174:6,movie,174,6,agent,3,train,1
movie:175:1,movie,175,1,user,2,validation,0
movie:175:2,movie,175,2,agent,2,validation,0
movie:175:3,movie,175,3,user,3,validation,0
movie:175:4,movie,175,4,agent,1,validation,0
movie:175:5,movie,175,5,user,2,validation,0
movie:175:6,movie,175,6,agent,2,validation,1
movie:175:7,movie,175,7,user,3,validation,0
movie:175:8,movie,175,8,agent,3,validation,1
movie:176:1,movie,176,1,user,2,test,1
movie:176:2,movie,176,2,agent,0,test,0
movie:176:3,movie,176,3,user,0,test,0
movie:176:4,movie,176,4,agent,2,test,0
movie:176:5,movie,176,5,user,0,test,0
movie:176:6,movie,176,6,agent,2,test,0
movie:176:7,movie,176,7,user,3,test,1
movie:176:8,movie,176,8,agent,3,test,1
movie:177:1,movie,177,1,user,1,train,0
movie:177:2,movie,177,2,agent,2,train,0
movie:177:3,movie,177,3,user,0,train,0
movie:177:4,movie,177,4,agent,2,train,0
movie:177:5,movie,177,5,user,0,train,1
movie:177:6,movie,177,6,agent,2,train,1
movie:178:1,movie,178,1,user,1,train,0
movie:178:2,movie,178,2,agent,3,train,1
movie:178:3,movie,178,3,user,0,train,1
movie:178:4,movie,178,4,agent,2,train,1
movie:178:5,movie,178,5,user,3,train,1
movie:178:6,movie,178,6,agent,3,train,1
movie:178:7,movie,178,7,user,2,train,0
movie:178:8,movie,178,8,agent,1,train,0
movie:179:1,movie,179,1,user,3,test,1
movie:179:2,movie,179,2,agent,1,test,1
movie:179:3,movie,179,3,user,3,test,0
movie:179:4,movie,179,4,agent,2,test,0
movie:179:5,movie,179,5,user,3,test,1
movie:179:6,movie,179,6,agent,3,test,0
movie:179:7,movie,179,7,user,3,test,1
movie:179:8,movie,179,8,agent,2,test,0
movie:179:9,movie,179,9,user,3,test,1
movie:179:10,movie,179,10,agent,3,test,0
movie:180:1,movie,180,1,user,2,train,0
movie:180:2,movie,180,2,agent,3,train,1
movie:180:3,movie,180,3,user,3,train,0
movie:180:4,movie,180,4,agent,2,train,1
movie:180:5,movie,180,5,user,0,train,0
movie:180:6,movie,180,6,agent,2,train,1
movie:180:7,movie,180,7,user,0,train,1
movie:180:8,movie,180,8,agent,2,train,0
movie:180:9,movie,180,9,user,3,train,1
movie:180:10,movie,180,10,agent,2,train,0
movie:180:11,movie,180,11,user,3,train,0
movie:180:12,movie,180,12,agent,3,train,0
movie:181:1,movie,181,1,user,3,train,0
movie:181:2,movie,181,2,agent,3,train,0
movie:181:3,movie,181,3,user,3,train,0
movie:181:4,movie,181,4,agent,2,train,0
movie:181:5,movie,181,5,user,2,train,0
movie:181:6,movie,181,6,agent,2,train,0
movie:181:7,movie,181,7,user,3,train,1
movie:181:8,movie,181,8,agent,2,train,1
movie:182:1,movie,182,1,user,1,train,0
movie:182:2,movie,182,2,agent,2,train,0
movie:182:3,movie,182,3,user,0,train,0
movie:182:4,movie,182,4,agent,1,train,0
movie:182:5,movie,182,5,user,0,train,1
movie:182:6,movie,182,6,agent,1,train,0
movie:182:7,movie,182,7,user,2,train,0
movie:182:8,movie,182,8,agent,2,train,0
movie:182:9,movie,182,9,user,3,train,0
movie:182:10,movie,182,10,agent,2,train,0
movie:182:11,movie,182,11,user,0,train,0
movie:182:12,movie,182,12,agent,2,train,1
movie:183:1,movie,183,1,user,3,train,1
movie:183:2,movie,183,2,agent,3,train,1
movie:183:3,movie,183,3,user,0,train,0
movie:183:4,movie,183,4,agent,2,train,0
movie:184:1,movie,184,1,user,3,test,0
movie:184:2,movie,184,2,agent,0,test,0
movie:184:3,movie,184,3,user,0,test,0
movie:184:4,movie,184,4,agent,2,test,0
movie:184:5,movie,184,5,user,0,test,0
movie:184:6,movie,184,6,agent,2,test,0
movie:184:7,movie,184,7,user,0,test,1
movie:184:8,movie,184,8,agent,2,test,0
movie:184:9,movie,184,9,user,2,test,0
movie:184:10,movie,184,10,agent,2,test,0
movie:184:11,movie,184,11,user,3,test,1
movie:184:12,movie,184,12,agent,3,test,1
movie:185:1,movie,185,1,user,1,train,0
movie:185:2,movie,185,2,agent,3,train,1
movie:185:3,movie,185,3,user,0,train,0
movie:185:4,movie,185,4,agent,3,train,1
movie:186:1,movie,186,1,user,3,test,1
movie:186:2,movie,186,2,agent,3,test,1
movie:186:3,movie,186,3,user,3,test,1
movie:186:4,movie,186,4,agent,2,test,1
movie:186:5,movie,186,5,user,0,test,0
movie:186:6,movie,186,6,agent,3,test,0
movie:186:7,movie,186,7,user,3,test,1
movie:186:8,movie,186,8,agent,1,test,0
movie:186:9,movie,186,9,user,0,test,0
movie:186:10,movie,186,10,agent,1,test,1
movie:186:11,movie,186,11,user,3,test,1
movie:186:12,movie,186,12,agent,1,test,0
movie:186:13,movie,186,13,user,0,test,1
movie:186:14,movie,186,14,agent,2,test,0
movie:186:15,movie,186,15,user,3,test,0
movie:186:16,movie,186,16,agent,2,test,0
movie:186:17,movie,186,17,user,3,test,1
movie:186:18,movie,186,18,agent,2,test,1
movie:186:19,movie,186,19,user,3,test,1
movie:186:20,movie,186,20,agent,2,test,0
movie:187:1,movie,187,1,user,1,train,1
movie:187:2,movie,187,2,agent,3,train,0
movie:187:3,movie,187,3,user,0,train,0
movie:187:4,movie,187,4,agent,1,train,0
movie:187:5,movie,187,5,user,0,train,1
movie:187:6,movie,187,6,agent,2,train,0
movie:187:7,movie,187,7,user,2,train,0
movie:187:8,movie,187,8,agent,2,train,0
movie:188:1,movie,188,1,user,1,validation,1
movie:188:2,movie,188,2,agent,0,validation,0
movie:188:3,movie,188,3,user,0,validation,0
movie:188:4,movie,188,4,agent,2,validation,0
movie:189:1,movie,189,1,user,1,train,0
movie:189:2,movie,189,2,agent,3,train,0
movie:189:3,movie,189,3,user,0,train,0
movie:189:4,movie,189,4,agent,2,train,0
movie:189:5,movie,189,5,user,0,train,0
movie:189:6,movie,189,6,agent,2,train,1
movie:189:7,movie,189,7,user,0,train,0
movie:189:8,movie,189,8,agent,1,train,0
movie:189:9,movie,189,9,user,0,train,0
movie:189:10,movie,189,10,agent,2,train,0
movie:189:11,movie,189,11,user,0,train,0
movie:189:12,movie,189,12,agent,2,train,1
movie:190:1,movie,190,1,user,1,train,0
movie:190:2,movie,190,2,agent,2,train,0
movie:190:3,movie,190,3,user,3,train,1
movie:190:4,movie,190,4,agent,2,train,0
movie:190:5,movie,190,5,user,3,train,1
movie:190:6,movie,190,6,agent,2,train,0
movie:190:7,movie,190,7,user,3,train,1
movie:190:8,movie,190,8,agent,2,train,1
movie:190:9,movie,190,9,user,3,train,0
movie:190:10,movie,190,10,agent,3,train,1
movie:191:1,movie,191,1,user,0,train,0
movie:191:2,movie,191,2,agent,0,train,1
movie:191:3,movie,191,3,user,0,train,0
movie:191:4,movie,191,4,agent,1,train,0
movie:191:5,movie,191,5,user,0,train,1
movie:191:6,movie,191,6,agent,1,train,0
movie:191:7,movie,191,7,user,0,train,0
movie:191:8,movie,191,8,agent,2,train,0
movie:192:1,movie,192,1,user,3,train,1
movie:192:2,movie,192,2,agent,2,train,0
movie:192:3,movie,192,3,user,0,train,0
movie:192:4,movie,192,4,agent,2,train,0
movie:192:5,movie,192,5,user,0,train,0
movie:192:6,movie,192,6,agent,3,train,1
movie:192:7,movie,192,7,user,0,train,1
movie:192:8,movie,192,8,agent,2,train,0
movie:192:9,movie,192,9,user,0,train,1
movie:192:10,movie,192,10,agent,2,train,1
movie:192:11,movie,192,11,user,0,train,0
movie:192:12,movie,192,12,agent,3,train,0
movie:192:13,movie,192,13,user,0,train,0
movie:192:14,movie,192,14,agent,2,train,0
movie:192:15,movie,192,15,user,2,train,0
movie:192:16,movie,192,16,agent,2,train,0
movie:192:17,movie,192,17,user,3,train,0
movie:192:18,movie,192,18,agent,3,train,0
movie:193:1,movie,193,1,user,2,test,1
movie:193:2,movie,193,2,agent,2,test,0
movie:193:3,movie,193,3,user,3,test,0
movie:193:4,movie,193,4,agent,2,test,0
movie:194:1,movie,194,1,user,2,train,1
movie:194:2,movie,194,2,agent,2,train,0
movie:194:3,movie,194,3,user,0,train,1
movie:194:4,movie,194,4,agent,2,train,1
movie:195:1,movie,195,1,user,1,train,0
movie:195:2,movie,195,2,agent,2,train,0
movie:195:3,movie,195,3,user,0,train,0
movie:195:4,movie,195,4,agent,2,train,0
movie:195:5,movie,195,5,user,2,train,1
movie:195:6,movie,195,6,agent,3,train,0
movie:195:7,movie,195,7,user,3,train,1
movie:195:8,movie,195,8,agent,3,train,0
movie:196:1,movie,196,1,user,1,train,0
movie:196:2,movie,196,2,agent,2,train,0
movie:196:3,movie,196,3,user,0,train,0
movie:196:4,movie,196,4,agent,1,train,1
movie:196:5,movie,196,5,user,0,train,0
movie:196:6,movie,196,6,agent,3,train,1
movie:197:1,movie,197,1,user,1,train,0
movie:197:2,movie,197,2,agent,2,train,0
movie:197:3,movie,197,3,user,0,train,0
movie:197:4,movie,197,4,agent,1,train,0
movie:197:5,movie,197,5,user,0,train,0
movie:197:6,movie,197,6,agent,1,train,0
movie:197:7,movie,197,7,user,0,train,0
movie:197:8,movie,197,8,agent,2,train,0
movie:197:9,movie,197,9,user,2,train,1
movie:197:10,movie,197,10,agent,1,train,0
movie:197:11,movie,197,11,user,0,train,0
movie:197:12,movie,197,12,agent,2,train,1
movie:197:13,movie,197,13,user,2,train,0
movie:197:14,movie,197,14,agent,2,train,1
movie:198:1,movie,198,1,user,2,train,1
movie:198:2,movie,198,2,agent,2,train,0
movie:198:3,movie,198,3,user,0,train,1
movie:198:4,movie,198,4,agent,2,train,0
movie:198:5,movie,198,5,user,0,train,0
movie:198:6,movie,198,6,agent,2,train,0
movie:198:7,movie,198,7,user,2,train,1
movie:198:8,movie,198,8,agent,2,train,0
movie:198:9,movie,198,9,user,0,train,0
movie:198:10,movie,198,10,agent,2,train,1
movie:199:1,movie,199,1,user,1,train,0
movie:199:2,movie,199,2,agent,2,train,0
movie:199:3,movie,199,3,user,2,train,0
movie:199:4,movie,199,4,agent,2,train,0
movie:199:5,movie,199,5,user,0,train,0
movie:199:6,movie,199,6,agent,1,train,1
movie:199:7,movie,199,7,user,0,train,1
movie:199:8,movie,199,8,agent,2,train,0
movie:199:9,movie,199,9,user,2,train,0
movie:199:10,movie,199,10,agent,2,train,0
movie:199:11,movie,199,11,user,3,train,1
movie:199:12,movie,199,12,agent,3,train,0
movie:200:1,movie,200,1,user,1,train,1
movie:200:2,movie,200,2,agent,2,train,0
movie:200:3,movie,200,3,user,0,train,1
movie:200:4,movie,200,4,agent,1,train,0
movie:200:5,movie,200,5,user,0,train,1
movie:200:6,movie,200,6,agent,1,train,1
movie:200:7,movie,200,7,user,1,train,0
movie:200:8,movie,200,8,agent,2,train,0
movie:200:9,movie,200,9,user,0,train,0
movie:200:10,movie,200,10,agent,2,train,1
movie:200:11,movie,200,11,user,2,train,0
movie:200:12,movie,200,12,agent,2,train,0
movie:201:1,movie,201,1,user,0,train,0
movie:201:2,movie,201,2,agent,2,train,1
movie:201:3,movie,201,3,user,0,train,0
movie:201:4,movie,201,4,agent,2,train,0
movie:201:5,movie,201,5,user,0,train,0
movie:201:6,movie,201,6,agent,2,train,0
movie:202:1,movie,202,1,user,1,train,0
movie:202:2,movie,202,2,agent,0,train,0
movie:202:3,movie,202,3,user,0,train,0
movie:202:4,movie,202,4,agent,2,train,0
movie:202:5,movie,202,5,user,0,train,0
movie:202:6,movie,202,6,agent,2,train,0
movie:202:7,movie,202,7,user,0,train,0
movie:202:8,movie,202,8,agent,3,train,0
movie:202:9,movie,202,9,user,0,train,0
movie:202:10,movie,202,10,agent,2,train,0
movie:202:11,movie,202,11,user,2,train,0
movie:202:12,movie,202,12,agent,2,train,1
movie:203:1,movie,203,1,user,1,train,0
movie:203:2,movie,203,2,agent,3,train,1
movie:203:3,movie,203,3,user,0,train,0
movie:203:4,movie,203,4,agent,2,train,0
movie:203:5,movie,203,5,user,0,train,1
movie:203:6,movie,203,6,agent,2,train,0
movie:203:7,movie,203,7,user,0,train,0
movie:203:8,movie,203,8,agent,1,train,0
movie:203:9,movie,203,9,user,0,train,1
movie:203:10,movie,203,10,agent,2,train,0
movie:203:11,movie,203,11,user,0,train,0
movie:203:12,movie,203,12,agent,2,train,1
movie:204:1,movie,204,1,user,2,train,1
movie:204:2,movie,204,2,agent,2,train,0
movie:204:3,movie,204,3,user,3,train,1
movie:204:4,movie,204,4,agent,3,train,1
movie:204:5,movie,204,5,user,3,train,0
movie:204:6,movie,204,6,agent,2,train,0
movie:204:7,movie,204,7,user,3,train,1
movie:204:8,movie,204,8,agent,3,train,1
movie:204:9,movie,204,9,user,3,train,0
movie:204:10,movie,204,10,agent,3,train,1
movie:205:1,movie,205,1,user,3,validation,0
movie:205:2,movie,205,2,agent,2,validation,0
movie:205:3,movie,205,3,user,2,validation,0
movie:205:4,movie,205,4,agent,2,validation,0
movie:205:5,movie,205,5,user,3,validation,1
movie:205:6,movie,205,6,agent,2,validation,0
movie:206:1,movie,206,1,user,1,train,1
movie:206:2,movie,206,2,agent,2,train,0
movie:206:3,movie,206,3,user,3,train,1
movie:206:4,movie,206,4,agent,3,train,1
movie:206:5,movie,206,5,user,3,train,0
movie:206:6,movie,206,6,agent,2,train,0
movie:206:7,movie,206,7,user,3,train,0
movie:206:8,movie,206,8,agent,2,train,1
movie:206:9,movie,206,9,user,3,train,0
movie:206:10,movie,206,10,agent,3,train,0
movie:207:1,movie,207,1,user,2,test,0
movie:207:2,movie,207,2,agent,2,test,0
movie:207:3,movie,207,3,user,0,test,1
movie:207:4,movie,207,4,agent,2,test,0
movie:207:5,movie,207,5,user,0,test,0
movie:207:6,movie,207,6,agent,2,test,0
movie:208:1,movie,208,1,user,1,train,1
movie:208:2,movie,208,2,agent,2,train,0
movie:208:3,movie,208,3,user,0,train,0
movie:208:4,movie,208,4,agent,2,train,0
movie:208:5,movie,208,5,user,0,train,0
movie:208:6,movie,208,6,agent,1,train,0
movie:208:7,movie,208,7,user,0,train,1
movie:208:8,movie,208,8,agent,2,train,0
movie:208:9,movie,208,9,user,0,train,0
movie:208:10,movie,208,10,agent,2,train,0
movie:208:11,movie,208,11,user,3,train,0
movie:208:12,movie,208,12,agent,3,train,1
movie:209:1,movie,209,1,user,1,train,0
movie:209:2,movie,209,2,agent,2,train,0
movie:209:3,movie,209,3,user,0,train,0
movie:209:4,movie,209,4,agent,1,train,0
movie:209:5,movie,209,5,user,0,train,0
movie:209:6,movie,209,6,agent,2,train,1
movie:209:7,movie,209,7,user,0,train,0
movie:209:8,movie,209,8,agent,1,train,0
movie:209:9,movie,209,9,user,0,train,0
movie:209:10,movie,209,10,agent,2,train,1
movie:209:11,movie,209,11,user,0,train,0
movie:209:12,movie,209,12,agent,2,train,0
movie:209:13,movie,209,13,user,0,train,0
movie:209:14,movie,209,14,agent,2,train,0
movie:209:15,movie,209,15,user,3,train,1
movie:209:16,movie,209,16,agent,3,train,0
movie:210:1,movie,210,1,user,2,train,0
movie:210:2,movie,210,2,agent,2,train,0
movie:210:3,movie,210,3,user,3,train,0
movie:210:4,movie,210,4,agent,3,train,1
movie:211:1,movie,211,1,user,1,test,1
movie:211:2,movie,211,2,agent,2,test,0
movie:211:3,movie,211,3,user,0,test,0
movie:211:4,movie,211,4,agent,2,test,1
movie:211:5,movie,211,5,user,0,test,0
movie:211:6,movie,211,6,agent,1,test,1
movie:212:1,movie,212,1,user,2,train,0
movie:212:2,movie,212,2,agent,2,train,0
movie:212:3,movie,212,3,user,3,train,0
movie:212:4,movie,212,4,agent,3,train,0
movie:213:1,movie,213,1,user,2,validation,0
movie:213:2,movie,213,2,agent,2,validation,0
movie:213:3,movie,213,3,user,0,validation,0
movie:213:4,movie,213,4,agent,2,validation,0
movie:214:1,movie,214,1,user,1,train,0
movie:214:2,movie,214,2,agent,3,train,0
movie:214:3,movie,214,3,user,3,train,1
movie:214:4,movie,214,4,agent,2,train,0
movie:214:5,movie,214,5,user,3,train,0
movie:214:6,movie,214,6,agent,1,train,0
movie:214:7,movie,214,7,user,3,train,0
movie:214:8,movie,214,8,agent,2,train,0
movie:214:9,movie,214,9,user,2,train,1
movie:214:10,movie,214,10,agent,2,train,0
movie:215:1,movie,215,1,user,2,validation,0
movie:215:2,movie,215,2,agent,2,validation,0
movie:215:3,movie,215,3,user,3,validation,0
movie:215:4,movie,215,4,agent,3,validation,1
movie:216:1,movie,216,1,user,3,validation,0
movie:216:2,movie,216,2,agent,2,validation,0
movie:216:3,movie,216,3,user,2,validation,0
movie:216:4,movie,216,4,agent,2,validation,1
movie:216:5,movie,216,5,user,2,validation,0
movie:216:6,movie,216,6,agent,2,validation,0
movie:216:7,movie,216,7,user,3,validation,0
movie:216:8,movie,216,8,agent,3,validation,1
movie:217:1,movie,217,1,user,2,train,0
movie:217:2,movie,217,2,agent,1,train,0
movie:217:3,movie,217,3,user,0,train,0
movie:217:4,movie,217,4,agent,1,train,0
movie:217:5,movie,217,5,user,0,train,0
movie:217:6,movie,217,6,agent,1,train,0
movie:217:7,movie,217,7,user,0,train,0
movie:217:8,movie,217,8,agent,1,train,0
movie:218:1,movie,218,1,user,2,train,0
movie:218:2,movie,218,2,agent,3,train,0
movie:218:3,movie,218,3,user,0,train,0
movie:218:4,movie,218,4,agent,2,train,0
movie:218:5,movie,218,5,user,2,train,0
movie:218:6,movie,218,6,agent,2,train,0
movie:218:7,movie,218,7,user,3,train,1
movie:218:8,movie,218,8,agent,3,train,1
movie:219:1,movie,219,1,user,0,train,0
movie:219:2,movie,219,2,agent,2,train,0
movie:219:3,movie,219,3,user,0,train,0
movie:219:4,movie,219,4,agent,2,train,0
movie:219:5,movie,219,5,user,0,train,1
movie:219:6,movie,219,6,agent,2,train,1
movie:219:7,movie,219,7,user,0,train,0
movie:219:8,movie,219,8,agent,1,train,0
movie:219:9,movie,219,9,user,0,train,0
movie:219:10,movie,219,10,agent,2,train,0
movie:219:11,movie,219,11,user,0,train,0
movie:219:12,movie,219,12,agent,2,train,0
movie:220:1,movie,220,1,user,2,train,0
movie:220:2,movie,220,2,agent,2,train,0
movie:220:3,movie,220,3,user,3,train,0
movie:220:4,movie,220,4,agent,3,train,1
movie:221:1,movie,221,1,user,1,test,0
movie:221:2,movie,221,2,agent,2,test,1
movie:221:3,movie,221,3,user,0,test,0
movie:221:4,movie,221,4,agent,1,test,0
movie:221:5,movie,221,5,user,0,test,0
movie:221:6,movie,221,6,agent,2,test,0
movie:221:7,movie,221,7,user,3,test,0
movie:221:8,movie,221,8,agent,2,test,0
movie:221:9,movie,221,9,user,3,test,0
movie:221:10,movie,221,10,agent,3,test,1
movie:222:1,movie,222,1,user,3,validation,0
movie:222:2,movie,222,2,agent,1,validation,0
movie:222:3,movie,222,3,user,0,validation,1
movie:222:4,movie,222,4,agent,1,validation,0
movie:222:5,movie,222,5,user,2,validation,0
movie:222:6,movie,222,6,agent,2,validation,1
movie:223:1,movie,223,1,user,3,test,0
movie:223:2,movie,223,2,agent,2,test,1
movie:223:3,movie,223,3,user,2,test,1
movie:223:4,movie,223,4,agent,2,test,0
movie:223:5,movie,223,5,user,3,test,0
movie:223:6,movie,223,6,agent,2,test,0
movie:223:7,movie,223,7,user,3,test,1
movie:223:8,movie,223,8,agent,2,test,1
movie:224:1,movie,224,1,user,1,train,0
movie:224:2,movie,224,2,agent,1,train,0
movie:224:3,movie,224,3,user,0,train,0
movie:224:4,movie,224,4,agent,1,train,0
movie:224:5,movie,224,5,user,0,train,1
movie:224:6,movie,224,6,agent,2,train,1
movie:224:7,movie,224,7,user,2,train,0
movie:224:8,movie,224,8,agent,2,train,0
movie:225:1,movie,225,1,user,0,train,0
movie:225:2,movie,225,2,agent,1,train,0
movie:225:3,movie,225,3,user,3,train,1
movie:225:4,movie,225,4,agent,1,train,0
movie:225:5,movie,225,5,user,0,train,0
movie:225:6,movie,225,6,agent,2,train,0
movie:225:7,movie,225,7,user,3,train,0
movie:225:8,movie,225,8,agent,2,train,0
movie:225:9,movie,225,9,user,3,train,0
movie:225:10,movie,225,10,agent,3,train,0
movie:226:1,movie,226,1,user,3,train,1
movie:226:2,movie,226,2,agent,3,train,1
movie:226:3,movie,226,3,user,3,train,1
movie:226:4,movie,226,4,agent,2,train,0
movie:226:5,movie,226,5,user,3,train,0
movie:226:6,movie,226,6,agent,3,train,0
movie:227:1,movie,227,1,user,3,train,1
movie:227:2,movie,227,2,agent,2,train,1
movie:227:3,movie,227,3,user,0,train,0
movie:227:4,movie,227,4,agent,2,train,0
movie:227:5,movie,227,5,user,0,train,1
movie:227:6,movie,227,6,agent,2,train,0
movie:227:7,movie,227,7,user,0,train,1
movie:227:8,movie,227,8,agent,2,train,0
movie:228:1,movie,228,1,user,3,train,1
movie:228:2,movie,228,2,agent,2,train,1
movie:228:3,movie,228,3,user,2,train,0
movie:228:4,movie,228,4,agent,2,train,0
movie:228:5,movie,228,5,user,3,train,0
movie:228:6,movie,228,6,agent,3,train,0
movie:229:1,movie,229,1,user,2,validation,0
movie:229:2,movie,229,2,agent,2,validation,0
movie:229:3,movie,229,3,user,0,validation,1
movie:229:4,movie,229,4,agent,3,validation,1
movie:230:1,movie,230,1,user,1,train,0
movie:230:2,movie,230,2,agent,0,train,0
movie:230:3,movie,230,3,user,2,train,0
movie:230:4,movie,230,4,agent,2,train,0
movie:230:5,movie,230,5,user,2,train,0
movie:230:6,movie,230,6,agent,2,train,0
movie:230:7,movie,230,7,user,2,train,0
movie:230:8,movie,230,8,agent,2,train,0
movie:230:9,movie,230,9,user,3,train,0
movie:230:10,movie,230,10,agent,2,train,0
movie:230:11,movie,230,11,user,3,train,1
movie:230:12,movie,230,12,agent,2,train,0
movie:230:13,movie,230,13,user,3,train,1
movie:230:14,movie,230,14,agent,3,train,1
movie:231:1,movie,231,1,user,3,train,1
movie:231:2,movie,231,2,agent,3,train,1
movie:231:3,movie,231,3,user,3,train,0
movie:231:4,movie,231,4,agent,2,train,0
movie:231:5,movie,231,5,user,3,train,1
movie:231:6,movie,231,6,agent,3,train,0
movie:232:1,movie,232,1,user,3,train,0
movie:232:2,movie,232,2,agent,1,train,0
movie:232:3,movie,232,3,user,0,train,0
movie:232:4,movie,232,4,agent,2,train,0
movie:232:5,movie,232,5,user,0,train,0
movie:232:6,movie,232,6,agent,3,train,0
movie:232:7,movie,232,7,user,0,train,1
movie:232:8,movie,232,8,agent,2,train,1
movie:233:1,movie,233,1,user,2,test,0
movie:233:2,movie,233,2,agent,2,test,1
movie:233:3,movie,233,3,user,0,test,1
movie:233:4,movie,233,4,agent,3,test,1
movie:233:5,movie,233,5,user,0,test,0
movie:233:6,movie,233,6,agent,1,test,0
movie:233:7,movie,233,7,user,2,test,1
movie:233:8,movie,233,8,agent,2,test,1
movie:233:9,movie,233,9,user,0,test,0
movie:233:10,movie,233,10,agent,1,test,1
movie:233:11,movie,233,11,user,0,test,1
movie:233:12,movie,233,12,agent,3,test,0
movie:234:1,movie,234,1,user,0,train,0
movie:234:2,movie,234,2,agent,1,train,0
movie:234:3,movie,234,3,user,0,train,0
movie:234:4,movie,234,4,agent,2,train,0
movie:234:5,movie,234,5,user,0,train,0
movie:234:6,movie,234,6,agent,1,train,0
movie:234:7,movie,234,7,user,0,train,0
movie:234:8,movie,234,8,agent,1,train,0
movie:234:9,movie,234,9,user,2,train,0
movie:234:10,movie,234,10,agent,2,train,0
movie:234:11,movie,234,11,user,0,train,0
movie:234:12,movie,234,12,agent,2,train,0
movie:234:13,movie,234,13,user,0,train,0
movie:234:14,movie,234,14,agent,2,train,1
movie:234:15,movie,234,15,user,0,train,1
movie:234:16,movie,234,16,agent,2,train,1
movie:235:1,movie,235,1,user,3,validation,1
movie:235:2,movie,235,2,agent,2,validation,0
movie:235:3,movie,235,3,user,2,validation,0
movie:235:4,movie,235,4,agent,3,validation,1
movie:235:5,movie,235,5,user,3,validation,1
movie:235:6,movie,235,6,agent,2,validation,0
movie:236:1,movie,236,1,user,1,test,0
movie:236:2,movie,236,2,agent,2,test,0
movie:236:3,movie,236,3,user,3,test,1
movie:236:4,movie,236,4,agent,2,test,1
movie:236:5,movie,236,5,user,0,test,0
movie:236:6,movie,236,6,agent,0,test,0
movie:236:7,movie,236,7,user,0,test,0
movie:236:8,movie,236,8,agent,2,test,1
movie:236:9,movie,236,9,user,0,test,1
movie:236:10,movie,236,10,agent,1,test,0
movie:237:1,movie,237,1,user,1,train,0
movie:237:2,movie,237,2,agent,2,train,0
movie:237:3,movie,237,3,user,0,train,1
movie:237:4,movie,237,4,agent,2,train,0
movie:237:5,movie,237,5,user,2,train,1
movie:237:6,movie,237,6,agent,2,train,0
movie:237:7,movie,237,7,user,3,train,1
movie:237:8,movie,237,8,agent,3,train,0
movie:238:1,movie,238,1,user,1,train,0
movie:238:2,movie,238,2,agent,3,train,0
movie:238:3,movie,238,3,user,0,train,1
movie:238:4,movie,238,4,agent,2,train,0
movie:238:5,movie,238,5,user,2,train,0
movie:238:6,movie,238,6,agent,2,train,0
movie:238:7,movie,238,7,user,3,train,1
movie:238:8,movie,238,8,agent,3,train,0
movie:239:1,movie,239,1,user,1,train,1
movie:239:2,movie,239,2,agent,2,train,0
movie:239:3,movie,239,3,user,2,train,0
movie:239:4,movie,239,4,agent,2,train,0
movie:239:5,movie,239,5,user,0,train,0
movie:239:6,movie,239,6,agent,2,train,0
movie:239:7,movie,239,7,user,3,train,0
movie:239:8,movie,239,8,agent,3,train,1
movie:240:1,movie,240,1,user,3,train,1
movie:240:2,movie,240,2,agent,2,train,0
movie:240:3,movie,240,3,user,2,train,1
movie:240:4,movie,240,4,agent,2,train,1
movie:240:5,movie,240,5,user,0,train,0
movie:240:6,movie,240,6,agent,2,train,1
movie:241:1,movie,241,1,user,3,test,0
movie:241:2,movie,241,2,agent,1,test,0
movie:241:3,movie,241,3,user,2,test,0
movie:241:4,movie,241,4,agent,2,test,0
movie:241:5,movie,241,5,user,3,test,0
movie:241:6,movie,241,6,agent,3,test,0
movie:241:7,movie,241,7,user,0,test,0
movie:241:8,movie,241,8,agent,2,test,0
movie:242:1,movie,242,1,user,3,train,0
movie:242:2,movie,242,2,agent,2,train,0
movie:242:3,movie,242,3,user,2,train,1
movie:242:4,movie,242,4,agent,2,train,0
movie:243:1,movie,243,1,user,2,train,0
movie:243:2,movie,243,2,agent,2,train,1
movie:243:3,movie,243,3,user,3,train,0
movie:243:4,movie,243,4,agent,3,train,0
movie:243:5,movie,243,5,user,3,train,1
movie:243:6,movie,243,6,agent,3,train,1
movie:244:1,movie,244,1,user,3,test,1
movie:244:2,movie,244,2,agent,2,test,0
movie:244:3,movie,244,3,user,0,test,1
movie:244:4,movie,244,4,agent,2,test,0
movie:244:5,movie,244,5,user,0,test,0
movie:244:6,movie,244,6,agent,2,test,0
movie:244:7,movie,244,7,user,0,test,0
movie:244:8,movie,244,8,agent,2,test,0
movie:245:1,movie,245,1,user,1,test,0
movie:245:2,movie,245,2,agent,3,test,0
movie:245:3,movie,245,3,user,0,test,0
movie:245:4,movie,245,4,agent,1,test,0
movie:245:5,movie,245,5,user,0,test,0
movie:245:6,movie,245,6,agent,2,test,0
movie:245:7,movie,245,7,user,0,test,1
movie:245:8,movie,245,8,agent,2,test,0
movie:245:9,movie,245,9,user,0,test,1
movie:245:10,movie,245,10,agent,3,test,1
movie:245:11,movie,245,11,user,0,test,0
movie:245:12,movie,245,12,agent,2,test,0
movie:245:13,movie,245,13,user,2,test,0
movie:245:14,movie,245,14,agent,2,test,0
movie:245:15,movie,245,15,user,3,test,0
movie:245:16,movie,245,16,agent,3,test,0
movie:246:1,movie,246,1,user,2,train,0
movie:246:2,movie,246,2,agent,2,train,0
movie:246:3,movie,246,3,user,0,train,1
movie:246:4,movie,246,4,agent,1,train,1
movie:246:5,movie,246,5,user,2,train,0
movie:246:6,movie,246,6,agent,1,train,0
movie:246:7,movie,246,7,user,0,train,0
movie:246:8,movie,246,8,agent,2,train,0
movie:246:9,movie,246,9,user,3,train,1
movie:246:10,movie,246,10,agent,1,train,0
movie:246:11,movie,246,11,user,2,train,0
movie:246:12,movie,246,12,agent,2,train,0
movie:247:1,movie,247,1,user,2,train,0
movie:247:2,movie,247,2,agent,2,train,0
movie:247:3,movie,247,3,user,2,train,0
movie:247:4,movie,247,4,agent,2,train,0
movie:247:5,movie,247,5,user,3,train,1
movie:247:6,movie,247,6,agent,3,train,1
movie:248:1,movie,248,1,user,2,train,0
movie:248:2,movie,248,2,agent,1,train,0
movie:248:3,movie,248,3,user,3,train,0
movie:248:4,movie,248,4,agent,2,train,0
movie:248:5,movie,248,5,user,3,train,1
movie:248:6,movie,248,6,agent,2,train,0
movie:248:7,movie,248,7,user,0,train,1
movie:248:8,movie,248,8,agent,2,train,0
movie:248:9,movie,248,9,user,3,train,0
movie:248:10,movie,248,10,agent,3,train,1
movie:249:1,movie,249,1,user,3,test,1
movie:249:2,movie,249,2,agent,2,test,0
movie:249:3,movie,249,3,user,3,test,0
movie:249:4,movie,249,4,agent,2,test,0
movie:249:5,movie,249,5,user,3,test,0
movie:249:6,movie,249,6,agent,2,test,1
movie:249:7,movie,249,7,user,0,test,0
movie:249:8,movie,249,8,agent,3,test,0
movie:250:1,movie,250,1,user,3,validation,1
movie:250:2,movie,250,2,agent,1,validation,1
movie:250:3,movie,250,3,user,0,validation,1
movie:250:4,movie,250,4,agent,2,validation,0
movie:250:5,movie,250,5,user,3,validation,0
movie:250:6,movie,250,6,agent,2,validation,0
movie:250:7,movie,250,7,user,0,validation,0
movie:250:8,movie,250,8,agent,3,validation,0
movie:250:9,movie,250,9,user,0,validation,1
movie:250:10,movie,250,10,agent,3,validation,1
movie:250:11,movie,250,11,user,0,validation,1
movie:250:12,movie,250,12,agent,2,validation,0
movie:250:13,movie,250,13,user,2,validation,0
movie:250:14,movie,250,14,agent,2,validation,0
movie:251:1,movie,251,1,user,1,train,0
movie:251:2,movie,251,2,agent,1,train,0
movie:251:3,movie,251,3,user,0,train,0
movie:251:4,movie,251,4,agent,1,train,1
movie:251:5,movie,251,5,user,1,train,0
movie:251:6,movie,251,6,agent,2,train,0
movie:251:7,movie,251,7,user,2,train,0
movie:251:8,movie,251,8,agent,2,train,0
movie:251:9,movie,251,9,user,0,train,0
movie:251:10,movie,251,10,agent,3,train,1
movie:251:11,movie,251,11,user,2,train,0
movie:251:12,movie,251,12,agent,2,train,0
movie:251:13,movie,251,13,user,3,train,0
movie:251:14,movie,251,14,agent,1,train,0
movie:251:15,movie,251,15,user,3,train,0
movie:251:16,movie,251,16,agent,2,train,0
movie:251:17,movie,251,17,user,3,train,0
movie:251:18,movie,251,18,agent,2,train,1
movie:252:1,movie,252,1,user,3,test,1
movie:252:2,movie,252,2,agent,2,test,1
movie:252:3,movie,252,3,user,2,test,0
movie:252:4,movie,252,4,agent,2,test,0
movie:252:5,movie,252,5,user,3,test,0
movie:252:6,movie,252,6,agent,2,test,0
movie:252:7,movie,252,7,user,3,test,0
movie:252:8,movie,252,8,agent,3,test,1
movie:253:1,movie,253,1,user,2,test,0
movie:253:2,movie,253,2,agent,2,test,0
movie:253:3,movie,253,3,user,2,test,0
movie:253:4,movie,253,4,agent,1,test,0
movie:254:1,movie,254,1,user,3,validation,1
movie:254:2,movie,254,2,agent,3,validation,0
movie:254:3,movie,254,3,user,2,validation,0
movie:254:4,movie,254,4,agent,2,validation,0
movie:255:1,movie,255,1,user,0,train,0
movie:255:2,movie,255,2,agent,1,train,0
movie:255:3,movie,255,3,user,2,train,0
movie:255:4,movie,255,4,agent,3,train,0
movie:255:5,movie,255,5,user,0,train,0
movie:255:6,movie,255,6,agent,1,train,0
movie:255:7,movie,255,7,user,0,train,1
movie:255:8,movie,255,8,agent,2,train,1
movie:255:9,movie,255,9,user,0,train,0
movie:255:10,movie,255,10,agent,2,train,1
movie:256:1,movie,256,1,user,3,train,1
movie:256:2,movie,256,2,agent,2,train,1
movie:256:3,movie,256,3,user,2,train,1
movie:256:4,movie,256,4,agent,2,train,0
movie:256:5,movie,256,5,user,0,train,1
movie:256:6,movie,256,6,agent,1,train,0
movie:256:7,movie,256,7,user,0,train,0
movie:256:8,movie,256,8,agent,3,train,1
movie:256:9,movie,256,9,user,2,train,0
movie:256:10,movie,256,10,agent,2,train,0
movie:256:11,movie,256,11,user,3,train,0
movie:256:12,movie,256,12,agent,2,train,0
movie:256:13,movie,256,13,user,3,train,0
movie:256:14,movie,256,14,agent,2,train,0
movie:257:1,movie,257,1,user,1,train,0
movie:257:2,movie,257,2,agent,1,train,0
movie:257:3,movie,257,3,user,1,train,0
movie:257:4,movie,257,4,agent,2,train,0
movie:257:5,movie,257,5,user,0,train,0
movie:257:6,movie,257,6,agent,2,train,0
movie:257:7,movie,257,7,user,3,train,1
movie:257:8,movie,257,8,agent,1,train,0
movie:257:9,movie,257,9,user,0,train,1
movie:257:10,movie,257,10,agent,2,train,0
movie:257:11,movie,257,11,user,0,train,1
movie:257:12,movie,257,12,agent,2,train,0
movie:257:13,movie,257,13,user,0,train,1
movie:257:14,movie,257,14,agent,2,train,0
movie:258:1,movie,258,1,user,3,train,0
movie:258:2,movie,258,2,agent,2,train,0
movie:258:3,movie,258,3,user,3,train,0
movie:258:4,movie,258,4,agent,2,train,1
movie:258:5,movie,258,5,user,3,train,0
movie:258:6,movie,258,6,agent,2,train,0
movie:258:7,movie,258,7,user,3,train,0
movie:258:8,movie,258,8,agent,3,train,0
movie:259:1,movie,259,1,user,3,train,0
movie:259:2,movie,259,2,agent,2,train,0
movie:259:3,movie,259,3,user,3,train,1
movie:259:4,movie,259,4,agent,1,train,1
movie:259:5,movie,259,5,user,0,train,0
movie:259:6,movie,259,6,agent,2,train,0
movie:259:7,movie,259,7,user,3,train,1
movie:259:8,movie,259,8,agent,2,train,0
movie:259:9,movie,259,9,user,3,train,0
movie:259:10,movie,259,10,agent,3,train,0
movie:260:1,movie,260,1,user,1,train,0
movie:260:2,movie,260,2,agent,2,train,0
movie:260:3,movie,260,3,user,0,train,1
movie:260:4,movie,260,4,agent,3,train,0
movie:260:5,movie,260,5,user,0,train,1
movie:260:6,movie,260,6,agent,1,train,0
movie:260:7,movie,260,7,user,1,train,0
movie:260:8,movie,260,8,agent,2,train,0
movie:260:9,movie,260,9,user,0,train,0
movie:260:10,movie,260,10,agent,2,train,0
movie:260:11,movie,260,11,user,0,train,1
movie:260:12,movie,260,12,agent,2,train,0
movie:260:13,movie,260,13,user,0,train,0
movie:260:14,movie,260,14,agent,2,train,0
movie:260:15,movie,260,15,user,0,train,1
movie:260:16,movie,260,16,agent,3,train,1
movie:261:1,movie,261,1,user,1,test,0
movie:261:2,movie,261,2,agent,1,test,0
movie:261:3,movie,261,3,user,0,test,0
movie:261:4,movie,261,4,agent,1,test,0
movie:261:5,movie,261,5,user,1,test,0
movie:261:6,movie,261,6,agent,2,test,0
movie:262:1,movie,262,1,user,1,train,1
movie:262:2,movie,262,2,agent,1,train,0
movie:262:3,movie,262,3,user,0,train,0
movie:262:4,movie,262,4,agent,2,train,0
movie:262:5,movie,262,5,user,2,train,0
movie:262:6,movie,262,6,agent,2,train,0
movie:262:7,movie,262,7,user,3,train,0
movie:262:8,movie,262,8,agent,3,train,1
movie:263:1,movie,263,1,user,1,test,0
movie:263:2,movie,263,2,agent,2,test,1
movie:263:3,movie,263,3,user,2,test,0
movie:263:4,movie,263,4,agent,2,test,0
movie:264:1,movie,264,1,user,3,train,0
movie:264:2,movie,264,2,agent,2,train,0
movie:264:3,movie,264,3,user,0,train,1
movie:264:4,movie,264,4,agent,2,train,0
movie:264:5,movie,264,5,user,2,train,0
movie:264:6,movie,264,6,agent,1,train,0
movie:264:7,movie,264,7,user,2,train,0
movie:264:8,movie,264,8,agent,2,train,1
movie:264:9,movie,264,9,user,0,train,0
movie:264:10,movie,264,10,agent,1,train,0
movie:264:11,movie,264,11,user,2,train,0
movie:264:12,movie,264,12,agent,3,train,0
movie:264:13,movie,264,13,user,0,train,1
movie:264:14,movie,264,14,agent,2,train,0
movie:264:15,movie,264,15,user,3,train,0
movie:264:16,movie,264,16,agent,2,train,1
movie:264:17,movie,264,17,user,3,train,0
movie:264:18,movie,264,18,agent,3,train,0
movie:265:1,movie,265,1,user,2,train,0
movie:265:2,movie,265,2,agent,2,train,1
movie:265:3,movie,265,3,user,0,train,0
movie:265:4,movie,265,4,agent,2,train,1
movie:266:1,movie,266,1,user,3,test,0
movie:266:2,movie,266,2,agent,2,test,0
movie:266:3,movie,266,3,user,2,test,1
movie:266:4,movie,266,4,agent,1,test,1
movie:266:5,movie,266,5,user,3,test,0
movie:266:6,movie,266,6,agent,2,test,0
movie:266:7,movie,266,7,user,3,test,0
movie:266:8,movie,266,8,agent,2,test,0
movie:267:1,movie,267,1,user,3,train,1
movie:267:2,movie,267,2,agent,2,train,0
movie:267:3,movie,267,3,user,0,train,0
movie:267:4,movie,267,4,agent,2,train,1
movie:268:1,movie,268,1,user,2,train,0
movie:268:2,movie,268,2,agent,2,train,0
movie:268:3,movie,268,3,user,0,train,0
movie:268:4,movie,268,4,agent,1,train,0
movie:268:5,movie,268,5,user,2,train,0
movie:268:6,movie,268,6,agent,3,train,1
movie:268:7,movie,268,7,user,0,train,1
movie:268:8,movie,268,8,agent,2,train,0
movie:268:9,movie,268,9,user,0,train,0
movie:268:10,movie,268,10,agent,2,train,0
movie:268:11,movie,268,11,user,3,train,1
movie:268:12,movie,268,12,agent,2,train,0
movie:269:1,movie,269,1,user,2,train,1
movie:269:2,movie,269,2,agent,1,train,0
movie:269:3,movie,269,3,user,0,train,0
movie:269:4,movie,269,4,agent,3,train,1
movie:269:5,movie,269,5,user,2,train,0
movie:269:6,movie,269,6,agent,3,train,1
movie:270:1,movie,270,1,user,2,train,1
movie:270:2,movie,270,2,agent,2,train,0
movie:270:3,movie,270,3,user,0,train,0
movie:270:4,movie,270,4,agent,2,train,0
movie:270:5,movie,270,5,user,3,train,1
movie:270:6,movie,270,6,agent,2,train,0
movie:270:7,movie,270,7,user,2,train,0
movie:270:8,movie,270,8,agent,2,train,0
movie:270:9,movie,270,9,user,3,train,0
movie:270:10,movie,270,10,agent,3,train,0
movie:271:1,movie,271,1,user,3,train,1
movie:271:2,movie,271,2,agent,2,train,0
movie:271:3,movie,271,3,user,0,train,0
movie:271:4,movie,271,4,agent,2,train,0
movie:271:5,movie,271,5,user,0,train,0
movie:271:6,movie,271,6,agent,1,train,1
movie:271:7,movie,271,7,user,0,train,1
movie:271:8,movie,271,8,agent,0,train,0
movie:271:9,movie,271,9,user,0,train,0
movie:271:10,movie,271,10,agent,2,train,0
movie:271:11,movie,271,11,user,3,train,1
movie:271:12,movie,271,12,agent,2,train,0
movie:271:13,movie,271,13,user,0,train,1
movie:271:14,movie,271,14,agent,2,train,0
movie:271:15,movie,271,15,user,3,train,0
movie:271:16,movie,271,16,agent,2,train,0
movie:271:17,movie,271,17,user,3,train,0
movie:271:18,movie,271,18,agent,3,train,0
movie:272:1,movie,272,1,user,3,train,1
movie:272:2,movie,272,2,agent,3,train,1
movie:272:3,movie,272,3,user,0,train,0
movie:272:4,movie,272,4,agent,2,train,1
movie:272:5,movie,272,5,user,0,train,1
movie:272:6,movie,272,6,agent,1,train,0
movie:272:7,movie,272,7,user,0,train,1
movie:272:8,movie,272,8,agent,2,train,0
movie:272:9,movie,272,9,user,0,train,1
movie:272:10,movie,272,10,agent,2,train,1
movie:272:11,movie,272,11,user,0,train,0
movie:272:12,movie,272,12,agent,2,train,0
movie:272:13,movie,272,13,user,0,train,0
movie:272:14,movie,272,14,agent,2,train,0
movie:272:15,movie,272,15,user,3,train,0
movie:272:16,movie,272,16,agent,3,train,0
movie:273:1,movie,273,1,user,0,train,1
movie:273:2,movie,273,2,agent,2,train,0
movie:273:3,movie,273,3,user,0,train,1
movie:273:4,movie,273,4,agent,2,train,0
movie:273:5,movie,273,5,user,0,train,0
movie:273:6,movie,273,6,agent,2,train,0
movie:273:7,movie,273,7,user,2,train,0
movie:273:8,movie,273,8,agent,2,train,1
movie:273:9,movie,273,9,user,2,train,0
movie:273:10,movie,273,10,agent,2,train,0
movie:274:1,movie,274,1,user,2,train,0
movie:274:2,movie,274,2,agent,2,train,0
movie:274:3,movie,274,3,user,3,train,0
movie:274:4,movie,274,4,agent,2,train,0
movie:274:5,movie,274,5,user,3,train,0
movie:274:6,movie,274,6,agent,2,train,0
movie:275:1,movie,275,1,user,2,train,0
movie:275:2,movie,275,2,agent,2,train,0
movie:275:3,movie,275,3,user,3,train,0
movie:275:4,movie,275,4,agent,2,train,0
movie:275:5,movie,275,5,user,2,train,0
movie:275:6,movie,275,6,agent,3,train,1
movie:275:7,movie,275,7,user,3,train,1
movie:275:8,movie,275,8,agent,2,train,0
movie:275:9,movie,275,9,user,3,train,0
movie:275:10,movie,275,10,agent,2,train,0
movie:275:11,movie,275,11,user,3,train,0
movie:275:12,movie,275,12,agent,3,train,0
movie:276:1,movie,276,1,user,1,validation,0
movie:276:2,movie,276,2,agent,2,validation,0
movie:276:3,movie,276,3,user,0,validation,1
movie:276:4,movie,276,4,agent,2,validation,0
movie:276:5,movie,276,5,user,3,validation,1
movie:276:6,movie,276,6,agent,3,validation,1
movie:277:1,movie,277,1,user,3,train,1
movie:277:2,movie,277,2,agent,3,train,0
movie:277:3,movie,277,3,user,3,train,1
movie:277:4,movie,277,4,agent,2,train,0
movie:277:5,movie,277,5,user,2,train,0
movie:277:6,movie,277,6,agent,1,train,0
movie:277:7,movie,277,7,user,0,train,0
movie:277:8,movie,277,8,agent,2,train,1
movie:277:9,movie,277,9,user,3,train,0
movie:277:10,movie,277,10,agent,3,train,1
movie:278:1,movie,278,1,user,1,validation,1
movie:278:2,movie,278,2,agent,3,validation,0
movie:278:3,movie,278,3,user,3,validation,0
movie:278:4,movie,278,4,agent,0,validation,1
movie:278:5,movie,278,5,user,0,validation,0
movie:278:6,movie,278,6,agent,0,validation,1
movie:278:7,movie,278,7,user,0,validation,0
movie:278:8,movie,278,8,agent,0,validation,1
movie:278:9,movie,278,9,user,0,validation,0
movie:278:10,movie,278,10,agent,2,validation,0
movie:278:11,movie,278,11,user,3,validation,1
movie:278:12,movie,278,12,agent,2,validation,0
movie:278:13,movie,278,13,user,2,validation,1
movie:278:14,movie,278,14,agent,2,validation,0
movie:278:15,movie,278,15,user,3,validation,0
movie:278:16,movie,278,16,agent,3,validation,1
movie:279:1,movie,279,1,user,2,validation,1
movie:279:2,movie,279,2,agent,3,validation,0
movie:279:3,movie,279,3,user,3,validation,1
movie:279:4,movie,279,4,agent,2,validation,0
movie:279:5,movie,279,5,user,3,validation,0
movie:279:6,movie,279,6,agent,2,validation,0
movie:279:7,movie,279,7,user,3,validation,0
movie:279:8,movie,279,8,agent,2,validation,0
movie:279:9,movie,279,9,user,3,validation,1
movie:279:10,movie,279,10,agent,3,validation,0
movie:280:1,movie,280,1,user,1,train,0
movie:280:2,movie,280,2,agent,0,train,1
movie:280:3,movie,280,3,user,0,train,0
movie:280:4,movie,280,4,agent,2,train,0
movie:280:5,movie,280,5,user,0,train,0
movie:280:6,movie,280,6,agent,2,train,0
movie:280:7,movie,280,7,user,0,train,0
movie:280:8,movie,280,8,agent,2,train,0
movie:280:9,movie,280,9,user,3,train,0
movie:280:10,movie,280,10,agent,3,train,1
movie:281:1,movie,281,1,user,2,train,0
movie:281:2,movie,281,2,agent,2,train,0
movie:281:3,movie,281,3,user,0,train,0
movie:281:4,movie,281,4,agent,3,train,0
movie:282:1,movie,282,1,user,1,train,0
movie:282:2,movie,282,2,agent,3,train,1
movie:282:3,movie,282,3,user,0,train,0
movie:282:4,movie,282,4,agent,1,train,0
movie:282:5,movie,282,5,user,0,train,1
movie:282:6,movie,282,6,agent,2,train,0
movie:282:7,movie,282,7,user,2,train,0
movie:282:8,movie,282,8,agent,1,train,0
movie:282:9,movie,282,9,user,0,train,0
movie:282:10,movie,282,10,agent,2,train,1
movie:283:1,movie,283,1,user,1,train,0
movie:283:2,movie,283,2,agent,2,train,0
movie:283:3,movie,283,3,user,2,train,0
movie:283:4,movie,283,4,agent,2,train,0
movie:284:1,movie,284,1,user,3,test,1
movie:284:2,movie,284,2,agent,3,test,1
movie:284:3,movie,284,3,user,0,test,0
movie:284:4,movie,284,4,agent,2,test,0
movie:284:5,movie,284,5,user,2,test,0
movie:284:6,movie,284,6,agent,1,test,0
movie:284:7,movie,284,7,user,0,test,0
movie:284:8,movie,284,8,agent,1,test,1
movie:284:9,movie,284,9,user,0,test,1
movie:284:10,movie,284,10,agent,1,test,0
movie:284:11,movie,284,11,user,0,test,0
movie:284:12,movie,284,12,agent,2,test,0
movie:284:13,movie,284,13,user,3,test,1
movie:284:14,movie,284,14,agent,3,test,1
movie:285:1,movie,285,1,user,3,validation,0
movie:285:2,movie,285,2,agent,2,validation,1
movie:285:3,movie,285,3,user,0,validation,0
movie:285:4,movie,285,4,agent,2,validation,0
movie:285:5,movie,285,5,user,2,validation,0
movie:285:6,movie,285,6,agent,2,validation,0
movie:285:7,movie,285,7,user,2,validation,0
movie:285:8,movie,285,8,agent,2,validation,0
movie:285:9,movie,285,9,user,0,validation,1
movie:285:10,movie,285,10,agent,0,validation,0
movie:285:11,movie,285,11,user,0,validation,0
movie:285:12,movie,285,12,agent,1,validation,0
movie:285:13,movie,285,13,user,2,validation,0
movie:285:14,movie,285,14,agent,2,validation,0
movie:285:15,movie,285,15,user,3,validation,1
movie:285:16,movie,285,16,agent,3,validation,1
movie:286:1,movie,286,1,user,1,train,0
movie:286:2,movie,286,2,agent,2,train,0
movie:286:3,movie,286,3,user,0,train,1
movie:286:4,movie,286,4,agent,2,train,1
movie:286:5,movie,286,5,user,0,train,1
movie:286:6,movie,286,6,agent,2,train,1
movie:286:7,movie,286,7,user,0,train,1
movie:286:8,movie,286,8,agent,2,train,0
movie:286:9,movie,286,9,user,0,train,1
movie:286:10,movie,286,10,agent,3,train,0
movie:286:11,movie,286,11,user,3,train,1
movie:286:12,movie,286,12,agent,3,train,1
movie:287:1,movie,287,1,user,1,validation,0
movie:287:2,movie,287,2,agent,3,validation,1
movie:287:3,movie,287,3,user,0,validation,1
movie:287:4,movie,287,4,agent,2,validation,0
movie:287:5,movie,287,5,user,1,validation,0
movie:287:6,movie,287,6,agent,2,validation,0
movie:287:7,movie,287,7,user,3,validation,0
movie:287:8,movie,287,8,agent,2,validation,0
movie:288:1,movie,288,1,user,1,test,0
movie:288:2,movie,288,2,agent,2,test,0
movie:288:3,movie,288,3,user,0,test,0
movie:288:4,movie,288,4,agent,2,test,1
movie:289:1,movie,289,1,user,0,train,0
movie:289:2,movie,289,2,agent,1,train,0
movie:289:3,movie,289,3,user,0,train,0
movie:289:4,movie,289,4,agent,0,train,1
movie:289:5,movie,289,5,user,0,train,0
movie:289:6,movie,289,6,agent,2,train,1
movie:289:7,movie,289,7,user,0,train,0
movie:289:8,movie,289,8,agent,2,train,0
movie:289:9,movie,289,9,user,2,train,0
movie:289:10,movie,289,10,agent,2,train,1
movie:290:1,movie,290,1,user,3,test,1
movie:290:2,movie,290,2,agent,2,test,1
movie:290:3,movie,290,3,user,3,test,0
movie:290:4,movie,290,4,agent,2,test,0
movie:290:5,movie,290,5,user,3,test,0
movie:290:6,movie,290,6,agent,3,test,0
movie:291:1,movie,291,1,user,3,test,1
movie:291:2,movie,291,2,agent,2,test,0
movie:291:3,movie,291,3,user,0,test,0
movie:291:4,movie,291,4,agent,2,test,0
movie:291:5,movie,291,5,user,2,test,0
movie:291:6,movie,291,6,agent,2,test,0
movie:291:7,movie,291,7,user,3,test,0
movie:291:8,movie,291,8,agent,2,test,0
movie:291:9,movie,291,9,user,3,test,1
movie:291:10,movie,291,10,agent,3,test,0
movie:292:1,movie,292,1,user,2,train,0
movie:292:2,movie,292,2,agent,2,train,1
movie:292:3,movie,292,3,user,3,train,1
movie:292:4,movie,292,4,agent,3,train,1
movie:293:1,movie,293,1,user,3,train,1
movie:293:2,movie,293,2,agent,2,train,0
movie:293:3,movie,293,3,user,3,train,1
movie:293:4,movie,293,4,agent,2,train,0
movie:293:5,movie,293,5,user,0,train,1
movie:293:6,movie,293,6,agent,2,train,0
movie:294:1,movie,294,1,user,3,test,1
movie:294:2,movie,294,2,agent,3,test,0
movie:294:3,movie,294,3,user,3,test,1
movie:294:4,movie,294,4,agent,2,test,0
movie:294:5,movie,294,5,user,3,test,1
movie:294:6,movie,294,6,agent,2,test,0
movie:295:1,movie,295,1,user,1,train,1
movie:295:2,movie,295,2,agent,2,train,1
movie:295:3,movie,295,3,user,0,train,0
movie:295:4,movie,295,4,agent,2,train,1
movie:295:5,movie,295,5,user,0,train,0
movie:295:6,movie,295,6,agent,2,train,0
movie:295:7,movie,295,7,user,3,train,1
movie:295:8,movie,295,8,agent,3,train,0
movie:296:1,movie,296,1,user,1,train,0
movie:296:2,movie,296,2,agent,3,train,1
movie:296:3,movie,296,3,user,0,train,0
movie:296:4,movie,296,4,agent,1,train,0
movie:296:5,movie,296,5,user,0,train,0
movie:296:6,movie,296,6,agent,2,train,0
movie:297:1,movie,297,1,user,3,train,1
movie:297:2,movie,297,2,agent,1,train,0
movie:297:3,movie,297,3,user,0,train,1
movie:297:4,movie,297,4,agent,3,train,0
movie:298:1,movie,298,1,user,3,train,1
movie:298:2,movie,298,2,agent,2,train,0
movie:298:3,movie,298,3,user,2,train,0
movie:298:4,movie,298,4,agent,2,train,0
movie:298:5,movie,298,5,user,3,train,1
movie:298:6,movie,298,6,agent,3,train,0
movie:299:1,movie,299,1,user,3,train,1
movie:299:2,movie,299,2,agent,1,train,0
movie:299:3,movie,299,3,user,3,train,1
movie:299:4,movie,299,4,agent,2,train,0
movie:299:5,movie,299,5,user,2,train,0
movie:299:6,movie,299,6,agent,3,train,1
movie:299:7,movie,299,7,user,2,train,0
movie:299:8,movie,299,8,agent,2,train,1
movie:299:9,movie,299,9,user,2,train,0
movie:299:10,movie,299,10,agent,2,train,0
movie:299:11,movie,299,11,user,3,train,1
movie:299:12,movie,299,12,agent,3,train,0
movie:300:1,movie,300,1,user,1,train,1
movie:300:2,movie,300,2,agent,1,train,0
movie:300:3,movie,300,3,user,0,train,1
movie:300:4,movie,300,4,agent,1,train,0
movie:300:5,movie,300,5,user,0,train,0
movie:300:6,movie,300,6,agent,1,train,0
movie:301:1,movie,301,1,user,1,train,0
movie:301:2,movie,301,2,agent,1,train,0
movie:301:3,movie,301,3,user,0,train,0
movie:301:4,movie,301,4,agent,2,train,0
movie:301:5,movie,301,5,user,0,train,0
movie:301:6,movie,301,6,agent,2,train,1
movie:301:7,movie,301,7,user,0,train,0
movie:301:8,movie,301,8,agent,2,train,0
movie:301:9,movie,301,9,user,2,train,1
movie:301:10,movie,301,10,agent,2,train,1
movie:302:1,movie,302,1,user,2,train,0
movie:302:2,movie,302,2,agent,2,train,0
movie:302:3,movie,302,3,user,3,train,0
movie:302:4,movie,302,4,agent,2,train,1
movie:303:1,movie,303,1,user,1,train,0
movie:303:2,movie,303,2,agent,2,train,0
movie:303:3,movie,303,3,user,0,train,1
movie:303:4,movie,303,4,agent,3,train,0
movie:303:5,movie,303,5,user,0,train,0
movie:303:6,movie,303,6,agent,2,train,0
movie:303:7,movie,303,7,user,0,train,0
movie:303:8,movie,303,8,agent,2,train,1
movie:303:9,movie,303,9,user,3,train,0
movie:303:10,movie,303,10,agent,3,train,0
movie:304:1,movie,304,1,user,3,train,1
movie:304:2,movie,304,2,agent,2,train,0
movie:304:3,movie,304,3,user,3,train,0
movie:304:4,movie,304,4,agent,2,train,0
movie:304:5,movie,304,5,user,0,train,0
movie:304:6,movie,304,6,agent,1,train,0
movie:304:7,movie,304,7,user,2,train,1
movie:304:8,movie,304,8,agent,1,train,0
movie:304:9,movie,304,9,user,0,train,1
movie:304:10,movie,304,10,agent,1,train,0
movie:304:11,movie,304,11,user,0,train,0
movie:304:12,movie,304,12,agent,2,train,0
movie:305:1,movie,305,1,user,3,train,0
movie:305:2,movie,305,2,agent,2,train,0
movie:305:3,movie,305,3,user,0,train,1
movie:305:4,movie,305,4,agent,1,train,0
movie:305:5,movie,305,5,user,0,train,0
movie:305:6,movie,305,6,agent,1,train,0
movie:305:7,movie,305,7,user,2,train,0
movie:305:8,movie,305,8,agent,1,train,0
movie:305:9,movie,305,9,user,0,train,1
movie:305:10,movie,305,10,agent,2,train,0
movie:305:11,movie,305,11,user,0,train,1
movie:305:12,movie,305,12,agent,2,train,1
movie:305:13,movie,305,13,user,3,train,1
movie:305:14,movie,305,14,agent,3,train,1
movie:306:1,movie,306,1,user,3,train,1
movie:306:2,movie,306,2,agent,3,train,0
movie:306:3,movie,306,3,user,3,train,0
movie:306:4,movie,306,4,agent,2,train,0
movie:306:5,movie,306,5,user,3,train,1
movie:306:6,movie,306,6,agent,2,train,0
movie:306:7,movie,306,7,user,0,train,0
movie:306:8,movie,306,8,agent,2,train,1
movie:307:1,movie,307,1,user,3,test,1
movie:307:2,movie,307,2,agent,2,test,1
movie:307:3,movie,307,3,user,3,test,1
movie:307:4,movie,307,4,agent,2,test,0
movie:307:5,movie,307,5,user,3,test,0
movie:307:6,movie,307,6,agent,2,test,0
movie:307:7,movie,307,7,user,3,test,1
movie:307:8,movie,307,8,agent,3,test,0
movie:308:1,movie,308,1,user,2,train,1
movie:308:2,movie,308,2,agent,2,train,0
movie:308:3,movie,308,3,user,2,train,0
movie:308:4,movie,308,4,agent,2,train,0
movie:308:5,movie,308,5,user,3,train,1
movie:308:6,movie,308,6,agent,2,train,0
movie:309:1,movie,309,1,user,2,validation,1
movie:309:2,movie,309,2,agent,2,validation,0
movie:309:3,movie,309,3,user,0,validation,0
movie:309:4,movie,309,4,agent,2,validation,0
movie:309:5,movie,309,5,user,2,validation,0
movie:309:6,movie,309,6,agent,2,validation,0
movie:309:7,movie,309,7,user,3,validation,0
movie:309:8,movie,309,8,agent,3,validation,0
movie:310:1,movie,310,1,user,2,train,0
movie:310:2,movie,310,2,agent,2,train,1
movie:310:3,movie,310,3,user,0,train,1
movie:310:4,movie,310,4,agent,3,train,0
movie:311:1,movie,311,1,user,1,train,0
movie:311:2,movie,311,2,agent,2,train,0
movie:311:3,movie,311,3,user,0,train,0
movie:311:4,movie,311,4,agent,1,train,1
movie:311:5,movie,311,5,user,0,train,0
movie:311:6,movie,311,6,agent,2,train,1
movie:311:7,movie,311,7,user,2,train,1
movie:311:8,movie,311,8,agent,2,train,0
movie:312:1,movie,312,1,user,3,train,0
movie:312:2,movie,312,2,agent,3,train,1
movie:312:3,movie,312,3,user,3,train,1
movie:312:4,movie,312,4,agent,2,train,0
movie:312:5,movie,312,5,user,0,train,1
movie:312:6,movie,312,6,agent,1,train,0
movie:312:7,movie,312,7,user,0,train,0
movie:312:8,movie,312,8,agent,1,train,0
movie:312:9,movie,312,9,user,0,train,0
movie:312:10,movie,312,10,agent,3,train,1
movie:312:11,movie,312,11,user,2,train,1
movie:312:12,movie,312,12,agent,2,train,0
movie:312:13,movie,312,13,user,2,train,0
movie:312:14,movie,312,14,agent,2,train,0
movie:312:15,movie,312,15,user,3,train,1
movie:312:16,movie,312,16,agent,3,train,1
movie:313:1,movie,313,1,user,1,train,0
movie:313:2,movie,313,2,agent,2,train,0
movie:313:3,movie,313,3,user,2,train,0
movie:313:4,movie,313,4,agent,2,train,0
movie:313:5,movie,313,5,user,3,train,0
movie:313:6,movie,313,6,agent,3,train,1
movie:313:7,movie,313,7,user,2,train,1
movie:313:8,movie,313,8,agent,2,train,0
movie:313:9,movie,313,9,user,3,train,0
movie:313:10,movie,313,10,agent,2,train,0
movie:313:11,movie,313,11,user,3,train,0
movie:313:12,movie,313,12,agent,3,train,1
movie:314:1,movie,314,1,user,2,test,0
movie:314:2,movie,314,2,agent,1,test,0
movie:314:3,movie,314,3,user,0,test,0
movie:314:4,movie,314,4,agent,2,test,0
movie:314:5,movie,314,5,user,0,test,0
movie:314:6,movie,314,6,agent,1,test,0
movie:314:7,movie,314,7,user,0,test,0
movie:314:8,movie,314,8,agent,0,test,0
movie:314:9,movie,314,9,user,0,test,0
movie:314:10,movie,314,10,agent,2,test,0
movie:314:11,movie,314,11,user,0,test,1
movie:314:12,movie,314,12,agent,2,test,0
movie:315:1,movie,315,1,user,3,train,1
movie:315:2,movie,315,2,agent,3,train,1
movie:315:3,movie,315,3,user,3,train,1
movie:315:4,movie,315,4,agent,1,train,0
movie:315:5,movie,315,5,user,2,train,0
movie:315:6,movie,315,6,agent,2,train,0
movie:315:7,movie,315,7,user,3,train,1
movie:315:8,movie,315,8,agent,2,train,0
movie:315:9,movie,315,9,user,3,train,0
movie:315:10,movie,315,10,agent,3,train,0
movie:316:1,movie,316,1,user,3,test,1
movie:316:2,movie,316,2,agent,1,test,0
movie:316:3,movie,316,3,user,0,test,0
movie:316:4,movie,316,4,agent,1,test,0
movie:316:5,movie,316,5,user,0,test,0
movie:316:6,movie,316,6,agent,2,test,0
movie:316:7,movie,316,7,user,3,test,1
movie:316:8,movie,316,8,agent,2,test,0
movie:316:9,movie,316,9,user,3,test,1
movie:316:10,movie,316,10,agent,3,test,0
movie:317:1,movie,317,1,user,1,train,1
movie:317:2,movie,317,2,agent,2,train,0
movie:317:3,movie,317,3,user,0,train,0
movie:317:4,movie,317,4,agent,1,train,0
movie:317:5,movie,317,5,user,0,train,1
movie:317:6,movie,317,6,agent,1,train,1
movie:317:7,movie,317,7,user,0,train,0
movie:317:8,movie,317,8,agent,2,train,0
movie:317:9,movie,317,9,user,3,train,1
movie:317:10,movie,317,10,agent,2,train,0
movie:317:11,movie,317,11,user,3,train,0
movie:317:12,movie,317,12,agent,3,train,1
movie:318:1,movie,318,1,user,3,train,1
movie:318:2,movie,318,2,agent,0,train,1
movie:318:3,movie,318,3,user,0,train,0
movie:318:4,movie,318,4,agent,3,train,1
movie:318:5,movie,318,5,user,3,train,1
movie:318:6,movie,318,6,agent,2,train,1
movie:318:7,movie,318,7,user,3,train,0
movie:318:8,movie,318,8,agent,2,train,0
movie:318:9,movie,318,9,user,3,train,0
movie:318:10,movie,318,10,agent,3,train,1
movie:319:1,movie,319,1,user,1,train,0
movie:319:2,movie,319,2,agent,0,train,0
movie:319:3,movie,319,3,user,0,train,1
movie:319:4,movie,319,4,agent,0,train,0
movie:319:5,movie,319,5,user,0,train,0
movie:319:6,movie,319,6,agent,2,train,1
movie:319:7,movie,319,7,user,0,train,0
movie:319:8,movie,319,8,agent,2,train,1
movie:319:9,movie,319,9,user,2,train,0
movie:319:10,movie,319,10,agent,2,train,0
movie:319:11,movie,319,11,user,3,train,0
movie:319:12,movie,319,12,agent,3,train,0
movie:320:1,movie,320,1,user,3,train,1
movie:320:2,movie,320,2,agent,3,train,1
movie:320:3,movie,320,3,user,3,train,1
movie:320:4,movie,320,4,agent,1,train,0
movie:320:5,movie,320,5,user,0,train,0
movie:320:6,movie,320,6,agent,1,train,0
movie:320:7,movie,320,7,user,0,train,1
movie:320:8,movie,320,8,agent,0,train,0
movie:320:9,movie,320,9,user,0,train,1
movie:320:10,movie,320,10,agent,2,train,1
movie:320:11,movie,320,11,user,0,train,0
movie:320:12,movie,320,12,agent,3,train,0
movie:320:13,movie,320,13,user,2,train,1
movie:320:14,movie,320,14,agent,2,train,0
movie:320:15,movie,320,15,user,3,train,0
movie:320:16,movie,320,16,agent,2,train,0
movie:320:17,movie,320,17,user,3,train,1
movie:320:18,movie,320,18,agent,3,train,0
movie:321:1,movie,321,1,user,1,test,0
movie:321:2,movie,321,2,agent,0,test,0
movie:321:3,movie,321,3,user,0,test,0
movie:321:4,movie,321,4,agent,2,test,0
movie:321:5,movie,321,5,user,0,test,0
movie:321:6,movie,321,6,agent,2,test,0
movie:321:7,movie,321,7,user,3,test,0
movie:321:8,movie,321,8,agent,3,test,1
movie:322:1,movie,322,1,user,1,train,0
movie:322:2,movie,322,2,agent,2,train,0
movie:322:3,movie,322,3,user,0,train,1
movie:322:4,movie,322,4,agent,2,train,1
movie:322:5,movie,322,5,user,0,train,1
movie:322:6,movie,322,6,agent,2,train,1
movie:322:7,movie,322,7,user,2,train,0
movie:322:8,movie,322,8,agent,1,train,0
movie:322:9,movie,322,9,user,0,train,1
movie:322:10,movie,322,10,agent,2,train,0
movie:322:11,movie,322,11,user,3,train,0
movie:322:12,movie,322,12,agent,2,train,0
movie:323:1,movie,323,1,user,0,train,0
movie:323:2,movie,323,2,agent,2,train,1
movie:323:3,movie,323,3,user,0,train,1
movie:323:4,movie,323,4,agent,1,train,0
movie:323:5,movie,323,5,user,3,train,0
movie:323:6,movie,323,6,agent,2,train,0
movie:323:7,movie,323,7,user,0,train,0
movie:323:8,movie,323,8,agent,2,train,0
movie:324:1,movie,324,1,user,2,train,0
movie:324:2,movie,324,2,agent,2,train,1
movie:324:3,movie,324,3,user,3,train,1
movie:324:4,movie,324,4,agent,2,train,1
movie:324:5,movie,324,5,user,3,train,1
movie:324:6,movie,324,6,agent,3,train,0
movie:325:1,movie,325,1,user,3,train,1
movie:325:2,movie,325,2,agent,2,train,0
movie:325:3,movie,325,3,user,3,train,0
movie:325:4,movie,325,4,agent,2,train,0
movie:325:5,movie,325,5,user,0,train,0
movie:325:6,movie,325,6,agent,3,train,1
movie:325:7,movie,325,7,user,3,train,0
movie:325:8,movie,325,8,agent,2,train,0
movie:325:9,movie,325,9,user,3,train,1
movie:325:10,movie,325,10,agent,2,train,0
movie:326:1,movie,326,1,user,1,train,0
movie:326:2,movie,326,2,agent,2,train,1
movie:326:3,movie,326,3,user,0,train,0
movie:326:4,movie,326,4,agent,1,train,0
movie:326:5,movie,326,5,user,0,train,1
movie:326:6,movie,326,6,agent,2,train,0
movie:326:7,movie,326,7,user,2,train,0
movie:326:8,movie,326,8,agent,1,train,0
movie:326:9,movie,326,9,user,0,train,0
movie:326:10,movie,326,10,agent,2,train,0
movie:327:1,movie,327,1,user,0,train,0
movie:327:2,movie,327,2,agent,2,train,0
movie:327:3,movie,327,3,user,0,train,0
movie:327:4,movie,327,4,agent,3,train,1
movie:327:5,movie,327,5,user,0,train,1
movie:327:6,movie,327,6,agent,1,train,0
movie:327:7,movie,327,7,user,0,train,1
movie:327:8,movie,327,8,agent,0,train,1
movie:327:9,movie,327,9,user,0,train,1
movie:327:10,movie,327,10,agent,2,train,0
movie:327:11,movie,327,11,user,2,train,1
movie:327:12,movie,327,12,agent,2,train,1
movie:327:13,movie,327,13,user,0,train,0
movie:327:14,movie,327,14,agent,2,train,1
movie:328:1,movie,328,1,user,0,validation,1
movie:328:2,movie,328,2,agent,1,validation,0
movie:328:3,movie,328,3,user,3,validation,1
movie:328:4,movie,328,4,agent,0,validation,0
movie:328:5,movie,328,5,user,0,validation,0
movie:328:6,movie,328,6,agent,2,validation,1
movie:328:7,movie,328,7,user,3,validation,1
movie:328:8,movie,328,8,agent,2,validation,0
movie:328:9,movie,328,9,user,3,validation,1
movie:328:10,movie,328,10,agent,2,validation,0
movie:328:11,movie,328,11,user,3,validation,0
movie:328:12,movie,328,12,agent,3,validation,1
movie:329:1,movie,329,1,user,1,train,0
movie:329:2,movie,329,2,agent,2,train,0
movie:329:3,movie,329,3,user,0,train,0
movie:329:4,movie,329,4,agent,2,train,0
movie:329:5,movie,329,5,user,0,train,0
movie:329:6,movie,329,6,agent,2,train,0
movie:330:1,movie,330,1,user,3,train,0
movie:330:2,movie,330,2,agent,2,train,0
movie:330:3,movie,330,3,user,0,train,1
movie:330:4,movie,330,4,agent,1,train,0
movie:330:5,movie,330,5,user,0,train,0
movie:330:6,movie,330,6,agent,2,train,0
movie:330:7,movie,330,7,user,0,train,1
movie:330:8,movie,330,8,agent,2,train,0
movie:330:9,movie,330,9,user,0,train,1
movie:330:10,movie,330,10,agent,2,train,0
movie:331:1,movie,331,1,user,2,test,0
movie:331:2,movie,331,2,agent,2,test,0
movie:331:3,movie,331,3,user,3,test,0
movie:331:4,movie,331,4,agent,3,test,1
movie:332:1,movie,332,1,user,1,test,0
movie:332:2,movie,332,2,agent,1,test,0
movie:332:3,movie,332,3,user,0,test,0
movie:332:4,movie,332,4,agent,1,test,0
movie:332:5,movie,332,5,user,2,test,1
movie:332:6,movie,332,6,agent,3,test,1
movie:332:7,movie,332,7,user,2,test,0
movie:332:8,movie,332,8,agent,2,test,0
movie:333:1,movie,333,1,user,3,train,1
movie:333:2,movie,333,2,agent,3,train,1
movie:333:3,movie,333,3,user,3,train,0
movie:333:4,movie,333,4,agent,2,train,0
movie:333:5,movie,333,5,user,0,train,1
movie:333:6,movie,333,6,agent,2,train,1
movie:333:7,movie,333,7,user,3,train,0
movie:333:8,movie,333,8,agent,3,train,0
movie:334:1,movie,334,1,user,1,train,0
movie:334:2,movie,334,2,agent,2,train,1
movie:334:3,movie,334,3,user,2,train,0
movie:334:4,movie,334,4,agent,2,train,0
movie:335:1,movie,335,1,user,3,validation,0
movie:335:2,movie,335,2,agent,3,validation,1
movie:335:3,movie,335,3,user,3,validation,1
movie:335:4,movie,335,4,agent,2,validation,0
movie:335:5,movie,335,5,user,3,validation,1
movie:335:6,movie,335,6,agent,2,validation,0
movie:335:7,movie,335,7,user,3,validation,0
movie:335:8,movie,335,8,agent,2,validation,0
movie:335:9,movie,335,9,user,3,validation,0
movie:335:10,movie,335,10,agent,3,validation,0
movie:336:1,movie,336,1,user,0,train,0
movie:336:2,movie,336,2,agent,2,train,0
movie:336:3,movie,336,3,user,3,train,1
movie:336:4,movie,336,4,agent,2,train,1
movie:337:1,movie,337,1,user,3,train,1
movie:337:2,movie,337,2,agent,2,train,1
movie:337:3,movie,337,3,user,3,train,1
movie:337:4,movie,337,4,agent,2,train,0
movie:337:5,movie,337,5,user,3,train,0
movie:337:6,movie,337,6,agent,2,train,0
movie:337:7,movie,337,7,user,3,train,1
movie:337:8,movie,337,8,agent,3,train,1
movie:338:1,movie,338,1,user,1,train,0
movie:338:2,movie,338,2,agent,2,train,1
movie:338:3,movie,338,3,user,2,train,0
movie:338:4,movie,338,4,agent,1,train,0
movie:338:5,movie,338,5,user,0,train,0
movie:338:6,movie,338,6,agent,2,train,0
movie:338:7,movie,338,7,user,0,train,0
movie:338:8,movie,338,8,agent,2,train,0
movie:338:9,movie,338,9,user,2,train,0
movie:338:10,movie,338,10,agent,2,train,0
movie:338:11,movie,338,11,user,3,train,0
movie:338:12,movie,338,12,agent,3,train,1
movie:339:1,movie,339,1,user,2,train,0
movie:339:2,movie,339,2,agent,2,train,1
movie:339:3,movie,339,3,user,3,train,1
movie:339:4,movie,339,4,agent,3,train,1
movie:340:1,movie,340,1,user,1,train,0
movie:340:2,movie,340,2,agent,1,train,0
movie:340:3,movie,340,3,user,0,train,0
movie:340:4,movie,340,4,agent,1,train,1
movie:340:5,movie,340,5,user,0,train,0
movie:340:6,movie,340,6,agent,2,train,0
movie:340:7,movie,340,7,user,2,train,0
movie:340:8,movie,340,8,agent,2,train,0
movie:340:9,movie,340,9,user,3,train,1
movie:340:10,movie,340,10,agent,3,train,1
movie:341:1,movie,341,1,user,1,train,0
movie:341:2,movie,341,2,agent,3,train,1
movie:341:3,movie,341,3,user,0,train,0
movie:341:4,movie,341,4,agent,2,train,0
movie:341:5,movie,341,5,user,0,train,0
movie:341:6,movie,341,6,agent,2,train,0
movie:342:1,movie,342,1,user,1,train,0
movie:342:2,movie,342,2,agent,2,train,0
movie:342:3,movie,342,3,user,2,train,1
movie:342:4,movie,342,4,agent,2,train,0
movie:342:5,movie,342,5,user,0,train,0
movie:342:6,movie,342,6,agent,2,train,1
movie:342:7,movie,342,7,user,2,train,0
movie:342:8,movie,342,8,agent,2,train,0
movie:343:1,movie,343,1,user,1,train,0
movie:343:2,movie,343,2,agent,0,train,0
movie:343:3,movie,343,3,user,0,train,0
movie:343:4,movie,343,4,agent,3,train,1
movie:343:5,movie,343,5,user,3,train,0
movie:343:6,movie,343,6,agent,2,train,0
movie:343:7,movie,343,7,user,3,train,1
movie:343:8,movie,343,8,agent,2,train,0
movie:343:9,movie,343,9,user,2,train,0
movie:343:10,movie,343,10,agent,3,train,0
movie:343:11,movie,343,11,user,2,train,0
movie:343:12,movie,343,12,agent,2,train,0
movie:344:1,movie,344,1,user,2,train,0
movie:344:2,movie,344,2,agent,2,train,0
movie:344:3,movie,344,3,user,0,train,0
movie:344:4,movie,344,4,agent,2,train,0
movie:344:5,movie,344,5,user,3,train,0
movie:344:6,movie,344,6,agent,3,train,0
movie:345:1,movie,345,1,user,1,train,0
movie:345:2,movie,345,2,agent,1,train,0
movie:345:3,movie,345,3,user,1,train,0
movie:345:4,movie,345,4,agent,1,train,0
movie:345:5,movie,345,5,user,0,train,0
movie:345:6,movie,345,6,agent,2,train,0
movie:345:7,movie,345,7,user,2,train,0
movie:345:8,movie,345,8,agent,2,train,0
movie:345:9,movie,345,9,user,0,train,1
movie:345:10,movie,345,10,agent,3,train,0
movie:346:1,movie,346,1,user,2,train,0
movie:346:2,movie,346,2,agent,2,train,0
movie:346:3,movie,346,3,user,0,train,0
movie:346:4,movie,346,4,agent,2,train,0
movie:347:1,movie,347,1,user,2,train,1
movie:347:2,movie,347,2,agent,2,train,0
movie:347:3,movie,347,3,user,0,train,0
movie:347:4,movie,347,4,agent,3,train,1
movie:348:1,movie,348,1,user,0,train,0
movie:348:2,movie,348,2,agent,2,train,0
movie:348:3,movie,348,3,user,2,train,0
movie:348:4,movie,348,4,agent,2,train,0
movie:348:5,movie,348,5,user,3,train,0
movie:348:6,movie,348,6,agent,2,train,0
movie:348:7,movie,348,7,user,3,train,0
movie:348:8,movie,348,8,agent,3,train,1
movie:349:1,movie,349,1,user,3,test,0
movie:349:2,movie,349,2,agent,3,test,0
movie:349:3,movie,349,3,user,3,test,1
movie:349:4,movie,349,4,agent,2,test,0
movie:349:5,movie,349,5,user,3,test,1
movie:349:6,movie,349,6,agent,3,test,0
movie:349:7,movie,349,7,user,3,test,1
movie:349:8,movie,349,8,agent,3,test,1
movie:349:9,movie,349,9,user,3,test,0
movie:349:10,movie,349,10,agent,3,test,0
movie:350:1,movie,350,1,user,3,test,1
movie:350:2,movie,350,2,agent,1,test,0
movie:350:3,movie,350,3,user,2,test,1
movie:350:4,movie,350,4,agent,2,test,0
movie:350:5,movie,350,5,user,3,test,0
movie:350:6,movie,350,6,agent,3,test,1
movie:350:7,movie,350,7,user,2,test,0
movie:350:8,movie,350,8,agent,2,test,0
movie:350:9,movie,350,9,user,2,test,0
movie:350:10,movie,350,10,agent,2,test,0
movie:350:11,movie,350,11,user,3,test,1
movie:350:12,movie,350,12,agent,3,test,1
movie:351:1,movie,351,1,user,0,train,1
movie:351:2,movie,351,2,agent,2,train,1
movie:351:3,movie,351,3,user,0,train,0
movie:351:4,movie,351,4,agent,1,train,0
movie:351:5,movie,351,5,user,2,train,0
movie:351:6,movie,351,6,agent,1,train,0
movie:351:7,movie,351,7,user,0,train,1
movie:351:8,movie,351,8,agent,1,train,0
movie:351:9,movie,351,9,user,0,train,0
movie:351:10,movie,351,10,agent,1,train,0
movie:351:11,movie,351,11,user,0,train,0
movie:351:12,movie,351,12,agent,2,train,0
movie:351:13,movie,351,13,user,3,train,0
movie:351:14,movie,351,14,agent,2,train,0
movie:352:1,movie,352,1,user,1,train,0
movie:352:2,movie,352,2,agent,2,train,1
movie:352:3,movie,352,3,user,0,train,0
movie:352:4,movie,352,4,agent,1,train,0
movie:353:1,movie,353,1,user,3,validation,0
movie:353:2,movie,353,2,agent,2,validation,0
movie:353:3,movie,353,3,user,3,validation,0
movie:353:4,movie,353,4,agent,2,validation,0
movie:353:5,movie,353,5,user,0,validation,1
movie:353:6,movie,353,6,agent,2,validation,0
movie:353:7,movie,353,7,user,2,validation,0
movie:353:8,movie,353,8,agent,3,validation,0
movie:354:1,movie,354,1,user,1,train,0
movie:354:2,movie,354,2,agent,2,train,0
movie:354:3,movie,354,3,user,2,train,1
movie:354:4,movie,354,4,agent,1,train,0
movie:354:5,movie,354,5,user,0,train,1
movie:354:6,movie,354,6,agent,2,train,0
movie:354:7,movie,354,7,user,0,train,1
movie:354:8,movie,354,8,agent,2,train,0
movie:354:9,movie,354,9,user,3,train,0
movie:354:10,movie,354,10,agent,3,train,0
movie:355:1,movie,355,1,user,3,train,1
movie:355:2,movie,355,2,agent,3,train,0
movie:355:3,movie,355,3,user,3,train,1
movie:355:4,movie,355,4,agent,3,train,1
movie:355:5,movie,355,5,user,2,train,0
movie:355:6,movie,355,6,agent,2,train,0
movie:355:7,movie,355,7,user,3,train,1
movie:355:8,movie,355,8,agent,3,train,0
movie:356:1,movie,356,1,user,1,test,0
movie:356:2,movie,356,2,agent,2,test,0
movie:356:3,movie,356,3,user,1,test,0
movie:356:4,movie,356,4,agent,2,test,1
movie:356:5,movie,356,5,user,1,test,0
movie:356:6,movie,356,6,agent,2,test,1
movie:356:7,movie,356,7,user,0,test,0
movie:356:8,movie,356,8,agent,2,test,0
movie:356:9,movie,356,9,user,0,test,0
movie:356:10,movie,356,10,agent,2,test,1
movie:356:11,movie,356,11,user,0,test,1
movie:356:12,movie,356,12,agent,2,test,0
movie:357:1,movie,357,1,user,2,train,0
movie:357:2,movie,357,2,agent,1,train,0
movie:357:3,movie,357,3,user,2,train,0
movie:357:4,movie,357,4,agent,3,train,0
movie:357:5,movie,357,5,user,0,train,1
movie:357:6,movie,357,6,agent,2,train,0
movie:357:7,movie,357,7,user,3,train,1
movie:357:8,movie,357,8,agent,2,train,0
movie:357:9,movie,357,9,user,3,train,1
movie:357:10,movie,357,10,agent,3,train,0
movie:358:1,movie,358,1,user,0,train,0
movie:358:2,movie,358,2,agent,3,train,0
movie:358:3,movie,358,3,user,0,train,0
movie:358:4,movie,358,4,agent,2,train,1
movie:358:5,movie,358,5,user,2,train,0
movie:358:6,movie,358,6,agent,2,train,0
movie:358:7,movie,358,7,user,0,train,0
movie:358:8,movie,358,8,agent,2,train,0
movie:358:9,movie,358,9,user,3,train,0
movie:358:10,movie,358,10,agent,3,train,1
movie:359:1,movie,359,1,user,3,train,1
movie:359:2,movie,359,2,agent,2,train,1
movie:359:3,movie,359,3,user,3,train,1
movie:359:4,movie,359,4,agent,2,train,0
movie:359:5,movie,359,5,user,0,train,1
movie:359:6,movie,359,6,agent,3,train,0
movie:359:7,movie,359,7,user,2,train,0
movie:359:8,movie,359,8,agent,2,train,0
movie:359:9,movie,359,9,user,3,train,0
movie:359:10,movie,359,10,agent,3,train,1
movie:360:1,movie,360,1,user,3,train,1
movie:360:2,movie,360,2,agent,2,train,0
movie:360:3,movie,360,3,user,3,train,0
movie:360:4,movie,360,4,agent,2,train,0
movie:360:5,movie,360,5,user,0,train,0
movie:360:6,movie,360,6,agent,2,train,1
movie:360:7,movie,360,7,user,3,train,1
movie:360:8,movie,360,8,agent,2,train,0
movie:361:1,movie,361,1,user,2,train,1
movie:361:2,movie,361,2,agent,2,train,1
movie:361:3,movie,361,3,user,0,train,0
movie:361:4,movie,361,4,agent,2,train,0
movie:362:1,movie,362,1,user,0,train,1
movie:362:2,movie,362,2,agent,3,train,1
movie:362:3,movie,362,3,user,0,train,0
movie:362:4,movie,362,4,agent,1,train,1
movie:362:5,movie,362,5,user,3,train,1
movie:362:6,movie,362,6,agent,0,train,0
movie:362:7,movie,362,7,user,0,train,0
movie:362:8,movie,362,8,agent,2,train,0
movie:362:9,movie,362,9,user,0,train,0
movie:362:10,movie,362,10,agent,1,train,0
movie:362:11,movie,362,11,user,0,train,0
movie:362:12,movie,362,12,agent,3,train,0
movie:362:13,movie,362,13,user,0,train,0
movie:362:14,movie,362,14,agent,2,train,0
movie:362:15,movie,362,15,user,3,train,1
movie:362:16,movie,362,16,agent,2,train,0
movie:362:17,movie,362,17,user,3,train,1
movie:362:18,movie,362,18,agent,2,train,0
movie:362:19,movie,362,19,user,2,train,0
movie:362:20,movie,362,20,agent,2,train,0
movie:362:21,movie,362,21,user,3,train,1
movie:362:22,movie,362,22,agent,3,train,1
movie:363:1,movie,363,1,user,0,train,0
movie:363:2,movie,363,2,agent,1,train,0
movie:363:3,movie,363,3,user,0,train,1
movie:363:4,movie,363,4,agent,1,train,0
movie:363:5,movie,363,5,user,0,train,0
movie:363:6,movie,363,6,agent,0,train,1
movie:364:1,movie,364,1,user,1,train,0
movie:364:2,movie,364,2,agent,1,train,0
movie:364:3,movie,364,3,user,0,train,1
movie:364:4,movie,364,4,agent,0,train,1
movie:364:5,movie,364,5,user,0,train,0
movie:364:6,movie,364,6,agent,2,train,1
movie:364:7,movie,364,7,user,0,train,0
movie:364:8,movie,364,8,agent,2,train,0
movie:364:9,movie,364,9,user,3,train,1
movie:364:10,movie,364,10,agent,3,train,1
movie:365:1,movie,365,1,user,2,train,0
movie:365:2,movie,365,2,agent,2,train,0
movie:365:3,movie,365,3,user,3,train,0
movie:365:4,movie,365,4,agent,2,train,0
movie:365:5,movie,365,5,user,3,train,0
movie:365:6,movie,365,6,agent,2,train,0
movie:366:1,movie,366,1,user,2,train,1
movie:366:2,movie,366,2,agent,1,train,0
movie:366:3,movie,366,3,user,0,train,1
movie:366:4,movie,366,4,agent,2,train,0
movie:366:5,movie,366,5,user,3,train,1
movie:366:6,movie,366,6,agent,2,train,0
movie:366:7,movie,366,7,user,3,train,1
movie:366:8,movie,366,8,agent,2,train,0
movie:367:1,movie,367,1,user,2,train,0
movie:367:2,movie,367,2,agent,1,train,0
movie:367:3,movie,367,3,user,2,train,0
movie:367:4,movie,367,4,agent,1,train,0
movie:367:5,movie,367,5,user,0,train,1
movie:367:6,movie,367,6,agent,2,train,1
movie:367:7,movie,367,7,user,0,train,0
movie:367:8,movie,367,8,agent,2,train,0
movie:367:9,movie,367,9,user,2,train,1
movie:367:10,movie,367,10,agent,2,train,1
movie:368:1,movie,368,1,user,3,train,1
movie:368:2,movie,368,2,agent,1,train,0
movie:368:3,movie,368,3,user,2,train,0
movie:368:4,movie,368,4,agent,1,train,0
movie:368:5,movie,368,5,user,0,train,0
movie:368:6,movie,368,6,agent,2,train,1
movie:368:7,movie,368,7,user,2,train,1
movie:368:8,movie,368,8,agent,2,train,1
movie:368:9,movie,368,9,user,0,train,0
movie:368:10,movie,368,10,agent,1,train,0
movie:368:11,movie,368,11,user,0,train,1
movie:368:12,movie,368,12,agent,2,train,1
movie:369:1,movie,369,1,user,1,train,0
movie:369:2,movie,369,2,agent,1,train,0
movie:369:3,movie,369,3,user,0,train,0
movie:369:4,movie,369,4,agent,2,train,1
movie:369:5,movie,369,5,user,3,train,1
movie:369:6,movie,369,6,agent,2,train,1
movie:370:1,movie,370,1,user,1,validation,0
movie:370:2,movie,370,2,agent,2,validation,0
movie:370:3,movie,370,3,user,0,validation,0
movie:370:4,movie,370,4,agent,1,validation,0
movie:370:5,movie,370,5,user,0,validation,0
movie:370:6,movie,370,6,agent,2,validation,1
movie:370:7,movie,370,7,user,2,validation,0
movie:370:8,movie,370,8,agent,2,validation,1
movie:370:9,movie,370,9,user,0,validation,1
movie:370:10,movie,370,10,agent,2,validation,0
movie:370:11,movie,370,11,user,0,validation,1
movie:370:12,movie,370,12,agent,2,validation,0
movie:370:13,movie,370,13,user,3,validation,0
movie:370:14,movie,370,14,agent,3,validation,1
movie:371:1,movie,371,1,user,1,train,0
movie:371:2,movie,371,2,agent,2,train,0
movie:371:3,movie,371,3,user,3,train,1
movie:371:4,movie,371,4,agent,2,train,0
movie:371:5,movie,371,5,user,3,train,1
movie:371:6,movie,371,6,agent,3,train,0
movie:372:1,movie,372,1,user,2,train,0
movie:372:2,movie,372,2,agent,3,train,1
movie:372:3,movie,372,3,user,2,train,0
movie:372:4,movie,372,4,agent,2,train,0
movie:372:5,movie,372,5,user,3,train,1
movie:372:6,movie,372,6,agent,2,train,0
movie:372:7,movie,372,7,user,3,train,1
movie:372:8,movie,372,8,agent,3,train,1
movie:373:1,movie,373,1,user,3,train,1
movie:373:2,movie,373,2,agent,2,train,0
movie:373:3,movie,373,3,user,3,train,0
movie:373:4,movie,373,4,agent,2,train,0
movie:374:1,movie,374,1,user,2,test,1
movie:374:2,movie,374,2,agent,2,test,0
movie:374:3,movie,374,3,user,3,test,0
movie:374:4,movie,374,4,agent,3,test,1
movie:375:1,movie,375,1,user,3,train,0
movie:375:2,movie,375,2,agent,2,train,0
movie:375:3,movie,375,3,user,3,train,0
movie:375:4,movie,375,4,agent,2,train,1
movie:375:5,movie,375,5,user,2,train,1
movie:375:6,movie,375,6,agent,2,train,0
movie:375:7,movie,375,7,user,3,train,1
movie:375:8,movie,375,8,agent,3,train,1
movie:376:1,movie,376,1,user,3,train,0
movie:376:2,movie,376,2,agent,2,train,1
movie:376:3,movie,376,3,user,3,train,0
movie:376:4,movie,376,4,agent,2,train,0
movie:376:5,movie,376,5,user,2,train,0
movie:376:6,movie,376,6,agent,2,train,0
movie:377:1,movie,377,1,user,0,train,0
movie:377:2,movie,377,2,agent,0,train,1
movie:377:3,movie,377,3,user,0,train,0
movie:377:4,movie,377,4,agent,1,train,1
movie:377:5,movie,377,5,user,3,train,0
movie:377:6,movie,377,6,agent,2,train,0
movie:377:7,movie,377,7,user,2,train,1
movie:377:8,movie,377,8,agent,2,train,0
movie:377:9,movie,377,9,user,3,train,0
movie:377:10,movie,377,10,agent,3,train,0
movie:378:1,movie,378,1,user,2,validation,1
movie:378:2,movie,378,2,agent,3,validation,0
movie:378:3,movie,378,3,user,3,validation,1
movie:378:4,movie,378,4,agent,2,validation,0
movie:378:5,movie,378,5,user,3,validation,1
movie:378:6,movie,378,6,agent,2,validation,0
movie:378:7,movie,378,7,user,0,validation,0
movie:378:8,movie,378,8,agent,2,validation,1
movie:378:9,movie,378,9,user,0,validation,1
movie:378:10,movie,378,10,agent,2,validation,0
movie:378:11,movie,378,11,user,3,validation,1
movie:378:12,movie,378,12,agent,3,validation,1
movie:379:1,movie,379,1,user,3,validation,0
movie:379:2,movie,379,2,agent,3,validation,1
movie:379:3,movie,379,3,user,3,validation,1
movie:379:4,movie,379,4,agent,2,validation,0
movie:379:5,movie,379,5,user,2,validation,0
movie:379:6,movie,379,6,agent,2,validation,0
movie:379:7,movie,379,7,user,3,validation,0
movie:379:8,movie,379,8,agent,3,validation,0
movie:380:1,movie,380,1,user,1,train,0
movie:380:2,movie,380,2,agent,2,train,1
movie:380:3,movie,380,3,user,0,train,1
movie:380:4,movie,380,4,agent,1,train,0
movie:380:5,movie,380,5,user,0,train,1
movie:380:6,movie,380,6,agent,2,train,1
movie:380:7,movie,380,7,user,0,train,0
movie:380:8,movie,380,8,agent,2,train,0
movie:380:9,movie,380,9,user,2,train,0
movie:380:10,movie,380,10,agent,2,train,0
movie:381:1,movie,381,1,user,1,train,0
movie:381:2,movie,381,2,agent,0,train,0
movie:381:3,movie,381,3,user,0,train,0
movie:381:4,movie,381,4,agent,1,train,1
movie:381:5,movie,381,5,user,0,train,1
movie:381:6,movie,381,6,agent,3,train,0
movie:381:7,movie,381,7,user,2,train,0
movie:381:8,movie,381,8,agent,2,train,0
movie:381:9,movie,381,9,user,0,train,0
movie:381:10,movie,381,10,agent,2,train,0
movie:381:11,movie,381,11,user,0,train,0
movie:381:12,movie,381,12,agent,2,train,1
movie:381:13,movie,381,13,user,2,train,1
movie:381:14,movie,381,14,agent,2,train,0
movie:381:15,movie,381,15,user,3,train,0
movie:381:16,movie,381,16,agent,3,train,0
movie:382:1,movie,382,1,user,3,train,1
movie:382:2,movie,382,2,agent,3,train,1
movie:382:3,movie,382,3,user,0,train,0
movie:382:4,movie,382,4,agent,1,train,0
movie:382:5,movie,382,5,user,3,train,0
movie:382:6,movie,382,6,agent,2,train,1
movie:382:7,movie,382,7,user,3,train,0
movie:382:8,movie,382,8,agent,2,train,0
movie:382:9,movie,382,9,user,3,train,1
movie:382:10,movie,382,10,agent,2,train,0
movie:383:1,movie,383,1,user,3,train,1
movie:383:2,movie,383,2,agent,2,train,0
movie:383:3,movie,383,3,user,0,train,0
movie:383:4,movie,383,4,agent,2,train,1
movie:383:5,movie,383,5,user,3,train,1
movie:383:6,movie,383,6,agent,2,train,0
movie:383:7,movie,383,7,user,2,train,0
movie:383:8,movie,383,8,agent,2,train,0
movie:384:1,movie,384,1,user,3,train,1
movie:384:2,movie,384,2,agent,2,train,0
movie:384:3,movie,384,3,user,3,train,1
movie:384:4,movie,384,4,agent,2,train,0
movie:384:5,movie,384,5,user,3,train,1
movie:384:6,movie,384,6,agent,2,train,0
movie:384:7,movie,384,7,user,3,train,1
movie:384:8,movie,384,8,agent,2,train,1
movie:385:1,movie,385,1,user,3,train,0
movie:385:2,movie,385,2,agent,2,train,0
movie:385:3,movie,385,3,user,3,train,0
movie:385:4,movie,385,4,agent,2,train,0
movie:385:5,movie,385,5,user,2,train,0
movie:385:6,movie,385,6,agent,2,train,0
movie:386:1,movie,386,1,user,2,train,0
movie:386:2,movie,386,2,agent,1,train,0
movie:386:3,movie,386,3,user,3,train,1
movie:386:4,movie,386,4,agent,3,train,0
movie:386:5,movie,386,5,user,2,train,0
movie:386:6,movie,386,6,agent,2,train,0
movie:386:7,movie,386,7,user,3,train,0
movie:386:8,movie,386,8,agent,3,train,0
movie:386:9,movie,386,9,user,2,train,0
movie:386:10,movie,386,10,agent,2,train,0
movie:386:11,movie,386,11,user,3,train,1
movie:386:12,movie,386,12,agent,3,train,1
movie:387:1,movie,387,1,user,1,train,0
movie:387:2,movie,387,2,agent,3,train,1
movie:387:3,movie,387,3,user,0,train,0
movie:387:4,movie,387,4,agent,1,train,0
movie:387:5,movie,387,5,user,2,train,0
movie:387:6,movie,387,6,agent,2,train,0
movie:388:1,movie,388,1,user,1,test,1
movie:388:2,movie,388,2,agent,2,test,0
movie:388:3,movie,388,3,user,0,test,1
movie:388:4,movie,388,4,agent,3,test,1
movie:388:5,movie,388,5,user,2,test,1
movie:388:6,movie,388,6,agent,2,test,0
movie:389:1,movie,389,1,user,1,test,0
movie:389:2,movie,389,2,agent,3,test,0
movie:389:3,movie,389,3,user,0,test,0
movie:389:4,movie,389,4,agent,2,test,1
movie:389:5,movie,389,5,user,0,test,1
movie:389:6,movie,389,6,agent,2,test,0
movie:389:7,movie,389,7,user,3,test,1
movie:389:8,movie,389,8,agent,3,test,0
movie:390:1,movie,390,1,user,3,train,1
movie:390:2,movie,390,2,agent,1,train,0
movie:390:3,movie,390,3,user,0,train,0
movie:390:4,movie,390,4,agent,2,train,0
movie:390:5,movie,390,5,user,0,train,0
movie:390:6,movie,390,6,agent,2,train,0
movie:390:7,movie,390,7,user,0,train,0
movie:390:8,movie,390,8,agent,2,train,0
movie:390:9,movie,390,9,user,2,train,0
movie:390:10,movie,390,10,agent,2,train,0
movie:390:11,movie,390,11,user,3,train,1
movie:390:12,movie,390,12,agent,3,train,0
movie:391:1,movie,391,1,user,2,test,0
movie:391:2,movie,391,2,agent,1,test,0
movie:391:3,movie,391,3,user,3,test,1
movie:391:4,movie,391,4,agent,2,test,0
movie:391:5,movie,391,5,user,1,test,0
movie:391:6,movie,391,6,agent,2,test,0
movie:391:7,movie,391,7,user,2,test,0
movie:391:8,movie,391,8,agent,2,test,0
movie:391:9,movie,391,9,user,2,test,0
movie:391:10,movie,391,10,agent,2,test,1
movie:391:11,movie,391,11,user,3,test,1
movie:391:12,movie,391,12,agent,3,test,1
movie:392:1,movie,392,1,user,2,validation,0
movie:392:2,movie,392,2,agent,2,validation,1
movie:392:3,movie,392,3,user,3,validation,1
movie:392:4,movie,392,4,agent,2,validation,0
movie:392:5,movie,392,5,user,3,validation,1
movie:392:6,movie,392,6,agent,2,validation,0
movie:393:1,movie,393,1,user,3,train,0
movie:393:2,movie,393,2,agent,2,train,0
movie:393:3,movie,393,3,user,3,train,1
movie:393:4,movie,393,4,agent,2,train,0
movie:393:5,movie,393,5,user,3,train,0
movie:393:6,movie,393,6,agent,2,train,1
movie:393:7,movie,393,7,user,3,train,0
movie:393:8,movie,393,8,agent,3,train,0
movie:394:1,movie,394,1,user,2,train,1
movie:394:2,movie,394,2,agent,2,train,0
movie:394:3,movie,394,3,user,0,train,0
movie:394:4,movie,394,4,agent,3,train,1
movie:395:1,movie,395,1,user,1,train,0
movie:395:2,movie,395,2,agent,1,train,1
movie:395:3,movie,395,3,user,0,train,1
movie:395:4,movie,395,4,agent,2,train,0
movie:395:5,movie,395,5,user,0,train,1
movie:395:6,movie,395,6,agent,2,train,0
movie:395:7,movie,395,7,user,3,train,1
movie:395:8,movie,395,8,agent,3,train,1
movie:396:1,movie,396,1,user,1,train,0
movie:396:2,movie,396,2,agent,2,train,1
movie:396:3,movie,396,3,user,0,train,0
movie:396:4,movie,396,4,agent,1,train,1
movie:396:5,movie,396,5,user,0,train,0
movie:396:6,movie,396,6,agent,2,train,0
movie:396:7,movie,396,7,user,2,train,0
movie:396:8,movie,396,8,agent,2,train,0
movie:397:1,movie,397,1,user,0,train,0
movie:397:2,movie,397,2,agent,2,train,1
movie:397:3,movie,397,3,user,3,train,1
movie:397:4,movie,397,4,agent,1,train,0
movie:397:5,movie,397,5,user,3,train,1
movie:397:6,movie,397,6,agent,2,train,0
movie:397:7,movie,397,7,user,2,train,1
movie:397:8,movie,397,8,agent,1,train,0
movie:397:9,movie,397,9,user,0,train,0
movie:397:10,movie,397,10,agent,2,train,0
movie:397:11,movie,397,11,user,3,train,0
movie:397:12,movie,397,12,agent,3,train,0
movie:398:1,movie,398,1,user,3,train,1
movie:398:2,movie,398,2,agent,1,train,0
movie:398:3,movie,398,3,user,2,train,0
movie:398:4,movie,398,4,agent,1,train,0
movie:398:5,movie,398,5,user,0,train,0
movie:398:6,movie,398,6,agent,3,train,0
movie:398:7,movie,398,7,user,0,train,1
movie:398:8,movie,398,8,agent,3,train,1
movie:398:9,movie,398,9,user,2,train,0
movie:398:10,movie,398,10,agent,2,train,1
movie:398:11,movie,398,11,user,2,train,0
movie:398:12,movie,398,12,agent,2,train,1
movie:398:13,movie,398,13,user,0,train,1
movie:398:14,movie,398,14,agent,3,train,0
movie:398:15,movie,398,15,user,2,train,0
movie:398:16,movie,398,16,agent,2,train,0
movie:399:1,movie,399,1,user,2,train,0
movie:399:2,movie,399,2,agent,0,train,1
movie:399:3,movie,399,3,user,0,train,0
movie:399:4,movie,399,4,agent,1,train,0
movie:399:5,movie,399,5,user,2,train,0
movie:399:6,movie,399,6,agent,2,train,1
movie:399:7,movie,399,7,user,2,train,0
movie:399:8,movie,399,8,agent,2,train,0
movie:400:1,movie,400,1,user,1,train,1
movie:400:2,movie,400,2,agent,3,train,0
movie:400:3,movie,400,3,user,0,train,0
movie:400:4,movie,400,4,agent,2,train,1
movie:400:5,movie,400,5,user,0,train,1
movie:400:6,movie,400,6,agent,2,train,0
movie:401:1,movie,401,1,user,0,test,1
movie:401:2,movie,401,2,agent,0,test,0
movie:401:3,movie,401,3,user,0,test,0
movie:401:4,movie,401,4,agent,2,test,0
movie:401:5,movie,401,5,user,2,test,0
movie:401:6,movie,401,6,agent,2,test,0
movie:401:7,movie,401,7,user,3,test,1
movie:401:8,movie,401,8,agent,2,test,1
movie:401:9,movie,401,9,user,3,test,1
movie:401:10,movie,401,10,agent,3,test,0
movie:402:1,movie,402,1,user,2,test,0
movie:402:2,movie,402,2,agent,2,test,0
movie:402:3,movie,402,3,user,1,test,1
movie:402:4,movie,402,4,agent,2,test,0
movie:403:1,movie,403,1,user,3,train,1
movie:403:2,movie,403,2,agent,2,train,0
movie:403:3,movie,403,3,user,2,train,0
movie:403:4,movie,403,4,agent,2,train,0
movie:403:5,movie,403,5,user,3,train,0
movie:403:6,movie,403,6,agent,2,train,0
movie:403:7,movie,403,7,user,0,train,0
movie:403:8,movie,403,8,agent,1,train,0
movie:403:9,movie,403,9,user,0,train,0
movie:403:10,movie,403,10,agent,2,train,1
movie:403:11,movie,403,11,user,2,train,0
movie:403:12,movie,403,12,agent,2,train,0
movie:403:13,movie,403,13,user,3,train,0
movie:403:14,movie,403,14,agent,2,train,0
movie:404:1,movie,404,1,user,3,test,1
movie:404:2,movie,404,2,agent,3,test,1
movie:404:3,movie,404,3,user,3,test,0
movie:404:4,movie,404,4,agent,2,test,0
movie:404:5,movie,404,5,user,2,test,0
movie:404:6,movie,404,6,agent,1,test,0
movie:404:7,movie,404,7,user,2,test,1
movie:404:8,movie,404,8,agent,2,test,0
movie:404:9,movie,404,9,user,3,test,1
movie:404:10,movie,404,10,agent,2,test,0
movie:404:11,movie,404,11,user,3,test,0
movie:404:12,movie,404,12,agent,3,test,1
movie:405:1,movie,405,1,user,3,train,1
movie:405:2,movie,405,2,agent,3,train,0
movie:405:3,movie,405,3,user,3,train,0
movie:405:4,movie,405,4,agent,2,train,0
movie:405:5,movie,405,5,user,0,train,0
movie:405:6,movie,405,6,agent,2,train,1
movie:405:7,movie,405,7,user,3,train,1
movie:405:8,movie,405,8,agent,1,train,0
movie:405:9,movie,405,9,user,2,train,1
movie:405:10,movie,405,10,agent,2,train,1
movie:405:11,movie,405,11,user,2,train,0
movie:405:12,movie,405,12,agent,2,train,1
movie:405:13,movie,405,13,user,3,train,1
movie:405:14,movie,405,14,agent,2,train,0
movie:405:15,movie,405,15,user,2,train,1
movie:405:16,movie,405,16,agent,2,train,0
movie:405:17,movie,405,17,user,2,train,1
movie:405:18,movie,405,18,agent,2,train,0
movie:405:19,movie,405,19,user,0,train,0
movie:405:20,movie,405,20,agent,2,train,0
movie:406:1,movie,406,1,user,1,train,0
movie:406:2,movie,406,2,agent,2,train,0
movie:406:3,movie,406,3,user,0,train,1
movie:406:4,movie,406,4,agent,2,train,0
movie:406:5,movie,406,5,user,3,train,0
movie:406:6,movie,406,6,agent,2,train,0
movie:406:7,movie,406,7,user,0,train,0
movie:406:8,movie,406,8,agent,2,train,0
movie:407:1,movie,407,1,user,3,train,0
movie:407:2,movie,407,2,agent,3,train,0
movie:407:3,movie,407,3,user,2,train,0
movie:407:4,movie,407,4,agent,0,train,0
movie:407:5,movie,407,5,user,0,train,0
movie:407:6,movie,407,6,agent,2,train,0
movie:407:7,movie,407,7,user,0,train,0
movie:407:8,movie,407,8,agent,1,train,0
movie:407:9,movie,407,9,user,0,train,0
movie:407:10,movie,407,10,agent,1,train,0
movie:407:11,movie,407,11,user,2,train,0
movie:407:12,movie,407,12,agent,2,train,0
movie:407:13,movie,407,13,user,2,train,0
movie:407:14,movie,407,14,agent,2,train,1
movie:408:1,movie,408,1,user,3,train,1
movie:408:2,movie,408,2,agent,3,train,0
movie:408:3,movie,408,3,user,0,train,1
movie:408:4,movie,408,4,agent,2,train,0
movie:409:1,movie,409,1,user,3,train,0
movie:409:2,movie,409,2,agent,3,train,1
movie:409:3,movie,409,3,user,3,train,1
movie:409:4,movie,409,4,agent,2,train,0
movie:409:5,movie,409,5,user,3,train,0
movie:409:6,movie,409,6,agent,2,train,1
movie:409:7,movie,409,7,user,0,train,0
movie:409:8,movie,409,8,agent,2,train,0
movie:409:9,movie,409,9,user,3,train,1
movie:409:10,movie,409,10,agent,3,train,1
movie:410:1,movie,410,1,user,3,train,0
movie:410:2,movie,410,2,agent,3,train,0
movie:410:3,movie,410,3,user,3,train,0
movie:410:4,movie,410,4,agent,1,train,1
movie:410:5,movie,410,5,user,1,train,1
movie:410:6,movie,410,6,agent,1,train,0
movie:410:7,movie,410,7,user,3,train,0
movie:410:8,movie,410,8,agent,1,train,0
movie:410:9,movie,410,9,user,3,train,1
movie:410:10,movie,410,10,agent,2,train,0
movie:411:1,movie,411,1,user,1,train,1
movie:411:2,movie,411,2,agent,1,train,0
movie:411:3,movie,411,3,user,1,train,0
movie:411:4,movie,411,4,agent,1,train,0
movie:411:5,movie,411,5,user,3,train,0
movie:411:6,movie,411,6,agent,3,train,1
movie:411:7,movie,411,7,user,0,train,1
movie:411:8,movie,411,8,agent,3,train,0
movie:412:1,movie,412,1,user,0,validation,1
movie:412:2,movie,412,2,agent,1,validation,0
movie:412:3,movie,412,3,user,2,validation,1
movie:412:4,movie,412,4,agent,2,validation,0
movie:412:5,movie,412,5,user,0,validation,0
movie:412:6,movie,412,6,agent,2,validation,1
movie:412:7,movie,412,7,user,0,validation,0
movie:412:8,movie,412,8,agent,2,validation,0
movie:413:1,movie,413,1,user,3,train,0
movie:413:2,movie,413,2,agent,3,train,1
movie:413:3,movie,413,3,user,3,train,1
movie:413:4,movie,413,4,agent,2,train,1
movie:413:5,movie,413,5,user,0,train,0
movie:413:6,movie,413,6,agent,2,train,0
movie:413:7,movie,413,7,user,3,train,1
movie:413:8,movie,413,8,agent,1,train,1
movie:413:9,movie,413,9,user,3,train,1
movie:413:10,movie,413,10,agent,2,train,1
movie:413:11,movie,413,11,user,0,train,0
movie:413:12,movie,413,12,agent,2,train,0
movie:413:13,movie,413,13,user,2,train,0
movie:413:14,movie,413,14,agent,2,train,1
movie:413:15,movie,413,15,user,2,train,0
movie:413:16,movie,413,16,agent,2,train,1
movie:414:1,movie,414,1,user,3,validation,1
movie:414:2,movie,414,2,agent,3,validation,1
movie:414:3,movie,414,3,user,3,validation,1
movie:414:4,movie,414,4,agent,3,validation,0
movie:414:5,movie,414,5,user,3,validation,0
movie:414:6,movie,414,6,agent,3,validation,0
movie:414:7,movie,414,7,user,3,validation,1
movie:414:8,movie,414,8,agent,2,validation,0
movie:414:9,movie,414,9,user,1,validation,1
movie:414:10,movie,414,10,agent,1,validation,0
movie:414:11,movie,414,11,user,3,validation,0
movie:414:12,movie,414,12,agent,1,validation,0
movie:414:13,movie,414,13,user,0,validation,1
movie:414:14,movie,414,14,agent,2,validation,1
movie:414:15,movie,414,15,user,0,validation,0
movie:414:16,movie,414,16,agent,2,validation,0
movie:414:17,movie,414,17,user,3,validation,0
movie:414:18,movie,414,18,agent,2,validation,0
movie:414:19,movie,414,19,user,3,validation,1
movie:414:20,movie,414,20,agent,3,validation,0
movie:415:1,movie,415,1,user,0,train,1
movie:415:2,movie,415,2,agent,1,train,0
movie:415:3,movie,415,3,user,0,train,0
movie:415:4,movie,415,4,agent,3,train,0
movie:415:5,movie,415,5,user,0,train,0
movie:415:6,movie,415,6,agent,2,train,0
movie:415:7,movie,415,7,user,0,train,0
movie:415:8,movie,415,8,agent,2,train,1
movie:415:9,movie,415,9,user,2,train,0
movie:415:10,movie,415,10,agent,2,train,0
movie:415:11,movie,415,11,user,0,train,0
movie:415:12,movie,415,12,agent,2,train,0
movie:416:1,movie,416,1,user,1,test,0
movie:416:2,movie,416,2,agent,1,test,0
movie:416:3,movie,416,3,user,2,test,0
movie:416:4,movie,416,4,agent,2,test,1
movie:416:5,movie,416,5,user,3,test,1
movie:416:6,movie,416,6,agent,2,test,1
movie:416:7,movie,416,7,user,3,test,1
movie:416:8,movie,416,8,agent,3,test,0
movie:417:1,movie,417,1,user,1,train,0
movie:417:2,movie,417,2,agent,1,train,1
movie:417:3,movie,417,3,user,0,train,0
movie:417:4,movie,417,4,agent,2,train,0
movie:417:5,movie,417,5,user,2,train,0
movie:417:6,movie,417,6,agent,1,train,0
movie:417:7,movie,417,7,user,0,train,1
movie:417:8,movie,417,8,agent,3,train,0
movie:417:9,movie,417,9,user,0,train,0
movie:417:10,movie,417,10,agent,1,train,0
movie:417:11,movie,417,11,user,3,train,1
movie:417:12,movie,417,12,agent,2,train,0
movie:417:13,movie,417,13,user,3,train,0
movie:417:14,movie,417,14,agent,1,train,0
movie:417:15,movie,417,15,user,2,train,0
movie:417:16,movie,417,16,agent,2,train,0
movie:417:17,movie,417,17,user,3,train,1
movie:417:18,movie,417,18,agent,3,train,1
movie:418:1,movie,418,1,user,0,train,0
movie:418:2,movie,418,2,agent,3,train,1
movie:418:3,movie,418,3,user,1,train,0
movie:418:4,movie,418,4,agent,2,train,0
movie:418:5,movie,418,5,user,0,train,1
movie:418:6,movie,418,6,agent,3,train,1
movie:418:7,movie,418,7,user,2,train,0
movie:418:8,movie,418,8,agent,2,train,1
movie:418:9,movie,418,9,user,0,train,0
movie:418:10,movie,418,10,agent,2,train,0
movie:418:11,movie,418,11,user,0,train,0
movie:418:12,movie,418,12,agent,2,train,1
movie:419:1,movie,419,1,user,1,train,0
movie:419:2,movie,419,2,agent,3,train,0
movie:419:3,movie,419,3,user,3,train,1
movie:419:4,movie,419,4,agent,1,train,0
movie:420:1,movie,420,1,user,3,train,1
movie:420:2,movie,420,2,agent,2,train,0
movie:420:3,movie,420,3,user,3,train,0
movie:420:4,movie,420,4,agent,2,train,0
movie:420:5,movie,420,5,user,3,train,0
movie:420:6,movie,420,6,agent,2,train,0
movie:421:1,movie,421,1,user,0,train,0
movie:421:2,movie,421,2,agent,3,train,0
movie:421:3,movie,421,3,user,3,train,1
movie:421:4,movie,421,4,agent,2,train,0
movie:421:5,movie,421,5,user,0,train,0
movie:421:6,movie,421,6,agent,2,train,1
movie:421:7,movie,421,7,user,0,train,1
movie:421:8,movie,421,8,agent,2,train,0
movie:421:9,movie,421,9,user,0,train,1
movie:421:10,movie,421,10,agent,2,train,1
movie:422:1,movie,422,1,user,0,train,1
movie:422:2,movie,422,2,agent,3,train,0
movie:422:3,movie,422,3,user,0,train,0
movie:422:4,movie,422,4,agent,2,train,1
movie:422:5,movie,422,5,user,0,train,1
movie:422:6,movie,422,6,agent,2,train,1
movie:422:7,movie,422,7,user,2,train,0
movie:422:8,movie,422,8,agent,2,train,1
movie:422:9,movie,422,9,user,0,train,0
movie:422:10,movie,422,10,agent,2,train,0
movie:423:1,movie,423,1,user,1,train,0
movie:423:2,movie,423,2,agent,3,train,0
movie:423:3,movie,423,3,user,2,train,0
movie:423:4,movie,423,4,agent,2,train,0
movie:423:5,movie,423,5,user,3,train,1
movie:423:6,movie,423,6,agent,2,train,0
movie:423:7,movie,423,7,user,0,train,0
movie:423:8,movie,423,8,agent,2,train,0
movie:424:1,movie,424,1,user,1,train,1
movie:424:2,movie,424,2,agent,1,train,1
movie:424:3,movie,424,3,user,0,train,0
movie:424:4,movie,424,4,agent,2,train,0
movie:424:5,movie,424,5,user,0,train,0
movie:424:6,movie,424,6,agent,1,train,1
movie:424:7,movie,424,7,user,2,train,0
movie:424:8,movie,424,8,agent,2,train,0
movie:424:9,movie,424,9,user,2,train,1
movie:424:10,movie,424,10,agent,2,train,0
movie:425:1,movie,425,1,user,1,train,1
movie:425:2,movie,425,2,agent,2,train,0
movie:425:3,movie,425,3,user,0,train,0
movie:425:4,movie,425,4,agent,1,train,0
movie:425:5,movie,425,5,user,0,train,0
movie:425:6,movie,425,6,agent,3,train,0
movie:425:7,movie,425,7,user,2,train,0
movie:425:8,movie,425,8,agent,2,train,0
movie:426:1,movie,426,1,user,3,train,1
movie:426:2,movie,426,2,agent,3,train,1
movie:426:3,movie,426,3,user,3,train,1
movie:426:4,movie,426,4,agent,2,train,0
movie:426:5,movie,426,5,user,0,train,1
movie:426:6,movie,426,6,agent,2,train,0
movie:426:7,movie,426,7,user,3,train,0
movie:426:8,movie,426,8,agent,3,train,0
movie:426:9,movie,426,9,user,0,train,1
movie:426:10,movie,426,10,agent,2,train,0
movie:426:11,movie,426,11,user,2,train,0
movie:426:12,movie,426,12,agent,2,train,1
movie:426:13,movie,426,13,user,0,train,0
movie:426:14,movie,426,14,agent,2,train,0
movie:426:15,movie,426,15,user,0,train,1
movie:426:16,movie,426,16,agent,2,train,0
movie:426:17,movie,426,17,user,0,train,0
movie:426:18,movie,426,18,agent,2,train,0
movie:426:19,movie,426,19,user,3,train,1
movie:426:20,movie,426,20,agent,3,train,1
movie:427:1,movie,427,1,user,3,train,1
movie:427:2,movie,427,2,agent,3,train,1
movie:427:3,movie,427,3,user,3,train,0
movie:427:4,movie,427,4,agent,2,train,0
movie:427:5,movie,427,5,user,3,train,1
movie:427:6,movie,427,6,agent,2,train,0
movie:427:7,movie,427,7,user,2,train,0
movie:427:8,movie,427,8,agent,2,train,0
movie:427:9,movie,427,9,user,2,train,0
movie:427:10,movie,427,10,agent,2,train,1
movie:427:11,movie,427,11,user,2,train,0
movie:427:12,movie,427,12,agent,2,train,0
movie:427:13,movie,427,13,user,3,train,1
movie:427:14,movie,427,14,agent,2,train,1
movie:427:15,movie,427,15,user,3,train,1
movie:427:16,movie,427,16,agent,3,train,0
movie:428:1,movie,428,1,user,0,validation,0
movie:428:2,movie,428,2,agent,1,validation,1
movie:428:3,movie,428,3,user,1,validation,0
movie:428:4,movie,428,4,agent,2,validation,0
movie:428:5,movie,428,5,user,3,validation,0
movie:428:6,movie,428,6,agent,1,validation,0
movie:428:7,movie,428,7,user,2,validation,0
movie:428:8,movie,428,8,agent,2,validation,0
movie:428:9,movie,428,9,user,2,validation,1
movie:428:10,movie,428,10,agent,2,validation,1
movie:429:1,movie,429,1,user,0,train,0
movie:429:2,movie,429,2,agent,0,train,0
movie:429:3,movie,429,3,user,0,train,0
movie:429:4,movie,429,4,agent,2,train,0
movie:429:5,movie,429,5,user,0,train,0
movie:429:6,movie,429,6,agent,2,train,0
movie:429:7,movie,429,7,user,0,train,0
movie:429:8,movie,429,8,agent,2,train,0
movie:429:9,movie,429,9,user,0,train,1
movie:429:10,movie,429,10,agent,2,train,0
movie:430:1,movie,430,1,user,3,test,0
movie:430:2,movie,430,2,agent,3,test,0
movie:430:3,movie,430,3,user,3,test,1
movie:430:4,movie,430,4,agent,1,test,0
movie:430:5,movie,430,5,user,2,test,0
movie:430:6,movie,430,6,agent,2,test,0
movie:430:7,movie,430,7,user,0,test,0
movie:430:8,movie,430,8,agent,2,test,0
movie:430:9,movie,430,9,user,3,test,1
movie:430:10,movie,430,10,agent,3,test,0
movie:431:1,movie,431,1,user,3,train,0
movie:431:2,movie,431,2,agent,2,train,0
movie:431:3,movie,431,3,user,3,train,1
movie:431:4,movie,431,4,agent,3,train,1
movie:431:5,movie,431,5,user,3,train,0
movie:431:6,movie,431,6,agent,1,train,0
movie:431:7,movie,431,7,user,2,train,0
movie:431:8,movie,431,8,agent,2,train,1
movie:431:9,movie,431,9,user,3,train,1
movie:431:10,movie,431,10,agent,3,train,0
movie:432:1,movie,432,1,user,3,test,1
movie:432:2,movie,432,2,agent,3,test,1
movie:432:3,movie,432,3,user,3,test,0
movie:432:4,movie,432,4,agent,2,test,1
movie:432:5,movie,432,5,user,3,test,1
movie:432:6,movie,432,6,agent,2,test,0
movie:432:7,movie,432,7,user,3,test,1
movie:432:8,movie,432,8,agent,3,test,0
movie:433:1,movie,433,1,user,0,train,1
movie:433:2,movie,433,2,agent,1,train,0
movie:433:3,movie,433,3,user,1,train,0
movie:433:4,movie,433,4,agent,2,train,0
movie:433:5,movie,433,5,user,0,train,0
movie:433:6,movie,433,6,agent,1,train,0
movie:433:7,movie,433,7,user,0,train,1
movie:433:8,movie,433,8,agent,2,train,1
movie:433:9,movie,433,9,user,0,train,0
movie:433:10,movie,433,10,agent,1,train,0
movie:434:1,movie,434,1,user,1,train,0
movie:434:2,movie,434,2,agent,2,train,0
movie:434:3,movie,434,3,user,3,train,1
movie:434:4,movie,434,4,agent,2,train,0
movie:434:5,movie,434,5,user,2,train,1
movie:434:6,movie,434,6,agent,2,train,0
movie:435:1,movie,435,1,user,3,validation,1
movie:435:2,movie,435,2,agent,3,validation,1
movie:435:3,movie,435,3,user,3,validation,0
movie:435:4,movie,435,4,agent,2,validation,0
movie:435:5,movie,435,5,user,3,validation,0
movie:435:6,movie,435,6,agent,2,validation,0
movie:435:7,movie,435,7,user,3,validation,1
movie:435:8,movie,435,8,agent,2,validation,1
movie:435:9,movie,435,9,user,2,validation,0
movie:435:10,movie,435,10,agent,2,validation,0
movie:435:11,movie,435,11,user,3,validation,1
movie:435:12,movie,435,12,agent,2,validation,0
movie:435:13,movie,435,13,user,2,validation,0
movie:435:14,movie,435,14,agent,2,validation,0
movie:435:15,movie,435,15,user,3,validation,0
movie:435:16,movie,435,16,agent,2,validation,0
movie:436:1,movie,436,1,user,0,train,0
movie:436:2,movie,436,2,agent,2,train,1
movie:436:3,movie,436,3,user,0,train,0
movie:436:4,movie,436,4,agent,2,train,0
movie:436:5,movie,436,5,user,0,train,0
movie:436:6,movie,436,6,agent,2,train,0
movie:436:7,movie,436,7,user,0,train,0
movie:436:8,movie,436,8,agent,2,train,0
movie:436:9,movie,436,9,user,2,train,0
movie:436:10,movie,436,10,agent,2,train,1
movie:436:11,movie,436,11,user,0,train,0
movie:436:12,movie,436,12,agent,2,train,0
movie:437:1,movie,437,1,user,1,train,0
movie:437:2,movie,437,2,agent,2,train,1
movie:437:3,movie,437,3,user,0,train,1
movie:437:4,movie,437,4,agent,1,train,0
movie:437:5,movie,437,5,user,2,train,0
movie:437:6,movie,437,6,agent,2,train,0
movie:437:7,movie,437,7,user,3,train,0
movie:437:8,movie,437,8,agent,2,train,0
movie:438:1,movie,438,1,user,1,train,0
movie:438:2,movie,438,2,agent,2,train,0
movie:438:3,movie,438,3,user,1,train,1
movie:438:4,movie,438,4,agent,2,train,0
movie:438:5,movie,438,5,user,2,train,1
movie:438:6,movie,438,6,agent,1,train,0
movie:438:7,movie,438,7,user,0,train,0
movie:438:8,movie,438,8,agent,1,train,0
movie:438:9,movie,438,9,user,0,train,1
movie:438:10,movie,438,10,agent,2,train,1
movie:438:11,movie,438,11,user,3,train,1
movie:438:12,movie,438,12,agent,2,train,0
movie:438:13,movie,438,13,user,3,train,1
movie:438:14,movie,438,14,agent,3,train,1
movie:439:1,movie,439,1,user,1,train,0
movie:439:2,movie,439,2,agent,1,train,0
movie:439:3,movie,439,3,user,0,train,0
movie:439:4,movie,439,4,agent,1,train,1
movie:439:5,movie,439,5,user,2,train,0
movie:439:6,movie,439,6,agent,3,train,0
movie:439:7,movie,439,7,user,0,train,0
movie:439:8,movie,439,8,agent,3,train,1
movie:439:9,movie,439,9,user,3,train,1
movie:439:10,movie,439,10,agent,2,train,0
movie:439:11,movie,439,11,user,3,train,1
movie:439:12,movie,439,12,agent,2,train,1
movie:439:13,movie,439,13,user,3,train,0
movie:439:14,movie,439,14,agent,3,train,0
movie:440:1,movie,440,1,user,3,train,0
movie:440:2,movie,440,2,agent,2,train,0
movie:440:3,movie,440,3,user,3,train,0
movie:440:4,movie,440,4,agent,2,train,1
movie:440:5,movie,440,5,user,1,train,0
movie:440:6,movie,440,6,agent,2,train,0
movie:440:7,movie,440,7,user,3,train,0
movie:440:8,movie,440,8,agent,2,train,0
movie:440:9,movie,440,9,user,3,train,1
movie:440:10,movie,440,10,agent,3,train,0
movie:441:1,movie,441,1,user,3,train,1
movie:441:2,movie,441,2,agent,3,train,0
movie:441:3,movie,441,3,user,2,train,0
movie:441:4,movie,441,4,agent,2,train,1
movie:441:5,movie,441,5,user,0,train,1
movie:441:6,movie,441,6,agent,2,train,0
movie:441:7,movie,441,7,user,3,train,0
movie:441:8,movie,441,8,agent,2,train,0
movie:441:9,movie,441,9,user,0,train,0
movie:441:10,movie,441,10,agent,2,train,0
movie:442:1,movie,442,1,user,3,train,0
movie:442:2,movie,442,2,agent,3,train,1
movie:442:3,movie,442,3,user,3,train,0
movie:442:4,movie,442,4,agent,2,train,0
movie:442:5,movie,442,5,user,3,train,1
movie:442:6,movie,442,6,agent,2,train,0
movie:442:7,movie,442,7,user,3,train,1
movie:442:8,movie,442,8,agent,2,train,0
movie:442:9,movie,442,9,user,3,train,1
movie:442:10,movie,442,10,agent,3,train,0
movie:443:1,movie,443,1,user,3,test,1
movie:443:2,movie,443,2,agent,1,test,0
movie:443:3,movie,443,3,user,3,test,1
movie:443:4,movie,443,4,agent,1,test,1
movie:443:5,movie,443,5,user,0,test,0
movie:443:6,movie,443,6,agent,1,test,0
movie:443:7,movie,443,7,user,0,test,0
movie:443:8,movie,443,8,agent,3,test,0
movie:443:9,movie,443,9,user,1,test,0
movie:443:10,movie,443,10,agent,1,test,0
movie:443:11,movie,443,11,user,3,test,1
movie:443:12,movie,443,12,agent,1,test,0
movie:443:13,movie,443,13,user,2,test,0
movie:443:14,movie,443,14,agent,2,test,0
movie:443:15,movie,443,15,user,2,test,1
movie:443:16,movie,443,16,agent,2,test,0
movie:443:17,movie,443,17,user,2,test,0
movie:443:18,movie,443,18,agent,3,test,0
movie:443:19,movie,443,19,user,2,test,1
movie:443:20,movie,443,20,agent,2,test,0
movie:443:21,movie,443,21,user,3,test,1
movie:443:22,movie,443,22,agent,3,test,0
movie:444:1,movie,444,1,user,0,test,0
movie:444:2,movie,444,2,agent,1,test,0
movie:444:3,movie,444,3,user,0,test,0
movie:444:4,movie,444,4,agent,1,test,0
movie:444:5,movie,444,5,user,0,test,1
movie:444:6,movie,444,6,agent,1,test,0
movie:444:7,movie,444,7,user,0,test,1
movie:444:8,movie,444,8,agent,2,test,0
movie:445:1,movie,445,1,user,2,validation,0
movie:445:2,movie,445,2,agent,1,validation,0
movie:445:3,movie,445,3,user,2,validation,1
movie:445:4,movie,445,4,agent,2,validation,1
movie:445:5,movie,445,5,user,0,validation,0
movie:445:6,movie,445,6,agent,1,validation,0
movie:445:7,movie,445,7,user,2,validation,0
movie:445:8,movie,445,8,agent,2,validation,1
movie:445:9,movie,445,9,user,3,validation,0
movie:445:10,movie,445,10,agent,2,validation,0
movie:445:11,movie,445,11,user,3,validation,0
movie:445:12,movie,445,12,agent,3,validation,1
movie:446:1,movie,446,1,user,3,train,0
movie:446:2,movie,446,2,agent,3,train,1
movie:446:3,movie,446,3,user,3,train,0
movie:446:4,movie,446,4,agent,2,train,0
movie:446:5,movie,446,5,user,3,train,1
movie:446:6,movie,446,6,agent,1,train,1
movie:446:7,movie,446,7,user,2,train,0
movie:446:8,movie,446,8,agent,2,train,1
movie:446:9,movie,446,9,user,2,train,1
movie:446:10,movie,446,10,agent,2,train,0
movie:446:11,movie,446,11,user,2,train,0
movie:446:12,movie,446,12,agent,2,train,0
movie:446:13,movie,446,13,user,0,train,0
movie:446:14,movie,446,14,agent,2,train,0
movie:446:15,movie,446,15,user,2,train,0
movie:446:16,movie,446,16,agent,2,train,0
movie:446:17,movie,446,17,user,0,train,1
movie:446:18,movie,446,18,agent,2,train,0
movie:446:19,movie,446,19,user,3,train,0
movie:446:20,movie,446,20,agent,2,train,0
movie:447:1,movie,447,1,user,0,train,0
movie:447:2,movie,447,2,agent,1,train,0
movie:447:3,movie,447,3,user,0,train,0
movie:447:4,movie,447,4,agent,2,train,0
movie:447:5,movie,447,5,user,1,train,0
movie:447:6,movie,447,6,agent,2,train,0
movie:447:7,movie,447,7,user,0,train,0
movie:447:8,movie,447,8,agent,2,train,1
movie:447:9,movie,447,9,user,2,train,1
movie:447:10,movie,447,10,agent,1,train,0
movie:447:11,movie,447,11,user,0,train,0
movie:447:12,movie,447,12,agent,2,train,0
movie:448:1,movie,448,1,user,1,test,0
movie:448:2,movie,448,2,agent,1,test,0
movie:448:3,movie,448,3,user,2,test,1
movie:448:4,movie,448,4,agent,2,test,1
movie:448:5,movie,448,5,user,0,test,0
movie:448:6,movie,448,6,agent,2,test,0
movie:448:7,movie,448,7,user,0,test,0
movie:448:8,movie,448,8,agent,2,test,0
movie:449:1,movie,449,1,user,0,train,1
movie:449:2,movie,449,2,agent,2,train,0
movie:449:3,movie,449,3,user,0,train,1
movie:449:4,movie,449,4,agent,2,train,0
movie:449:5,movie,449,5,user,2,train,0
movie:449:6,movie,449,6,agent,2,train,0
movie:449:7,movie,449,7,user,2,train,0
movie:449:8,movie,449,8,agent,2,train,0
movie:449:9,movie,449,9,user,2,train,1
movie:449:10,movie,449,10,agent,2,train,0
movie:449:11,movie,449,11,user,0,train,1
movie:449:12,movie,449,12,agent,2,train,0
movie:450:1,movie,450,1,user,0,validation,0
movie:450:2,movie,450,2,agent,1,validation,0
movie:450:3,movie,450,3,user,0,validation,0
movie:450:4,movie,450,4,agent,2,validation,0
movie:450:5,movie,450,5,user,0,validation,0
movie:450:6,movie,450,6,agent,1,validation,0
movie:450:7,movie,450,7,user,0,validation,0
movie:450:8,movie,450,8,agent,1,validation,1
movie:451:1,movie,451,1,user,1,train,0
movie:451:2,movie,451,2,agent,2,train,0
movie:451:3,movie,451,3,user,3,train,0
movie:451:4,movie,451,4,agent,1,train,1
movie:451:5,movie,451,5,user,3,train,0
movie:451:6,movie,451,6,agent,2,train,1
movie:452:1,movie,452,1,user,0,test,0
movie:452:2,movie,452,2,agent,2,test,0
movie:452:3,movie,452,3,user,2,test,0
movie:452:4,movie,452,4,agent,1,test,0
movie:452:5,movie,452,5,user,0,test,1
movie:452:6,movie,452,6,agent,2,test,1
movie:452:7,movie,452,7,user,0,test,0
movie:452:8,movie,452,8,agent,2,test,1
movie:452:9,movie,452,9,user,0,test,0
movie:452:10,movie,452,10,agent,1,test,0
movie:452:11,movie,452,11,user,0,test,1
movie:452:12,movie,452,12,agent,2,test,0
movie:453:1,movie,453,1,user,3,test,1
movie:453:2,movie,453,2,agent,2,test,1
movie:453:3,movie,453,3,user,0,test,0
movie:453:4,movie,453,4,agent,1,test,1
movie:453:5,movie,453,5,user,3,test,1
movie:453:6,movie,453,6,agent,3,test,0
movie:453:7,movie,453,7,user,2,test,0
movie:453:8,movie,453,8,agent,2,test,0
movie:453:9,movie,453,9,user,3,test,0
movie:453:10,movie,453,10,agent,2,test,0
movie:454:1,movie,454,1,user,1,train,0
movie:454:2,movie,454,2,agent,0,train,0
movie:454:3,movie,454,3,user,0,train,0
movie:454:4,movie,454,4,agent,3,train,0
movie:454:5,movie,454,5,user,3,train,0
movie:454:6,movie,454,6,agent,2,train,0
movie:455:1,movie,455,1,user,2,train,0
movie:455:2,movie,455,2,agent,2,train,0
movie:455:3,movie,455,3,user,2,train,0
movie:455:4,movie,455,4,agent,3,train,0
movie:455:5,movie,455,5,user,3,train,0
movie:455:6,movie,455,6,agent,1,train,0
movie:455:7,movie,455,7,user,0,train,0
movie:455:8,movie,455,8,agent,3,train,1
movie:455:9,movie,455,9,user,3,train,1
movie:455:10,movie,455,10,agent,2,train,1
movie:455:11,movie,455,11,user,3,train,1
movie:455:12,movie,455,12,agent,3,train,0
movie:456:1,movie,456,1,user,0,train,0
movie:456:2,movie,456,2,agent,1,train,0
movie:456:3,movie,456,3,user,0,train,1
movie:456:4,movie,456,4,agent,2,train,0
movie:456:5,movie,456,5,user,0,train,0
movie:456:6,movie,456,6,agent,2,train,0
movie:456:7,movie,456,7,user,0,train,0
movie:456:8,movie,456,8,agent,2,train,0
movie:456:9,movie,456,9,user,2,train,0
movie:456:10,movie,456,10,agent,2,train,0
movie:457:1,movie,457,1,user,1,train,0
movie:457:2,movie,457,2,agent,0,train,0
movie:457:3,movie,457,3,user,0,train,0
movie:457:4,movie,457,4,agent,2,train,0
movie:457:5,movie,457,5,user,2,train,0
movie:457:6,movie,457,6,agent,2,train,0
movie:457:7,movie,457,7,user,2,train,0
movie:457:8,movie,457,8,agent,1,train,0
movie:458:1,movie,458,1,user,3,test,0
movie:458:2,movie,458,2,agent,3,test,0
movie:458:3,movie,458,3,user,3,test,1
movie:458:4,movie,458,4,agent,2,test,0
movie:458:5,movie,458,5,user,3,test,1
movie:458:6,movie,458,6,agent,1,test,0
movie:458:7,movie,458,7,user,0,test,0
movie:458:8,movie,458,8,agent,1,test,0
movie:458:9,movie,458,9,user,2,test,0
movie:458:10,movie,458,10,agent,2,test,0
movie:458:11,movie,458,11,user,0,test,0
movie:458:12,movie,458,12,agent,1,test,0
movie:458:13,movie,458,13,user,0,test,0
movie:458:14,movie,458,14,agent,2,test,0
movie:458:15,movie,458,15,user,0,test,0
movie:458:16,movie,458,16,agent,2,test,0
movie:458:17,movie,458,17,user,3,test,0
movie:458:18,movie,458,18,agent,3,test,1
movie:459:1,movie,459,1,user,3,validation,0
movie:459:2,movie,459,2,agent,1,validation,1
movie:459:3,movie,459,3,user,0,validation,1
movie:459:4,movie,459,4,agent,2,validation,0
movie:460:1,movie,460,1,user,0,test,1
movie:460:2,movie,460,2,agent,1,test,0
movie:460:3,movie,460,3,user,2,test,0
movie:460:4,movie,460,4,agent,2,test,0
movie:460:5,movie,460,5,user,0,test,0
movie:460:6,movie,460,6,agent,1,test,0
movie:460:7,movie,460,7,user,0,test,1
movie:460:8,movie,460,8,agent,2,test,1
movie:461:1,movie,461,1,user,0,validation,0
movie:461:2,movie,461,2,agent,1,validation,1
movie:461:3,movie,461,3,user,0,validation,0
movie:461:4,movie,461,4,agent,1,validation,0
movie:461:5,movie,461,5,user,0,validation,0
movie:461:6,movie,461,6,agent,2,validation,0
movie:461:7,movie,461,7,user,0,validation,0
movie:461:8,movie,461,8,agent,2,validation,0
movie:461:9,movie,461,9,user,3,validation,1
movie:461:10,movie,461,10,agent,2,validation,1
movie:461:11,movie,461,11,user,0,validation,0
movie:461:12,movie,461,12,agent,2,validation,0
movie:462:1,movie,462,1,user,0,test,0
movie:462:2,movie,462,2,agent,2,test,1
movie:462:3,movie,462,3,user,0,test,1
movie:462:4,movie,462,4,agent,1,test,1
movie:462:5,movie,462,5,user,0,test,1
movie:462:6,movie,462,6,agent,2,test,1
movie:462:7,movie,462,7,user,2,test,0
movie:462:8,movie,462,8,agent,2,test,0
movie:462:9,movie,462,9,user,2,test,0
movie:462:10,movie,462,10,agent,2,test,0
movie:463:1,movie,463,1,user,3,train,1
movie:463:2,movie,463,2,agent,2,train,0
movie:463:3,movie,463,3,user,3,train,0
movie:463:4,movie,463,4,agent,2,train,0
movie:463:5,movie,463,5,user,2,train,0
movie:463:6,movie,463,6,agent,2,train,1
movie:463:7,movie,463,7,user,3,train,0
movie:463:8,movie,463,8,agent,3,train,1
movie:464:1,movie,464,1,user,0,train,0
movie:464:2,movie,464,2,agent,1,train,0
movie:464:3,movie,464,3,user,2,train,0
movie:464:4,movie,464,4,agent,2,train,0
movie:464:5,movie,464,5,user,0,train,0
movie:464:6,movie,464,6,agent,2,train,1
movie:464:7,movie,464,7,user,2,train,0
movie:464:8,movie,464,8,agent,2,train,0
movie:464:9,movie,464,9,user,0,train,0
movie:464:10,movie,464,10,agent,2,train,0
movie:465:1,movie,465,1,user,1,train,0
movie:465:2,movie,465,2,agent,2,train,0
movie:465:3,movie,465,3,user,3,train,1
movie:465:4,movie,465,4,agent,2,train,0
movie:465:5,movie,465,5,user,0,train,1
movie:465:6,movie,465,6,agent,1,train,0
movie:465:7,movie,465,7,user,0,train,1
movie:465:8,movie,465,8,agent,2,train,1
movie:465:9,movie,465,9,user,0,train,0
movie:465:10,movie,465,10,agent,2,train,0
movie:465:11,movie,465,11,user,0,train,0
movie:465:12,movie,465,12,agent,2,train,0
movie:465:13,movie,465,13,user,0,train,1
movie:465:14,movie,465,14,agent,2,train,0
movie:466:1,movie,466,1,user,1,test,0
movie:466:2,movie,466,2,agent,3,test,1
movie:466:3,movie,466,3,user,0,test,1
movie:466:4,movie,466,4,agent,1,test,0
movie:466:5,movie,466,5,user,0,test,0
movie:466:6,movie,466,6,agent,3,test,1
movie:466:7,movie,466,7,user,0,test,0
movie:466:8,movie,466,8,agent,2,test,0
movie:466:9,movie,466,9,user,0,test,1
movie:466:10,movie,466,10,agent,2,test,1
movie:467:1,movie,467,1,user,1,validation,0
movie:467:2,movie,467,2,agent,2,validation,0
movie:467:3,movie,467,3,user,0,validation,1
movie:467:4,movie,467,4,agent,1,validation,0
movie:467:5,movie,467,5,user,0,validation,0
movie:467:6,movie,467,6,agent,1,validation,0
movie:467:7,movie,467,7,user,0,validation,0
movie:467:8,movie,467,8,agent,1,validation,0
movie:467:9,movie,467,9,user,2,validation,0
movie:467:10,movie,467,10,agent,2,validation,1
movie:468:1,movie,468,1,user,2,train,0
movie:468:2,movie,468,2,agent,2,train,1
movie:468:3,movie,468,3,user,3,train,1
movie:468:4,movie,468,4,agent,1,train,0
movie:468:5,movie,468,5,user,0,train,1
movie:468:6,movie,468,6,agent,2,train,0
movie:468:7,movie,468,7,user,2,train,1
movie:468:8,movie,468,8,agent,1,train,1
movie:469:1,movie,469,1,user,0,test,0
movie:469:2,movie,469,2,agent,3,test,1
movie:469:3,movie,469,3,user,0,test,1
movie:469:4,movie,469,4,agent,1,test,0
movie:469:5,movie,469,5,user,0,test,0
movie:469:6,movie,469,6,agent,1,test,0
movie:469:7,movie,469,7,user,0,test,0
movie:469:8,movie,469,8,agent,2,test,0
movie:469:9,movie,469,9,user,0,test,0
movie:469:10,movie,469,10,agent,2,test,0
movie:470:1,movie,470,1,user,3,train,0
movie:470:2,movie,470,2,agent,2,train,0
movie:470:3,movie,470,3,user,2,train,1
movie:470:4,movie,470,4,agent,1,train,0
movie:470:5,movie,470,5,user,0,train,0
movie:470:6,movie,470,6,agent,2,train,0
movie:470:7,movie,470,7,user,0,train,0
movie:470:8,movie,470,8,agent,2,train,0
movie:471:1,movie,471,1,user,1,train,0
movie:471:2,movie,471,2,agent,3,train,0
movie:471:3,movie,471,3,user,0,train,0
movie:471:4,movie,471,4,agent,1,train,0
movie:471:5,movie,471,5,user,0,train,1
movie:471:6,movie,471,6,agent,2,train,1
movie:471:7,movie,471,7,user,3,train,1
movie:471:8,movie,471,8,agent,1,train,0
movie:471:9,movie,471,9,user,0,train,1
movie:471:10,movie,471,10,agent,3,train,1
movie:471:11,movie,471,11,user,2,train,0
movie:471:12,movie,471,12,agent,2,train,1
movie:472:1,movie,472,1,user,3,train,1
movie:472:2,movie,472,2,agent,2,train,0
movie:472:3,movie,472,3,user,3,train,0
movie:472:4,movie,472,4,agent,0,train,1
movie:472:5,movie,472,5,user,0,train,1
movie:472:6,movie,472,6,agent,2,train,0
movie:472:7,movie,472,7,user,0,train,0
movie:472:8,movie,472,8,agent,2,train,0
movie:472:9,movie,472,9,user,0,train,0
movie:472:10,movie,472,10,agent,1,train,0
movie:472:11,movie,472,11,user,2,train,0
movie:472:12,movie,472,12,agent,2,train,1
movie:473:1,movie,473,1,user,1,train,0
movie:473:2,movie,473,2,agent,1,train,0
movie:473:3,movie,473,3,user,0,train,1
movie:473:4,movie,473,4,agent,2,train,1
movie:473:5,movie,473,5,user,2,train,1
movie:473:6,movie,473,6,agent,1,train,0
movie:473:7,movie,473,7,user,0,train,1
movie:473:8,movie,473,8,agent,1,train,0
movie:473:9,movie,473,9,user,0,train,0
movie:473:10,movie,473,10,agent,2,train,0
movie:474:1,movie,474,1,user,3,validation,1
movie:474:2,movie,474,2,agent,2,validation,0
movie:474:3,movie,474,3,user,3,validation,1
movie:474:4,movie,474,4,agent,2,validation,0
movie:474:5,movie,474,5,user,2,validation,0
movie:474:6,movie,474,6,agent,2,validation,0
movie:475:1,movie,475,1,user,0,train,1
movie:475:2,movie,475,2,agent,2,train,0
movie:475:3,movie,475,3,user,2,train,0
movie:475:4,movie,475,4,agent,2,train,0
movie:475:5,movie,475,5,user,2,train,0
movie:475:6,movie,475,6,agent,2,train,0
movie:476:1,movie,476,1,user,3,test,1
movie:476:2,movie,476,2,agent,3,test,0
movie:476:3,movie,476,3,user,3,test,1
movie:476:4,movie,476,4,agent,2,test,1
movie:477:1,movie,477,1,user,2,train,1
movie:477:2,movie,477,2,agent,2,train,0
movie:477:3,movie,477,3,user,0,train,0
movie:477:4,movie,477,4,agent,0,train,0
movie:477:5,movie,477,5,user,0,train,1
movie:477:6,movie,477,6,agent,2,train,0
movie:477:7,movie,477,7,user,3,train,0
movie:477:8,movie,477,8,agent,2,train,0
movie:478:1,movie,478,1,user,3,validation,1
movie:478:2,movie,478,2,agent,3,validation,0
movie:478:3,movie,478,3,user,0,validation,0
movie:478:4,movie,478,4,agent,1,validation,0
movie:478:5,movie,478,5,user,0,validation,1
movie:478:6,movie,478,6,agent,2,validation,0
movie:479:1,movie,479,1,user,1,train,0
movie:479:2,movie,479,2,agent,2,train,1
movie:479:3,movie,479,3,user,2,train,0
movie:479:4,movie,479,4,agent,2,train,1
movie:479:5,movie,479,5,user,2,train,0
movie:479:6,movie,479,6,agent,2,train,0
movie:480:1,movie,480,1,user,1,test,0
movie:480:2,movie,480,2,agent,0,test,0
movie:480:3,movie,480,3,user,0,test,0
movie:480:4,movie,480,4,agent,2,test,0
movie:481:1,movie,481,1,user,3,train,1
movie:481:2,movie,481,2,agent,3,train,0
movie:481:3,movie,481,3,user,3,train,1
movie:481:4,movie,481,4,agent,2,train,1
movie:481:5,movie,481,5,user,3,train,0
movie:481:6,movie,481,6,agent,1,train,1
movie:482:1,movie,482,1,user,1,train,0
movie:482:2,movie,482,2,agent,2,train,0
movie:482:3,movie,482,3,user,2,train,0
movie:482:4,movie,482,4,agent,2,train,0
movie:483:1,movie,483,1,user,1,train,1
movie:483:2,movie,483,2,agent,1,train,0
movie:483:3,movie,483,3,user,3,train,1
movie:483:4,movie,483,4,agent,1,train,1
movie:484:1,movie,484,1,user,3,test,1
movie:484:2,movie,484,2,agent,2,test,1
movie:484:3,movie,484,3,user,2,test,1
movie:484:4,movie,484,4,agent,1,test,0
movie:484:5,movie,484,5,user,0,test,0
movie:484:6,movie,484,6,agent,1,test,0
movie:484:7,movie,484,7,user,2,test,1
movie:484:8,movie,484,8,agent,3,test,0
movie:485:1,movie,485,1,user,2,train,0
movie:485:2,movie,485,2,agent,3,train,1
movie:485:3,movie,485,3,user,0,train,0
movie:485:4,movie,485,4,agent,2,train,1
movie:486:1,movie,486,1,user,1,train,0
movie:486:2,movie,486,2,agent,1,train,0
movie:486:3,movie,486,3,user,2,train,1
movie:486:4,movie,486,4,agent,2,train,1
movie:486:5,movie,486,5,user,0,train,1
movie:486:6,movie,486,6,agent,0,train,0
movie:486:7,movie,486,7,user,0,train,0
movie:486:8,movie,486,8,agent,0,train,0
movie:486:9,movie,486,9,user,0,train,1
movie:486:10,movie,486,10,agent,2,train,0
movie:487:1,movie,487,1,user,1,validation,0
movie:487:2,movie,487,2,agent,2,validation,1
movie:487:3,movie,487,3,user,0,validation,1
movie:487:4,movie,487,4,agent,2,validation,0
movie:487:5,movie,487,5,user,2,validation,0
movie:487:6,movie,487,6,agent,2,validation,0
movie:487:7,movie,487,7,user,3,validation,0
movie:487:8,movie,487,8,agent,2,validation,0
movie:488:1,movie,488,1,user,2,train,1
movie:488:2,movie,488,2,agent,2,train,0
movie:488:3,movie,488,3,user,0,train,1
movie:488:4,movie,488,4,agent,2,train,0
movie:488:5,movie,488,5,user,3,train,1
movie:488:6,movie,488,6,agent,2,train,1
movie:488:7,movie,488,7,user,0,train,0
movie:488:8,movie,488,8,agent,1,train,0
movie:488:9,movie,488,9,user,0,train,1
movie:488:10,movie,488,10,agent,2,train,1
movie:488:11,movie,488,11,user,0,train,1
movie:488:12,movie,488,12,agent,3,train,1
movie:489:1,movie,489,1,user,1,test,0
movie:489:2,movie,489,2,agent,1,test,0
movie:489:3,movie,489,3,user,0,test,1
movie:489:4,movie,489,4,agent,2,test,0
movie:490:1,movie,490,1,user,0,train,0
movie:490:2,movie,490,2,agent,2,train,0
movie:490:3,movie,490,3,user,0,train,0
movie:490:4,movie,490,4,agent,1,train,0
movie:490:5,movie,490,5,user,0,train,0
movie:490:6,movie,490,6,agent,1,train,0
movie:490:7,movie,490,7,user,0,train,0
movie:490:8,movie,490,8,agent,2,train,0
movie:491:1,movie,491,1,user,1,train,0
movie:491:2,movie,491,2,agent,0,train,1
movie:491:3,movie,491,3,user,0,train,0
movie:491:4,movie,491,4,agent,1,train,0
movie:492:1,movie,492,1,user,1,train,0
movie:492:2,movie,492,2,agent,2,train,1
movie:492:3,movie,492,3,user,0,train,0
movie:492:4,movie,492,4,agent,2,train,0
movie:492:5,movie,492,5,user,0,train,1
movie:492:6,movie,492,6,agent,1,train,0
movie:493:1,movie,493,1,user,2,validation,0
movie:493:2,movie,493,2,agent,1,validation,0
movie:493:3,movie,493,3,user,0,validation,0
movie:493:4,movie,493,4,agent,2,validation,0
movie:493:5,movie,493,5,user,3,validation,1
movie:493:6,movie,493,6,agent,2,validation,0
movie:493:7,movie,493,7,user,3,validation,1
movie:493:8,movie,493,8,agent,3,validation,1
movie:494:1,movie,494,1,user,1,train,0
movie:494:2,movie,494,2,agent,2,train,0
movie:494:3,movie,494,3,user,0,train,0
movie:494:4,movie,494,4,agent,3,train,1
movie:494:5,movie,494,5,user,0,train,0
movie:494:6,movie,494,6,agent,2,train,0
movie:494:7,movie,494,7,user,0,train,0
movie:494:8,movie,494,8,agent,2,train,1
movie:494:9,movie,494,9,user,0,train,0
movie:494:10,movie,494,10,agent,2,train,0
movie:494:11,movie,494,11,user,3,train,1
movie:494:12,movie,494,12,agent,3,train,1
movie:495:1,movie,495,1,user,2,train,0
movie:495:2,movie,495,2,agent,2,train,0
movie:495:3,movie,495,3,user,3,train,0
movie:495:4,movie,495,4,agent,2,train,0
movie:495:5,movie,495,5,user,3,train,0
movie:495:6,movie,495,6,agent,3,train,0
movie:496:1,movie,496,1,user,3,test,1
movie:496:2,movie,496,2,agent,2,test,0
movie:496:3,movie,496,3,user,3,test,1
movie:496:4,movie,496,4,agent,3,test,0
movie:496:5,movie,496,5,user,2,test,0
movie:496:6,movie,496,6,agent,2,test,0
movie:496:7,movie,496,7,user,3,test,1
movie:496:8,movie,496,8,agent,2,test,0
movie:497:1,movie,497,1,user,3,test,0
movie:497:2,movie,497,2,agent,1,test,0
movie:497:3,movie,497,3,user,3,test,1
movie:497:4,movie,497,4,agent,2,test,1
movie:498:1,movie,498,1,user,2,test,1
movie:498:2,movie,498,2,agent,3,test,1
movie:498:3,movie,498,3,user,0,test,0
movie:498:4,movie,498,4,agent,2,test,1
movie:498:5,movie,498,5,user,3,test,1
movie:498:6,movie,498,6,agent,2,test,0
movie:498:7,movie,498,7,user,0,test,0
movie:498:8,movie,498,8,agent,1,test,0
movie:498:9,movie,498,9,user,3,test,0
movie:498:10,movie,498,10,agent,2,test,0
movie:498:11,movie,498,11,user,2,test,0
movie:498:12,movie,498,12,agent,2,test,0
movie:498:13,movie,498,13,user,3,test,1
movie:498:14,movie,498,14,agent,3,test,0
movie:499:1,movie,499,1,user,1,train,1
movie:499:2,movie,499,2,agent,0,train,0
movie:499:3,movie,499,3,user,0,train,0
movie:499:4,movie,499,4,agent,1,train,0
movie:499:5,movie,499,5,user,0,train,0
movie:499:6,movie,499,6,agent,2,train,1
movie:499:7,movie,499,7,user,2,train,0
movie:499:8,movie,499,8,agent,2,train,0
movie:499:9,movie,499,9,user,3,train,0
movie:499:10,movie,499,10,agent,3,train,0
movie:500:1,movie,500,1,user,2,train,0
movie:500:2,movie,500,2,agent,0,train,1
movie:500:3,movie,500,3,user,0,train,0
movie:500:4,movie,500,4,agent,2,train,1
movie:500:5,movie,500,5,user,0,train,0
movie:500:6,movie,500,6,agent,2,train,0
movie:500:7,movie,500,7,user,0,train,0
movie:500:8,movie,500,8,agent,2,train,1
movie:501:1,movie,501,1,user,3,train,0
movie:501:2,movie,501,2,agent,1,train,0
movie:501:3,movie,501,3,user,3,train,1
movie:501:4,movie,501,4,agent,2,train,1
movie:501:5,movie,501,5,user,2,train,0
movie:501:6,movie,501,6,agent,2,train,0
movie:502:1,movie,502,1,user,1,train,0
movie:502:2,movie,502,2,agent,0,train,0
movie:502:3,movie,502,3,user,0,train,0
movie:502:4,movie,502,4,agent,2,train,0
movie:503:1,movie,503,1,user,3,train,0
movie:503:2,movie,503,2,agent,1,train,0
movie:503:3,movie,503,3,user,0,train,0
movie:503:4,movie,503,4,agent,2,train,1
movie:503:5,movie,503,5,user,0,train,0
movie:503:6,movie,503,6,agent,1,train,1
movie:503:7,movie,503,7,user,0,train,1
movie:503:8,movie,503,8,agent,2,train,0
movie:503:9,movie,503,9,user,2,train,0
movie:503:10,movie,503,10,agent,2,train,1
movie:503:11,movie,503,11,user,3,train,0
movie:503:12,movie,503,12,agent,3,train,0
movie:504:1,movie,504,1,user,2,train,0
movie:504:2,movie,504,2,agent,2,train,0
movie:504:3,movie,504,3,user,2,train,1
movie:504:4,movie,504,4,agent,2,train,0
movie:504:5,movie,504,5,user,3,train,1
movie:504:6,movie,504,6,agent,2,train,0
movie:505:1,movie,505,1,user,3,train,1
movie:505:2,movie,505,2,agent,1,train,0
movie:505:3,movie,505,3,user,3,train,1
movie:505:4,movie,505,4,agent,2,train,1
movie:505:5,movie,505,5,user,3,train,1
movie:505:6,movie,505,6,agent,2,train,0
movie:505:7,movie,505,7,user,3,train,1
movie:505:8,movie,505,8,agent,3,train,0
movie:505:9,movie,505,9,user,3,train,1
movie:505:10,movie,505,10,agent,2,train,0
movie:506:1,movie,506,1,user,3,train,1
movie:506:2,movie,506,2,agent,3,train,1
movie:506:3,movie,506,3,user,3,train,0
movie:506:4,movie,506,4,agent,2,train,0
movie:506:5,movie,506,5,user,2,train,0
movie:506:6,movie,506,6,agent,2,train,0
movie:506:7,movie,506,7,user,3,train,1
movie:506:8,movie,506,8,agent,3,train,0
movie:507:1,movie,507,1,user,3,train,1
movie:507:2,movie,507,2,agent,2,train,0
movie:507:3,movie,507,3,user,3,train,1
movie:507:4,movie,507,4,agent,1,train,0
movie:507:5,movie,507,5,user,0,train,1
movie:507:6,movie,507,6,agent,1,train,0
movie:507:7,movie,507,7,user,3,train,0
movie:507:8,movie,507,8,agent,2,train,0
movie:508:1,movie,508,1,user,1,train,0
movie:508:2,movie,508,2,agent,2,train,0
movie:508:3,movie,508,3,user,0,train,0
movie:508:4,movie,508,4,agent,2,train,1
movie:508:5,movie,508,5,user,0,train,0
movie:508:6,movie,508,6,agent,2,train,0
movie:508:7,movie,508,7,user,0,train,0
movie:508:8,movie,508,8,agent,2,train,0
movie:508:9,movie,508,9,user,3,train,1
movie:508:10,movie,508,10,agent,3,train,1
movie:509:1,movie,509,1,user,3,train,0
movie:509:2,movie,509,2,agent,1,train,0
movie:509:3,movie,509,3,user,2,train,0
movie:509:4,movie,509,4,agent,3,train,0
movie:509:5,movie,509,5,user,2,train,0
movie:509:6,movie,509,6,agent,2,train,0
movie:509:7,movie,509,7,user,2,train,1
movie:509:8,movie,509,8,agent,1,train,0
movie:509:9,movie,509,9,user,0,train,1
movie:509:10,movie,509,10,agent,1,train,1
movie:509:11,movie,509,11,user,0,train,0
movie:509:12,movie,509,12,agent,1,train,0
movie:510:1,movie,510,1,user,1,test,0
movie:510:2,movie,510,2,agent,0,test,0
movie:510:3,movie,510,3,user,0,test,0
movie:510:4,movie,510,4,agent,1,test,0
movie:511:1,movie,511,1,user,1,train,0
movie:511:2,movie,511,2,agent,2,train,0
movie:511:3,movie,511,3,user,0,train,0
movie:511:4,movie,511,4,agent,3,train,1
movie:511:5,movie,511,5,user,2,train,0
movie:511:6,movie,511,6,agent,1,train,0
movie:511:7,movie,511,7,user,0,train,0
movie:511:8,movie,511,8,agent,2,train,0
movie:511:9,movie,511,9,user,2,train,1
movie:511:10,movie,511,10,agent,2,train,0
movie:512:1,movie,512,1,user,1,train,0
movie:512:2,movie,512,2,agent,2,train,1
movie:512:3,movie,512,3,user,3,train,1
movie:512:4,movie,512,4,agent,1,train,0
movie:512:5,movie,512,5,user,0,train,0
movie:512:6,movie,512,6,agent,0,train,0
movie:512:7,movie,512,7,user,0,train,1
movie:512:8,movie,512,8,agent,1,train,0
movie:513:1,movie,513,1,user,1,train,0
movie:513:2,movie,513,2,agent,2,train,0
movie:513:3,movie,513,3,user,0,train,0
movie:513:4,movie,513,4,agent,3,train,1
movie:513:5,movie,513,5,user,3,train,0
movie:513:6,movie,513,6,agent,2,train,0
movie:513:7,movie,513,7,user,2,train,1
movie:513:8,movie,513,8,agent,2,train,1
movie:514:1,movie,514,1,user,2,train,1
movie:514:2,movie,514,2,agent,1,train,0
movie:514:3,movie,514,3,user,3,train,0
movie:514:4,movie,514,4,agent,2,train,0
movie:514:5,movie,514,5,user,3,train,1
movie:514:6,movie,514,6,agent,2,train,0
movie:514:7,movie,514,7,user,3,train,0
movie:514:8,movie,514,8,agent,3,train,1
movie:515:1,movie,515,1,user,1,test,0
movie:515:2,movie,515,2,agent,2,test,0
movie:515:3,movie,515,3,user,0,test,0
movie:515:4,movie,515,4,agent,2,test,0
movie:516:1,movie,516,1,user,3,train,0
movie:516:2,movie,516,2,agent,1,train,0
movie:516:3,movie,516,3,user,0,train,0
movie:516:4,movie,516,4,agent,1,train,0
movie:516:5,movie,516,5,user,2,train,0
movie:516:6,movie,516,6,agent,2,train,0
movie:517:1,movie,517,1,user,3,test,0
movie:517:2,movie,517,2,agent,2,test,0
movie:517:3,movie,517,3,user,0,test,0
movie:517:4,movie,517,4,agent,2,test,0
movie:517:5,movie,517,5,user,0,test,1
movie:517:6,movie,517,6,agent,1,test,0
movie:517:7,movie,517,7,user,0,test,0
movie:517:8,movie,517,8,agent,1,test,0
movie:517:9,movie,517,9,user,0,test,0
movie:517:10,movie,517,10,agent,2,test,0
movie:517:11,movie,517,11,user,0,test,0
movie:517:12,movie,517,12,agent,3,test,0
movie:518:1,movie,518,1,user,3,train,0
movie:518:2,movie,518,2,agent,2,train,1
movie:518:3,movie,518,3,user,3,train,0
movie:518:4,movie,518,4,agent,1,train,0
movie:518:5,movie,518,5,user,0,train,0
movie:518:6,movie,518,6,agent,3,train,0
movie:518:7,movie,518,7,user,2,train,0
movie:518:8,movie,518,8,agent,1,train,0
movie:518:9,movie,518,9,user,0,train,1
movie:518:10,movie,518,10,agent,1,train,0
movie:518:11,movie,518,11,user,0,train,0
movie:518:12,movie,518,12,agent,1,train,0
movie:518:13,movie,518,13,user,0,train,0
movie:518:14,movie,518,14,agent,2,train,0
movie:519:1,movie,519,1,user,2,test,0
movie:519:2,movie,519,2,agent,2,test,0
movie:519:3,movie,519,3,user,2,test,0
movie:519:4,movie,519,4,agent,2,test,0
movie:519:5,movie,519,5,user,3,test,1
movie:519:6,movie,519,6,agent,3,test,1
movie:520:1,movie,520,1,user,3,train,0
movie:520:2,movie,520,2,agent,2,train,1
movie:520:3,movie,520,3,user,2,train,0
movie:520:4,movie,520,4,agent,2,train,0
movie:520:5,movie,520,5,user,3,train,0
movie:520:6,movie,520,6,agent,3,train,0
movie:521:1,movie,521,1,user,2,train,0
movie:521:2,movie,521,2,agent,3,train,0
movie:521:3,movie,521,3,user,2,train,1
movie:521:4,movie,521,4,agent,2,train,0
movie:521:5,movie,521,5,user,3,train,0
movie:521:6,movie,521,6,agent,2,train,1
movie:521:7,movie,521,7,user,3,train,1
movie:521:8,movie,521,8,agent,3,train,1
movie:522:1,movie,522,1,user,3,validation,0
movie:522:2,movie,522,2,agent,2,validation,0
movie:522:3,movie,522,3,user,2,validation,0
movie:522:4,movie,522,4,agent,0,validation,1
movie:522:5,movie,522,5,user,3,validation,0
movie:522:6,movie,522,6,agent,2,validation,0
movie:522:7,movie,522,7,user,3,validation,1
movie:522:8,movie,522,8,agent,2,validation,0
movie:522:9,movie,522,9,user,3,validation,1
movie:522:10,movie,522,10,agent,3,validation,1
movie:523:1,movie,523,1,user,1,train,0
movie:523:2,movie,523,2,agent,0,train,0
movie:523:3,movie,523,3,user,0,train,1
movie:523:4,movie,523,4,agent,2,train,0
movie:523:5,movie,523,5,user,2,train,0
movie:523:6,movie,523,6,agent,2,train,1
movie:523:7,movie,523,7,user,3,train,1
movie:523:8,movie,523,8,agent,3,train,0
movie:524:1,movie,524,1,user,1,train,0
movie:524:2,movie,524,2,agent,2,train,1
movie:524:3,movie,524,3,user,1,train,0
movie:524:4,movie,524,4,agent,2,train,1
movie:524:5,movie,524,5,user,0,train,0
movie:524:6,movie,524,6,agent,1,train,0
movie:524:7,movie,524,7,user,0,train,1
movie:524:8,movie,524,8,agent,1,train,0
movie:524:9,movie,524,9,user,2,train,1
movie:524:10,movie,524,10,agent,2,train,0
movie:524:11,movie,524,11,user,3,train,0
movie:524:12,movie,524,12,agent,2,train,0
movie:525:1,movie,525,1,user,2,train,0
movie:525:2,movie,525,2,agent,2,train,1
movie:525:3,movie,525,3,user,3,train,1
movie:525:4,movie,525,4,agent,2,train,0
movie:525:5,movie,525,5,user,3,train,1
movie:525:6,movie,525,6,agent,3,train,1
movie:526:1,movie,526,1,user,3,train,1
movie:526:2,movie,526,2,agent,2,train,0
movie:526:3,movie,526,3,user,0,train,0
movie:526:4,movie,526,4,agent,1,train,0
movie:526:5,movie,526,5,user,3,train,1
movie:526:6,movie,526,6,agent,2,train,1
movie:526:7,movie,526,7,user,3,train,0
movie:526:8,movie,526,8,agent,2,train,0
movie:526:9,movie,526,9,user,3,train,1
movie:526:10,movie,526,10,agent,3,train,1
movie:527:1,movie,527,1,user,1,test,1
movie:527:2,movie,527,2,agent,0,test,0
movie:527:3,movie,527,3,user,0,test,1
movie:527:4,movie,527,4,agent,2,test,0
movie:527:5,movie,527,5,user,0,test,0
movie:527:6,movie,527,6,agent,2,test,0
movie:528:1,movie,528,1,user,1,train,0
movie:528:2,movie,528,2,agent,2,train,0
movie:528:3,movie,528,3,user,3,train,0
movie:528:4,movie,528,4,agent,2,train,0
movie:528:5,movie,528,5,user,3,train,1
movie:528:6,movie,528,6,agent,3,train,0
movie:529:1,movie,529,1,user,3,train,1
movie:529:2,movie,529,2,agent,2,train,0
movie:529:3,movie,529,3,user,3,train,0
movie:529:4,movie,529,4,agent,2,train,0
movie:529:5,movie,529,5,user,3,train,1
movie:529:6,movie,529,6,agent,2,train,0
movie:530:1,movie,530,1,user,1,train,1
movie:530:2,movie,530,2,agent,0,train,0
movie:530:3,movie,530,3,user,0,train,0
movie:530:4,movie,530,4,agent,2,train,0
movie:531:1,movie,531,1,user,1,train,0
movie:531:2,movie,531,2,agent,0,train,0
movie:531:3,movie,531,3,user,0,train,0
movie:531:4,movie,531,4,agent,2,train,0
movie:531:5,movie,531,5,user,0,train,0
movie:531:6,movie,531,6,agent,2,train,0
movie:531:7,movie,531,7,user,0,train,0
movie:531:8,movie,531,8,agent,2,train,0
movie:532:1,movie,532,1,user,3,test,1
movie:532:2,movie,532,2,agent,1,test,0
movie:532:3,movie,532,3,user,0,test,0
movie:532:4,movie,532,4,agent,2,test,0
movie:532:5,movie,532,5,user,3,test,1
movie:532:6,movie,532,6,agent,3,test,0
movie:532:7,movie,532,7,user,3,test,0
movie:532:8,movie,532,8,agent,2,test,0
movie:532:9,movie,532,9,user,3,test,1
movie:532:10,movie,532,10,agent,2,test,1
movie:533:1,movie,533,1,user,1,train,0
movie:533:2,movie,533,2,agent,2,train,0
movie:533:3,movie,533,3,user,0,train,0
movie:533:4,movie,533,4,agent,2,train,0
movie:534:1,movie,534,1,user,3,test,0
movie:534:2,movie,534,2,agent,2,test,0
movie:534:3,movie,534,3,user,3,test,0
movie:534:4,movie,534,4,agent,2,test,0
movie:534:5,movie,534,5,user,3,test,1
movie:534:6,movie,534,6,agent,3,test,0
movie:535:1,movie,535,1,user,2,train,0
movie:535:2,movie,535,2,agent,2,train,0
movie:535:3,movie,535,3,user,2,train,0
movie:535:4,movie,535,4,agent,2,train,0
movie:535:5,movie,535,5,user,3,train,0
movie:535:6,movie,535,6,agent,3,train,1
movie:536:1,movie,536,1,user,1,train,0
movie:536:2,movie,536,2,agent,3,train,1
movie:536:3,movie,536,3,user,0,train,1
movie:536:4,movie,536,4,agent,2,train,1
movie:536:5,movie,536,5,user,2,train,1
movie:536:6,movie,536,6,agent,2,train,0
movie:536:7,movie,536,7,user,3,train,1
movie:536:8,movie,536,8,agent,3,train,0
movie:537:1,movie,537,1,user,3,train,1
movie:537:2,movie,537,2,agent,2,train,0
movie:537:3,movie,537,3,user,3,train,1
movie:537:4,movie,537,4,agent,2,train,1
movie:538:1,movie,538,1,user,3,train,0
movie:538:2,movie,538,2,agent,3,train,0
movie:538:3,movie,538,3,user,2,train,1
movie:538:4,movie,538,4,agent,2,train,0
movie:539:1,movie,539,1,user,1,validation,0
movie:539:2,movie,539,2,agent,2,validation,1
movie:539:3,movie,539,3,user,3,validation,1
movie:539:4,movie,539,4,agent,2,validation,0
movie:539:5,movie,539,5,user,3,validation,1
movie:539:6,movie,539,6,agent,3,validation,1
movie:540:1,movie,540,1,user,2,train,0
movie:540:2,movie,540,2,agent,2,train,0
movie:540:3,movie,540,3,user,1,train,0
movie:540:4,movie,540,4,agent,1,train,0
movie:540:5,movie,540,5,user,3,train,1
movie:540:6,movie,540,6,agent,3,train,0
movie:540:7,movie,540,7,user,3,train,1
movie:540:8,movie,540,8,agent,2,train,0
movie:541:1,movie,541,1,user,3,validation,0
movie:541:2,movie,541,2,agent,2,validation,0
movie:541:3,movie,541,3,user,2,validation,0
movie:541:4,movie,541,4,agent,2,validation,0
movie:541:5,movie,541,5,user,3,validation,1
movie:541:6,movie,541,6,agent,2,validation,0
movie:542:1,movie,542,1,user,3,train,1
movie:542:2,movie,542,2,agent,2,train,0
movie:542:3,movie,542,3,user,2,train,0
movie:542:4,movie,542,4,agent,2,train,0
movie:542:5,movie,542,5,user,3,train,0
movie:542:6,movie,542,6,agent,3,train,1
movie:543:1,movie,543,1,user,2,test,0
movie:543:2,movie,543,2,agent,2,test,0
movie:543:3,movie,543,3,user,3,test,1
movie:543:4,movie,543,4,agent,2,test,1
movie:543:5,movie,543,5,user,3,test,0
movie:543:6,movie,543,6,agent,3,test,0
movie:544:1,movie,544,1,user,3,test,0
movie:544:2,movie,544,2,agent,2,test,1
movie:544:3,movie,544,3,user,2,test,0
movie:544:4,movie,544,4,agent,2,test,1
movie:544:5,movie,544,5,user,3,test,1
movie:544:6,movie,544,6,agent,3,test,1
movie:545:1,movie,545,1,user,1,train,1
movie:545:2,movie,545,2,agent,3,train,1
movie:545:3,movie,545,3,user,0,train,0
movie:545:4,movie,545,4,agent,1,train,0
movie:546:1,movie,546,1,user,3,train,0
movie:546:2,movie,546,2,agent,2,train,0
movie:546:3,movie,546,3,user,3,train,1
movie:546:4,movie,546,4,agent,2,train,1
movie:546:5,movie,546,5,user,3,train,1
movie:546:6,movie,546,6,agent,2,train,0
movie:547:1,movie,547,1,user,2,train,0
movie:547:2,movie,547,2,agent,2,train,0
movie:547:3,movie,547,3,user,0,train,1
movie:547:4,movie,547,4,agent,2,train,0
movie:548:1,movie,548,1,user,2,train,0
movie:548:2,movie,548,2,agent,2,train,0
movie:548:3,movie,548,3,user,0,train,0
movie:548:4,movie,548,4,agent,2,train,0
movie:548:5,movie,548,5,user,0,train,0
movie:548:6,movie,548,6,agent,2,train,0
movie:548:7,movie,548,7,user,3,train,0
movie:548:8,movie,548,8,agent,3,train,1
movie:549:1,movie,549,1,user,2,test,0
movie:549:2,movie,549,2,agent,1,test,0
movie:549:3,movie,549,3,user,2,test,0
movie:549:4,movie,549,4,agent,2,test,0
movie:549:5,movie,549,5,user,3,test,1
movie:549:6,movie,549,6,agent,2,test,0
movie:550:1,movie,550,1,user,3,train,0
movie:550:2,movie,550,2,agent,1,train,0
movie:550:3,movie,550,3,user,2,train,0
movie:550:4,movie,550,4,agent,2,train,1
movie:550:5,movie,550,5,user,0,train,0
movie:550:6,movie,550,6,agent,2,train,0
movie:550:7,movie,550,7,user,3,train,0
movie:550:8,movie,550,8,agent,3,train,0
movie:551:1,movie,551,1,user,2,train,0
movie:551:2,movie,551,2,agent,2,train,0
movie:551:3,movie,551,3,user,2,train,0
movie:551:4,movie,551,4,agent,2,train,0
movie:552:1,movie,552,1,user,1,test,0
movie:552:2,movie,552,2,agent,2,test,1
movie:552:3,movie,552,3,user,2,test,1
movie:552:4,movie,552,4,agent,2,test,0
movie:552:5,movie,552,5,user,2,test,0
movie:552:6,movie,552,6,agent,2,test,0
movie:552:7,movie,552,7,user,3,test,1
movie:552:8,movie,552,8,agent,2,test,0
movie:552:9,movie,552,9,user,3,test,1
movie:552:10,movie,552,10,agent,1,test,0
movie:552:11,movie,552,11,user,2,test,0
movie:552:12,movie,552,12,agent,2,test,1
movie:552:13,movie,552,13,user,3,test,0
movie:552:14,movie,552,14,agent,2,test,1
movie:553:1,movie,553,1,user,3,train,1
movie:553:2,movie,553,2,agent,0,train,1
movie:553:3,movie,553,3,user,0,train,0
movie:553:4,movie,553,4,agent,2,train,1
movie:553:5,movie,553,5,user,2,train,0
movie:553:6,movie,553,6,agent,2,train,1
movie:554:1,movie,554,1,user,2,train,0
movie:554:2,movie,554,2,agent,2,train,0
movie:554:3,movie,554,3,user,3,train,1
movie:554:4,movie,554,4,agent,2,train,0
movie:554:5,movie,554,5,user,3,train,0
movie:554:6,movie,554,6,agent,2,train,0
movie:554:7,movie,554,7,user,3,train,1
movie:554:8,movie,554,8,agent,3,train,1
movie:555:1,movie,555,1,user,2,test,0
movie:555:2,movie,555,2,agent,3,test,0
movie:555:3,movie,555,3,user,3,test,1
movie:555:4,movie,555,4,agent,2,test,0
movie:555:5,movie,555,5,user,2,test,0
movie:555:6,movie,555,6,agent,1,test,1
movie:555:7,movie,555,7,user,0,test,0
movie:555:8,movie,555,8,agent,1,test,0
movie:556:1,movie,556,1,user,3,train,1
movie:556:2,movie,556,2,agent,1,train,0
movie:556:3,movie,556,3,user,2,train,0
movie:556:4,movie,556,4,agent,1,train,0
movie:556:5,movie,556,5,user,2,train,0
movie:556:6,movie,556,6,agent,2,train,1
movie:557:1,movie,557,1,user,0,train,0
movie:557:2,movie,557,2,agent,2,train,0
movie:557:3,movie,557,3,user,0,train,1
movie:557:4,movie,557,4,agent,2,train,0
movie:558:1,movie,558,1,user,1,test,0
movie:558:2,movie,558,2,agent,2,test,0
movie:558:3,movie,558,3,user,2,test,0
movie:558:4,movie,558,4,agent,2,test,0
movie:558:5,movie,558,5,user,3,test,0
movie:558:6,movie,558,6,agent,3,test,0
movie:559:1,movie,559,1,user,0,test,0
movie:559:2,movie,559,2,agent,2,test,0
movie:559:3,movie,559,3,user,0,test,0
movie:559:4,movie,559,4,agent,2,test,1
movie:559:5,movie,559,5,user,0,test,1
movie:559:6,movie,559,6,agent,2,test,1
movie:559:7,movie,559,7,user,0,test,0
movie:559:8,movie,559,8,agent,2,test,0
movie:559:9,movie,559,9,user,0,test,0
movie:559:10,movie,559,10,agent,2,test,0
movie:559:11,movie,559,11,user,0,test,0
movie:559:12,movie,559,12,agent,1,test,1
movie:559:13,movie,559,13,user,0,test,0
movie:559:14,movie,559,14,agent,3,test,0
movie:559:15,movie,559,15,user,0,test,0
movie:559:16,movie,559,16,agent,3,test,0
movie:559:17,movie,559,17,user,2,test,0
movie:559:18,movie,559,18,agent,2,test,0
movie:559:19,movie,559,19,user,0,test,0
movie:559:20,movie,559,20,agent,2,test,1
movie:559:21,movie,559,21,user,2,test,1
movie:559:22,movie,559,22,agent,2,test,0
movie:560:1,movie,560,1,user,3,train,0
movie:560:2,movie,560,2,agent,2,train,0
movie:560:3,movie,560,3,user,3,train,1
movie:560:4,movie,560,4,agent,2,train,0
movie:560:5,movie,560,5,user,0,train,0
movie:560:6,movie,560,6,agent,2,train,0
movie:560:7,movie,560,7,user,3,train,0
movie:560:8,movie,560,8,agent,3,train,0
movie:561:1,movie,561,1,user,2,train,0
movie:561:2,movie,561,2,agent,2,train,0
movie:561:3,movie,561,3,user,0,train,0
movie:561:4,movie,561,4,agent,2,train,0
movie:561:5,movie,561,5,user,2,train,0
movie:561:6,movie,561,6,agent,2,train,0
movie:561:7,movie,561,7,user,3,train,1
movie:561:8,movie,561,8,agent,3,train,1
movie:562:1,movie,562,1,user,1,train,0
movie:562:2,movie,562,2,agent,0,train,1
movie:562:3,movie,562,3,user,0,train,0
movie:562:4,movie,562,4,agent,2,train,0
movie:562:5,movie,562,5,user,0,train,0
movie:562:6,movie,562,6,agent,2,train,0
movie:562:7,movie,562,7,user,2,train,0
movie:562:8,movie,562,8,agent,2,train,0
movie:563:1,movie,563,1,user,3,train,1
movie:563:2,movie,563,2,agent,2,train,1
movie:563:3,movie,563,3,user,3,train,1
movie:563:4,movie,563,4,agent,3,train,1
movie:564:1,movie,564,1,user,3,train,1
movie:564:2,movie,564,2,agent,0,train,0
movie:564:3,movie,564,3,user,0,train,0
movie:564:4,movie,564,4,agent,2,train,0
movie:564:5,movie,564,5,user,0,train,0
movie:564:6,movie,564,6,agent,2,train,1
movie:564:7,movie,564,7,user,2,train,0
movie:564:8,movie,564,8,agent,2,train,0
movie:564:9,movie,564,9,user,3,train,1
movie:564:10,movie,564,10,agent,3,train,0
movie:565:1,movie,565,1,user,3,train,1
movie:565:2,movie,565,2,agent,2,train,0
movie:565:3,movie,565,3,user,3,train,0
movie:565:4,movie,565,4,agent,2,train,0
movie:565:5,movie,565,5,user,0,train,0
movie:565:6,movie,565,6,agent,2,train,0
movie:565:7,movie,565,7,user,3,train,0
movie:565:8,movie,565,8,agent,3,train,1
movie:566:1,movie,566,1,user,1,train,0
movie:566:2,movie,566,2,agent,2,train,0
movie:566:3,movie,566,3,user,2,train,0
movie:566:4,movie,566,4,agent,1,train,0
movie:566:5,movie,566,5,user,0,train,0
movie:566:6,movie,566,6,agent,3,train,1
movie:566:7,movie,566,7,user,2,train,1
movie:566:8,movie,566,8,agent,1,train,0
movie:566:9,movie,566,9,user,2,train,0
movie:566:10,movie,566,10,agent,2,train,0
movie:567:1,movie,567,1,user,1,test,1
movie:567:2,movie,567,2,agent,0,test,0
movie:567:3,movie,567,3,user,0,test,1
movie:567:4,movie,567,4,agent,2,test,0
movie:567:5,movie,567,5,user,2,test,0
movie:567:6,movie,567,6,agent,2,test,1
movie:567:7,movie,567,7,user,3,test,0
movie:567:8,movie,567,8,agent,3,test,1
movie:568:1,movie,568,1,user,3,train,1
movie:568:2,movie,568,2,agent,3,train,0
movie:568:3,movie,568,3,user,0,train,0
movie:568:4,movie,568,4,agent,3,train,1
movie:569:1,movie,569,1,user,2,train,1
movie:569:2,movie,569,2,agent,2,train,1
movie:569:3,movie,569,3,user,2,train,1
movie:569:4,movie,569,4,agent,2,train,1
movie:569:5,movie,569,5,user,3,train,0
movie:569:6,movie,569,6,agent,3,train,1
movie:570:1,movie,570,1,user,2,train,0
movie:570:2,movie,570,2,agent,2,train,1
movie:570:3,movie,570,3,user,2,train,0
movie:570:4,movie,570,4,agent,2,train,0
movie:570:5,movie,570,5,user,3,train,1
movie:570:6,movie,570,6,agent,3,train,1
movie:571:1,movie,571,1,user,1,train,0
movie:571:2,movie,571,2,agent,2,train,0
movie:571:3,movie,571,3,user,3,train,1
movie:571:4,movie,571,4,agent,2,train,0
movie:571:5,movie,571,5,user,3,train,0
movie:571:6,movie,571,6,agent,3,train,1
movie:572:1,movie,572,1,user,2,train,1
movie:572:2,movie,572,2,agent,0,train,0
movie:572:3,movie,572,3,user,0,train,0
movie:572:4,movie,572,4,agent,2,train,0
movie:573:1,movie,573,1,user,3,train,1
movie:573:2,movie,573,2,agent,2,train,0
movie:573:3,movie,573,3,user,0,train,1
movie:573:4,movie,573,4,agent,1,train,0
movie:574:1,movie,574,1,user,1,test,0
movie:574:2,movie,574,2,agent,0,test,0
movie:574:3,movie,574,3,user,0,test,1
movie:574:4,movie,574,4,agent,1,test,1
movie:574:5,movie,574,5,user,1,test,0
movie:574:6,movie,574,6,agent,2,test,0
movie:574:7,movie,574,7,user,0,test,1
movie:574:8,movie,574,8,agent,2,test,1
movie:574:9,movie,574,9,user,3,test,0
movie:574:10,movie,574,10,agent,2,test,1
movie:574:11,movie,574,11,user,2,test,1
movie:574:12,movie,574,12,agent,2,test,1
movie:574:13,movie,574,13,user,0,test,1
movie:574:14,movie,574,14,agent,2,test,0
movie:574:15,movie,574,15,user,2,test,0
movie:574:16,movie,574,16,agent,2,test,0
movie:575:1,movie,575,1,user,1,train,0
movie:575:2,movie,575,2,agent,2,train,0
movie:575:3,movie,575,3,user,0,train,0
movie:575:4,movie,575,4,agent,1,train,0
movie:575:5,movie,575,5,user,0,train,0
movie:575:6,movie,575,6,agent,2,train,0
movie:576:1,movie,576,1,user,1,test,0
movie:576:2,movie,576,2,agent,0,test,1
movie:576:3,movie,576,3,user,0,test,0
movie:576:4,movie,576,4,agent,2,test,0
movie:576:5,movie,576,5,user,0,test,1
movie:576:6,movie,576,6,agent,2,test,1
movie:576:7,movie,576,7,user,0,test,0
movie:576:8,movie,576,8,agent,2,test,0
movie:576:9,movie,576,9,user,3,test,1
movie:576:10,movie,576,10,agent,3,test,1
movie:577:1,movie,577,1,user,0,train,0
movie:577:2,movie,577,2,agent,1,train,0
movie:577:3,movie,577,3,user,0,train,1
movie:577:4,movie,577,4,agent,2,train,0
movie:578:1,movie,578,1,user,3,train,1
movie:578:2,movie,578,2,agent,3,train,0
movie:578:3,movie,578,3,user,3,train,1
movie:578:4,movie,578,4,agent,2,train,0
movie:578:5,movie,578,5,user,0,train,1
movie:578:6,movie,578,6,agent,2,train,1
movie:578:7,movie,578,7,user,0,train,0
movie:578:8,movie,578,8,agent,2,train,0
movie:578:9,movie,578,9,user,3,train,0
movie:578:10,movie,578,10,agent,2,train,0
movie:578:11,movie,578,11,user,2,train,1
movie:578:12,movie,578,12,agent,2,train,0
movie:578:13,movie,578,13,user,0,train,1
movie:578:14,movie,578,14,agent,2,train,0
movie:579:1,movie,579,1,user,0,train,0
movie:579:2,movie,579,2,agent,1,train,0
movie:579:3,movie,579,3,user,0,train,1
movie:579:4,movie,579,4,agent,2,train,0
movie:579:5,movie,579,5,user,2,train,1
movie:579:6,movie,579,6,agent,2,train,0
movie:580:1,movie,580,1,user,3,train,1
movie:580:2,movie,580,2,agent,2,train,1
movie:580:3,movie,580,3,user,3,train,1
movie:580:4,movie,580,4,agent,2,train,1
movie:580:5,movie,580,5,user,0,train,0
movie:580:6,movie,580,6,agent,2,train,0
movie:580:7,movie,580,7,user,3,train,0
movie:580:8,movie,580,8,agent,2,train,0
movie:581:1,movie,581,1,user,3,train,1
movie:581:2,movie,581,2,agent,2,train,1
movie:581:3,movie,581,3,user,0,train,0
movie:581:4,movie,581,4,agent,2,train,0
movie:581:5,movie,581,5,user,3,train,0
movie:581:6,movie,581,6,agent,1,train,0
movie:581:7,movie,581,7,user,0,train,0
movie:581:8,movie,581,8,agent,1,train,0
movie:581:9,movie,581,9,user,0,train,0
movie:581:10,movie,581,10,agent,2,train,0
movie:582:1,movie,582,1,user,1,train,0
movie:582:2,movie,582,2,agent,3,train,1
movie:582:3,movie,582,3,user,0,train,1
movie:582:4,movie,582,4,agent,1,train,0
movie:582:5,movie,582,5,user,0,train,0
movie:582:6,movie,582,6,agent,2,train,0
movie:582:7,movie,582,7,user,2,train,0
movie:582:8,movie,582,8,agent,2,train,0
movie:582:9,movie,582,9,user,2,train,1
movie:582:10,movie,582,10,agent,2,train,0
movie:582:11,movie,582,11,user,3,train,0
movie:582:12,movie,582,12,agent,3,train,0
movie:583:1,movie,583,1,user,0,train,1
movie:583:2,movie,583,2,agent,2,train,0
movie:583:3,movie,583,3,user,0,train,0
movie:583:4,movie,583,4,agent,1,train,1
movie:583:5,movie,583,5,user,3,train,1
movie:583:6,movie,583,6,agent,3,train,0
movie:584:1,movie,584,1,user,3,train,1
movie:584:2,movie,584,2,agent,1,train,1
movie:584:3,movie,584,3,user,2,train,0
movie:584:4,movie,584,4,agent,1,train,0
movie:584:5,movie,584,5,user,0,train,0
movie:584:6,movie,584,6,agent,2,train,1
movie:584:7,movie,584,7,user,2,train,0
movie:584:8,movie,584,8,agent,2,train,0
movie:584:9,movie,584,9,user,3,train,0
movie:584:10,movie,584,10,agent,3,train,1
movie:585:1,movie,585,1,user,0,train,1
movie:585:2,movie,585,2,agent,2,train,0
movie:585:3,movie,585,3,user,0,train,0
movie:585:4,movie,585,4,agent,1,train,0
movie:585:5,movie,585,5,user,0,train,0
movie:585:6,movie,585,6,agent,2,train,0
movie:585:7,movie,585,7,user,2,train,0
movie:585:8,movie,585,8,agent,2,train,0
movie:585:9,movie,585,9,user,2,train,1
movie:585:10,movie,585,10,agent,2,train,0
movie:586:1,movie,586,1,user,3,validation,0
movie:586:2,movie,586,2,agent,3,validation,0
movie:586:3,movie,586,3,user,3,validation,0
movie:586:4,movie,586,4,agent,1,validation,0
movie:586:5,movie,586,5,user,2,validation,0
movie:586:6,movie,586,6,agent,2,validation,0
movie:586:7,movie,586,7,user,3,validation,1
movie:586:8,movie,586,8,agent,1,validation,0
movie:586:9,movie,586,9,user,2,validation,0
movie:586:10,movie,586,10,agent,1,validation,0
movie:586:11,movie,586,11,user,0,validation,1
movie:586:12,movie,586,12,agent,2,validation,0
movie:587:1,movie,587,1,user,0,train,1
movie:587:2,movie,587,2,agent,3,train,1
movie:587:3,movie,587,3,user,0,train,1
movie:587:4,movie,587,4,agent,1,train,1
movie:587:5,movie,587,5,user,0,train,1
movie:587:6,movie,587,6,agent,2,train,1
movie:588:1,movie,588,1,user,3,train,1
movie:588:2,movie,588,2,agent,3,train,1
movie:588:3,movie,588,3,user,3,train,0
movie:588:4,movie,588,4,agent,1,train,1
movie:588:5,movie,588,5,user,0,train,0
movie:588:6,movie,588,6,agent,2,train,1
movie:588:7,movie,588,7,user,3,train,0
movie:588:8,movie,588,8,agent,1,train,0
movie:589:1,movie,589,1,user,1,validation,0
movie:589:2,movie,589,2,agent,1,validation,0
movie:589:3,movie,589,3,user,0,validation,1
movie:589:4,movie,589,4,agent,2,validation,1
movie:589:5,movie,589,5,user,2,validation,0
movie:589:6,movie,589,6,agent,2,validation,0
movie:590:1,movie,590,1,user,3,train,1
movie:590:2,movie,590,2,agent,0,train,1
movie:590:3,movie,590,3,user,0,train,1
movie:590:4,movie,590,4,agent,3,train,1
movie:591:1,movie,591,1,user,1,test,0
movie:591:2,movie,591,2,agent,3,test,0
movie:591:3,movie,591,3,user,0,test,0
movie:591:4,movie,591,4,agent,2,test,0
movie:591:5,movie,591,5,user,2,test,0
movie:591:6,movie,591,6,agent,2,test,0
movie:591:7,movie,591,7,user,0,test,0
movie:591:8,movie,591,8,agent,2,test,0
movie:591:9,movie,591,9,user,2,test,0
movie:591:10,movie,591,10,agent,2,test,1
movie:592:1,movie,592,1,user,2,test,0
movie:592:2,movie,592,2,agent,2,test,1
movie:592:3,movie,592,3,user,0,test,1
movie:592:4,movie,592,4,agent,2,test,0
movie:592:5,movie,592,5,user,3,test,1
movie:592:6,movie,592,6,agent,2,test,1
movie:593:1,movie,593,1,user,0,train,0
movie:593:2,movie,593,2,agent,1,train,0
movie:593:3,movie,593,3,user,2,train,0
movie:593:4,movie,593,4,agent,2,train,1
movie:593:5,movie,593,5,user,0,train,1
movie:593:6,movie,593,6,agent,2,train,1
movie:593:7,movie,593,7,user,2,train,1
movie:593:8,movie,593,8,agent,1,train,0
movie:594:1,movie,594,1,user,0,test,0
movie:594:2,movie,594,2,agent,2,test,0
movie:594:3,movie,594,3,user,1,test,0
movie:594:4,movie,594,4,agent,1,test,0
movie:594:5,movie,594,5,user,0,test,1
movie:594:6,movie,594,6,agent,2,test,0
movie:594:7,movie,594,7,user,3,test,0
movie:594:8,movie,594,8,agent,2,test,1
movie:595:1,movie,595,1,user,1,train,0
movie:595:2,movie,595,2,agent,1,train,0
movie:595:3,movie,595,3,user,3,train,0
movie:595:4,movie,595,4,agent,2,train,1
movie:595:5,movie,595,5,user,2,train,1
movie:595:6,movie,595,6,agent,1,train,0
movie:595:7,movie,595,7,user,0,train,0
movie:595:8,movie,595,8,agent,0,train,0
movie:595:9,movie,595,9,user,0,train,0
movie:595:10,movie,595,10,agent,0,train,0
movie:595:11,movie,595,11,user,0,train,1
movie:595:12,movie,595,12,agent,2,train,0
movie:596:1,movie,596,1,user,0,train,0
movie:596:2,movie,596,2,agent,1,train,1
movie:596:3,movie,596,3,user,0,train,0
movie:596:4,movie,596,4,agent,1,train,1
movie:596:5,movie,596,5,user,3,train,1
movie:596:6,movie,596,6,agent,2,train,1
movie:596:7,movie,596,7,user,0,train,0
movie:596:8,movie,596,8,agent,2,train,1
movie:597:1,movie,597,1,user,1,train,1
movie:597:2,movie,597,2,agent,3,train,1
movie:597:3,movie,597,3,user,0,train,0
movie:597:4,movie,597,4,agent,2,train,0
movie:597:5,movie,597,5,user,3,train,1
movie:597:6,movie,597,6,agent,3,train,1
movie:597:7,movie,597,7,user,3,train,1
movie:597:8,movie,597,8,agent,3,train,0
movie:598:1,movie,598,1,user,1,test,0
movie:598:2,movie,598,2,agent,1,test,0
movie:598:3,movie,598,3,user,0,test,0
movie:598:4,movie,598,4,agent,2,test,0
movie:598:5,movie,598,5,user,0,test,0
movie:598:6,movie,598,6,agent,1,test,0
movie:598:7,movie,598,7,user,0,test,0
movie:598:8,movie,598,8,agent,2,test,0
movie:598:9,movie,598,9,user,0,test,0
movie:598:10,movie,598,10,agent,3,test,1
movie:599:1,movie,599,1,user,1,validation,0
movie:599:2,movie,599,2,agent,1,validation,0
movie:599:3,movie,599,3,user,1,validation,0
movie:599:4,movie,599,4,agent,2,validation,0
movie:599:5,movie,599,5,user,0,validation,0
movie:599:6,movie,599,6,agent,2,validation,0
movie:599:7,movie,599,7,user,2,validation,0
movie:599:8,movie,599,8,agent,2,validation,0
movie:600:1,movie,600,1,user,0,train,1
movie:600:2,movie,600,2,agent,2,train,0
movie:600:3,movie,600,3,user,2,train,1
movie:600:4,movie,600,4,agent,2,train,0
movie:600:5,movie,600,5,user,0,train,1
movie:600:6,movie,600,6,agent,2,train,0
movie:600:7,movie,600,7,user,0,train,1
movie:600:8,movie,600,8,agent,2,train,0
movie:600:9,movie,600,9,user,0,train,0
movie:600:10,movie,600,10,agent,2,train,0
movie:601:1,movie,601,1,user,3,train,1
movie:601:2,movie,601,2,agent,1,train,1
movie:601:3,movie,601,3,user,0,train,0
movie:601:4,movie,601,4,agent,2,train,0
movie:601:5,movie,601,5,user,0,train,0
movie:601:6,movie,601,6,agent,0,train,1
movie:601:7,movie,601,7,user,0,train,0
movie:601:8,movie,601,8,agent,3,train,0
movie:601:9,movie,601,9,user,0,train,0
movie:601:10,movie,601,10,agent,2,train,0
movie:602:1,movie,602,1,user,3,train,1
movie:602:2,movie,602,2,agent,3,train,1
movie:602:3,movie,602,3,user,3,train,0
movie:602:4,movie,602,4,agent,2,train,0
movie:602:5,movie,602,5,user,3,train,1
movie:602:6,movie,602,6,agent,2,train,0
movie:602:7,movie,602,7,user,3,train,1
movie:602:8,movie,602,8,agent,2,train,0
movie:603:1,movie,603,1,user,1,train,0
movie:603:2,movie,603,2,agent,2,train,1
movie:603:3,movie,603,3,user,0,train,0
movie:603:4,movie,603,4,agent,1,train,0
movie:603:5,movie,603,5,user,0,train,0
movie:603:6,movie,603,6,agent,0,train,1
movie:603:7,movie,603,7,user,0,train,0
movie:603:8,movie,603,8,agent,1,train,1
movie:604:1,movie,604,1,user,1,validation,1
movie:604:2,movie,604,2,agent,3,validation,1
movie:604:3,movie,604,3,user,0,validation,0
movie:604:4,movie,604,4,agent,2,validation,1
movie:604:5,movie,604,5,user,0,validation,1
movie:604:6,movie,604,6,agent,1,validation,1
movie:604:7,movie,604,7,user,0,validation,1
movie:604:8,movie,604,8,agent,0,validation,1
movie:604:9,movie,604,9,user,0,validation,0
movie:604:10,movie,604,10,agent,2,validation,0
movie:604:11,movie,604,11,user,3,validation,1
movie:604:12,movie,604,12,agent,2,validation,0
movie:605:1,movie,605,1,user,1,validation,1
movie:605:2,movie,605,2,agent,1,validation,0
movie:605:3,movie,605,3,user,0,validation,1
movie:605:4,movie,605,4,agent,1,validation,0
movie:605:5,movie,605,5,user,1,validation,0
movie:605:6,movie,605,6,agent,2,validation,0
movie:605:7,movie,605,7,user,2,validation,0
movie:605:8,movie,605,8,agent,2,validation,0
movie:605:9,movie,605,9,user,3,validation,1
movie:605:10,movie,605,10,agent,2,validation,1
movie:606:1,movie,606,1,user,0,train,0
movie:606:2,movie,606,2,agent,1,train,0
movie:606:3,movie,606,3,user,0,train,0
movie:606:4,movie,606,4,agent,1,train,0
movie:606:5,movie,606,5,user,2,train,0
movie:606:6,movie,606,6,agent,2,train,0
movie:606:7,movie,606,7,user,0,train,1
movie:606:8,movie,606,8,agent,2,train,0
movie:607:1,movie,607,1,user,1,train,0
movie:607:2,movie,607,2,agent,2,train,0
movie:607:3,movie,607,3,user,0,train,0
movie:607:4,movie,607,4,agent,2,train,1
movie:608:1,movie,608,1,user,3,train,1
movie:608:2,movie,608,2,agent,3,train,1
movie:608:3,movie,608,3,user,2,train,1
movie:608:4,movie,608,4,agent,2,train,0
movie:608:5,movie,608,5,user,2,train,1
movie:608:6,movie,608,6,agent,2,train,0
movie:608:7,movie,608,7,user,0,train,1
movie:608:8,movie,608,8,agent,2,train,1
movie:608:9,movie,608,9,user,3,train,1
movie:608:10,movie,608,10,agent,2,train,0
movie:609:1,movie,609,1,user,1,validation,0
movie:609:2,movie,609,2,agent,1,validation,1
movie:609:3,movie,609,3,user,3,validation,1
movie:609:4,movie,609,4,agent,2,validation,0
movie:609:5,movie,609,5,user,0,validation,0
movie:609:6,movie,609,6,agent,2,validation,0
movie:609:7,movie,609,7,user,3,validation,1
movie:609:8,movie,609,8,agent,2,validation,0
movie:610:1,movie,610,1,user,1,train,1
movie:610:2,movie,610,2,agent,1,train,0
movie:610:3,movie,610,3,user,0,train,0
movie:610:4,movie,610,4,agent,2,train,0
movie:611:1,movie,611,1,user,3,test,1
movie:611:2,movie,611,2,agent,0,test,0
movie:611:3,movie,611,3,user,0,test,1
movie:611:4,movie,611,4,agent,2,test,0
movie:611:5,movie,611,5,user,3,test,1
movie:611:6,movie,611,6,agent,2,test,0
movie:612:1,movie,612,1,user,1,train,1
movie:612:2,movie,612,2,agent,2,train,0
movie:612:3,movie,612,3,user,0,train,1
movie:612:4,movie,612,4,agent,2,train,0
movie:612:5,movie,612,5,user,0,train,0
movie:612:6,movie,612,6,agent,0,train,0
movie:612:7,movie,612,7,user,0,train,0
movie:612:8,movie,612,8,agent,2,train,0
movie:612:9,movie,612,9,user,0,train,0
movie:612:10,movie,612,10,agent,2,train,0
movie:612:11,movie,612,11,user,2,train,0
movie:612:12,movie,612,12,agent,2,train,0
movie:612:13,movie,612,13,user,3,train,0
movie:612:14,movie,612,14,agent,3,train,1
movie:613:1,movie,613,1,user,1,train,0
movie:613:2,movie,613,2,agent,2,train,0
movie:613:3,movie,613,3,user,2,train,0
movie:613:4,movie,613,4,agent,3,train,1
movie:613:5,movie,613,5,user,3,train,0
movie:613:6,movie,613,6,agent,2,train,1
movie:613:7,movie,613,7,user,3,train,0
movie:613:8,movie,613,8,agent,3,train,1
movie:614:1,movie,614,1,user,3,validation,0
movie:614:2,movie,614,2,agent,2,validation,0
movie:614:3,movie,614,3,user,3,validation,1
movie:614:4,movie,614,4,agent,2,validation,0
movie:615:1,movie,615,1,user,1,train,0
movie:615:2,movie,615,2,agent,2,train,1
movie:615:3,movie,615,3,user,0,train,0
movie:615:4,movie,615,4,agent,2,train,0
movie:615:5,movie,615,5,user,0,train,0
movie:615:6,movie,615,6,agent,2,train,0
movie:615:7,movie,615,7,user,3,train,1
movie:615:8,movie,615,8,agent,3,train,1
movie:616:1,movie,616,1,user,1,train,0
movie:616:2,movie,616,2,agent,2,train,0
movie:616:3,movie,616,3,user,0,train,0
movie:616:4,movie,616,4,agent,1,train,0
movie:616:5,movie,616,5,user,0,train,0
movie:616:6,movie,616,6,agent,2,train,0
movie:616:7,movie,616,7,user,2,train,0
movie:616:8,movie,616,8,agent,2,train,1
movie:617:1,movie,617,1,user,0,test,1
movie:617:2,movie,617,2,agent,1,test,0
movie:617:3,movie,617,3,user,0,test,0
movie:617:4,movie,617,4,agent,1,test,0
movie:617:5,movie,617,5,user,0,test,0
movie:617:6,movie,617,6,agent,1,test,0
movie:617:7,movie,617,7,user,0,test,1
movie:617:8,movie,617,8,agent,2,test,0
movie:617:9,movie,617,9,user,2,test,1
movie:617:10,movie,617,10,agent,2,test,0
movie:618:1,movie,618,1,user,1,test,0
movie:618:2,movie,618,2,agent,1,test,0
movie:618:3,movie,618,3,user,1,test,1
movie:618:4,movie,618,4,agent,2,test,0
movie:618:5,movie,618,5,user,3,test,0
movie:618:6,movie,618,6,agent,2,test,0
movie:618:7,movie,618,7,user,2,test,0
movie:618:8,movie,618,8,agent,2,test,1
movie:618:9,movie,618,9,user,3,test,0
movie:618:10,movie,618,10,agent,3,test,0
movie:619:1,movie,619,1,user,2,train,0
movie:619:2,movie,619,2,agent,2,train,0
movie:619:3,movie,619,3,user,0,train,0
movie:619:4,movie,619,4,agent,1,train,1
movie:620:1,movie,620,1,user,1,validation,0
movie:620:2,movie,620,2,agent,2,validation,0
movie:620:3,movie,620,3,user,2,validation,0
movie:620:4,movie,620,4,agent,2,validation,0
movie:621:1,movie,621,1,user,3,train,1
movie:621:2,movie,621,2,agent,2,train,0
movie:621:3,movie,621,3,user,2,train,0
movie:621:4,movie,621,4,agent,2,train,0
movie:622:1,movie,622,1,user,1,test,0
movie:622:2,movie,622,2,agent,1,test,0
movie:622:3,movie,622,3,user,0,test,0
movie:622:4,movie,622,4,agent,1,test,0
movie:622:5,movie,622,5,user,0,test,1
movie:622:6,movie,622,6,agent,1,test,0
movie:622:7,movie,622,7,user,0,test,0
movie:622:8,movie,622,8,agent,2,test,1
movie:622:9,movie,622,9,user,2,test,0
movie:622:10,movie,622,10,agent,2,test,0
movie:623:1,movie,623,1,user,2,train,1
movie:623:2,movie,623,2,agent,3,train,0
movie:623:3,movie,623,3,user,2,train,0
movie:623:4,movie,623,4,agent,2,train,0
movie:623:5,movie,623,5,user,2,train,0
movie:623:6,movie,623,6,agent,2,train,0
movie:623:7,movie,623,7,user,2,train,0
movie:623:8,movie,623,8,agent,2,train,0
movie:623:9,movie,623,9,user,3,train,0
movie:623:10,movie,623,10,agent,3,train,0
movie:624:1,movie,624,1,user,1,train,0
movie:624:2,movie,624,2,agent,2,train,0
movie:624:3,movie,624,3,user,0,train,0
movie:624:4,movie,624,4,agent,2,train,0
movie:624:5,movie,624,5,user,2,train,1
movie:624:6,movie,624,6,agent,2,train,0
movie:624:7,movie,624,7,user,3,train,0
movie:624:8,movie,624,8,agent,2,train,0
movie:624:9,movie,624,9,user,3,train,1
movie:624:10,movie,624,10,agent,3,train,0
movie:625:1,movie,625,1,user,3,train,0
movie:625:2,movie,625,2,agent,0,train,0
movie:625:3,movie,625,3,user,0,train,1
movie:625:4,movie,625,4,agent,2,train,1
movie:625:5,movie,625,5,user,2,train,0
movie:625:6,movie,625,6,agent,2,train,0
movie:626:1,movie,626,1,user,1,validation,0
movie:626:2,movie,626,2,agent,2,validation,1
movie:626:3,movie,626,3,user,0,validation,0
movie:626:4,movie,626,4,agent,1,validation,0
movie:627:1,movie,627,1,user,3,train,1
movie:627:2,movie,627,2,agent,2,train,1
movie:627:3,movie,627,3,user,2,train,0
movie:627:4,movie,627,4,agent,2,train,0
movie:627:5,movie,627,5,user,3,train,1
movie:627:6,movie,627,6,agent,2,train,0
movie:627:7,movie,627,7,user,3,train,1
movie:627:8,movie,627,8,agent,3,train,1
movie:628:1,movie,628,1,user,3,validation,1
movie:628:2,movie,628,2,agent,2,validation,0
movie:628:3,movie,628,3,user,3,validation,0
movie:628:4,movie,628,4,agent,2,validation,0
movie:628:5,movie,628,5,user,3,validation,1
movie:628:6,movie,628,6,agent,3,validation,1
movie:629:1,movie,629,1,user,3,validation,0
movie:629:2,movie,629,2,agent,2,validation,0
movie:629:3,movie,629,3,user,3,validation,1
movie:629:4,movie,629,4,agent,2,validation,0
movie:629:5,movie,629,5,user,3,validation,1
movie:629:6,movie,629,6,agent,3,validation,0
movie:630:1,movie,630,1,user,1,test,0
movie:630:2,movie,630,2,agent,0,test,1
movie:630:3,movie,630,3,user,0,test,0
movie:630:4,movie,630,4,agent,1,test,0
movie:630:5,movie,630,5,user,3,test,0
movie:630:6,movie,630,6,agent,2,test,0
movie:630:7,movie,630,7,user,2,test,0
movie:630:8,movie,630,8,agent,2,test,0
movie:631:1,movie,631,1,user,2,train,1
movie:631:2,movie,631,2,agent,2,train,1
movie:631:3,movie,631,3,user,3,train,0
movie:631:4,movie,631,4,agent,2,train,0
movie:631:5,movie,631,5,user,3,train,0
movie:631:6,movie,631,6,agent,3,train,1
movie:632:1,movie,632,1,user,1,validation,0
movie:632:2,movie,632,2,agent,2,validation,0
movie:632:3,movie,632,3,user,2,validation,1
movie:632:4,movie,632,4,agent,2,validation,1
movie:632:5,movie,632,5,user,3,validation,1
movie:632:6,movie,632,6,agent,3,validation,0
movie:633:1,movie,633,1,user,2,train,0
movie:633:2,movie,633,2,agent,2,train,0
movie:633:3,movie,633,3,user,0,train,0
movie:633:4,movie,633,4,agent,3,train,0
movie:633:5,movie,633,5,user,0,train,0
movie:633:6,movie,633,6,agent,2,train,0
movie:633:7,movie,633,7,user,2,train,1
movie:633:8,movie,633,8,agent,2,train,1
movie:634:1,movie,634,1,user,3,test,1
movie:634:2,movie,634,2,agent,2,test,0
movie:634:3,movie,634,3,user,3,test,0
movie:634:4,movie,634,4,agent,2,test,1
movie:634:5,movie,634,5,user,3,test,1
movie:634:6,movie,634,6,agent,3,test,0
movie:635:1,movie,635,1,user,2,validation,1
movie:635:2,movie,635,2,agent,2,validation,1
movie:635:3,movie,635,3,user,3,validation,1
movie:635:4,movie,635,4,agent,2,validation,0
movie:635:5,movie,635,5,user,3,validation,0
movie:635:6,movie,635,6,agent,3,validation,1
movie:636:1,movie,636,1,user,2,train,0
movie:636:2,movie,636,2,agent,3,train,1
movie:636:3,movie,636,3,user,2,train,0
movie:636:4,movie,636,4,agent,2,train,0
movie:636:5,movie,636,5,user,3,train,1
movie:636:6,movie,636,6,agent,3,train,0
movie:637:1,movie,637,1,user,1,train,0
movie:637:2,movie,637,2,agent,2,train,0
movie:637:3,movie,637,3,user,0,train,0
movie:637:4,movie,637,4,agent,1,train,1
movie:637:5,movie,637,5,user,0,train,0
movie:637:6,movie,637,6,agent,2,train,0
movie:637:7,movie,637,7,user,0,train,0
movie:637:8,movie,637,8,agent,2,train,0
movie:637:9,movie,637,9,user,2,train,0
movie:637:10,movie,637,10,agent,2,train,0
movie:638:1,movie,638,1,user,1,validation,0
movie:638:2,movie,638,2,agent,2,validation,0
movie:638:3,movie,638,3,user,1,validation,0
movie:638:4,movie,638,4,agent,2,validation,0
movie:639:1,movie,639,1,user,2,train,0
movie:639:2,movie,639,2,agent,2,train,0
movie:639:3,movie,639,3,user,2,train,0
movie:639:4,movie,639,4,agent,2,train,0
movie:640:1,movie,640,1,user,1,train,0
movie:640:2,movie,640,2,agent,0,train,0
movie:640:3,movie,640,3,user,0,train,0
movie:640:4,movie,640,4,agent,2,train,0
movie:641:1,movie,641,1,user,1,train,0
movie:641:2,movie,641,2,agent,1,train,0
movie:641:3,movie,641,3,user,0,train,1
movie:641:4,movie,641,4,agent,3,train,1
movie:641:5,movie,641,5,user,1,train,1
movie:641:6,movie,641,6,agent,2,train,0
movie:641:7,movie,641,7,user,2,train,0
movie:641:8,movie,641,8,agent,2,train,0
movie:641:9,movie,641,9,user,0,train,0
movie:641:10,movie,641,10,agent,2,train,1
movie:641:11,movie,641,11,user,2,train,1
movie:641:12,movie,641,12,agent,2,train,1
movie:642:1,movie,642,1,user,2,test,0
movie:642:2,movie,642,2,agent,2,test,0
movie:642:3,movie,642,3,user,2,test,0
movie:642:4,movie,642,4,agent,2,test,0
movie:643:1,movie,643,1,user,1,train,0
movie:643:2,movie,643,2,agent,2,train,0
movie:643:3,movie,643,3,user,0,train,0
movie:643:4,movie,643,4,agent,2,train,1
movie:644:1,movie,644,1,user,1,train,0
movie:644:2,movie,644,2,agent,2,train,0
movie:644:3,movie,644,3,user,0,train,1
movie:644:4,movie,644,4,agent,2,train,1
movie:644:5,movie,644,5,user,3,train,0
movie:644:6,movie,644,6,agent,2,train,0
movie:644:7,movie,644,7,user,3,train,0
movie:644:8,movie,644,8,agent,3,train,0
movie:645:1,movie,645,1,user,1,train,0
movie:645:2,movie,645,2,agent,1,train,0
movie:645:3,movie,645,3,user,2,train,1
movie:645:4,movie,645,4,agent,2,train,1
movie:645:5,movie,645,5,user,2,train,1
movie:645:6,movie,645,6,agent,2,train,0
movie:646:1,movie,646,1,user,2,train,0
movie:646:2,movie,646,2,agent,2,train,1
movie:646:3,movie,646,3,user,2,train,0
movie:646:4,movie,646,4,agent,2,train,0
movie:647:1,movie,647,1,user,1,train,0
movie:647:2,movie,647,2,agent,1,train,1
movie:647:3,movie,647,3,user,2,train,0
movie:647:4,movie,647,4,agent,2,train,0
movie:647:5,movie,647,5,user,2,train,0
movie:647:6,movie,647,6,agent,2,train,0
movie:647:7,movie,647,7,user,3,train,1
movie:647:8,movie,647,8,agent,2,train,0
movie:647:9,movie,647,9,user,3,train,0
movie:647:10,movie,647,10,agent,2,train,0
movie:647:11,movie,647,11,user,3,train,1
movie:647:12,movie,647,12,agent,3,train,1
movie:648:1,movie,648,1,user,1,train,0
movie:648:2,movie,648,2,agent,2,train,0
movie:648:3,movie,648,3,user,0,train,0
movie:648:4,movie,648,4,agent,2,train,0
movie:649:1,movie,649,1,user,1,train,0
movie:649:2,movie,649,2,agent,2,train,1
movie:649:3,movie,649,3,user,0,train,0
movie:649:4,movie,649,4,agent,0,train,0
movie:649:5,movie,649,5,user,0,train,0
movie:649:6,movie,649,6,agent,1,train,0
movie:650:1,movie,650,1,user,3,train,0
movie:650:2,movie,650,2,agent,0,train,0
movie:650:3,movie,650,3,user,0,train,0
movie:650:4,movie,650,4,agent,2,train,0
movie:650:5,movie,650,5,user,3,train,1
movie:650:6,movie,650,6,agent,2,train,0
movie:650:7,movie,650,7,user,3,train,0
movie:650:8,movie,650,8,agent,2,train,1
movie:650:9,movie,650,9,user,3,train,1
movie:650:10,movie,650,10,agent,2,train,0
movie:651:1,movie,651,1,user,1,train,0
movie:651:2,movie,651,2,agent,3,train,1
movie:651:3,movie,651,3,user,2,train,0
movie:651:4,movie,651,4,agent,2,train,0
movie:651:5,movie,651,5,user,3,train,0
movie:651:6,movie,651,6,agent,2,train,0
movie:651:7,movie,651,7,user,3,train,0
movie:651:8,movie,651,8,agent,3,train,1
movie:652:1,movie,652,1,user,2,validation,1
movie:652:2,movie,652,2,agent,2,validation,0
movie:652:3,movie,652,3,user,0,validation,1
movie:652:4,movie,652,4,agent,2,validation,0
movie:653:1,movie,653,1,user,1,train,0
movie:653:2,movie,653,2,agent,2,train,0
movie:653:3,movie,653,3,user,0,train,0
movie:653:4,movie,653,4,agent,2,train,0
movie:653:5,movie,653,5,user,2,train,0
movie:653:6,movie,653,6,agent,3,train,0
movie:654:1,movie,654,1,user,2,train,0
movie:654:2,movie,654,2,agent,2,train,0
movie:654:3,movie,654,3,user,0,train,0
movie:654:4,movie,654,4,agent,3,train,0
movie:654:5,movie,654,5,user,0,train,0
movie:654:6,movie,654,6,agent,2,train,1
movie:654:7,movie,654,7,user,2,train,0
movie:654:8,movie,654,8,agent,2,train,1
movie:655:1,movie,655,1,user,1,train,0
movie:655:2,movie,655,2,agent,0,train,0
movie:655:3,movie,655,3,user,0,train,0
movie:655:4,movie,655,4,agent,1,train,1
movie:655:5,movie,655,5,user,0,train,1
movie:655:6,movie,655,6,agent,2,train,0
movie:655:7,movie,655,7,user,0,train,0
movie:655:8,movie,655,8,agent,2,train,0
movie:655:9,movie,655,9,user,3,train,1
movie:655:10,movie,655,10,agent,3,train,1
movie:656:1,movie,656,1,user,3,test,0
movie:656:2,movie,656,2,agent,0,test,0
movie:656:3,movie,656,3,user,0,test,0
movie:656:4,movie,656,4,agent,2,test,0
movie:657:1,movie,657,1,user,1,train,0
movie:657:2,movie,657,2,agent,2,train,0
movie:657:3,movie,657,3,user,2,train,0
movie:657:4,movie,657,4,agent,2,train,1
movie:657:5,movie,657,5,user,0,train,0
movie:657:6,movie,657,6,agent,2,train,0
movie:658:1,movie,658,1,user,2,train,0
movie:658:2,movie,658,2,agent,2,train,0
movie:658:3,movie,658,3,user,3,train,1
movie:658:4,movie,658,4,agent,3,train,1
movie:659:1,movie,659,1,user,2,train,0
movie:659:2,movie,659,2,agent,2,train,0
movie:659:3,movie,659,3,user,2,train,0
movie:659:4,movie,659,4,agent,2,train,0
movie:660:1,movie,660,1,user,1,train,0
movie:660:2,movie,660,2,agent,0,train,1
movie:660:3,movie,660,3,user,0,train,1
movie:660:4,movie,660,4,agent,2,train,1
movie:661:1,movie,661,1,user,0,test,1
movie:661:2,movie,661,2,agent,3,test,1
movie:661:3,movie,661,3,user,2,test,1
movie:661:4,movie,661,4,agent,2,test,0
movie:661:5,movie,661,5,user,2,test,1
movie:661:6,movie,661,6,agent,2,test,0
movie:662:1,movie,662,1,user,1,test,0
movie:662:2,movie,662,2,agent,2,test,0
movie:662:3,movie,662,3,user,2,test,0
movie:662:4,movie,662,4,agent,2,test,1
movie:663:1,movie,663,1,user,1,train,1
movie:663:2,movie,663,2,agent,2,train,0
movie:663:3,movie,663,3,user,2,train,1
movie:663:4,movie,663,4,agent,2,train,1
movie:663:5,movie,663,5,user,2,train,0
movie:663:6,movie,663,6,agent,2,train,0
movie:663:7,movie,663,7,user,3,train,0
movie:663:8,movie,663,8,agent,3,train,1
movie:664:1,movie,664,1,user,0,train,1
movie:664:2,movie,664,2,agent,1,train,0
movie:664:3,movie,664,3,user,3,train,1
movie:664:4,movie,664,4,agent,3,train,1
movie:664:5,movie,664,5,user,2,train,0
movie:664:6,movie,664,6,agent,1,train,0
movie:664:7,movie,664,7,user,0,train,0
movie:664:8,movie,664,8,agent,2,train,0
movie:665:1,movie,665,1,user,1,train,0
movie:665:2,movie,665,2,agent,1,train,1
movie:665:3,movie,665,3,user,2,train,0
movie:665:4,movie,665,4,agent,3,train,1
movie:665:5,movie,665,5,user,3,train,1
movie:665:6,movie,665,6,agent,3,train,1
movie:666:1,movie,666,1,user,2,validation,0
movie:666:2,movie,666,2,agent,2,validation,0
movie:666:3,movie,666,3,user,2,validation,1
movie:666:4,movie,666,4,agent,2,validation,0
movie:667:1,movie,667,1,user,0,train,0
movie:667:2,movie,667,2,agent,0,train,1
movie:667:3,movie,667,3,user,0,train,1
movie:667:4,movie,667,4,agent,3,train,1
movie:668:1,movie,668,1,user,1,train,1
movie:668:2,movie,668,2,agent,0,train,0
movie:668:3,movie,668,3,user,2,train,0
movie:668:4,movie,668,4,agent,1,train,0
movie:668:5,movie,668,5,user,0,train,0
movie:668:6,movie,668,6,agent,2,train,0
movie:668:7,movie,668,7,user,0,train,1
movie:668:8,movie,668,8,agent,2,train,0
movie:669:1,movie,669,1,user,3,train,0
movie:669:2,movie,669,2,agent,3,train,1
movie:669:3,movie,669,3,user,2,train,0
movie:669:4,movie,669,4,agent,2,train,0
movie:669:5,movie,669,5,user,2,train,1
movie:669:6,movie,669,6,agent,2,train,1
movie:669:7,movie,669,7,user,0,train,0
movie:669:8,movie,669,8,agent,2,train,0
movie:669:9,movie,669,9,user,0,train,1
movie:669:10,movie,669,10,agent,2,train,0
movie:669:11,movie,669,11,user,0,train,0
movie:669:12,movie,669,12,agent,2,train,0
movie:669:13,movie,669,13,user,3,train,1
movie:669:14,movie,669,14,agent,3,train,1
movie:670:1,movie,670,1,user,1,train,0
movie:670:2,movie,670,2,agent,0,train,0
movie:670:3,movie,670,3,user,0,train,0
movie:670:4,movie,670,4,agent,2,train,0
movie:670:5,movie,670,5,user,0,train,0
movie:670:6,movie,670,6,agent,3,train,1
movie:670:7,movie,670,7,user,2,train,0
movie:670:8,movie,670,8,agent,0,train,1
movie:670:9,movie,670,9,user,0,train,1
movie:670:10,movie,670,10,agent,2,train,0
movie:670:11,movie,670,11,user,2,train,0
movie:670:12,movie,670,12,agent,2,train,1
movie:670:13,movie,670,13,user,3,train,1
movie:670:14,movie,670,14,agent,3,train,1
movie:671:1,movie,671,1,user,1,train,0
movie:671:2,movie,671,2,agent,2,train,1
movie:671:3,movie,671,3,user,2,train,1
movie:671:4,movie,671,4,agent,2,train,1
movie:672:1,movie,672,1,user,2,train,1
movie:672:2,movie,672,2,agent,3,train,0
movie:672:3,movie,672,3,user,0,train,1
movie:672:4,movie,672,4,agent,2,train,0
movie:672:5,movie,672,5,user,3,train,1
movie:672:6,movie,672,6,agent,2,train,0
movie:673:1,movie,673,1,user,3,test,0
movie:673:2,movie,673,2,agent,2,test,0
movie:673:3,movie,673,3,user,3,test,1
movie:673:4,movie,673,4,agent,2,test,0
movie:673:5,movie,673,5,user,3,test,1
movie:673:6,movie,673,6,agent,3,test,0
movie:674:1,movie,674,1,user,1,train,0
movie:674:2,movie,674,2,agent,3,train,1
movie:674:3,movie,674,3,user,0,train,1
movie:674:4,movie,674,4,agent,2,train,0
movie:674:5,movie,674,5,user,3,train,1
movie:674:6,movie,674,6,agent,0,train,1
movie:674:7,movie,674,7,user,3,train,1
movie:674:8,movie,674,8,agent,2,train,1
movie:674:9,movie,674,9,user,3,train,0
movie:674:10,movie,674,10,agent,2,train,0
movie:674:11,movie,674,11,user,3,train,1
movie:674:12,movie,674,12,agent,3,train,1
movie:675:1,movie,675,1,user,1,train,0
movie:675:2,movie,675,2,agent,2,train,0
movie:675:3,movie,675,3,user,0,train,0
movie:675:4,movie,675,4,agent,2,train,0
movie:675:5,movie,675,5,user,2,train,1
movie:675:6,movie,675,6,agent,2,train,0
movie:675:7,movie,675,7,user,2,train,1
movie:675:8,movie,675,8,agent,2,train,1
movie:676:1,movie,676,1,user,1,train,0
movie:676:2,movie,676,2,agent,0,train,1
movie:676:3,movie,676,3,user,0,train,0
movie:676:4,movie,676,4,agent,1,train,0
movie:677:1,movie,677,1,user,3,train,1
movie:677:2,movie,677,2,agent,2,train,0
movie:677:3,movie,677,3,user,3,train,0
movie:677:4,movie,677,4,agent,2,train,0
movie:677:5,movie,677,5,user,3,train,0
movie:677:6,movie,677,6,agent,3,train,0
movie:678:1,movie,678,1,user,1,train,0
movie:678:2,movie,678,2,agent,2,train,0
movie:678:3,movie,678,3,user,0,train,0
movie:678:4,movie,678,4,agent,1,train,0
movie:678:5,movie,678,5,user,0,train,0
movie:678:6,movie,678,6,agent,2,train,0
movie:678:7,movie,678,7,user,0,train,1
movie:678:8,movie,678,8,agent,2,train,0
movie:678:9,movie,678,9,user,0,train,1
movie:678:10,movie,678,10,agent,2,train,0
movie:678:11,movie,678,11,user,3,train,0
movie:678:12,movie,678,12,agent,3,train,0
movie:679:1,movie,679,1,user,3,test,1
movie:679:2,movie,679,2,agent,2,test,0
movie:679:3,movie,679,3,user,0,test,0
movie:679:4,movie,679,4,agent,2,test,1
movie:679:5,movie,679,5,user,0,test,0
movie:679:6,movie,679,6,agent,1,test,1
movie:679:7,movie,679,7,user,2,test,0
movie:679:8,movie,679,8,agent,2,test,0
movie:680:1,movie,680,1,user,2,train,0
movie:680:2,movie,680,2,agent,2,train,0
movie:680:3,movie,680,3,user,2,train,0
movie:680:4,movie,680,4,agent,2,train,1
movie:681:1,movie,681,1,user,0,train,0
movie:681:2,movie,681,2,agent,0,train,0
movie:681:3,movie,681,3,user,0,train,0
movie:681:4,movie,681,4,agent,2,train,1
movie:682:1,movie,682,1,user,2,validation,1
movie:682:2,movie,682,2,agent,2,validation,1
movie:682:3,movie,682,3,user,2,validation,0
movie:682:4,movie,682,4,agent,3,validation,1
movie:682:5,movie,682,5,user,2,validation,0
movie:682:6,movie,682,6,agent,3,validation,0
movie:682:7,movie,682,7,user,0,validation,1
movie:682:8,movie,682,8,agent,2,validation,1
movie:682:9,movie,682,9,user,2,validation,1
movie:682:10,movie,682,10,agent,2,validation,1
movie:683:1,movie,683,1,user,0,train,0
movie:683:2,movie,683,2,agent,1,train,1
movie:683:3,movie,683,3,user,2,train,0
movie:683:4,movie,683,4,agent,2,train,0
movie:683:5,movie,683,5,user,0,train,0
movie:683:6,movie,683,6,agent,2,train,1
movie:684:1,movie,684,1,user,1,train,0
movie:684:2,movie,684,2,agent,0,train,1
movie:684:3,movie,684,3,user,0,train,1
movie:684:4,movie,684,4,agent,1,train,0
movie:684:5,movie,684,5,user,0,train,0
movie:684:6,movie,684,6,agent,0,train,0
movie:684:7,movie,684,7,user,0,train,0
movie:684:8,movie,684,8,agent,2,train,0
movie:685:1,movie,685,1,user,2,test,0
movie:685:2,movie,685,2,agent,2,test,1
movie:685:3,movie,685,3,user,0,test,1
movie:685:4,movie,685,4,agent,3,test,1
movie:685:5,movie,685,5,user,0,test,0
movie:685:6,movie,685,6,agent,2,test,1
movie:685:7,movie,685,7,user,0,test,0
movie:685:8,movie,685,8,agent,2,test,0
movie:686:1,movie,686,1,user,3,train,0
movie:686:2,movie,686,2,agent,2,train,0
movie:686:3,movie,686,3,user,3,train,1
movie:686:4,movie,686,4,agent,2,train,0
movie:686:5,movie,686,5,user,3,train,0
movie:686:6,movie,686,6,agent,3,train,0
movie:687:1,movie,687,1,user,2,train,1
movie:687:2,movie,687,2,agent,2,train,0
movie:687:3,movie,687,3,user,0,train,0
movie:687:4,movie,687,4,agent,2,train,0
movie:687:5,movie,687,5,user,2,train,1
movie:687:6,movie,687,6,agent,2,train,0
movie:688:1,movie,688,1,user,1,train,0
movie:688:2,movie,688,2,agent,2,train,1
movie:688:3,movie,688,3,user,0,train,0
movie:688:4,movie,688,4,agent,2,train,0
movie:688:5,movie,688,5,user,0,train,0
movie:688:6,movie,688,6,agent,0,train,0
movie:688:7,movie,688,7,user,0,train,1
movie:688:8,movie,688,8,agent,2,train,0
movie:688:9,movie,688,9,user,2,train,0
movie:688:10,movie,688,10,agent,2,train,1
movie:688:11,movie,688,11,user,3,train,0
movie:688:12,movie,688,12,agent,3,train,1
movie:689:1,movie,689,1,user,1,train,0
movie:689:2,movie,689,2,agent,1,train,0
movie:689:3,movie,689,3,user,1,train,0
movie:689:4,movie,689,4,agent,3,train,1
movie:689:5,movie,689,5,user,3,train,0
movie:689:6,movie,689,6,agent,2,train,0
movie:689:7,movie,689,7,user,2,train,1
movie:689:8,movie,689,8,agent,2,train,0
movie:689:9,movie,689,9,user,0,train,0
movie:689:10,movie,689,10,agent,2,train,1
movie:689:11,movie,689,11,user,2,train,0
movie:689:12,movie,689,12,agent,2,train,1
movie:690:1,movie,690,1,user,1,train,0
movie:690:2,movie,690,2,agent,2,train,0
movie:690:3,movie,690,3,user,0,train,0
movie:690:4,movie,690,4,agent,1,train,1
movie:691:1,movie,691,1,user,2,test,0
movie:691:2,movie,691,2,agent,2,test,0
movie:691:3,movie,691,3,user,0,test,0
movie:691:4,movie,691,4,agent,1,test,0
movie:691:5,movie,691,5,user,0,test,1
movie:691:6,movie,691,6,agent,3,test,1
movie:691:7,movie,691,7,user,2,test,0
movie:691:8,movie,691,8,agent,2,test,1
movie:692:1,movie,692,1,user,1,train,0
movie:692:2,movie,692,2,agent,2,train,0
movie:692:3,movie,692,3,user,0,train,1
movie:692:4,movie,692,4,agent,1,train,1
movie:692:5,movie,692,5,user,2,train,0
movie:692:6,movie,692,6,agent,2,train,0
movie:692:7,movie,692,7,user,3,train,1
movie:692:8,movie,692,8,agent,2,train,0
movie:692:9,movie,692,9,user,3,train,0
movie:692:10,movie,692,10,agent,3,train,0
movie:693:1,movie,693,1,user,3,train,0
movie:693:2,movie,693,2,agent,2,train,0
movie:693:3,movie,693,3,user,2,train,0
movie:693:4,movie,693,4,agent,2,train,0
movie:693:5,movie,693,5,user,3,train,0
movie:693:6,movie,693,6,agent,3,train,1
movie:694:1,movie,694,1,user,1,test,0
movie:694:2,movie,694,2,agent,1,test,0
movie:694:3,movie,694,3,user,2,test,0
movie:694:4,movie,694,4,agent,1,test,0
movie:694:5,movie,694,5,user,2,test,0
movie:694:6,movie,694,6,agent,2,test,1
movie:694:7,movie,694,7,user,2,test,0
movie:694:8,movie,694,8,agent,2,test,0
movie:694:9,movie,694,9,user,0,test,0
movie:694:10,movie,694,10,agent,2,test,0
movie:695:1,movie,695,1,user,3,test,1
movie:695:2,movie,695,2,agent,2,test,1
movie:695:3,movie,695,3,user,0,test,1
movie:695:4,movie,695,4,agent,2,test,0
movie:696:1,movie,696,1,user,3,train,1
movie:696:2,movie,696,2,agent,2,train,0
movie:696:3,movie,696,3,user,2,train,1
movie:696:4,movie,696,4,agent,2,train,0
movie:696:5,movie,696,5,user,3,train,0
movie:696:6,movie,696,6,agent,3,train,1
movie:697:1,movie,697,1,user,2,train,0
movie:697:2,movie,697,2,agent,2,train,0
movie:697:3,movie,697,3,user,2,train,0
movie:697:4,movie,697,4,agent,2,train,0
movie:698:1,movie,698,1,user,2,test,0
movie:698:2,movie,698,2,agent,2,test,0
movie:698:3,movie,698,3,user,2,test,1
movie:698:4,movie,698,4,agent,2,test,0
movie:698:5,movie,698,5,user,3,test,0
movie:698:6,movie,698,6,agent,3,test,1
movie:699:1,movie,699,1,user,3,train,1
movie:699:2,movie,699,2,agent,3,train,1
movie:699:3,movie,699,3,user,3,train,1
movie:699:4,movie,699,4,agent,2,train,0
movie:700:1,movie,700,1,user,0,train,0
movie:700:2,movie,700,2,agent,0,train,0
movie:700:3,movie,700,3,user,0,train,1
movie:700:4,movie,700,4,agent,1,train,0
movie:700:5,movie,700,5,user,0,train,0
movie:700:6,movie,700,6,agent,0,train,1
movie:700:7,movie,700,7,user,0,train,1
movie:700:8,movie,700,8,agent,2,train,1
movie:701:1,movie,701,1,user,1,train,1
movie:701:2,movie,701,2,agent,2,train,1
movie:701:3,movie,701,3,user,3,train,0
movie:701:4,movie,701,4,agent,2,train,1
movie:701:5,movie,701,5,user,0,train,0
movie:701:6,movie,701,6,agent,2,train,0
movie:701:7,movie,701,7,user,3,train,0
movie:701:8,movie,701,8,agent,2,train,0
movie:702:1,movie,702,1,user,1,train,0
movie:702:2,movie,702,2,agent,3,train,1
movie:702:3,movie,702,3,user,2,train,1
movie:702:4,movie,702,4,agent,2,train,0
movie:703:1,movie,703,1,user,3,train,0
movie:703:2,movie,703,2,agent,3,train,0
movie:703:3,movie,703,3,user,0,train,1
movie:703:4,movie,703,4,agent,3,train,0
movie:703:5,movie,703,5,user,2,train,0
movie:703:6,movie,703,6,agent,2,train,0
movie:703:7,movie,703,7,user,3,train,1
movie:703:8,movie,703,8,agent,2,train,0
movie:704:1,movie,704,1,user,1,train,1
movie:704:2,movie,704,2,agent,2,train,0
movie:704:3,movie,704,3,user,2,train,0
movie:704:4,movie,704,4,agent,2,train,0
movie:705:1,movie,705,1,user,3,train,1
movie:705:2,movie,705,2,agent,2,train,0
movie:705:3,movie,705,3,user,0,train,0
movie:705:4,movie,705,4,agent,2,train,1
movie:705:5,movie,705,5,user,3,train,1
movie:705:6,movie,705,6,agent,2,train,0
movie:705:7,movie,705,7,user,3,train,1
movie:705:8,movie,705,8,agent,3,train,1
movie:706:1,movie,706,1,user,3,train,1
movie:706:2,movie,706,2,agent,2,train,0
movie:706:3,movie,706,3,user,2,train,0
movie:706:4,movie,706,4,agent,3,train,0
movie:706:5,movie,706,5,user,3,train,0
movie:706:6,movie,706,6,agent,3,train,1
movie:707:1,movie,707,1,user,2,test,0
movie:707:2,movie,707,2,agent,2,test,0
movie:707:3,movie,707,3,user,2,test,0
movie:707:4,movie,707,4,agent,2,test,1
movie:708:1,movie,708,1,user,3,train,1
movie:708:2,movie,708,2,agent,0,train,0
movie:708:3,movie,708,3,user,0,train,1
movie:708:4,movie,708,4,agent,2,train,0
movie:708:5,movie,708,5,user,3,train,0
movie:708:6,movie,708,6,agent,2,train,0
movie:708:7,movie,708,7,user,3,train,1
movie:708:8,movie,708,8,agent,3,train,1
movie:709:1,movie,709,1,user,2,train,0
movie:709:2,movie,709,2,agent,1,train,0
movie:709:3,movie,709,3,user,2,train,0
movie:709:4,movie,709,4,agent,0,train,0
movie:709:5,movie,709,5,user,0,train,0
movie:709:6,movie,709,6,agent,2,train,0
movie:709:7,movie,709,7,user,3,train,1
movie:709:8,movie,709,8,agent,2,train,0
movie:709:9,movie,709,9,user,3,train,0
movie:709:10,movie,709,10,agent,3,train,1
movie:710:1,movie,710,1,user,2,train,0
movie:710:2,movie,710,2,agent,2,train,1
movie:710:3,movie,710,3,user,0,train,0
movie:710:4,movie,710,4,agent,2,train,0
movie:710:5,movie,710,5,user,2,train,0
movie:710:6,movie,710,6,agent,2,train,0
movie:710:7,movie,710,7,user,3,train,0
movie:710:8,movie,710,8,agent,2,train,0
movie:711:1,movie,711,1,user,0,test,0
movie:711:2,movie,711,2,agent,0,test,0
movie:711:3,movie,711,3,user,0,test,0
movie:711:4,movie,711,4,agent,1,test,0
movie:711:5,movie,711,5,user,0,test,1
movie:711:6,movie,711,6,agent,2,test,0
movie:711:7,movie,711,7,user,2,test,1
movie:711:8,movie,711,8,agent,2,test,0
movie:712:1,movie,712,1,user,2,train,0
movie:712:2,movie,712,2,agent,1,train,1
movie:712:3,movie,712,3,user,0,train,0
movie:712:4,movie,712,4,agent,2,train,0
movie:712:5,movie,712,5,user,0,train,0
movie:712:6,movie,712,6,agent,2,train,1
movie:712:7,movie,712,7,user,2,train,0
movie:712:8,movie,712,8,agent,2,train,0
movie:712:9,movie,712,9,user,0,train,0
movie:712:10,movie,712,10,agent,2,train,0
movie:713:1,movie,713,1,user,3,train,1
movie:713:2,movie,713,2,agent,2,train,0
movie:713:3,movie,713,3,user,3,train,0
movie:713:4,movie,713,4,agent,2,train,1
movie:713:5,movie,713,5,user,3,train,0
movie:713:6,movie,713,6,agent,2,train,0
movie:714:1,movie,714,1,user,2,train,0
movie:714:2,movie,714,2,agent,2,train,0
movie:714:3,movie,714,3,user,3,train,1
movie:714:4,movie,714,4,agent,3,train,0
movie:715:1,movie,715,1,user,3,train,0
movie:715:2,movie,715,2,agent,2,train,0
movie:715:3,movie,715,3,user,0,train,0
movie:715:4,movie,715,4,agent,2,train,0
movie:715:5,movie,715,5,user,3,train,0
movie:715:6,movie,715,6,agent,2,train,0
movie:715:7,movie,715,7,user,0,train,0
movie:715:8,movie,715,8,agent,2,train,1
movie:715:9,movie,715,9,user,0,train,0
movie:715:10,movie,715,10,agent,3,train,0
movie:715:11,movie,715,11,user,2,train,0
movie:715:12,movie,715,12,agent,2,train,1
movie:715:13,movie,715,13,user,0,train,0
movie:715:14,movie,715,14,agent,2,train,0
movie:715:15,movie,715,15,user,3,train,1
movie:715:16,movie,715,16,agent,3,train,0
movie:716:1,movie,716,1,user,2,test,1
movie:716:2,movie,716,2,agent,2,test,0
movie:716:3,movie,716,3,user,0,test,0
movie:716:4,movie,716,4,agent,2,test,0
movie:717:1,movie,717,1,user,3,train,1
movie:717:2,movie,717,2,agent,2,train,0
movie:717:3,movie,717,3,user,3,train,1
movie:717:4,movie,717,4,agent,2,train,1
movie:718:1,movie,718,1,user,1,test,0
movie:718:2,movie,718,2,agent,1,test,0
movie:718:3,movie,718,3,user,0,test,0
movie:718:4,movie,718,4,agent,2,test,0
movie:718:5,movie,718,5,user,0,test,0
movie:718:6,movie,718,6,agent,2,test,1
movie:718:7,movie,718,7,user,2,test,0
movie:718:8,movie,718,8,agent,2,test,0
movie:718:9,movie,718,9,user,3,test,1
movie:718:10,movie,718,10,agent,3,test,1
movie:719:1,movie,719,1,user,3,train,1
movie:719:2,movie,719,2,agent,1,train,0
movie:719:3,movie,719,3,user,2,train,1
movie:719:4,movie,719,4,agent,2,train,0
movie:719:5,movie,719,5,user,0,train,0
movie:719:6,movie,719,6,agent,2,train,0
movie:719:7,movie,719,7,user,3,train,1
movie:719:8,movie,719,8,agent,2,train,0
movie:720:1,movie,720,1,user,1,train,0
movie:720:2,movie,720,2,agent,2,train,0
movie:720:3,movie,720,3,user,2,train,0
movie:720:4,movie,720,4,agent,2,train,0
movie:720:5,movie,720,5,user,2,train,1
movie:720:6,movie,720,6,agent,2,train,0
movie:721:1,movie,721,1,user,2,train,0
movie:721:2,movie,721,2,agent,2,train,0
movie:721:3,movie,721,3,user,0,train,1
movie:721:4,movie,721,4,agent,2,train,1
movie:722:1,movie,722,1,user,2,train,1
movie:722:2,movie,722,2,agent,0,train,1
movie:722:3,movie,722,3,user,0,train,0
movie:722:4,movie,722,4,agent,2,train,0
movie:722:5,movie,722,5,user,2,train,0
movie:722:6,movie,722,6,agent,2,train,0
movie:722:7,movie,722,7,user,3,train,0
movie:722:8,movie,722,8,agent,3,train,1
movie:723:1,movie,723,1,user,2,test,0
movie:723:2,movie,723,2,agent,2,test,0
movie:723:3,movie,723,3,user,3,test,1
movie:723:4,movie,723,4,agent,2,test,1
movie:723:5,movie,723,5,user,2,test,0
movie:723:6,movie,723,6,agent,2,test,0
movie:723:7,movie,723,7,user,3,test,0
movie:723:8,movie,723,8,agent,3,test,0
movie:724:1,movie,724,1,user,2,train,0
movie:724:2,movie,724,2,agent,2,train,0
movie:724:3,movie,724,3,user,3,train,1
movie:724:4,movie,724,4,agent,2,train,1
movie:724:5,movie,724,5,user,3,train,0
movie:724:6,movie,724,6,agent,3,train,0
movie:725:1,movie,725,1,user,3,train,1
movie:725:2,movie,725,2,agent,3,train,1
movie:725:3,movie,725,3,user,3,train,1
movie:725:4,movie,725,4,agent,2,train,0
movie:725:5,movie,725,5,user,3,train,0
movie:725:6,movie,725,6,agent,2,train,0
movie:725:7,movie,725,7,user,0,train,0
movie:725:8,movie,725,8,agent,2,train,0
movie:725:9,movie,725,9,user,2,train,0
movie:725:10,movie,725,10,agent,2,train,0
movie:725:11,movie,725,11,user,2,train,1
movie:725:12,movie,725,12,agent,2,train,0
movie:725:13,movie,725,13,user,2,train,0
movie:725:14,movie,725,14,agent,2,train,0
movie:726:1,movie,726,1,user,3,train,0
movie:726:2,movie,726,2,agent,1,train,0
movie:726:3,movie,726,3,user,0,train,1
movie:726:4,movie,726,4,agent,2,train,1
movie:726:5,movie,726,5,user,0,train,0
movie:726:6,movie,726,6,agent,2,train,0
movie:726:7,movie,726,7,user,2,train,0
movie:726:8,movie,726,8,agent,2,train,0
movie:727:1,movie,727,1,user,2,train,1
movie:727:2,movie,727,2,agent,0,train,0
movie:727:3,movie,727,3,user,0,train,1
movie:727:4,movie,727,4,agent,1,train,1
movie:727:5,movie,727,5,user,3,train,0
movie:727:6,movie,727,6,agent,1,train,0
movie:727:7,movie,727,7,user,2,train,0
movie:727:8,movie,727,8,agent,2,train,0
movie:727:9,movie,727,9,user,3,train,1
movie:727:10,movie,727,10,agent,2,train,0
movie:727:11,movie,727,11,user,3,train,0
movie:727:12,movie,727,12,agent,3,train,0
movie:728:1,movie,728,1,user,2,train,0
movie:728:2,movie,728,2,agent,2,train,0
movie:728:3,movie,728,3,user,0,train,0
movie:728:4,movie,728,4,agent,2,train,0
movie:728:5,movie,728,5,user,2,train,0
movie:728:6,movie,728,6,agent,2,train,1
movie:728:7,movie,728,7,user,0,train,1
movie:728:8,movie,728,8,agent,1,train,0
movie:728:9,movie,728,9,user,0,train,0
movie:728:10,movie,728,10,agent,0,train,1
movie:728:11,movie,728,11,user,0,train,1
movie:728:12,movie,728,12,agent,2,train,0
movie:728:13,movie,728,13,user,0,train,0
movie:728:14,movie,728,14,agent,2,train,0
movie:729:1,movie,729,1,user,2,train,0
movie:729:2,movie,729,2,agent,2,train,1
movie:729:3,movie,729,3,user,0,train,0
movie:729:4,movie,729,4,agent,2,train,0
movie:729:5,movie,729,5,user,2,train,1
movie:729:6,movie,729,6,agent,2,train,1
movie:730:1,movie,730,1,user,2,train,0
movie:730:2,movie,730,2,agent,3,train,1
movie:730:3,movie,730,3,user,0,train,1
movie:730:4,movie,730,4,agent,2,train,0
movie:730:5,movie,730,5,user,2,train,0
movie:730:6,movie,730,6,agent,2,train,1
movie:731:1,movie,731,1,user,2,train,0
movie:731:2,movie,731,2,agent,3,train,1
movie:731:3,movie,731,3,user,3,train,1
movie:731:4,movie,731,4,agent,2,train,0
movie:731:5,movie,731,5,user,2,train,0
movie:731:6,movie,731,6,agent,1,train,1
movie:731:7,movie,731,7,user,3,train,0
movie:731:8,movie,731,8,agent,2,train,0
movie:731:9,movie,731,9,user,0,train,0
movie:731:10,movie,731,10,agent,2,train,0
movie:732:1,movie,732,1,user,3,train,1
movie:732:2,movie,732,2,agent,2,train,0
movie:732:3,movie,732,3,user,2,train,0
movie:732:4,movie,732,4,agent,2,train,0
movie:732:5,movie,732,5,user,3,train,0
movie:732:6,movie,732,6,agent,3,train,0
movie:733:1,movie,733,1,user,3,validation,0
movie:733:2,movie,733,2,agent,2,validation,0
movie:733:3,movie,733,3,user,3,validation,0
movie:733:4,movie,733,4,agent,3,validation,0
movie:734:1,movie,734,1,user,3,train,0
movie:734:2,movie,734,2,agent,3,train,1
movie:734:3,movie,734,3,user,2,train,0
movie:734:4,movie,734,4,agent,0,train,0
movie:734:5,movie,734,5,user,0,train,0
movie:734:6,movie,734,6,agent,0,train,0
movie:734:7,movie,734,7,user,0,train,0
movie:734:8,movie,734,8,agent,2,train,0
movie:734:9,movie,734,9,user,3,train,1
movie:734:10,movie,734,10,agent,2,train,1
movie:735:1,movie,735,1,user,1,train,0
movie:735:2,movie,735,2,agent,2,train,0
movie:735:3,movie,735,3,user,0,train,1
movie:735:4,movie,735,4,agent,2,train,0
movie:735:5,movie,735,5,user,3,train,0
movie:735:6,movie,735,6,agent,1,train,0
movie:735:7,movie,735,7,user,2,train,0
movie:735:8,movie,735,8,agent,1,train,0
movie:735:9,movie,735,9,user,3,train,0
movie:735:10,movie,735,10,agent,1,train,0
movie:735:11,movie,735,11,user,0,train,0
movie:735:12,movie,735,12,agent,1,train,1
movie:735:13,movie,735,13,user,0,train,1
movie:736:1,movie,736,1,user,0,train,0
movie:736:2,movie,736,2,agent,0,train,0
movie:736:3,movie,736,3,user,0,train,0
movie:736:4,movie,736,4,agent,0,train,1
movie:736:5,movie,736,5,user,0,train,0
movie:736:6,movie,736,6,agent,2,train,1
movie:736:7,movie,736,7,user,0,train,0
movie:736:8,movie,736,8,agent,2,train,0
movie:737:1,movie,737,1,user,3,train,1
movie:737:2,movie,737,2,agent,0,train,0
movie:737:3,movie,737,3,user,2,train,1
movie:737:4,movie,737,4,agent,2,train,0
movie:737:5,movie,737,5,user,2,train,1
movie:737:6,movie,737,6,agent,2,train,0
movie:737:7,movie,737,7,user,3,train,1
movie:737:8,movie,737,8,agent,3,train,1
movie:738:1,movie,738,1,user,1,train,1
movie:738:2,movie,738,2,agent,2,train,0
movie:738:3,movie,738,3,user,2,train,0
movie:738:4,movie,738,4,agent,3,train,0
movie:738:5,movie,738,5,user,0,train,0
movie:738:6,movie,738,6,agent,2,train,0
movie:738:7,movie,738,7,user,3,train,0
movie:738:8,movie,738,8,agent,2,train,0
movie:738:9,movie,738,9,user,3,train,0
movie:738:10,movie,738,10,agent,2,train,1
movie:739:1,movie,739,1,user,2,train,0
movie:739:2,movie,739,2,agent,0,train,0
movie:739:3,movie,739,3,user,0,train,1
movie:739:4,movie,739,4,agent,2,train,1
movie:739:5,movie,739,5,user,2,train,1
movie:739:6,movie,739,6,agent,2,train,0
movie:739:7,movie,739,7,user,3,train,0
movie:739:8,movie,739,8,agent,3,train,1
movie:740:1,movie,740,1,user,3,test,1
movie:740:2,movie,740,2,agent,2,test,0
movie:740:3,movie,740,3,user,3,test,1
movie:740:4,movie,740,4,agent,1,test,0
movie:740:5,movie,740,5,user,0,test,0
movie:740:6,movie,740,6,agent,0,test,0
movie:740:7,movie,740,7,user,2,test,0
movie:740:8,movie,740,8,agent,3,test,0
movie:740:9,movie,740,9,user,2,test,1
movie:740:10,movie,740,10,agent,2,test,0
movie:740:11,movie,740,11,user,3,test,1
movie:740:12,movie,740,12,agent,2,test,0
movie:740:13,movie,740,13,user,3,test,1
movie:740:14,movie,740,14,agent,3,test,1
movie:741:1,movie,741,1,user,1,validation,1
movie:741:2,movie,741,2,agent,0,validation,0
movie:741:3,movie,741,3,user,0,validation,0
movie:741:4,movie,741,4,agent,2,validation,0
movie:741:5,movie,741,5,user,2,validation,1
movie:741:6,movie,741,6,agent,2,validation,0
movie:741:7,movie,741,7,user,3,validation,1
movie:741:8,movie,741,8,agent,3,validation,1
movie:742:1,movie,742,1,user,3,train,1
movie:742:2,movie,742,2,agent,3,train,0
movie:742:3,movie,742,3,user,3,train,1
movie:742:4,movie,742,4,agent,2,train,0
movie:742:5,movie,742,5,user,0,train,0
movie:742:6,movie,742,6,agent,2,train,0
movie:742:7,movie,742,7,user,0,train,1
movie:742:8,movie,742,8,agent,1,train,0
movie:742:9,movie,742,9,user,0,train,0
movie:742:10,movie,742,10,agent,0,train,0
movie:742:11,movie,742,11,user,0,train,1
movie:742:12,movie,742,12,agent,2,train,0
movie:742:13,movie,742,13,user,2,train,0
movie:742:14,movie,742,14,agent,2,train,0
movie:743:1,movie,743,1,user,3,train,1
movie:743:2,movie,743,2,agent,1,train,0
movie:743:3,movie,743,3,user,0,train,0
movie:743:4,movie,743,4,agent,1,train,1
movie:743:5,movie,743,5,user,2,train,0
movie:743:6,movie,743,6,agent,0,train,0
movie:743:7,movie,743,7,user,3,train,1
movie:743:8,movie,743,8,agent,1,train,0
movie:743:9,movie,743,9,user,0,train,0
movie:743:10,movie,743,10,agent,1,train,0
movie:743:11,movie,743,11,user,3,train,1
movie:743:12,movie,743,12,agent,2,train,1
movie:743:13,movie,743,13,user,0,train,0
movie:743:14,movie,743,14,agent,3,train,0
movie:744:1,movie,744,1,user,1,train,0
movie:744:2,movie,744,2,agent,3,train,0
movie:744:3,movie,744,3,user,3,train,1
movie:744:4,movie,744,4,agent,2,train,1
movie:744:5,movie,744,5,user,0,train,0
movie:744:6,movie,744,6,agent,2,train,0
movie:745:1,movie,745,1,user,3,train,0
movie:745:2,movie,745,2,agent,3,train,1
movie:745:3,movie,745,3,user,0,train,0
movie:745:4,movie,745,4,agent,3,train,0
movie:746:1,movie,746,1,user,3,train,0
movie:746:2,movie,746,2,agent,2,train,1
movie:746:3,movie,746,3,user,3,train,1
movie:746:4,movie,746,4,agent,2,train,0
movie:746:5,movie,746,5,user,2,train,1
movie:746:6,movie,746,6,agent,1,train,0
movie:746:7,movie,746,7,user,3,train,1
movie:746:8,movie,746,8,agent,1,train,0
movie:746:9,movie,746,9,user,0,train,1
movie:746:10,movie,746,10,agent,1,train,0
movie:746:11,movie,746,11,user,0,train,0
movie:746:12,movie,746,12,agent,2,train,0
movie:746:13,movie,746,13,user,0,train,0
movie:746:14,movie,746,14,agent,2,train,0
movie:746:15,movie,746,15,user,3,train,0
movie:746:16,movie,746,16,agent,2,train,0
movie:746:17,movie,746,17,user,3,train,1
movie:746:18,movie,746,18,agent,3,train,1
movie:747:1,movie,747,1,user,2,train,0
movie:747:2,movie,747,2,agent,2,train,0
movie:747:3,movie,747,3,user,0,train,0
movie:747:4,movie,747,4,agent,2,train,1
movie:747:5,movie,747,5,user,0,train,0
movie:747:6,movie,747,6,agent,2,train,0
movie:747:7,movie,747,7,user,2,train,0
movie:747:8,movie,747,8,agent,2,train,1
movie:748:1,movie,748,1,user,2,train,0
movie:748:2,movie,748,2,agent,2,train,1
movie:748:3,movie,748,3,user,0,train,0
movie:748:4,movie,748,4,agent,0,train,0
movie:748:5,movie,748,5,user,0,train,1
movie:748:6,movie,748,6,agent,0,train,0
movie:748:7,movie,748,7,user,0,train,0
movie:748:8,movie,748,8,agent,1,train,0
movie:748:9,movie,748,9,user,0,train,0
movie:748:10,movie,748,10,agent,2,train,0
movie:748:11,movie,748,11,user,0,train,0
movie:748:12,movie,748,12,agent,2,train,0
movie:749:1,movie,749,1,user,1,train,0
movie:749:2,movie,749,2,agent,2,train,1
movie:749:3,movie,749,3,user,2,train,0
movie:749:4,movie,749,4,agent,2,train,0
movie:749:5,movie,749,5,user,3,train,0
movie:749:6,movie,749,6,agent,3,train,0
movie:750:1,movie,750,1,user,1,train,0
movie:750:2,movie,750,2,agent,2,train,1
movie:750:3,movie,750,3,user,2,train,0
movie:750:4,movie,750,4,agent,0,train,1
movie:750:5,movie,750,5,user,3,train,0
movie:750:6,movie,750,6,agent,2,train,0
movie:750:7,movie,750,7,user,3,train,0
movie:750:8,movie,750,8,agent,3,train,1
movie:751:1,movie,751,1,user,1,train,0
movie:751:2,movie,751,2,agent,3,train,0
movie:751:3,movie,751,3,user,3,train,0
movie:751:4,movie,751,4,agent,2,train,0
movie:751:5,movie,751,5,user,3,train,0
movie:751:6,movie,751,6,agent,2,train,0
movie:752:1,movie,752,1,user,1,train,0
movie:752:2,movie,752,2,agent,1,train,0
movie:752:3,movie,752,3,user,0,train,0
movie:752:4,movie,752,4,agent,0,train,0
movie:752:5,movie,752,5,user,0,train,0
movie:752:6,movie,752,6,agent,2,train,0
movie:752:7,movie,752,7,user,2,train,0
movie:752:8,movie,752,8,agent,2,train,1
movie:752:9,movie,752,9,user,2,train,0
movie:752:10,movie,752,10,agent,2,train,1
movie:753:1,movie,753,1,user,1,train,0
movie:753:2,movie,753,2,agent,1,train,0
movie:753:3,movie,753,3,user,0,train,1
movie:753:4,movie,753,4,agent,2,train,0
movie:753:5,movie,753,5,user,0,train,0
movie:753:6,movie,753,6,agent,2,train,0
movie:753:7,movie,753,7,user,0,train,0
movie:753:8,movie,753,8,agent,2,train,0
movie:753:9,movie,753,9,user,3,train,1
movie:753:10,movie,753,10,agent,3,train,1
movie:754:1,movie,754,1,user,2,train,0
movie:754:2,movie,754,2,agent,2,train,0
movie:754:3,movie,754,3,user,2,train,0
movie:754:4,movie,754,4,agent,2,train,0
movie:754:5,movie,754,5,user,3,train,0
movie:754:6,movie,754,6,agent,3,train,0
movie:755:1,movie,755,1,user,1,train,0
movie:755:2,movie,755,2,agent,2,train,0
movie:755:3,movie,755,3,user,2,train,0
movie:755:4,movie,755,4,agent,2,train,0
movie:756:1,movie,756,1,user,3,train,0
movie:756:2,movie,756,2,agent,3,train,1
movie:756:3,movie,756,3,user,3,train,1
movie:756:4,movie,756,4,agent,2,train,1
movie:756:5,movie,756,5,user,2,train,1
movie:756:6,movie,756,6,agent,2,train,0
movie:756:7,movie,756,7,user,3,train,0
movie:756:8,movie,756,8,agent,1,train,0
movie:756:9,movie,756,9,user,0,train,0
movie:756:10,movie,756,10,agent,2,train,0
movie:757:1,movie,757,1,user,2,test,0
movie:757:2,movie,757,2,agent,2,test,1
movie:757:3,movie,757,3,user,0,test,0
movie:757:4,movie,757,4,agent,1,test,0
movie:757:5,movie,757,5,user,0,test,0
movie:757:6,movie,757,6,agent,0,test,1
movie:757:7,movie,757,7,user,0,test,0
movie:757:8,movie,757,8,agent,3,test,1
movie:757:9,movie,757,9,user,0,test,0
movie:757:10,movie,757,10,agent,1,test,0
movie:757:11,movie,757,11,user,2,test,0
movie:757:12,movie,757,12,agent,2,test,0
movie:757:13,movie,757,13,user,3,test,1
movie:757:14,movie,757,14,agent,2,test,0
movie:758:1,movie,758,1,user,1,train,0
movie:758:2,movie,758,2,agent,2,train,0
movie:758:3,movie,758,3,user,3,train,0
movie:758:4,movie,758,4,agent,2,train,0
movie:758:5,movie,758,5,user,0,train,0
movie:758:6,movie,758,6,agent,1,train,0
movie:758:7,movie,758,7,user,0,train,1
movie:758:8,movie,758,8,agent,2,train,0
movie:758:9,movie,758,9,user,3,train,1
movie:758:10,movie,758,10,agent,3,train,1
movie:759:1,movie,759,1,user,2,test,1
movie:759:2,movie,759,2,agent,2,test,1
movie:759:3,movie,759,3,user,2,test,0
movie:759:4,movie,759,4,agent,2,test,0
movie:759:5,movie,759,5,user,3,test,0
movie:759:6,movie,759,6,agent,2,test,0
movie:759:7,movie,759,7,user,3,test,1
movie:759:8,movie,759,8,agent,3,test,1
movie:760:1,movie,760,1,user,3,train,1
movie:760:2,movie,760,2,agent,0,train,0
movie:760:3,movie,760,3,user,0,train,1
movie:760:4,movie,760,4,agent,1,train,0
movie:760:5,movie,760,5,user,3,train,0
movie:760:6,movie,760,6,agent,1,train,1
movie:760:7,movie,760,7,user,0,train,0
movie:760:8,movie,760,8,agent,2,train,0
movie:760:9,movie,760,9,user,3,train,0
movie:760:10,movie,760,10,agent,2,train,1
movie:760:11,movie,760,11,user,3,train,1
movie:760:12,movie,760,12,agent,3,train,0
movie:761:1,movie,761,1,user,1,train,0
movie:761:2,movie,761,2,agent,3,train,1
movie:761:3,movie,761,3,user,0,train,1
movie:761:4,movie,761,4,agent,1,train,1
movie:761:5,movie,761,5,user,2,train,0
movie:761:6,movie,761,6,agent,2,train,1
movie:761:7,movie,761,7,user,2,train,1
movie:761:8,movie,761,8,agent,2,train,0
movie:762:1,movie,762,1,user,0,train,1
movie:762:2,movie,762,2,agent,2,train,0
movie:762:3,movie,762,3,user,0,train,1
movie:762:4,movie,762,4,agent,1,train,0
movie:762:5,movie,762,5,user,0,train,0
movie:762:6,movie,762,6,agent,2,train,0
movie:762:7,movie,762,7,user,0,train,0
movie:762:8,movie,762,8,agent,1,train,0
movie:762:9,movie,762,9,user,0,train,0
movie:762:10,movie,762,10,agent,2,train,1
movie:763:1,movie,763,1,user,1,train,0
movie:763:2,movie,763,2,agent,2,train,0
movie:763:3,movie,763,3,user,0,train,0
movie:763:4,movie,763,4,agent,2,train,0
movie:763:5,movie,763,5,user,0,train,1
movie:763:6,movie,763,6,agent,2,train,0
movie:763:7,movie,763,7,user,3,train,1
movie:763:8,movie,763,8,agent,3,train,1
movie:764:1,movie,764,1,user,1,test,0
movie:764:2,movie,764,2,agent,0,test,0
movie:764:3,movie,764,3,user,0,test,0
movie:764:4,movie,764,4,agent,3,test,0
movie:764:5,movie,764,5,user,0,test,0
movie:764:6,movie,764,6,agent,2,test,0
movie:764:7,movie,764,7,user,2,test,0
movie:764:8,movie,764,8,agent,2,test,1
movie:764:9,movie,764,9,user,3,test,0
movie:764:10,movie,764,10,agent,3,test,1
movie:765:1,movie,765,1,user,2,train,0
movie:765:2,movie,765,2,agent,0,train,0
movie:765:3,movie,765,3,user,0,train,0
movie:765:4,movie,765,4,agent,2,train,0
movie:765:5,movie,765,5,user,2,train,1
movie:765:6,movie,765,6,agent,2,train,0
movie:766:1,movie,766,1,user,3,train,1
movie:766:2,movie,766,2,agent,1,train,0
movie:766:3,movie,766,3,user,0,train,1
movie:766:4,movie,766,4,agent,2,train,1
movie:766:5,movie,766,5,user,0,train,0
movie:766:6,movie,766,6,agent,2,train,1
movie:766:7,movie,766,7,user,0,train,0
movie:766:8,movie,766,8,agent,2,train,0
movie:766:9,movie,766,9,user,3,train,1
movie:766:10,movie,766,10,agent,2,train,0
movie:767:1,movie,767,1,user,1,train,0
movie:767:2,movie,767,2,agent,0,train,0
movie:767:3,movie,767,3,user,0,train,1
movie:767:4,movie,767,4,agent,2,train,1
movie:767:5,movie,767,5,user,0,train,1
movie:767:6,movie,767,6,agent,2,train,1
movie:767:7,movie,767,7,user,3,train,0
movie:767:8,movie,767,8,agent,3,train,1
movie:768:1,movie,768,1,user,3,test,1
movie:768:2,movie,768,2,agent,2,test,0
movie:768:3,movie,768,3,user,3,test,1
movie:768:4,movie,768,4,agent,0,test,0
movie:768:5,movie,768,5,user,0,test,0
movie:768:6,movie,768,6,agent,2,test,0
movie:768:7,movie,768,7,user,3,test,1
movie:768:8,movie,768,8,agent,2,test,0
movie:768:9,movie,768,9,user,3,test,0
movie:768:10,movie,768,10,agent,3,test,1
movie:769:1,movie,769,1,user,3,test,0
movie:769:2,movie,769,2,agent,0,test,0
movie:769:3,movie,769,3,user,0,test,0
movie:769:4,movie,769,4,agent,1,test,0
movie:769:5,movie,769,5,user,3,test,1
movie:769:6,movie,769,6,agent,2,test,0
movie:769:7,movie,769,7,user,3,test,0
movie:769:8,movie,769,8,agent,2,test,0
movie:769:9,movie,769,9,user,3,test,0
movie:769:10,movie,769,10,agent,3,test,1
movie:770:1,movie,770,1,user,2,train,0
movie:770:2,movie,770,2,agent,0,train,1
movie:770:3,movie,770,3,user,1,train,0
movie:770:4,movie,770,4,agent,2,train,1
movie:770:5,movie,770,5,user,0,train,0
movie:770:6,movie,770,6,agent,1,train,1
movie:770:7,movie,770,7,user,0,train,0
movie:770:8,movie,770,8,agent,2,train,0
movie:770:9,movie,770,9,user,2,train,0
movie:770:10,movie,770,10,agent,2,train,0
movie:770:11,movie,770,11,user,3,train,0
movie:770:12,movie,770,12,agent,3,train,1
movie:771:1,movie,771,1,user,3,train,0
movie:771:2,movie,771,2,agent,3,train,1
movie:771:3,movie,771,3,user,3,train,0
movie:771:4,movie,771,4,agent,1,train,0
movie:771:5,movie,771,5,user,0,train,1
movie:771:6,movie,771,6,agent,2,train,0
movie:771:7,movie,771,7,user,2,train,0
movie:771:8,movie,771,8,agent,2,train,0
movie:771:9,movie,771,9,user,0,train,0
movie:771:10,movie,771,10,agent,0,train,0
movie:771:11,movie,771,11,user,0,train,0
movie:771:12,movie,771,12,agent,2,train,1
movie:771:13,movie,771,13,user,2,train,0
movie:771:14,movie,771,14,agent,2,train,0
movie:772:1,movie,772,1,user,3,train,1
movie:772:2,movie,772,2,agent,3,train,1
movie:772:3,movie,772,3,user,3,train,1
movie:772:4,movie,772,4,agent,2,train,0
movie:772:5,movie,772,5,user,2,train,0
movie:772:6,movie,772,6,agent,2,train,1
movie:772:7,movie,772,7,user,3,train,0
movie:772:8,movie,772,8,agent,2,train,0
movie:772:9,movie,772,9,user,3,train,0
movie:772:10,movie,772,10,agent,3,train,1
movie:773:1,movie,773,1,user,3,test,1
movie:773:2,movie,773,2,agent,3,test,1
movie:773:3,movie,773,3,user,0,test,0
movie:773:4,movie,773,4,agent,1,test,0
movie:773:5,movie,773,5,user,0,test,0
movie:773:6,movie,773,6,agent,2,test,0
movie:773:7,movie,773,7,user,0,test,0
movie:773:8,movie,773,8,agent,2,test,0
movie:773:9,movie,773,9,user,0,test,0
movie:773:10,movie,773,10,agent,2,test,0
movie:774:1,movie,774,1,user,2,validation,0
movie:774:2,movie,774,2,agent,2,validation,0
movie:774:3,movie,774,3,user,2,validation,0
movie:774:4,movie,774,4,agent,2,validation,0
movie:774:5,movie,774,5,user,3,validation,1
movie:774:6,movie,774,6,agent,2,validation,1
movie:774:7,movie,774,7,user,0,validation,1
movie:774:8,movie,774,8,agent,2,validation,1
movie:774:9,movie,774,9,user,0,validation,1
movie:774:10,movie,774,10,agent,2,validation,0
movie:775:1,movie,775,1,user,1,train,0
movie:775:2,movie,775,2,agent,3,train,0
movie:775:3,movie,775,3,user,2,train,0
movie:775:4,movie,775,4,agent,2,train,0
movie:775:5,movie,775,5,user,0,train,1
movie:775:6,movie,775,6,agent,2,train,0
movie:776:1,movie,776,1,user,1,validation,1
movie:776:2,movie,776,2,agent,2,validation,0
movie:776:3,movie,776,3,user,0,validation,0
movie:776:4,movie,776,4,agent,2,validation,0
movie:776:5,movie,776,5,user,0,validation,0
movie:776:6,movie,776,6,agent,2,validation,0
movie:777:1,movie,777,1,user,0,train,0
movie:777:2,movie,777,2,agent,2,train,0
movie:777:3,movie,777,3,user,0,train,0
movie:777:4,movie,777,4,agent,2,train,1
movie:777:5,movie,777,5,user,2,train,1
movie:777:6,movie,777,6,agent,2,train,0
movie:778:1,movie,778,1,user,1,train,0
movie:778:2,movie,778,2,agent,1,train,0
movie:778:3,movie,778,3,user,0,train,0
movie:778:4,movie,778,4,agent,3,train,0
movie:778:5,movie,778,5,user,2,train,0
movie:778:6,movie,778,6,agent,2,train,0
movie:778:7,movie,778,7,user,3,train,0
movie:778:8,movie,778,8,agent,2,train,1
movie:778:9,movie,778,9,user,2,train,0
movie:778:10,movie,778,10,agent,2,train,1
movie:779:1,movie,779,1,user,3,train,1
movie:779:2,movie,779,2,agent,1,train,1
movie:779:3,movie,779,3,user,0,train,0
movie:779:4,movie,779,4,agent,2,train,1
movie:780:1,movie,780,1,user,1,test,0
movie:780:2,movie,780,2,agent,2,test,0
movie:780:3,movie,780,3,user,2,test,0
movie:780:4,movie,780,4,agent,2,test,1
movie:780:5,movie,780,5,user,3,test,0
movie:780:6,movie,780,6,agent,1,test,1
movie:780:7,movie,780,7,user,3,test,1
movie:780:8,movie,780,8,agent,2,test,1
movie:780:9,movie,780,9,user,2,test,0
movie:780:10,movie,780,10,agent,2,test,0
movie:780:11,movie,780,11,user,0,test,0
movie:780:12,movie,780,12,agent,2,test,0
movie:780:13,movie,780,13,user,3,test,1
movie:780:14,movie,780,14,agent,3,test,0
movie:781:1,movie,781,1,user,2,train,0
movie:781:2,movie,781,2,agent,2,train,0
movie:781:3,movie,781,3,user,2,train,1
movie:781:4,movie,781,4,agent,2,train,0
movie:782:1,movie,782,1,user,3,train,0
movie:782:2,movie,782,2,agent,2,train,1
movie:782:3,movie,782,3,user,0,train,1
movie:782:4,movie,782,4,agent,3,train,0
movie:782:5,movie,782,5,user,2,train,0
movie:782:6,movie,782,6,agent,1,train,0
movie:782:7,movie,782,7,user,0,train,1
movie:782:8,movie,782,8,agent,0,train,0
movie:782:9,movie,782,9,user,0,train,0
movie:782:10,movie,782,10,agent,0,train,0
movie:782:11,movie,782,11,user,0,train,1
movie:782:12,movie,782,12,agent,2,train,0
movie:782:13,movie,782,13,user,0,train,1
movie:782:14,movie,782,14,agent,3,train,1
movie:783:1,movie,783,1,user,3,test,1
movie:783:2,movie,783,2,agent,3,test,1
movie:783:3,movie,783,3,user,3,test,1
movie:783:4,movie,783,4,agent,1,test,0
movie:783:5,movie,783,5,user,3,test,0
movie:783:6,movie,783,6,agent,1,test,0
movie:783:7,movie,783,7,user,3,test,0
movie:783:8,movie,783,8,agent,1,test,0
movie:783:9,movie,783,9,user,3,test,0
movie:783:10,movie,783,10,agent,1,test,0
movie:783:11,movie,783,11,user,0,test,0
movie:783:12,movie,783,12,agent,2,test,1
movie:783:13,movie,783,13,user,0,test,0
movie:783:14,movie,783,14,agent,2,test,0
movie:784:1,movie,784,1,user,0,train,0
movie:784:2,movie,784,2,agent,1,train,0
movie:784:3,movie,784,3,user,2,train,0
movie:784:4,movie,784,4,agent,2,train,0
movie:784:5,movie,784,5,user,2,train,1
movie:784:6,movie,784,6,agent,2,train,0
movie:784:7,movie,784,7,user,3,train,0
movie:784:8,movie,784,8,agent,2,train,0
movie:785:1,movie,785,1,user,1,train,1
movie:785:2,movie,785,2,agent,2,train,0
movie:785:3,movie,785,3,user,0,train,0
movie:785:4,movie,785,4,agent,2,train,1
movie:785:5,movie,785,5,user,2,train,0
movie:785:6,movie,785,6,agent,2,train,0
movie:785:7,movie,785,7,user,2,train,0
movie:785:8,movie,785,8,agent,2,train,0
movie:785:9,movie,785,9,user,3,train,0
movie:785:10,movie,785,10,agent,3,train,1
movie:786:1,movie,786,1,user,3,train,0
movie:786:2,movie,786,2,agent,1,train,1
movie:786:3,movie,786,3,user,0,train,1
movie:786:4,movie,786,4,agent,1,train,0
movie:786:5,movie,786,5,user,2,train,0
movie:786:6,movie,786,6,agent,1,train,0
movie:786:7,movie,786,7,user,0,train,0
movie:786:8,movie,786,8,agent,2,train,0
movie:786:9,movie,786,9,user,2,train,1
movie:786:10,movie,786,10,agent,2,train,0
movie:786:11,movie,786,11,user,0,train,1
movie:786:12,movie,786,12,agent,2,train,0
movie:786:13,movie,786,13,user,3,train,0
movie:786:14,movie,786,14,agent,3,train,0
movie:787:1,movie,787,1,user,2,train,0
movie:787:2,movie,787,2,agent,2,train,0
movie:787:3,movie,787,3,user,0,train,0
movie:787:4,movie,787,4,agent,3,train,0
movie:787:5,movie,787,5,user,2,train,0
movie:787:6,movie,787,6,agent,2,train,1
movie:788:1,movie,788,1,user,1,train,0
movie:788:2,movie,788,2,agent,2,train,1
movie:788:3,movie,788,3,user,2,train,0
movie:788:4,movie,788,4,agent,2,train,1
movie:788:5,movie,788,5,user,3,train,1
movie:788:6,movie,788,6,agent,3,train,1
movie:789:1,movie,789,1,user,2,train,1
movie:789:2,movie,789,2,agent,2,train,0
movie:789:3,movie,789,3,user,2,train,0
movie:789:4,movie,789,4,agent,2,train,0
movie:789:5,movie,789,5,user,3,train,0
movie:789:6,movie,789,6,agent,3,train,1
movie:790:1,movie,790,1,user,3,train,0
movie:790:2,movie,790,2,agent,3,train,0
movie:790:3,movie,790,3,user,3,train,1
movie:790:4,movie,790,4,agent,2,train,0
movie:790:5,movie,790,5,user,0,train,0
movie:790:6,movie,790,6,agent,3,train,1
movie:790:7,movie,790,7,user,2,train,1
movie:790:8,movie,790,8,agent,3,train,1
movie:790:9,movie,790,9,user,0,train,1
movie:790:10,movie,790,10,agent,2,train,0
movie:790:11,movie,790,11,user,2,train,1
movie:790:12,movie,790,12,agent,1,train,0
movie:790:13,movie,790,13,user,0,train,0
movie:790:14,movie,790,14,agent,2,train,0
movie:790:15,movie,790,15,user,0,train,0
movie:790:16,movie,790,16,agent,2,train,0
movie:791:1,movie,791,1,user,3,train,1
movie:791:2,movie,791,2,agent,3,train,1
movie:791:3,movie,791,3,user,3,train,0
movie:791:4,movie,791,4,agent,1,train,0
movie:791:5,movie,791,5,user,0,train,1
movie:791:6,movie,791,6,agent,2,train,0
movie:791:7,movie,791,7,user,0,train,0
movie:791:8,movie,791,8,agent,2,train,0
movie:791:9,movie,791,9,user,0,train,0
movie:791:10,movie,791,10,agent,2,train,0
movie:791:11,movie,791,11,user,2,train,1
movie:791:12,movie,791,12,agent,1,train,0
movie:791:13,movie,791,13,user,0,train,0
movie:791:14,movie,791,14,agent,2,train,1
movie:792:1,movie,792,1,user,1,train,0
movie:792:2,movie,792,2,agent,0,train,1
movie:792:3,movie,792,3,user,0,train,0
movie:792:4,movie,792,4,agent,2,train,0
movie:792:5,movie,792,5,user,2,train,0
movie:792:6,movie,792,6,agent,2,train,0
movie:792:7,movie,792,7,user,3,train,1
movie:792:8,movie,792,8,agent,3,train,1
movie:793:1,movie,793,1,user,3,train,0
movie:793:2,movie,793,2,agent,3,train,0
movie:793:3,movie,793,3,user,3,train,0
movie:793:4,movie,793,4,agent,1,train,0
movie:793:5,movie,793,5,user,2,train,0
movie:793:6,movie,793,6,agent,2,train,0
movie:793:7,movie,793,7,user,2,train,0
movie:793:8,movie,793,8,agent,1,train,0
movie:793:9,movie,793,9,user,0,train,0
movie:793:10,movie,793,10,agent,3,train,1
movie:793:11,movie,793,11,user,0,train,0
movie:793:12,movie,793,12,agent,2,train,0
movie:793:13,movie,793,13,user,2,train,0
movie:793:14,movie,793,14,agent,2,train,1
movie:794:1,movie,794,1,user,2,train,0
movie:794:2,movie,794,2,agent,2,train,0
movie:794:3,movie,794,3,user,2,train,0
movie:794:4,movie,794,4,agent,2,train,1
movie:795:1,movie,795,1,user,3,test,1
movie:795:2,movie,795,2,agent,2,test,0
movie:795:3,movie,795,3,user,3,test,0
movie:795:4,movie,795,4,agent,3,test,0
movie:796:1,movie,796,1,user,3,train,1
movie:796:2,movie,796,2,agent,2,train,0
movie:796:3,movie,796,3,user,3,train,0
movie:796:4,movie,796,4,agent,1,train,1
movie:796:5,movie,796,5,user,0,train,0
movie:796:6,movie,796,6,agent,2,train,1
movie:796:7,movie,796,7,user,3,train,1
movie:796:8,movie,796,8,agent,2,train,0
movie:797:1,movie,797,1,user,3,validation,1
movie:797:2,movie,797,2,agent,2,validation,0
movie:797:3,movie,797,3,user,0,validation,1
movie:797:4,movie,797,4,agent,2,validation,0
movie:797:5,movie,797,5,user,0,validation,1
movie:797:6,movie,797,6,agent,1,validation,0
movie:797:7,movie,797,7,user,0,validation,1
movie:797:8,movie,797,8,agent,2,validation,1
movie:797:9,movie,797,9,user,2,validation,0
movie:797:10,movie,797,10,agent,2,validation,0
movie:797:11,movie,797,11,user,2,validation,0
movie:797:12,movie,797,12,agent,2,validation,1
movie:798:1,movie,798,1,user,3,train,0
movie:798:2,movie,798,2,agent,3,train,1
movie:798:3,movie,798,3,user,3,train,1
movie:798:4,movie,798,4,agent,1,train,0
movie:798:5,movie,798,5,user,0,train,1
movie:798:6,movie,798,6,agent,2,train,1
movie:798:7,movie,798,7,user,1,train,1
movie:798:8,movie,798,8,agent,1,train,0
movie:799:1,movie,799,1,user,3,train,1
movie:799:2,movie,799,2,agent,3,train,1
movie:799:3,movie,799,3,user,3,train,0
movie:799:4,movie,799,4,agent,0,train,0
movie:799:5,movie,799,5,user,0,train,0
movie:799:6,movie,799,6,agent,0,train,0
movie:799:7,movie,799,7,user,0,train,0
movie:799:8,movie,799,8,agent,1,train,0
movie:799:9,movie,799,9,user,0,train,0
movie:799:10,movie,799,10,agent,0,train,0
movie:799:11,movie,799,11,user,0,train,0
movie:799:12,movie,799,12,agent,3,train,0
movie:799:13,movie,799,13,user,3,train,0
movie:799:14,movie,799,14,agent,2,train,0
movie:799:15,movie,799,15,user,2,train,0
movie:799:16,movie,799,16,agent,2,train,0
movie:800:1,movie,800,1,user,2,test,0
movie:800:2,movie,800,2,agent,0,test,1
movie:800:3,movie,800,3,user,0,test,0
movie:800:4,movie,800,4,agent,2,test,0
movie:800:5,movie,800,5,user,0,test,1
movie:800:6,movie,800,6,agent,2,test,0
movie:801:1,movie,801,1,user,3,train,0
movie:801:2,movie,801,2,agent,2,train,0
movie:801:3,movie,801,3,user,2,train,1
movie:801:4,movie,801,4,agent,2,train,0
movie:801:5,movie,801,5,user,3,train,1
movie:801:6,movie,801,6,agent,3,train,0
movie:802:1,movie,802,1,user,1,train,0
movie:802:2,movie,802,2,agent,2,train,0
movie:802:3,movie,802,3,user,0,train,0
movie:802:4,movie,802,4,agent,0,train,0
movie:802:5,movie,802,5,user,0,train,0
movie:802:6,movie,802,6,agent,1,train,0
movie:802:7,movie,802,7,user,0,train,1
movie:802:8,movie,802,8,agent,3,train,0
movie:802:9,movie,802,9,user,2,train,1
movie:802:10,movie,802,10,agent,2,train,1
movie:802:11,movie,802,11,user,0,train,1
movie:802:12,movie,802,12,agent,2,train,0
movie:802:13,movie,802,13,user,2,train,0
movie:802:14,movie,802,14,agent,2,train,0
movie:802:15,movie,802,15,user,3,train,1
movie:802:16,movie,802,16,agent,3,train,1
movie:803:1,movie,803,1,user,3,validation,1
movie:803:2,movie,803,2,agent,2,validation,0
movie:803:3,movie,803,3,user,0,validation,0
movie:803:4,movie,803,4,agent,2,validation,0
movie:803:5,movie,803,5,user,0,validation,0
movie:803:6,movie,803,6,agent,2,validation,1
movie:803:7,movie,803,7,user,0,validation,0
movie:803:8,movie,803,8,agent,2,validation,0
movie:804:1,movie,804,1,user,1,train,0
movie:804:2,movie,804,2,agent,2,train,1
movie:804:3,movie,804,3,user,2,train,0
movie:804:4,movie,804,4,agent,2,train,0
movie:804:5,movie,804,5,user,3,train,0
movie:804:6,movie,804,6,agent,3,train,1
movie:805:1,movie,805,1,user,1,train,0
movie:805:2,movie,805,2,agent,1,train,0
movie:805:3,movie,805,3,user,2,train,1
movie:805:4,movie,805,4,agent,1,train,0
movie:805:5,movie,805,5,user,2,train,0
movie:805:6,movie,805,6,agent,2,train,0
movie:806:1,movie,806,1,user,2,test,0
movie:806:2,movie,806,2,agent,2,test,0
movie:806:3,movie,806,3,user,2,test,0
movie:806:4,movie,806,4,agent,2,test,0
movie:807:1,movie,807,1,user,3,test,1
movie:807:2,movie,807,2,agent,0,test,0
movie:807:3,movie,807,3,user,0,test,1
movie:807:4,movie,807,4,agent,3,test,1
movie:807:5,movie,807,5,user,0,test,1
movie:807:6,movie,807,6,agent,1,test,0
movie:807:7,movie,807,7,user,3,test,0
movie:807:8,movie,807,8,agent,1,test,0
movie:807:9,movie,807,9,user,3,test,0
movie:807:10,movie,807,10,agent,2,test,1
movie:807:11,movie,807,11,user,3,test,1
movie:807:12,movie,807,12,agent,2,test,0
movie:807:13,movie,807,13,user,2,test,0
movie:807:14,movie,807,14,agent,2,test,0
movie:807:15,movie,807,15,user,3,test,0
movie:807:16,movie,807,16,agent,3,test,0
movie:808:1,movie,808,1,user,1,test,0
movie:808:2,movie,808,2,agent,2,test,1
movie:808:3,movie,808,3,user,0,test,0
movie:808:4,movie,808,4,agent,2,test,0
movie:808:5,movie,808,5,user,2,test,0
movie:808:6,movie,808,6,agent,2,test,0
movie:808:7,movie,808,7,user,3,test,0
movie:808:8,movie,808,8,agent,3,test,0
movie:809:1,movie,809,1,user,3,train,1
movie:809:2,movie,809,2,agent,2,train,0
movie:809:3,movie,809,3,user,3,train,1
movie:809:4,movie,809,4,agent,2,train,0
movie:809:5,movie,809,5,user,2,train,0
movie:809:6,movie,809,6,agent,2,train,0
movie:810:1,movie,810,1,user,3,test,1
movie:810:2,movie,810,2,agent,2,test,0
movie:810:3,movie,810,3,user,0,test,1
movie:810:4,movie,810,4,agent,2,test,0
movie:810:5,movie,810,5,user,2,test,0
movie:810:6,movie,810,6,agent,0,test,0
movie:810:7,movie,810,7,user,0,test,0
movie:810:8,movie,810,8,agent,2,test,1
movie:810:9,movie,810,9,user,0,test,0
movie:810:10,movie,810,10,agent,3,test,1
movie:811:1,movie,811,1,user,1,train,0
movie:811:2,movie,811,2,agent,2,train,0
movie:811:3,movie,811,3,user,2,train,1
movie:811:4,movie,811,4,agent,0,train,1
movie:811:5,movie,811,5,user,3,train,1
movie:811:6,movie,811,6,agent,2,train,0
movie:811:7,movie,811,7,user,2,train,0
movie:811:8,movie,811,8,agent,2,train,1
movie:811:9,movie,811,9,user,3,train,0
movie:811:10,movie,811,10,agent,3,train,0
movie:812:1,movie,812,1,user,3,test,1
movie:812:2,movie,812,2,agent,2,test,0
movie:812:3,movie,812,3,user,3,test,1
movie:812:4,movie,812,4,agent,2,test,1
movie:812:5,movie,812,5,user,0,test,1
movie:812:6,movie,812,6,agent,2,test,0
movie:812:7,movie,812,7,user,2,test,0
movie:812:8,movie,812,8,agent,2,test,1
movie:812:9,movie,812,9,user,3,test,1
movie:812:10,movie,812,10,agent,3,test,0
movie:813:1,movie,813,1,user,1,test,0
movie:813:2,movie,813,2,agent,2,test,0
movie:813:3,movie,813,3,user,0,test,0
movie:813:4,movie,813,4,agent,0,test,1
movie:813:5,movie,813,5,user,0,test,1
movie:813:6,movie,813,6,agent,2,test,1
movie:813:7,movie,813,7,user,0,test,0
movie:813:8,movie,813,8,agent,2,test,0
movie:813:9,movie,813,9,user,3,test,1
movie:813:10,movie,813,10,agent,3,test,0
movie:814:1,movie,814,1,user,3,train,0
movie:814:2,movie,814,2,agent,2,train,1
movie:814:3,movie,814,3,user,3,train,1
movie:814:4,movie,814,4,agent,3,train,1
movie:815:1,movie,815,1,user,1,train,0
movie:815:2,movie,815,2,agent,2,train,1
movie:815:3,movie,815,3,user,0,train,0
movie:815:4,movie,815,4,agent,3,train,0
movie:815:5,movie,815,5,user,0,train,0
movie:815:6,movie,815,6,agent,2,train,0
movie:815:7,movie,815,7,user,0,train,1
movie:815:8,movie,815,8,agent,2,train,0
movie:815:9,movie,815,9,user,2,train,0
movie:815:10,movie,815,10,agent,2,train,1
movie:815:11,movie,815,11,user,2,train,1
movie:815:12,movie,815,12,agent,2,train,1
movie:815:13,movie,815,13,user,3,train,1
movie:815:14,movie,815,14,agent,3,train,1
movie:816:1,movie,816,1,user,3,train,0
movie:816:2,movie,816,2,agent,3,train,1
movie:816:3,movie,816,3,user,0,train,1
movie:816:4,movie,816,4,agent,2,train,1
movie:816:5,movie,816,5,user,0,train,0
movie:816:6,movie,816,6,agent,1,train,0
movie:816:7,movie,816,7,user,0,train,0
movie:816:8,movie,816,8,agent,1,train,0
movie:816:9,movie,816,9,user,0,train,1
movie:816:10,movie,816,10,agent,0,train,0
movie:816:11,movie,816,11,user,0,train,0
movie:816:12,movie,816,12,agent,3,train,1
movie:816:13,movie,816,13,user,2,train,0
movie:816:14,movie,816,14,agent,2,train,0
movie:816:15,movie,816,15,user,0,train,1
movie:816:16,movie,816,16,agent,2,train,0
movie:817:1,movie,817,1,user,3,test,0
movie:817:2,movie,817,2,agent,3,test,0
movie:817:3,movie,817,3,user,3,test,1
movie:817:4,movie,817,4,agent,2,test,0
movie:817:5,movie,817,5,user,3,test,1
movie:817:6,movie,817,6,agent,2,test,0
movie:817:7,movie,817,7,user,3,test,0
movie:817:8,movie,817,8,agent,2,test,0
movie:817:9,movie,817,9,user,0,test,0
movie:817:10,movie,817,10,agent,2,test,0
movie:817:11,movie,817,11,user,0,test,0
movie:817:12,movie,817,12,agent,2,test,1
movie:817:13,movie,817,13,user,0,test,1
movie:817:14,movie,817,14,agent,2,test,0
movie:817:15,movie,817,15,user,0,test,1
movie:817:16,movie,817,16,agent,2,test,0
movie:817:17,movie,817,17,user,3,test,0
movie:817:18,movie,817,18,agent,3,test,1
movie:818:1,movie,818,1,user,1,train,0
movie:818:2,movie,818,2,agent,1,train,1
movie:818:3,movie,818,3,user,0,train,0
movie:818:4,movie,818,4,agent,2,train,0
movie:818:5,movie,818,5,user,2,train,0
movie:818:6,movie,818,6,agent,2,train,0
movie:818:7,movie,818,7,user,3,train,0
movie:818:8,movie,818,8,agent,3,train,1
movie:819:1,movie,819,1,user,1,train,0
movie:819:2,movie,819,2,agent,1,train,0
movie:819:3,movie,819,3,user,0,train,1
movie:819:4,movie,819,4,agent,2,train,1
movie:819:5,movie,819,5,user,2,train,0
movie:819:6,movie,819,6,agent,2,train,0
movie:819:7,movie,819,7,user,0,train,0
movie:819:8,movie,819,8,agent,2,train,0
movie:819:9,movie,819,9,user,3,train,0
movie:819:10,movie,819,10,agent,3,train,1
movie:820:1,movie,820,1,user,3,test,0
movie:820:2,movie,820,2,agent,3,test,1
movie:820:3,movie,820,3,user,3,test,0
movie:820:4,movie,820,4,agent,2,test,0
movie:820:5,movie,820,5,user,2,test,0
movie:820:6,movie,820,6,agent,1,test,0
movie:820:7,movie,820,7,user,0,test,0
movie:820:8,movie,820,8,agent,2,test,0
movie:820:9,movie,820,9,user,0,test,1
movie:820:10,movie,820,10,agent,2,test,0
movie:820:11,movie,820,11,user,2,test,0
movie:820:12,movie,820,12,agent,2,test,0
movie:821:1,movie,821,1,user,1,train,0
movie:821:2,movie,821,2,agent,2,train,0
movie:821:3,movie,821,3,user,2,train,1
movie:821:4,movie,821,4,agent,2,train,1
movie:821:5,movie,821,5,user,3,train,1
movie:821:6,movie,821,6,agent,2,train,0
movie:822:1,movie,822,1,user,3,train,1
movie:822:2,movie,822,2,agent,0,train,0
movie:822:3,movie,822,3,user,2,train,0
movie:822:4,movie,822,4,agent,2,train,0
movie:822:5,movie,822,5,user,0,train,0
movie:822:6,movie,822,6,agent,2,train,0
movie:822:7,movie,822,7,user,2,train,0
movie:822:8,movie,822,8,agent,2,train,0
movie:822:9,movie,822,9,user,0,train,1
movie:822:10,movie,822,10,agent,2,train,0
movie:823:1,movie,823,1,user,3,train,1
movie:823:2,movie,823,2,agent,3,train,1
movie:823:3,movie,823,3,user,3,train,0
movie:823:4,movie,823,4,agent,1,train,0
movie:823:5,movie,823,5,user,0,train,0
movie:823:6,movie,823,6,agent,2,train,0
movie:823:7,movie,823,7,user,3,train,0
movie:823:8,movie,823,8,agent,2,train,0
movie:823:9,movie,823,9,user,3,train,0
movie:823:10,movie,823,10,agent,1,train,0
movie:823:11,movie,823,11,user,3,train,1
movie:823:12,movie,823,12,agent,2,train,0
movie:824:1,movie,824,1,user,1,validation,0
movie:824:2,movie,824,2,agent,0,validation,0
movie:824:3,movie,824,3,user,1,validation,1
movie:824:4,movie,824,4,agent,2,validation,0
movie:824:5,movie,824,5,user,0,validation,1
movie:824:6,movie,824,6,agent,1,validation,0
movie:824:7,movie,824,7,user,0,validation,0
movie:824:8,movie,824,8,agent,1,validation,0
movie:824:9,movie,824,9,user,0,validation,0
movie:824:10,movie,824,10,agent,2,validation,0
movie:825:1,movie,825,1,user,1,train,1
movie:825:2,movie,825,2,agent,1,train,0
movie:825:3,movie,825,3,user,2,train,1
movie:825:4,movie,825,4,agent,2,train,0
movie:825:5,movie,825,5,user,2,train,0
movie:825:6,movie,825,6,agent,2,train,1
movie:826:1,movie,826,1,user,3,train,0
movie:826:2,movie,826,2,agent,3,train,0
movie:826:3,movie,826,3,user,3,train,1
movie:826:4,movie,826,4,agent,2,train,0
movie:826:5,movie,826,5,user,2,train,0
movie:826:6,movie,826,6,agent,2,train,1
movie:826:7,movie,826,7,user,0,train,0
movie:826:8,movie,826,8,agent,2,train,0
movie:826:9,movie,826,9,user,3,train,1
movie:826:10,movie,826,10,agent,2,train,0
movie:826:11,movie,826,11,user,3,train,0
movie:826:12,movie,826,12,agent,2,train,0
movie:827:1,movie,827,1,user,1,train,1
movie:827:2,movie,827,2,agent,0,train,1
movie:827:3,movie,827,3,user,0,train,0
movie:827:4,movie,827,4,agent,1,train,0
movie:827:5,movie,827,5,user,0,train,1
movie:827:6,movie,827,6,agent,3,train,1
movie:827:7,movie,827,7,user,3,train,1
movie:827:8,movie,827,8,agent,2,train,0
movie:827:9,movie,827,9,user,2,train,1
movie:827:10,movie,827,10,agent,2,train,1
movie:827:11,movie,827,11,user,3,train,0
movie:827:12,movie,827,12,agent,3,train,0
movie:828:1,movie,828,1,user,3,validation,1
movie:828:2,movie,828,2,agent,2,validation,0
movie:828:3,movie,828,3,user,2,validation,0
movie:828:4,movie,828,4,agent,2,validation,0
movie:828:5,movie,828,5,user,0,validation,0
movie:828:6,movie,828,6,agent,2,validation,0
movie:829:1,movie,829,1,user,3,train,0
movie:829:2,movie,829,2,agent,2,train,0
movie:829:3,movie,829,3,user,2,train,0
movie:829:4,movie,829,4,agent,2,train,1
movie:829:5,movie,829,5,user,2,train,1
movie:829:6,movie,829,6,agent,2,train,0
movie:830:1,movie,830,1,user,1,train,0
movie:830:2,movie,830,2,agent,1,train,1
movie:830:3,movie,830,3,user,3,train,0
movie:830:4,movie,830,4,agent,1,train,0
movie:830:5,movie,830,5,user,0,train,0
movie:830:6,movie,830,6,agent,2,train,0
movie:830:7,movie,830,7,user,3,train,0
movie:830:8,movie,830,8,agent,2,train,0
movie:830:9,movie,830,9,user,3,train,1
movie:830:10,movie,830,10,agent,2,train,0
movie:831:1,movie,831,1,user,1,train,0
movie:831:2,movie,831,2,agent,2,train,0
movie:831:3,movie,831,3,user,2,train,0
movie:831:4,movie,831,4,agent,2,train,0
movie:831:5,movie,831,5,user,0,train,0
movie:831:6,movie,831,6,agent,2,train,0
movie:831:7,movie,831,7,user,0,train,0
movie:831:8,movie,831,8,agent,2,train,0
movie:832:1,movie,832,1,user,3,train,1
movie:832:2,movie,832,2,agent,3,train,1
movie:832:3,movie,832,3,user,3,train,1
movie:832:4,movie,832,4,agent,2,train,1
movie:832:5,movie,832,5,user,0,train,0
movie:832:6,movie,832,6,agent,1,train,0
movie:832:7,movie,832,7,user,2,train,0
movie:832:8,movie,832,8,agent,1,train,0
movie:832:9,movie,832,9,user,0,train,0
movie:832:10,movie,832,10,agent,2,train,0
movie:832:11,movie,832,11,user,0,train,1
movie:832:12,movie,832,12,agent,1,train,1
movie:832:13,movie,832,13,user,0,train,0
movie:832:14,movie,832,14,agent,2,train,0
movie:832:15,movie,832,15,user,0,train,0
movie:832:16,movie,832,16,agent,2,train,1
movie:833:1,movie,833,1,user,1,test,0
movie:833:2,movie,833,2,agent,0,test,0
movie:833:3,movie,833,3,user,0,test,1
movie:833:4,movie,833,4,agent,0,test,1
movie:833:5,movie,833,5,user,2,test,0
movie:833:6,movie,833,6,agent,2,test,0
movie:833:7,movie,833,7,user,0,test,0
movie:833:8,movie,833,8,agent,2,test,0
movie:833:9,movie,833,9,user,2,test,0
movie:833:10,movie,833,10,agent,2,test,0
movie:834:1,movie,834,1,user,2,train,0
movie:834:2,movie,834,2,agent,2,train,1
movie:834:3,movie,834,3,user,2,train,1
movie:834:4,movie,834,4,agent,2,train,1
movie:835:1,movie,835,1,user,3,train,0
movie:835:2,movie,835,2,agent,3,train,1
movie:835:3,movie,835,3,user,3,train,1
movie:835:4,movie,835,4,agent,2,train,0
movie:835:5,movie,835,5,user,0,train,1
movie:835:6,movie,835,6,agent,1,train,1
movie:835:7,movie,835,7,user,0,train,0
movie:835:8,movie,835,8,agent,1,train,0
movie:835:9,movie,835,9,user,0,train,0
movie:835:10,movie,835,10,agent,2,train,1
movie:835:11,movie,835,11,user,0,train,1
movie:835:12,movie,835,12,agent,2,train,0
movie:836:1,movie,836,1,user,2,train,0
movie:836:2,movie,836,2,agent,2,train,0
movie:836:3,movie,836,3,user,2,train,0
movie:836:4,movie,836,4,agent,2,train,0
movie:836:5,movie,836,5,user,2,train,1
movie:836:6,movie,836,6,agent,2,train,0
movie:836:7,movie,836,7,user,3,train,0
movie:836:8,movie,836,8,agent,3,train,0
movie:837:1,movie,837,1,user,2,train,0
movie:837:2,movie,837,2,agent,2,train,0
movie:837:3,movie,837,3,user,2,train,1
movie:837:4,movie,837,4,agent,2,train,0
movie:838:1,movie,838,1,user,3,train,1
movie:838:2,movie,838,2,agent,3,train,1
movie:838:3,movie,838,3,user,3,train,0
movie:838:4,movie,838,4,agent,2,train,0
movie:838:5,movie,838,5,user,0,train,1
movie:838:6,movie,838,6,agent,2,train,0
movie:838:7,movie,838,7,user,2,train,0
movie:838:8,movie,838,8,agent,2,train,1
movie:839:1,movie,839,1,user,3,validation,0
movie:839:2,movie,839,2,agent,0,validation,0
movie:839:3,movie,839,3,user,0,validation,1
movie:839:4,movie,839,4,agent,1,validation,0
movie:839:5,movie,839,5,user,0,validation,0
movie:839:6,movie,839,6,agent,1,validation,1
movie:839:7,movie,839,7,user,0,validation,0
movie:839:8,movie,839,8,agent,0,validation,0
movie:839:9,movie,839,9,user,0,validation,1
movie:839:10,movie,839,10,agent,2,validation,0
movie:840:1,movie,840,1,user,3,train,1
movie:840:2,movie,840,2,agent,1,train,0
movie:840:3,movie,840,3,user,2,train,0
movie:840:4,movie,840,4,agent,3,train,0
movie:840:5,movie,840,5,user,2,train,1
movie:840:6,movie,840,6,agent,2,train,0
movie:840:7,movie,840,7,user,3,train,1
movie:840:8,movie,840,8,agent,2,train,0
movie:840:9,movie,840,9,user,0,train,1
movie:840:10,movie,840,10,agent,2,train,0
movie:840:11,movie,840,11,user,3,train,1
movie:840:12,movie,840,12,agent,3,train,0
movie:841:1,movie,841,1,user,2,test,0
movie:841:2,movie,841,2,agent,0,test,1
movie:841:3,movie,841,3,user,0,test,1
movie:841:4,movie,841,4,agent,0,test,1
movie:841:5,movie,841,5,user,0,test,0
movie:841:6,movie,841,6,agent,1,test,1
movie:841:7,movie,841,7,user,0,test,1
movie:841:8,movie,841,8,agent,2,test,1
movie:841:9,movie,841,9,user,2,test,0
movie:841:10,movie,841,10,agent,2,test,0
movie:841:11,movie,841,11,user,3,test,1
movie:841:12,movie,841,12,agent,3,test,1
movie:842:1,movie,842,1,user,2,train,0
movie:842:2,movie,842,2,agent,2,train,1
movie:842:3,movie,842,3,user,0,train,0
movie:842:4,movie,842,4,agent,2,train,0
movie:842:5,movie,842,5,user,0,train,0
movie:842:6,movie,842,6,agent,2,train,1
movie:842:7,movie,842,7,user,0,train,1
movie:842:8,movie,842,8,agent,2,train,0
movie:842:9,movie,842,9,user,2,train,0
movie:842:10,movie,842,10,agent,2,train,0
movie:843:1,movie,843,1,user,3,train,1
movie:843:2,movie,843,2,agent,2,train,1
movie:843:3,movie,843,3,user,3,train,1
movie:843:4,movie,843,4,agent,3,train,0
movie:844:1,movie,844,1,user,3,test,1
movie:844:2,movie,844,2,agent,1,test,0
movie:844:3,movie,844,3,user,3,test,1
movie:844:4,movie,844,4,agent,2,test,0
movie:844:5,movie,844,5,user,3,test,1
movie:844:6,movie,844,6,agent,2,test,0
movie:844:7,movie,844,7,user,3,test,1
movie:844:8,movie,844,8,agent,2,test,1
movie:845:1,movie,845,1,user,3,validation,1
movie:845:2,movie,845,2,agent,3,validation,0
movie:845:3,movie,845,3,user,3,validation,1
movie:845:4,movie,845,4,agent,3,validation,0
movie:845:5,movie,845,5,user,0,validation,0
movie:845:6,movie,845,6,agent,1,validation,0
movie:845:7,movie,845,7,user,2,validation,0
movie:845:8,movie,845,8,agent,2,validation,1
movie:845:9,movie,845,9,user,2,validation,0
movie:845:10,movie,845,10,agent,2,validation,1
movie:845:11,movie,845,11,user,3,validation,0
movie:845:12,movie,845,12,agent,3,validation,0
movie:846:1,movie,846,1,user,1,train,0
movie:846:2,movie,846,2,agent,2,train,0
movie:846:3,movie,846,3,user,2,train,0
movie:846:4,movie,846,4,agent,2,train,0
movie:847:1,movie,847,1,user,1,train,1
movie:847:2,movie,847,2,agent,2,train,1
movie:847:3,movie,847,3,user,0,train,1
movie:847:4,movie,847,4,agent,1,train,1
movie:847:5,movie,847,5,user,0,train,1
movie:847:6,movie,847,6,agent,1,train,0
movie:847:7,movie,847,7,user,0,train,1
movie:847:8,movie,847,8,agent,3,train,1
movie:847:9,movie,847,9,user,0,train,1
movie:847:10,movie,847,10,agent,2,train,0
movie:847:11,movie,847,11,user,2,train,0
movie:847:12,movie,847,12,agent,2,train,1
movie:847:13,movie,847,13,user,3,train,1
movie:847:14,movie,847,14,agent,3,train,1
movie:848:1,movie,848,1,user,3,train,1
movie:848:2,movie,848,2,agent,3,train,0
movie:848:3,movie,848,3,user,0,train,1
movie:848:4,movie,848,4,agent,1,train,0
movie:848:5,movie,848,5,user,2,train,0
movie:848:6,movie,848,6,agent,1,train,0
movie:848:7,movie,848,7,user,0,train,0
movie:848:8,movie,848,8,agent,1,train,0
movie:848:9,movie,848,9,user,2,train,0
movie:848:10,movie,848,10,agent,2,train,0
movie:848:11,movie,848,11,user,0,train,0
movie:848:12,movie,848,12,agent,2,train,0
movie:848:13,movie,848,13,user,2,train,1
movie:848:14,movie,848,14,agent,2,train,0
movie:848:15,movie,848,15,user,3,train,0
movie:848:16,movie,848,16,agent,3,train,1
movie:849:1,movie,849,1,user,3,train,0
movie:849:2,movie,849,2,agent,3,train,1
movie:849:3,movie,849,3,user,3,train,0
movie:849:4,movie,849,4,agent,2,train,0
movie:849:5,movie,849,5,user,0,train,0
movie:849:6,movie,849,6,agent,2,train,0
movie:849:7,movie,849,7,user,0,train,1
movie:849:8,movie,849,8,agent,2,train,0
movie:849:9,movie,849,9,user,2,train,1
movie:849:10,movie,849,10,agent,2,train,0
movie:849:11,movie,849,11,user,0,train,0
movie:849:12,movie,849,12,agent,2,train,0
movie:850:1,movie,850,1,user,1,train,0
movie:850:2,movie,850,2,agent,3,train,1
movie:850:3,movie,850,3,user,0,train,1
movie:850:4,movie,850,4,agent,1,train,0
movie:850:5,movie,850,5,user,2,train,0
movie:850:6,movie,850,6,agent,0,train,1
movie:850:7,movie,850,7,user,0,train,0
movie:850:8,movie,850,8,agent,2,train,0
movie:850:9,movie,850,9,user,2,train,0
movie:850:10,movie,850,10,agent,2,train,1
movie:851:1,movie,851,1,user,2,train,0
movie:851:2,movie,851,2,agent,1,train,0
movie:851:3,movie,851,3,user,2,train,0
movie:851:4,movie,851,4,agent,1,train,0
movie:851:5,movie,851,5,user,0,train,0
movie:851:6,movie,851,6,agent,2,train,0
movie:851:7,movie,851,7,user,2,train,0
movie:851:8,movie,851,8,agent,2,train,1
movie:852:1,movie,852,1,user,1,test,0
movie:852:2,movie,852,2,agent,0,test,1
movie:852:3,movie,852,3,user,1,test,0
movie:852:4,movie,852,4,agent,1,test,0
movie:852:5,movie,852,5,user,2,test,0
movie:852:6,movie,852,6,agent,2,test,0
movie:852:7,movie,852,7,user,3,test,0
movie:852:8,movie,852,8,agent,2,test,1
movie:852:9,movie,852,9,user,3,test,0
movie:852:10,movie,852,10,agent,3,test,1
movie:853:1,movie,853,1,user,1,train,0
movie:853:2,movie,853,2,agent,2,train,0
movie:853:3,movie,853,3,user,3,train,1
movie:853:4,movie,853,4,agent,2,train,0
movie:853:5,movie,853,5,user,2,train,0
movie:853:6,movie,853,6,agent,2,train,1
movie:854:1,movie,854,1,user,3,train,1
movie:854:2,movie,854,2,agent,1,train,0
movie:854:3,movie,854,3,user,3,train,0
movie:854:4,movie,854,4,agent,3,train,0
movie:854:5,movie,854,5,user,0,train,0
movie:854:6,movie,854,6,agent,2,train,0
movie:854:7,movie,854,7,user,2,train,1
movie:854:8,movie,854,8,agent,2,train,0
movie:854:9,movie,854,9,user,2,train,0
movie:854:10,movie,854,10,agent,2,train,1
movie:854:11,movie,854,11,user,3,train,0
movie:855:1,movie,855,1,user,3,train,0
movie:855:2,movie,855,2,agent,2,train,1
movie:855:3,movie,855,3,user,2,train,1
movie:855:4,movie,855,4,agent,2,train,0
movie:855:5,movie,855,5,user,0,train,0
movie:855:6,movie,855,6,agent,2,train,0
movie:855:7,movie,855,7,user,2,train,0
movie:855:8,movie,855,8,agent,2,train,0
movie:856:1,movie,856,1,user,2,train,1
movie:856:2,movie,856,2,agent,3,train,0
movie:856:3,movie,856,3,user,0,train,1
movie:856:4,movie,856,4,agent,3,train,0
movie:856:5,movie,856,5,user,2,train,0
movie:856:6,movie,856,6,agent,2,train,0
movie:856:7,movie,856,7,user,0,train,0
movie:856:8,movie,856,8,agent,2,train,0
movie:856:9,movie,856,9,user,2,train,1
movie:856:10,movie,856,10,agent,2,train,1
movie:857:1,movie,857,1,user,2,train,0
movie:857:2,movie,857,2,agent,2,train,0
movie:857:3,movie,857,3,user,3,train,1
movie:857:4,movie,857,4,agent,2,train,0
movie:857:5,movie,857,5,user,3,train,1
movie:857:6,movie,857,6,agent,3,train,0
movie:858:1,movie,858,1,user,3,train,1
movie:858:2,movie,858,2,agent,3,train,0
movie:858:3,movie,858,3,user,3,train,1
movie:858:4,movie,858,4,agent,1,train,0
movie:858:5,movie,858,5,user,1,train,0
movie:858:6,movie,858,6,agent,1,train,0
movie:858:7,movie,858,7,user,2,train,1
movie:858:8,movie,858,8,agent,2,train,0
movie:858:9,movie,858,9,user,2,train,0
movie:858:10,movie,858,10,agent,1,train,1
movie:858:11,movie,858,11,user,0,train,0
movie:858:12,movie,858,12,agent,2,train,1
movie:859:1,movie,859,1,user,1,test,0
movie:859:2,movie,859,2,agent,1,test,0
movie:859:3,movie,859,3,user,0,test,0
movie:859:4,movie,859,4,agent,2,test,1
movie:860:1,movie,860,1,user,3,train,1
movie:860:2,movie,860,2,agent,0,train,1
movie:860:3,movie,860,3,user,0,train,1
movie:860:4,movie,860,4,agent,1,train,0
movie:860:5,movie,860,5,user,0,train,0
movie:860:6,movie,860,6,agent,2,train,0
movie:860:7,movie,860,7,user,2,train,1
movie:860:8,movie,860,8,agent,2,train,1
movie:861:1,movie,861,1,user,3,train,1
movie:861:2,movie,861,2,agent,2,train,0
movie:861:3,movie,861,3,user,3,train,0
movie:861:4,movie,861,4,agent,2,train,0
movie:861:5,movie,861,5,user,3,train,1
movie:861:6,movie,861,6,agent,2,train,0
movie:861:7,movie,861,7,user,2,train,1
movie:861:8,movie,861,8,agent,1,train,0
movie:861:9,movie,861,9,user,0,train,0
movie:861:10,movie,861,10,agent,2,train,0
movie:861:11,movie,861,11,user,3,train,0
movie:861:12,movie,861,12,agent,1,train,0
movie:861:13,movie,861,13,user,3,train,1
movie:861:14,movie,861,14,agent,3,train,0
movie:861:15,movie,861,15,user,2,train,0
movie:861:16,movie,861,16,agent,2,train,0
movie:862:1,movie,862,1,user,1,validation,0
movie:862:2,movie,862,2,agent,0,validation,0
movie:862:3,movie,862,3,user,2,validation,1
movie:862:4,movie,862,4,agent,2,validation,0
movie:862:5,movie,862,5,user,2,validation,0
movie:862:6,movie,862,6,agent,2,validation,0
movie:863:1,movie,863,1,user,3,train,1
movie:863:2,movie,863,2,agent,2,train,0
movie:863:3,movie,863,3,user,2,train,0
movie:863:4,movie,863,4,agent,2,train,0
movie:864:1,movie,864,1,user,3,train,0
movie:864:2,movie,864,2,agent,3,train,1
movie:864:3,movie,864,3,user,0,train,0
movie:864:4,movie,864,4,agent,1,train,0
movie:864:5,movie,864,5,user,2,train,0
movie:864:6,movie,864,6,agent,2,train,0
movie:864:7,movie,864,7,user,2,train,0
movie:864:8,movie,864,8,agent,2,train,0
movie:865:1,movie,865,1,user,1,test,1
movie:865:2,movie,865,2,agent,1,test,1
movie:865:3,movie,865,3,user,0,test,1
movie:865:4,movie,865,4,agent,3,test,0
movie:866:1,movie,866,1,user,3,train,1
movie:866:2,movie,866,2,agent,1,train,0
movie:866:3,movie,866,3,user,0,train,0
movie:866:4,movie,866,4,agent,2,train,0
movie:866:5,movie,866,5,user,2,train,1
movie:866:6,movie,866,6,agent,0,train,0
movie:866:7,movie,866,7,user,0,train,1
movie:866:8,movie,866,8,agent,2,train,0
movie:866:9,movie,866,9,user,2,train,0
movie:866:10,movie,866,10,agent,2,train,0
movie:867:1,movie,867,1,user,3,train,0
movie:867:2,movie,867,2,agent,2,train,1
movie:867:3,movie,867,3,user,2,train,0
movie:867:4,movie,867,4,agent,2,train,0
movie:867:5,movie,867,5,user,2,train,0
movie:867:6,movie,867,6,agent,2,train,0
movie:868:1,movie,868,1,user,3,train,1
movie:868:2,movie,868,2,agent,2,train,0
movie:868:3,movie,868,3,user,2,train,0
movie:868:4,movie,868,4,agent,0,train,0
movie:868:5,movie,868,5,user,0,train,1
movie:868:6,movie,868,6,agent,2,train,0
movie:869:1,movie,869,1,user,2,validation,0
movie:869:2,movie,869,2,agent,0,validation,0
movie:869:3,movie,869,3,user,0,validation,1
movie:869:4,movie,869,4,agent,1,validation,0
movie:869:5,movie,869,5,user,0,validation,0
movie:869:6,movie,869,6,agent,2,validation,0
movie:870:1,movie,870,1,user,3,train,0
movie:870:2,movie,870,2,agent,2,train,0
movie:870:3,movie,870,3,user,3,train,1
movie:870:4,movie,870,4,agent,2,train,0
movie:870:5,movie,870,5,user,3,train,0
movie:870:6,movie,870,6,agent,3,train,1
movie:871:1,movie,871,1,user,1,train,0
movie:871:2,movie,871,2,agent,2,train,0
movie:871:3,movie,871,3,user,2,train,0
movie:871:4,movie,871,4,agent,2,train,0
movie:871:5,movie,871,5,user,3,train,1
movie:871:6,movie,871,6,agent,3,train,0
movie:872:1,movie,872,1,user,2,train,1
movie:872:2,movie,872,2,agent,2,train,0
movie:872:3,movie,872,3,user,2,train,0
movie:872:4,movie,872,4,agent,2,train,0
movie:872:5,movie,872,5,user,2,train,0
movie:872:6,movie,872,6,agent,2,train,0
movie:872:7,movie,872,7,user,3,train,1
movie:872:8,movie,872,8,agent,3,train,1
movie:873:1,movie,873,1,user,1,validation,0
movie:873:2,movie,873,2,agent,0,validation,1
movie:873:3,movie,873,3,user,0,validation,1
movie:873:4,movie,873,4,agent,2,validation,1
movie:873:5,movie,873,5,user,0,validation,1
movie:873:6,movie,873,6,agent,2,validation,1
movie:873:7,movie,873,7,user,3,validation,1
movie:873:8,movie,873,8,agent,3,validation,1
movie:874:1,movie,874,1,user,3,train,1
movie:874:2,movie,874,2,agent,3,train,1
movie:874:3,movie,874,3,user,3,train,1
movie:874:4,movie,874,4,agent,1,train,0
movie:874:5,movie,874,5,user,3,train,1
movie:874:6,movie,874,6,agent,2,train,0
movie:874:7,movie,874,7,user,3,train,1
movie:874:8,movie,874,8,agent,2,train,1
movie:875:1,movie,875,1,user,1,train,0
movie:875:2,movie,875,2,agent,1,train,0
movie:875:3,movie,875,3,user,3,train,1
movie:875:4,movie,875,4,agent,3,train,0
movie:875:5,movie,875,5,user,2,train,0
movie:875:6,movie,875,6,agent,2,train,0
movie:875:7,movie,875,7,user,2,train,0
movie:875:8,movie,875,8,agent,2,train,1
movie:875:9,movie,875,9,user,3,train,1
movie:875:10,movie,875,10,agent,3,train,1
movie:876:1,movie,876,1,user,3,train,0
movie:876:2,movie,876,2,agent,2,train,1
movie:876:3,movie,876,3,user,3,train,1
movie:876:4,movie,876,4,agent,2,train,0
movie:876:5,movie,876,5,user,3,train,1
movie:876:6,movie,876,6,agent,3,train,0
movie:877:1,movie,877,1,user,3,test,1
movie:877:2,movie,877,2,agent,3,test,0
movie:877:3,movie,877,3,user,0,test,0
movie:877:4,movie,877,4,agent,1,test,0
movie:877:5,movie,877,5,user,3,test,1
movie:877:6,movie,877,6,agent,2,test,0
movie:877:7,movie,877,7,user,2,test,0
movie:877:8,movie,877,8,agent,2,test,0
movie:877:9,movie,877,9,user,3,test,0
movie:877:10,movie,877,10,agent,3,test,1
movie:878:1,movie,878,1,user,2,train,0
movie:878:2,movie,878,2,agent,2,train,0
movie:878:3,movie,878,3,user,1,train,0
movie:878:4,movie,878,4,agent,1,train,0
movie:878:5,movie,878,5,user,0,train,1
movie:878:6,movie,878,6,agent,1,train,0
movie:878:7,movie,878,7,user,0,train,1
movie:878:8,movie,878,8,agent,2,train,1
movie:879:1,movie,879,1,user,3,train,1
movie:879:2,movie,879,2,agent,2,train,0
movie:879:3,movie,879,3,user,3,train,1
movie:879:4,movie,879,4,agent,3,train,0
movie:880:1,movie,880,1,user,3,train,0
movie:880:2,movie,880,2,agent,3,train,0
movie:880:3,movie,880,3,user,3,train,0
movie:880:4,movie,880,4,agent,2,train,1
movie:880:5,movie,880,5,user,3,train,1
movie:880:6,movie,880,6,agent,1,train,1
movie:880:7,movie,880,7,user,0,train,0
movie:880:8,movie,880,8,agent,2,train,0
movie:880:9,movie,880,9,user,1,train,0
movie:880:10,movie,880,10,agent,2,train,0
movie:880:11,movie,880,11,user,2,train,0
movie:880:12,movie,880,12,agent,2,train,0
movie:881:1,movie,881,1,user,3,train,1
movie:881:2,movie,881,2,agent,2,train,0
movie:881:3,movie,881,3,user,3,train,0
movie:881:4,movie,881,4,agent,3,train,1
movie:882:1,movie,882,1,user,3,train,0
movie:882:2,movie,882,2,agent,2,train,0
movie:882:3,movie,882,3,user,3,train,0
movie:882:4,movie,882,4,agent,3,train,1
movie:883:1,movie,883,1,user,3,train,1
movie:883:2,movie,883,2,agent,3,train,1
movie:883:3,movie,883,3,user,3,train,0
movie:883:4,movie,883,4,agent,1,train,0
movie:883:5,movie,883,5,user,0,train,0
movie:883:6,movie,883,6,agent,1,train,0
movie:883:7,movie,883,7,user,2,train,0
movie:883:8,movie,883,8,agent,1,train,1
movie:883:9,movie,883,9,user,0,train,1
movie:883:10,movie,883,10,agent,2,train,0
movie:883:11,movie,883,11,user,2,train,1
movie:883:12,movie,883,12,agent,2,train,1
movie:883:13,movie,883,13,user,2,train,0
movie:883:14,movie,883,14,agent,1,train,0
movie:883:15,movie,883,15,user,0,train,0
movie:883:16,movie,883,16,agent,2,train,1
movie:884:1,movie,884,1,user,3,train,1
movie:884:2,movie,884,2,agent,3,train,0
movie:884:3,movie,884,3,user,3,train,0
movie:884:4,movie,884,4,agent,2,train,0
movie:884:5,movie,884,5,user,3,train,0
movie:884:6,movie,884,6,agent,2,train,0
movie:884:7,movie,884,7,user,2,train,0
movie:884:8,movie,884,8,agent,2,train,0
movie:885:1,movie,885,1,user,3,train,0
movie:885:2,movie,885,2,agent,1,train,0
movie:885:3,movie,885,3,user,0,train,0
movie:885:4,movie,885,4,agent,2,train,0
movie:885:5,movie,885,5,user,2,train,1
movie:885:6,movie,885,6,agent,2,train,0
movie:885:7,movie,885,7,user,0,train,0
movie:885:8,movie,885,8,agent,2,train,0
movie:886:1,movie,886,1,user,3,train,0
movie:886:2,movie,886,2,agent,2,train,1
movie:886:3,movie,886,3,user,3,train,1
movie:886:4,movie,886,4,agent,3,train,1
movie:887:1,movie,887,1,user,3,train,0
movie:887:2,movie,887,2,agent,1,train,0
movie:887:3,movie,887,3,user,0,train,1
movie:887:4,movie,887,4,agent,2,train,1
movie:887:5,movie,887,5,user,0,train,0
movie:887:6,movie,887,6,agent,2,train,0
movie:887:7,movie,887,7,user,2,train,0
movie:887:8,movie,887,8,agent,2,train,0
movie:888:1,movie,888,1,user,3,validation,0
movie:888:2,movie,888,2,agent,2,validation,0
movie:888:3,movie,888,3,user,0,validation,0
movie:888:4,movie,888,4,agent,1,validation,0
movie:888:5,movie,888,5,user,0,validation,0
movie:888:6,movie,888,6,agent,2,validation,0
movie:889:1,movie,889,1,user,3,train,0
movie:889:2,movie,889,2,agent,1,train,0
movie:889:3,movie,889,3,user,0,train,0
movie:889:4,movie,889,4,agent,2,train,0
movie:889:5,movie,889,5,user,2,train,0
movie:889:6,movie,889,6,agent,1,train,0
movie:889:7,movie,889,7,user,0,train,0
movie:889:8,movie,889,8,agent,2,train,0
movie:889:9,movie,889,9,user,2,train,0
movie:889:10,movie,889,10,agent,2,train,0
movie:890:1,movie,890,1,user,3,train,1
movie:890:2,movie,890,2,agent,2,train,0
movie:890:3,movie,890,3,user,0,train,0
movie:890:4,movie,890,4,agent,1,train,0
movie:890:5,movie,890,5,user,2,train,0
movie:890:6,movie,890,6,agent,0,train,1
movie:890:7,movie,890,7,user,2,train,1
movie:890:8,movie,890,8,agent,1,train,0
movie:890:9,movie,890,9,user,3,train,0
movie:890:10,movie,890,10,agent,2,train,0
movie:890:11,movie,890,11,user,3,train,1
movie:890:12,movie,890,12,agent,2,train,1
movie:890:13,movie,890,13,user,3,train,1
movie:890:14,movie,890,14,agent,2,train,1
movie:890:15,movie,890,15,user,3,train,1
movie:890:16,movie,890,16,agent,3,train,0
movie:891:1,movie,891,1,user,3,train,1
movie:891:2,movie,891,2,agent,3,train,0
movie:891:3,movie,891,3,user,3,train,0
movie:891:4,movie,891,4,agent,2,train,0
movie:891:5,movie,891,5,user,2,train,1
movie:891:6,movie,891,6,agent,1,train,1
movie:891:7,movie,891,7,user,2,train,1
movie:891:8,movie,891,8,agent,0,train,0
movie:891:9,movie,891,9,user,0,train,0
movie:891:10,movie,891,10,agent,2,train,0
movie:891:11,movie,891,11,user,2,train,0
movie:891:12,movie,891,12,agent,2,train,0
movie:891:13,movie,891,13,user,0,train,0
movie:891:14,movie,891,14,agent,2,train,0
movie:891:15,movie,891,15,user,3,train,0
movie:891:16,movie,891,16,agent,3,train,1
movie:892:1,movie,892,1,user,1,train,0
movie:892:2,movie,892,2,agent,0,train,0
movie:892:3,movie,892,3,user,0,train,1
movie:892:4,movie,892,4,agent,2,train,0
movie:892:5,movie,892,5,user,2,train,0
movie:892:6,movie,892,6,agent,2,train,0
movie:892:7,movie,892,7,user,3,train,1
movie:892:8,movie,892,8,agent,3,train,1
movie:893:1,movie,893,1,user,1,train,0
movie:893:2,movie,893,2,agent,2,train,1
movie:893:3,movie,893,3,user,0,train,0
movie:893:4,movie,893,4,agent,2,train,0
movie:893:5,movie,893,5,user,0,train,0
movie:893:6,movie,893,6,agent,2,train,0
movie:893:7,movie,893,7,user,2,train,0
movie:893:8,movie,893,8,agent,2,train,1
movie:893:9,movie,893,9,user,3,train,0
movie:893:10,movie,893,10,agent,3,train,1
movie:894:1,movie,894,1,user,3,train,0
movie:894:2,movie,894,2,agent,0,train,0
movie:894:3,movie,894,3,user,0,train,0
movie:894:4,movie,894,4,agent,3,train,1
movie:894:5,movie,894,5,user,0,train,1
movie:894:6,movie,894,6,agent,2,train,0
movie:894:7,movie,894,7,user,3,train,0
movie:894:8,movie,894,8,agent,2,train,0
movie:895:1,movie,895,1,user,3,train,1
movie:895:2,movie,895,2,agent,3,train,1
movie:895:3,movie,895,3,user,0,train,0
movie:895:4,movie,895,4,agent,0,train,0
movie:895:5,movie,895,5,user,0,train,0
movie:895:6,movie,895,6,agent,0,train,1
movie:895:7,movie,895,7,user,0,train,0
movie:895:8,movie,895,8,agent,1,train,0
movie:895:9,movie,895,9,user,3,train,0
movie:895:10,movie,895,10,agent,2,train,0
movie:895:11,movie,895,11,user,0,train,0
movie:895:12,movie,895,12,agent,2,train,0
movie:895:13,movie,895,13,user,0,train,1
movie:895:14,movie,895,14,agent,1,train,0
movie:895:15,movie,895,15,user,0,train,1
movie:895:16,movie,895,16,agent,2,train,0
movie:895:17,movie,895,17,user,3,train,1
movie:895:18,movie,895,18,agent,3,train,0
movie:896:1,movie,896,1,user,2,test,0
movie:896:2,movie,896,2,agent,2,test,0
movie:896:3,movie,896,3,user,3,test,0
movie:896:4,movie,896,4,agent,2,test,0
movie:896:5,movie,896,5,user,3,test,1
movie:896:6,movie,896,6,agent,3,test,1
movie:897:1,movie,897,1,user,1,validation,0
movie:897:2,movie,897,2,agent,1,validation,0
movie:897:3,movie,897,3,user,0,validation,0
movie:897:4,movie,897,4,agent,2,validation,0
movie:897:5,movie,897,5,user,2,validation,0
movie:897:6,movie,897,6,agent,2,validation,0
movie:898:1,movie,898,1,user,2,train,1
movie:898:2,movie,898,2,agent,2,train,0
movie:898:3,movie,898,3,user,0,train,0
movie:898:4,movie,898,4,agent,2,train,0
movie:899:1,movie,899,1,user,3,train,1
movie:899:2,movie,899,2,agent,2,train,0
movie:899:3,movie,899,3,user,3,train,0
movie:899:4,movie,899,4,agent,3,train,1
movie:900:1,movie,900,1,user,2,train,0
movie:900:2,movie,900,2,agent,0,train,0
movie:900:3,movie,900,3,user,0,train,0
movie:900:4,movie,900,4,agent,2,train,0
movie:900:5,movie,900,5,user,2,train,0
movie:900:6,movie,900,6,agent,2,train,1
movie:900:7,movie,900,7,user,3,train,1
movie:900:8,movie,900,8,agent,3,train,1
movie:901:1,movie,901,1,user,3,train,0
movie:901:2,movie,901,2,agent,3,train,0
movie:901:3,movie,901,3,user,3,train,1
movie:901:4,movie,901,4,agent,1,train,0
movie:901:5,movie,901,5,user,3,train,0
movie:901:6,movie,901,6,agent,2,train,0
movie:901:7,movie,901,7,user,3,train,1
movie:901:8,movie,901,8,agent,3,train,1
movie:901:9,movie,901,9,user,3,train,1
movie:901:10,movie,901,10,agent,2,train,0
movie:901:11,movie,901,11,user,3,train,1
movie:901:12,movie,901,12,agent,2,train,0
movie:902:1,movie,902,1,user,1,validation,1
movie:902:2,movie,902,2,agent,1,validation,0
movie:902:3,movie,902,3,user,0,validation,0
movie:902:4,movie,902,4,agent,2,validation,0
movie:902:5,movie,902,5,user,2,validation,0
movie:902:6,movie,902,6,agent,1,validation,0
movie:902:7,movie,902,7,user,2,validation,1
movie:902:8,movie,902,8,agent,2,validation,0
movie:902:9,movie,902,9,user,0,validation,0
movie:902:10,movie,902,10,agent,2,validation,0
movie:902:11,movie,902,11,user,0,validation,1
movie:902:12,movie,902,12,agent,2,validation,0
movie:902:13,movie,902,13,user,2,validation,0
movie:902:14,movie,902,14,agent,2,validation,1
movie:903:1,movie,903,1,user,1,test,0
movie:903:2,movie,903,2,agent,1,test,0
movie:903:3,movie,903,3,user,0,test,1
movie:903:4,movie,903,4,agent,2,test,0
movie:904:1,movie,904,1,user,3,test,0
movie:904:2,movie,904,2,agent,2,test,0
movie:904:3,movie,904,3,user,3,test,0
movie:904:4,movie,904,4,agent,2,test,0
movie:905:1,movie,905,1,user,1,train,1
movie:905:2,movie,905,2,agent,0,train,0
movie:905:3,movie,905,3,user,2,train,0
movie:905:4,movie,905,4,agent,0,train,0
movie:905:5,movie,905,5,user,0,train,0
movie:905:6,movie,905,6,agent,2,train,0
movie:905:7,movie,905,7,user,2,train,0
movie:905:8,movie,905,8,agent,2,train,1
movie:906:1,movie,906,1,user,2,train,0
movie:906:2,movie,906,2,agent,0,train,0
movie:906:3,movie,906,3,user,0,train,0
movie:906:4,movie,906,4,agent,2,train,0
movie:906:5,movie,906,5,user,2,train,0
movie:906:6,movie,906,6,agent,2,train,1
movie:906:7,movie,906,7,user,3,train,1
movie:906:8,movie,906,8,agent,3,train,1
movie:907:1,movie,907,1,user,3,train,0
movie:907:2,movie,907,2,agent,2,train,0
movie:907:3,movie,907,3,user,3,train,1
movie:907:4,movie,907,4,agent,2,train,0
movie:907:5,movie,907,5,user,3,train,0
movie:907:6,movie,907,6,agent,2,train,0
movie:907:7,movie,907,7,user,0,train,0
movie:907:8,movie,907,8,agent,2,train,0
movie:907:9,movie,907,9,user,3,train,0
movie:907:10,movie,907,10,agent,3,train,0
movie:908:1,movie,908,1,user,3,validation,0
movie:908:2,movie,908,2,agent,2,validation,0
movie:908:3,movie,908,3,user,0,validation,0
movie:908:4,movie,908,4,agent,3,validation,0
movie:908:5,movie,908,5,user,2,validation,1
movie:908:6,movie,908,6,agent,2,validation,1
movie:908:7,movie,908,7,user,2,validation,0
movie:908:8,movie,908,8,agent,2,validation,0
movie:909:1,movie,909,1,user,0,train,0
movie:909:2,movie,909,2,agent,2,train,1
movie:909:3,movie,909,3,user,0,train,0
movie:909:4,movie,909,4,agent,2,train,0
movie:909:5,movie,909,5,user,3,train,0
movie:909:6,movie,909,6,agent,2,train,0
movie:910:1,movie,910,1,user,2,test,0
movie:910:2,movie,910,2,agent,0,test,1
movie:910:3,movie,910,3,user,0,test,1
movie:910:4,movie,910,4,agent,2,test,0
movie:910:5,movie,910,5,user,2,test,0
movie:910:6,movie,910,6,agent,0,test,0
movie:910:7,movie,910,7,user,0,test,0
movie:910:8,movie,910,8,agent,3,test,1
movie:910:9,movie,910,9,user,2,test,1
movie:910:10,movie,910,10,agent,2,test,0
movie:910:11,movie,910,11,user,2,test,1
movie:910:12,movie,910,12,agent,2,test,0
movie:910:13,movie,910,13,user,3,test,1
movie:911:1,movie,911,1,user,1,train,1
movie:911:2,movie,911,2,agent,1,train,0
movie:911:3,movie,911,3,user,0,train,0
movie:911:4,movie,911,4,agent,3,train,0
movie:912:1,movie,912,1,user,2,train,0
movie:912:2,movie,912,2,agent,0,train,1
movie:912:3,movie,912,3,user,0,train,1
movie:912:4,movie,912,4,agent,1,train,0
movie:912:5,movie,912,5,user,3,train,0
movie:912:6,movie,912,6,agent,2,train,0
movie:912:7,movie,912,7,user,0,train,0
movie:912:8,movie,912,8,agent,2,train,0
movie:912:9,movie,912,9,user,3,train,1
movie:912:10,movie,912,10,agent,2,train,0
movie:912:11,movie,912,11,user,0,train,0
movie:912:12,movie,912,12,agent,3,train,0
movie:912:13,movie,912,13,user,3,train,1
movie:912:14,movie,912,14,agent,2,train,0
movie:913:1,movie,913,1,user,2,train,1
movie:913:2,movie,913,2,agent,1,train,1
movie:913:3,movie,913,3,user,0,train,0
movie:913:4,movie,913,4,agent,2,train,0
movie:914:1,movie,914,1,user,3,test,1
movie:914:2,movie,914,2,agent,3,test,0
movie:914:3,movie,914,3,user,3,test,1
movie:914:4,movie,914,4,agent,1,test,0
movie:914:5,movie,914,5,user,3,test,0
movie:914:6,movie,914,6,agent,2,test,0
movie:914:7,movie,914,7,user,0,test,1
movie:914:8,movie,914,8,agent,2,test,0
movie:914:9,movie,914,9,user,0,test,0
movie:914:10,movie,914,10,agent,2,test,0
movie:915:1,movie,915,1,user,3,train,1
movie:915:2,movie,915,2,agent,3,train,0
movie:915:3,movie,915,3,user,3,train,1
movie:915:4,movie,915,4,agent,2,train,0
movie:915:5,movie,915,5,user,2,train,0
movie:915:6,movie,915,6,agent,2,train,0
movie:915:7,movie,915,7,user,3,train,1
movie:915:8,movie,915,8,agent,2,train,0
movie:916:1,movie,916,1,user,2,train,0
movie:916:2,movie,916,2,agent,1,train,0
movie:916:3,movie,916,3,user,0,train,0
movie:916:4,movie,916,4,agent,2,train,0
movie:916:5,movie,916,5,user,2,train,0
movie:916:6,movie,916,6,agent,3,train,1
movie:916:7,movie,916,7,user,2,train,0
movie:916:8,movie,916,8,agent,2,train,0
movie:916:9,movie,916,9,user,3,train,0
movie:916:10,movie,916,10,agent,3,train,1
movie:917:1,movie,917,1,user,3,test,0
movie:917:2,movie,917,2,agent,2,test,0
movie:917:3,movie,917,3,user,2,test,0
movie:917:4,movie,917,4,agent,3,test,1
movie:917:5,movie,917,5,user,2,test,0
movie:917:6,movie,917,6,agent,2,test,0
movie:917:7,movie,917,7,user,0,test,0
movie:917:8,movie,917,8,agent,2,test,0
movie:917:9,movie,917,9,user,3,test,1
movie:917:10,movie,917,10,agent,2,test,0
movie:918:1,movie,918,1,user,1,train,0
movie:918:2,movie,918,2,agent,0,train,1
movie:918:3,movie,918,3,user,0,train,0
movie:918:4,movie,918,4,agent,1,train,0
movie:918:5,movie,918,5,user,2,train,0
movie:918:6,movie,918,6,agent,0,train,0
movie:918:7,movie,918,7,user,0,train,0
movie:918:8,movie,918,8,agent,3,train,1
movie:919:1,movie,919,1,user,3,train,1
movie:919:2,movie,919,2,agent,1,train,0
movie:919:3,movie,919,3,user,3,train,1
movie:919:4,movie,919,4,agent,2,train,1
movie:919:5,movie,919,5,user,2,train,0
movie:919:6,movie,919,6,agent,1,train,1
movie:919:7,movie,919,7,user,0,train,1
movie:919:8,movie,919,8,agent,2,train,0
movie:919:9,movie,919,9,user,3,train,0
movie:919:10,movie,919,10,agent,2,train,0
movie:920:1,movie,920,1,user,3,train,1
movie:920:2,movie,920,2,agent,0,train,0
movie:920:3,movie,920,3,user,0,train,0
movie:920:4,movie,920,4,agent,0,train,0
movie:920:5,movie,920,5,user,0,train,1
movie:920:6,movie,920,6,agent,0,train,0
movie:920:7,movie,920,7,user,0,train,0
movie:920:8,movie,920,8,agent,2,train,0
movie:920:9,movie,920,9,user,0,train,1
movie:920:10,movie,920,10,agent,3,train,0
movie:920:11,movie,920,11,user,2,train,0
movie:920:12,movie,920,12,agent,2,train,0
movie:920:13,movie,920,13,user,2,train,0
movie:920:14,movie,920,14,agent,2,train,0
movie:920:15,movie,920,15,user,3,train,0
movie:920:16,movie,920,16,agent,3,train,0
movie:921:1,movie,921,1,user,3,test,1
movie:921:2,movie,921,2,agent,2,test,0
movie:921:3,movie,921,3,user,3,test,0
movie:921:4,movie,921,4,agent,3,test,0
movie:922:1,movie,922,1,user,3,train,1
movie:922:2,movie,922,2,agent,2,train,0
movie:922:3,movie,922,3,user,3,train,1
movie:922:4,movie,922,4,agent,3,train,1
movie:923:1,movie,923,1,user,3,validation,1
movie:923:2,movie,923,2,agent,3,validation,1
movie:923:3,movie,923,3,user,3,validation,0
movie:923:4,movie,923,4,agent,2,validation,0
movie:923:5,movie,923,5,user,3,validation,1
movie:923:6,movie,923,6,agent,2,validation,0
movie:923:7,movie,923,7,user,3,validation,1
movie:923:8,movie,923,8,agent,2,validation,1
movie:923:9,movie,923,9,user,3,validation,1
movie:923:10,movie,923,10,agent,1,validation,0
movie:923:11,movie,923,11,user,0,validation,0
movie:923:12,movie,923,12,agent,1,validation,0
movie:923:13,movie,923,13,user,0,validation,0
movie:923:14,movie,923,14,agent,2,validation,0
movie:924:1,movie,924,1,user,1,test,0
movie:924:2,movie,924,2,agent,1,test,1
movie:924:3,movie,924,3,user,2,test,0
movie:924:4,movie,924,4,agent,2,test,0
movie:924:5,movie,924,5,user,2,test,0
movie:924:6,movie,924,6,agent,2,test,0
movie:925:1,movie,925,1,user,1,train,0
movie:925:2,movie,925,2,agent,2,train,1
movie:925:3,movie,925,3,user,2,train,1
movie:925:4,movie,925,4,agent,2,train,1
movie:925:5,movie,925,5,user,3,train,0
movie:925:6,movie,925,6,agent,2,train,0
movie:926:1,movie,926,1,user,1,validation,0
movie:926:2,movie,926,2,agent,2,validation,0
movie:926:3,movie,926,3,user,3,validation,0
movie:926:4,movie,926,4,agent,2,validation,1
movie:926:5,movie,926,5,user,2,validation,0
movie:926:6,movie,926,6,agent,2,validation,0
movie:926:7,movie,926,7,user,3,validation,1
movie:926:8,movie,926,8,agent,2,validation,0
movie:926:9,movie,926,9,user,2,validation,0
movie:926:10,movie,926,10,agent,2,validation,1
movie:926:11,movie,926,11,user,0,validation,0
movie:926:12,movie,926,12,agent,2,validation,0
movie:926:13,movie,926,13,user,0,validation,1
movie:926:14,movie,926,14,agent,2,validation,0
movie:927:1,movie,927,1,user,1,test,0
movie:927:2,movie,927,2,agent,2,test,0
movie:927:3,movie,927,3,user,0,test,0
movie:927:4,movie,927,4,agent,2,test,1
movie:927:5,movie,927,5,user,3,test,1
movie:927:6,movie,927,6,agent,3,test,0
movie:928:1,movie,928,1,user,1,validation,0
movie:928:2,movie,928,2,agent,2,validation,0
movie:928:3,movie,928,3,user,0,validation,0
movie:928:4,movie,928,4,agent,1,validation,0
movie:928:5,movie,928,5,user,2,validation,0
movie:928:6,movie,928,6,agent,2,validation,0
movie:928:7,movie,928,7,user,2,validation,0
movie:928:8,movie,928,8,agent,2,validation,0
movie:929:1,movie,929,1,user,1,train,1
movie:929:2,movie,929,2,agent,0,train,0
movie:929:3,movie,929,3,user,2,train,0
movie:929:4,movie,929,4,agent,3,train,1
movie:929:5,movie,929,5,user,3,train,1
movie:929:6,movie,929,6,agent,2,train,0
movie:929:7,movie,929,7,user,3,train,0
movie:929:8,movie,929,8,agent,2,train,0
movie:929:9,movie,929,9,user,3,train,1
movie:929:10,movie,929,10,agent,3,train,1
movie:930:1,movie,930,1,user,1,train,0
movie:930:2,movie,930,2,agent,1,train,0
movie:930:3,movie,930,3,user,0,train,0
movie:930:4,movie,930,4,agent,2,train,0
movie:930:5,movie,930,5,user,0,train,0
movie:930:6,movie,930,6,agent,2,train,0
movie:930:7,movie,930,7,user,3,train,1
movie:930:8,movie,930,8,agent,3,train,0
movie:931:1,movie,931,1,user,3,train,1
movie:931:2,movie,931,2,agent,2,train,0
movie:931:3,movie,931,3,user,3,train,1
movie:931:4,movie,931,4,agent,2,train,0
movie:931:5,movie,931,5,user,3,train,0
movie:931:6,movie,931,6,agent,2,train,0
movie:931:7,movie,931,7,user,3,train,1
movie:931:8,movie,931,8,agent,1,train,0
movie:931:9,movie,931,9,user,3,train,0
movie:931:10,movie,931,10,agent,1,train,0
movie:931:11,movie,931,11,user,0,train,1
movie:931:12,movie,931,12,agent,2,train,1
movie:932:1,movie,932,1,user,1,train,0
movie:932:2,movie,932,2,agent,2,train,0
movie:932:3,movie,932,3,user,2,train,0
movie:932:4,movie,932,4,agent,2,train,0
movie:932:5,movie,932,5,user,3,train,1
movie:932:6,movie,932,6,agent,2,train,1
movie:933:1,movie,933,1,user,2,train,0
movie:933:2,movie,933,2,agent,0,train,1
movie:933:3,movie,933,3,user,0,train,0
movie:933:4,movie,933,4,agent,0,train,0
movie:933:5,movie,933,5,user,0,train,0
movie:933:6,movie,933,6,agent,2,train,1
movie:933:7,movie,933,7,user,2,train,0
movie:933:8,movie,933,8,agent,3,train,0
movie:933:9,movie,933,9,user,3,train,0
movie:933:10,movie,933,10,agent,2,train,0
movie:934:1,movie,934,1,user,1,train,0
movie:934:2,movie,934,2,agent,2,train,0
movie:934:3,movie,934,3,user,2,train,0
movie:934:4,movie,934,4,agent,2,train,0
movie:934:5,movie,934,5,user,2,train,0
movie:934:6,movie,934,6,agent,2,train,0
movie:935:1,movie,935,1,user,3,test,1
movie:935:2,movie,935,2,agent,1,test,0
movie:935:3,movie,935,3,user,3,test,0
movie:935:4,movie,935,4,agent,2,test,0
movie:935:5,movie,935,5,user,2,test,0
movie:935:6,movie,935,6,agent,1,test,0
movie:935:7,movie,935,7,user,2,test,1
movie:935:8,movie,935,8,agent,2,test,1
movie:935:9,movie,935,9,user,3,test,1
movie:935:10,movie,935,10,agent,1,test,0
movie:935:11,movie,935,11,user,0,test,1
movie:935:12,movie,935,12,agent,2,test,0
movie:936:1,movie,936,1,user,1,test,0
movie:936:2,movie,936,2,agent,2,test,1
movie:936:3,movie,936,3,user,0,test,0
movie:936:4,movie,936,4,agent,2,test,0
movie:936:5,movie,936,5,user,2,test,0
movie:936:6,movie,936,6,agent,2,test,0
movie:936:7,movie,936,7,user,3,test,1
movie:936:8,movie,936,8,agent,3,test,0
movie:937:1,movie,937,1,user,2,train,1
movie:937:2,movie,937,2,agent,0,train,1
movie:937:3,movie,937,3,user,0,train,1
movie:937:4,movie,937,4,agent,2,train,1
movie:937:5,movie,937,5,user,0,train,0
movie:937:6,movie,937,6,agent,2,train,1
movie:937:7,movie,937,7,user,3,train,0
movie:937:8,movie,937,8,agent,3,train,1
movie:938:1,movie,938,1,user,3,train,0
movie:938:2,movie,938,2,agent,3,train,0
movie:938:3,movie,938,3,user,3,train,1
movie:938:4,movie,938,4,agent,3,train,0
movie:938:5,movie,938,5,user,3,train,0
movie:938:6,movie,938,6,agent,2,train,0
movie:938:7,movie,938,7,user,2,train,0
movie:938:8,movie,938,8,agent,1,train,0
movie:938:9,movie,938,9,user,3,train,0
movie:938:10,movie,938,10,agent,1,train,0
movie:938:11,movie,938,11,user,3,train,1
movie:938:12,movie,938,12,agent,2,train,0
movie:939:1,movie,939,1,user,3,train,0
movie:939:2,movie,939,2,agent,1,train,0
movie:939:3,movie,939,3,user,0,train,0
movie:939:4,movie,939,4,agent,2,train,0
movie:939:5,movie,939,5,user,0,train,0
movie:939:6,movie,939,6,agent,2,train,0
movie:939:7,movie,939,7,user,2,train,1
movie:939:8,movie,939,8,agent,2,train,0
movie:939:9,movie,939,9,user,2,train,0
movie:939:10,movie,939,10,agent,2,train,1
movie:940:1,movie,940,1,user,3,train,1
movie:940:2,movie,940,2,agent,3,train,1
movie:940:3,movie,940,3,user,3,train,1
movie:940:4,movie,940,4,agent,1,train,1
movie:940:5,movie,940,5,user,2,train,0
movie:940:6,movie,940,6,agent,2,train,1
movie:940:7,movie,940,7,user,0,train,1
movie:940:8,movie,940,8,agent,2,train,1
movie:940:9,movie,940,9,user,0,train,0
movie:940:10,movie,940,10,agent,2,train,0
movie:940:11,movie,940,11,user,0,train,0
movie:940:12,movie,940,12,agent,2,train,0
movie:940:13,movie,940,13,user,3,train,1
movie:940:14,movie,940,14,agent,3,train,0
movie:941:1,movie,941,1,user,2,train,0
movie:941:2,movie,941,2,agent,0,train,0
movie:941:3,movie,941,3,user,0,train,0
movie:941:4,movie,941,4,agent,2,train,0
movie:942:1,movie,942,1,user,0,test,0
movie:942:2,movie,942,2,agent,2,test,0
movie:942:3,movie,942,3,user,0,test,1
movie:942:4,movie,942,4,agent,3,test,0
movie:942:5,movie,942,5,user,0,test,1
movie:942:6,movie,942,6,agent,2,test,0
movie:942:7,movie,942,7,user,2,test,0
movie:942:8,movie,942,8,agent,2,test,0
movie:943:1,movie,943,1,user,2,train,1
movie:943:2,movie,943,2,agent,2,train,0
movie:943:3,movie,943,3,user,3,train,1
movie:943:4,movie,943,4,agent,2,train,0
movie:943:5,movie,943,5,user,3,train,1
movie:943:6,movie,943,6,agent,3,train,1
movie:944:1,movie,944,1,user,0,train,0
movie:944:2,movie,944,2,agent,2,train,0
movie:944:3,movie,944,3,user,2,train,0
movie:944:4,movie,944,4,agent,1,train,0
movie:944:5,movie,944,5,user,0,train,1
movie:944:6,movie,944,6,agent,2,train,1
movie:944:7,movie,944,7,user,2,train,0
movie:944:8,movie,944,8,agent,2,train,0
movie:945:1,movie,945,1,user,3,test,0
movie:945:2,movie,945,2,agent,3,test,1
movie:945:3,movie,945,3,user,3,test,0
movie:945:4,movie,945,4,agent,2,test,0
movie:945:5,movie,945,5,user,3,test,0
movie:945:6,movie,945,6,agent,1,test,0
movie:945:7,movie,945,7,user,3,test,1
movie:945:8,movie,945,8,agent,2,test,0
movie:945:9,movie,945,9,user,2,test,0
movie:945:10,movie,945,10,agent,2,test,1
movie:946:1,movie,946,1,user,3,train,1
movie:946:2,movie,946,2,agent,2,train,0
movie:946:3,movie,946,3,user,3,train,0
movie:946:4,movie,946,4,agent,2,train,0
movie:946:5,movie,946,5,user,3,train,0
movie:946:6,movie,946,6,agent,3,train,0
movie:947:1,movie,947,1,user,1,validation,0
movie:947:2,movie,947,2,agent,3,validation,0
movie:947:3,movie,947,3,user,1,validation,0
movie:947:4,movie,947,4,agent,2,validation,1
movie:947:5,movie,947,5,user,3,validation,0
movie:947:6,movie,947,6,agent,2,validation,0
movie:947:7,movie,947,7,user,3,validation,0
movie:947:8,movie,947,8,agent,2,validation,1
movie:948:1,movie,948,1,user,3,train,0
movie:948:2,movie,948,2,agent,2,train,0
movie:948:3,movie,948,3,user,2,train,0
movie:948:4,movie,948,4,agent,2,train,0
movie:948:5,movie,948,5,user,3,train,1
movie:948:6,movie,948,6,agent,3,train,1
movie:949:1,movie,949,1,user,1,train,0
movie:949:2,movie,949,2,agent,3,train,0
movie:949:3,movie,949,3,user,0,train,1
movie:949:4,movie,949,4,agent,2,train,0
movie:949:5,movie,949,5,user,0,train,1
movie:949:6,movie,949,6,agent,2,train,0
movie:949:7,movie,949,7,user,2,train,0
movie:949:8,movie,949,8,agent,2,train,1
movie:949:9,movie,949,9,user,2,train,1
movie:949:10,movie,949,10,agent,2,train,1
movie:949:11,movie,949,11,user,0,train,0
movie:949:12,movie,949,12,agent,2,train,1
movie:949:13,movie,949,13,user,0,train,0
movie:949:14,movie,949,14,agent,2,train,0
movie:950:1,movie,950,1,user,3,validation,0
movie:950:2,movie,950,2,agent,1,validation,0
movie:950:3,movie,950,3,user,0,validation,1
movie:950:4,movie,950,4,agent,3,validation,0
movie:950:5,movie,950,5,user,3,validation,1
movie:950:6,movie,950,6,agent,2,validation,0
movie:950:7,movie,950,7,user,0,validation,0
movie:950:8,movie,950,8,agent,2,validation,0
movie:950:9,movie,950,9,user,3,validation,1
movie:950:10,movie,950,10,agent,2,validation,0
movie:950:11,movie,950,11,user,2,validation,0
movie:950:12,movie,950,12,agent,2,validation,0
movie:950:13,movie,950,13,user,2,validation,0
movie:950:14,movie,950,14,agent,2,validation,1
movie:950:15,movie,950,15,user,3,validation,0
movie:950:16,movie,950,16,agent,3,validation,1
movie:951:1,movie,951,1,user,2,train,1
movie:951:2,movie,951,2,agent,2,train,0
movie:951:3,movie,951,3,user,0,train,1
movie:951:4,movie,951,4,agent,2,train,0
movie:951:5,movie,951,5,user,2,train,0
movie:951:6,movie,951,6,agent,2,train,1
movie:951:7,movie,951,7,user,3,train,1
movie:951:8,movie,951,8,agent,3,train,1
movie:952:1,movie,952,1,user,1,train,0
movie:952:2,movie,952,2,agent,2,train,0
movie:952:3,movie,952,3,user,2,train,0
movie:952:4,movie,952,4,agent,2,train,0
movie:952:5,movie,952,5,user,3,train,1
movie:952:6,movie,952,6,agent,3,train,1
movie:953:1,movie,953,1,user,3,train,1
movie:953:2,movie,953,2,agent,2,train,0
movie:953:3,movie,953,3,user,3,train,0
movie:953:4,movie,953,4,agent,3,train,1
movie:954:1,movie,954,1,user,1,train,0
movie:954:2,movie,954,2,agent,1,train,0
movie:954:3,movie,954,3,user,3,train,1
movie:954:4,movie,954,4,agent,2,train,0
movie:954:5,movie,954,5,user,3,train,1
movie:954:6,movie,954,6,agent,3,train,0
movie:954:7,movie,954,7,user,2,train,0
movie:954:8,movie,954,8,agent,2,train,1
movie:955:1,movie,955,1,user,1,train,0
movie:955:2,movie,955,2,agent,1,train,0
movie:955:3,movie,955,3,user,2,train,1
movie:955:4,movie,955,4,agent,2,train,1
movie:955:5,movie,955,5,user,0,train,0
movie:955:6,movie,955,6,agent,2,train,0
movie:955:7,movie,955,7,user,2,train,0
movie:955:8,movie,955,8,agent,1,train,0
movie:955:9,movie,955,9,user,0,train,0
movie:955:10,movie,955,10,agent,1,train,0
movie:955:11,movie,955,11,user,0,train,0
movie:955:12,movie,955,12,agent,2,train,0
movie:955:13,movie,955,13,user,2,train,0
movie:955:14,movie,955,14,agent,2,train,0
movie:956:1,movie,956,1,user,3,train,0
movie:956:2,movie,956,2,agent,3,train,1
movie:956:3,movie,956,3,user,0,train,1
movie:956:4,movie,956,4,agent,1,train,0
movie:956:5,movie,956,5,user,0,train,1
movie:956:6,movie,956,6,agent,1,train,0
movie:956:7,movie,956,7,user,0,train,0
movie:956:8,movie,956,8,agent,2,train,0
movie:956:9,movie,956,9,user,0,train,0
movie:956:10,movie,956,10,agent,2,train,0
movie:956:11,movie,956,11,user,2,train,1
movie:956:12,movie,956,12,agent,1,train,0
movie:956:13,movie,956,13,user,0,train,0
movie:956:14,movie,956,14,agent,2,train,0
movie:956:15,movie,956,15,user,3,train,0
movie:956:16,movie,956,16,agent,3,train,1
movie:957:1,movie,957,1,user,2,test,0
movie:957:2,movie,957,2,agent,2,test,0
movie:957:3,movie,957,3,user,2,test,1
movie:957:4,movie,957,4,agent,2,test,0
movie:957:5,movie,957,5,user,3,test,0
movie:957:6,movie,957,6,agent,3,test,1
movie:958:1,movie,958,1,user,2,train,0
movie:958:2,movie,958,2,agent,0,train,1
movie:958:3,movie,958,3,user,2,train,0
movie:958:4,movie,958,4,agent,0,train,1
movie:958:5,movie,958,5,user,0,train,1
movie:958:6,movie,958,6,agent,2,train,0
movie:958:7,movie,958,7,user,2,train,0
movie:958:8,movie,958,8,agent,2,train,1
movie:959:1,movie,959,1,user,3,train,1
movie:959:2,movie,959,2,agent,2,train,0
movie:959:3,movie,959,3,user,3,train,0
movie:959:4,movie,959,4,agent,1,train,0
movie:959:5,movie,959,5,user,0,train,0
movie:959:6,movie,959,6,agent,0,train,1
movie:959:7,movie,959,7,user,0,train,0
movie:959:8,movie,959,8,agent,1,train,0
movie:959:9,movie,959,9,user,3,train,1
movie:959:10,movie,959,10,agent,2,train,0
movie:959:11,movie,959,11,user,3,train,1
movie:959:12,movie,959,12,agent,1,train,0
movie:959:13,movie,959,13,user,0,train,1
movie:959:14,movie,959,14,agent,2,train,1
movie:959:15,movie,959,15,user,2,train,0
movie:959:16,movie,959,16,agent,1,train,0
movie:959:17,movie,959,17,user,0,train,1
movie:959:18,movie,959,18,agent,2,train,1
movie:960:1,movie,960,1,user,1,train,0
movie:960:2,movie,960,2,agent,0,train,0
movie:960:3,movie,960,3,user,2,train,0
movie:960:4,movie,960,4,agent,1,train,1
movie:960:5,movie,960,5,user,0,train,0
movie:960:6,movie,960,6,agent,2,train,0
movie:961:1,movie,961,1,user,1,train,1
movie:961:2,movie,961,2,agent,0,train,0
movie:961:3,movie,961,3,user,0,train,0
movie:961:4,movie,961,4,agent,2,train,0
movie:961:5,movie,961,5,user,0,train,1
movie:961:6,movie,961,6,agent,1,train,1
movie:961:7,movie,961,7,user,0,train,0
movie:961:8,movie,961,8,agent,2,train,0
movie:962:1,movie,962,1,user,3,train,0
movie:962:2,movie,962,2,agent,3,train,0
movie:962:3,movie,962,3,user,3,train,0
movie:962:4,movie,962,4,agent,2,train,0
movie:962:5,movie,962,5,user,3,train,1
movie:962:6,movie,962,6,agent,1,train,0
movie:962:7,movie,962,7,user,0,train,0
movie:962:8,movie,962,8,agent,2,train,1
movie:963:1,movie,963,1,user,0,test,0
movie:963:2,movie,963,2,agent,2,test,0
movie:963:3,movie,963,3,user,2,test,0
movie:963:4,movie,963,4,agent,2,test,1
movie:963:5,movie,963,5,user,0,test,0
movie:963:6,movie,963,6,agent,3,test,1
movie:963:7,movie,963,7,user,2,test,0
movie:963:8,movie,963,8,agent,2,test,0
movie:963:9,movie,963,9,user,3,test,1
movie:963:10,movie,963,10,agent,2,test,0
movie:963:11,movie,963,11,user,3,test,0
movie:963:12,movie,963,12,agent,3,test,0
movie:964:1,movie,964,1,user,3,train,1
movie:964:2,movie,964,2,agent,3,train,0
movie:964:3,movie,964,3,user,3,train,0
movie:964:4,movie,964,4,agent,2,train,0
movie:964:5,movie,964,5,user,0,train,0
movie:964:6,movie,964,6,agent,3,train,1
movie:964:7,movie,964,7,user,3,train,0
movie:964:8,movie,964,8,agent,2,train,0
movie:964:9,movie,964,9,user,3,train,1
movie:964:10,movie,964,10,agent,2,train,1
movie:964:11,movie,964,11,user,0,train,0
movie:964:12,movie,964,12,agent,2,train,0
movie:964:13,movie,964,13,user,0,train,0
movie:964:14,movie,964,14,agent,2,train,0
movie:965:1,movie,965,1,user,1,train,0
movie:965:2,movie,965,2,agent,0,train,0
movie:965:3,movie,965,3,user,0,train,1
movie:965:4,movie,965,4,agent,2,train,0
movie:965:5,movie,965,5,user,0,train,0
movie:965:6,movie,965,6,agent,2,train,0
movie:965:7,movie,965,7,user,3,train,1
movie:965:8,movie,965,8,agent,3,train,0
movie:966:1,movie,966,1,user,2,train,1
movie:966:2,movie,966,2,agent,1,train,0
movie:966:3,movie,966,3,user,0,train,1
movie:966:4,movie,966,4,agent,2,train,1
movie:967:1,movie,967,1,user,3,train,1
movie:967:2,movie,967,2,agent,0,train,1
movie:967:3,movie,967,3,user,0,train,0
movie:967:4,movie,967,4,agent,1,train,0
movie:967:5,movie,967,5,user,0,train,0
movie:967:6,movie,967,6,agent,0,train,0
movie:967:7,movie,967,7,user,2,train,1
movie:967:8,movie,967,8,agent,2,train,0
movie:967:9,movie,967,9,user,3,train,1
movie:967:10,movie,967,10,agent,2,train,1
movie:967:11,movie,967,11,user,3,train,0
movie:967:12,movie,967,12,agent,3,train,1
movie:968:1,movie,968,1,user,0,train,0
movie:968:2,movie,968,2,agent,0,train,0
movie:968:3,movie,968,3,user,2,train,0
movie:968:4,movie,968,4,agent,2,train,0
movie:968:5,movie,968,5,user,0,train,0
movie:968:6,movie,968,6,agent,2,train,0
movie:968:7,movie,968,7,user,0,train,0
movie:968:8,movie,968,8,agent,2,train,1
movie:968:9,movie,968,9,user,0,train,1
movie:968:10,movie,968,10,agent,2,train,0
movie:968:11,movie,968,11,user,0,train,0
movie:968:12,movie,968,12,agent,2,train,0
movie:969:1,movie,969,1,user,3,test,0
movie:969:2,movie,969,2,agent,2,test,0
movie:969:3,movie,969,3,user,3,test,0
movie:969:4,movie,969,4,agent,3,test,0
movie:970:1,movie,970,1,user,3,test,0
movie:970:2,movie,970,2,agent,3,test,1
movie:970:3,movie,970,3,user,2,test,0
movie:970:4,movie,970,4,agent,1,test,1
movie:970:5,movie,970,5,user,0,test,0
movie:970:6,movie,970,6,agent,1,test,0
movie:970:7,movie,970,7,user,0,test,1
movie:970:8,movie,970,8,agent,2,test,0
movie:970:9,movie,970,9,user,0,test,1
movie:970:10,movie,970,10,agent,1,test,0
movie:970:11,movie,970,11,user,0,test,0
movie:970:12,movie,970,12,agent,2,test,0
movie:970:13,movie,970,13,user,2,test,0
movie:970:14,movie,970,14,agent,2,test,0
movie:971:1,movie,971,1,user,2,train,0
movie:971:2,movie,971,2,agent,3,train,0
movie:971:3,movie,971,3,user,3,train,1
movie:971:4,movie,971,4,agent,2,train,1
movie:971:5,movie,971,5,user,2,train,0
movie:971:6,movie,971,6,agent,2,train,0
movie:971:7,movie,971,7,user,2,train,0
movie:971:8,movie,971,8,agent,1,train,0
movie:971:9,movie,971,9,user,0,train,0
movie:971:10,movie,971,10,agent,3,train,1
movie:971:11,movie,971,11,user,3,train,1
movie:971:12,movie,971,12,agent,3,train,1
movie:972:1,movie,972,1,user,1,test,0
movie:972:2,movie,972,2,agent,3,test,1
movie:972:3,movie,972,3,user,2,test,1
movie:972:4,movie,972,4,agent,2,test,0
movie:972:5,movie,972,5,user,3,test,0
movie:972:6,movie,972,6,agent,2,test,0
movie:973:1,movie,973,1,user,3,train,1
movie:973:2,movie,973,2,agent,2,train,0
movie:973:3,movie,973,3,user,3,train,1
movie:973:4,movie,973,4,agent,1,train,0
movie:973:5,movie,973,5,user,2,train,0
movie:973:6,movie,973,6,agent,1,train,1
movie:973:7,movie,973,7,user,3,train,1
movie:973:8,movie,973,8,agent,2,train,0
movie:973:9,movie,973,9,user,2,train,0
movie:973:10,movie,973,10,agent,2,train,0
movie:974:1,movie,974,1,user,1,train,1
movie:974:2,movie,974,2,agent,0,train,0
movie:974:3,movie,974,3,user,0,train,0
movie:974:4,movie,974,4,agent,2,train,0
movie:974:5,movie,974,5,user,2,train,1
movie:974:6,movie,974,6,agent,2,train,0
movie:974:7,movie,974,7,user,3,train,1
movie:974:8,movie,974,8,agent,3,train,0
movie:975:1,movie,975,1,user,3,train,1
movie:975:2,movie,975,2,agent,3,train,1
movie:975:3,movie,975,3,user,2,train,0
movie:975:4,movie,975,4,agent,1,train,0
movie:975:5,movie,975,5,user,2,train,0
movie:975:6,movie,975,6,agent,1,train,0
movie:975:7,movie,975,7,user,0,train,1
movie:975:8,movie,975,8,agent,2,train,1
movie:975:9,movie,975,9,user,3,train,0
movie:975:10,movie,975,10,agent,1,train,0
movie:975:11,movie,975,11,user,0,train,0
movie:975:12,movie,975,12,agent,2,train,0
movie:975:13,movie,975,13,user,3,train,1
movie:975:14,movie,975,14,agent,2,train,1
movie:975:15,movie,975,15,user,3,train,1
movie:975:16,movie,975,16,agent,3,train,1
movie:976:1,movie,976,1,user,3,train,0
movie:976:2,movie,976,2,agent,3,train,1
movie:976:3,movie,976,3,user,3,train,1
movie:976:4,movie,976,4,agent,1,train,0
movie:976:5,movie,976,5,user,0,train,0
movie:976:6,movie,976,6,agent,0,train,0
movie:976:7,movie,976,7,user,0,train,0
movie:976:8,movie,976,8,agent,2,train,1
movie:976:9,movie,976,9,user,2,train,0
movie:976:10,movie,976,10,agent,2,train,1
movie:977:1,movie,977,1,user,3,train,0
movie:977:2,movie,977,2,agent,0,train,0
movie:977:3,movie,977,3,user,0,train,0
movie:977:4,movie,977,4,agent,0,train,0
movie:977:5,movie,977,5,user,2,train,0
movie:977:6,movie,977,6,agent,1,train,1
movie:977:7,movie,977,7,user,3,train,0
movie:977:8,movie,977,8,agent,2,train,1
movie:977:9,movie,977,9,user,2,train,0
movie:977:10,movie,977,10,agent,2,train,0
movie:977:11,movie,977,11,user,3,train,0
movie:977:12,movie,977,12,agent,1,train,0
movie:977:13,movie,977,13,user,0,train,0
movie:977:14,movie,977,14,agent,3,train,0
movie:977:15,movie,977,15,user,2,train,0
movie:977:16,movie,977,16,agent,2,train,0
movie:978:1,movie,978,1,user,1,train,0
movie:978:2,movie,978,2,agent,0,train,1
movie:978:3,movie,978,3,user,0,train,0
movie:978:4,movie,978,4,agent,0,train,0
movie:978:5,movie,978,5,user,0,train,0
movie:978:6,movie,978,6,agent,2,train,0
movie:979:1,movie,979,1,user,3,train,1
movie:979:2,movie,979,2,agent,2,train,0
movie:979:3,movie,979,3,user,3,train,0
movie:979:4,movie,979,4,agent,1,train,0
movie:979:5,movie,979,5,user,3,train,0
movie:979:6,movie,979,6,agent,3,train,1
movie:979:7,movie,979,7,user,2,train,0
movie:979:8,movie,979,8,agent,2,train,0
movie:979:9,movie,979,9,user,3,train,1
movie:979:10,movie,979,10,agent,2,train,0
movie:979:11,movie,979,11,user,3,train,1
movie:979:12,movie,979,12,agent,3,train,0
movie:980:1,movie,980,1,user,3,train,0
movie:980:2,movie,980,2,agent,2,train,0
movie:980:3,movie,980,3,user,3,train,1
movie:980:4,movie,980,4,agent,2,train,0
movie:980:5,movie,980,5,user,3,train,1
movie:980:6,movie,980,6,agent,3,train,1
movie:981:1,movie,981,1,user,3,test,1
movie:981:2,movie,981,2,agent,1,test,0
movie:981:3,movie,981,3,user,3,test,1
movie:981:4,movie,981,4,agent,3,test,1
movie:981:5,movie,981,5,user,2,test,0
movie:981:6,movie,981,6,agent,2,test,0
movie:981:7,movie,981,7,user,2,test,1
movie:981:8,movie,981,8,agent,1,test,1
movie:981:9,movie,981,9,user,3,test,1
movie:981:10,movie,981,10,agent,1,test,0
movie:981:11,movie,981,11,user,3,test,0
movie:981:12,movie,981,12,agent,2,test,1
movie:981:13,movie,981,13,user,2,test,0
movie:981:14,movie,981,14,agent,1,test,0
movie:981:15,movie,981,15,user,0,test,0
movie:981:16,movie,981,16,agent,2,test,0
movie:981:17,movie,981,17,user,3,test,1
movie:981:18,movie,981,18,agent,3,test,0
movie:982:1,movie,982,1,user,3,train,1
movie:982:2,movie,982,2,agent,2,train,1
movie:982:3,movie,982,3,user,0,train,0
movie:982:4,movie,982,4,agent,1,train,0
movie:982:5,movie,982,5,user,3,train,0
movie:982:6,movie,982,6,agent,2,train,0
movie:982:7,movie,982,7,user,3,train,1
movie:982:8,movie,982,8,agent,2,train,1
movie:983:1,movie,983,1,user,3,train,0
movie:983:2,movie,983,2,agent,2,train,1
movie:983:3,movie,983,3,user,3,train,1
movie:983:4,movie,983,4,agent,1,train,0
movie:983:5,movie,983,5,user,3,train,1
movie:983:6,movie,983,6,agent,2,train,1
movie:983:7,movie,983,7,user,0,train,0
movie:983:8,movie,983,8,agent,1,train,0
movie:983:9,movie,983,9,user,0,train,0
movie:983:10,movie,983,10,agent,2,train,0
movie:984:1,movie,984,1,user,3,train,1
movie:984:2,movie,984,2,agent,3,train,1
movie:984:3,movie,984,3,user,3,train,1
movie:984:4,movie,984,4,agent,1,train,0
movie:984:5,movie,984,5,user,0,train,0
movie:984:6,movie,984,6,agent,0,train,1
movie:984:7,movie,984,7,user,0,train,0
movie:984:8,movie,984,8,agent,2,train,0
movie:984:9,movie,984,9,user,0,train,0
movie:984:10,movie,984,10,agent,2,train,0
movie:985:1,movie,985,1,user,1,train,0
movie:985:2,movie,985,2,agent,2,train,1
movie:985:3,movie,985,3,user,2,train,1
movie:985:4,movie,985,4,agent,2,train,0
movie:985:5,movie,985,5,user,3,train,0
movie:985:6,movie,985,6,agent,3,train,1
movie:986:1,movie,986,1,user,1,train,0
movie:986:2,movie,986,2,agent,1,train,0
movie:986:3,movie,986,3,user,2,train,0
movie:986:4,movie,986,4,agent,2,train,0
movie:986:5,movie,986,5,user,3,train,0
movie:986:6,movie,986,6,agent,3,train,1
movie:987:1,movie,987,1,user,2,train,0
movie:987:2,movie,987,2,agent,2,train,0
movie:987:3,movie,987,3,user,0,train,1
movie:987:4,movie,987,4,agent,2,train,0
movie:988:1,movie,988,1,user,3,test,1
movie:988:2,movie,988,2,agent,3,test,0
movie:988:3,movie,988,3,user,0,test,1
movie:988:4,movie,988,4,agent,0,test,1
movie:988:5,movie,988,5,user,0,test,0
movie:988:6,movie,988,6,agent,2,test,0
movie:988:7,movie,988,7,user,0,test,0
movie:988:8,movie,988,8,agent,2,test,0
movie:988:9,movie,988,9,user,3,test,0
movie:988:10,movie,988,10,agent,3,test,0
movie:989:1,movie,989,1,user,3,validation,0
movie:989:2,movie,989,2,agent,1,validation,0
movie:989:3,movie,989,3,user,0,validation,1
movie:989:4,movie,989,4,agent,1,validation,0
movie:989:5,movie,989,5,user,2,validation,0
movie:989:6,movie,989,6,agent,3,validation,1
movie:989:7,movie,989,7,user,2,validation,1
movie:989:8,movie,989,8,agent,2,validation,0
movie:989:9,movie,989,9,user,2,validation,0
movie:989:10,movie,989,10,agent,2,validation,0
movie:990:1,movie,990,1,user,3,train,0
movie:990:2,movie,990,2,agent,3,train,0
movie:990:3,movie,990,3,user,2,train,1
movie:990:4,movie,990,4,agent,0,train,0
movie:990:5,movie,990,5,user,0,train,1
movie:990:6,movie,990,6,agent,0,train,0
movie:990:7,movie,990,7,user,0,train,1
movie:990:8,movie,990,8,agent,0,train,0
movie:990:9,movie,990,9,user,0,train,0
movie:990:10,movie,990,10,agent,1,train,0
movie:990:11,movie,990,11,user,2,train,0
movie:990:12,movie,990,12,agent,2,train,0
movie:990:13,movie,990,13,user,0,train,0
movie:990:14,movie,990,14,agent,2,train,0
movie:990:15,movie,990,15,user,0,train,0
movie:990:16,movie,990,16,agent,1,train,0
movie:990:17,movie,990,17,user,0,train,0
movie:990:18,movie,990,18,agent,2,train,1
movie:990:19,movie,990,19,user,3,train,0
movie:990:20,movie,990,20,agent,3,train,1
movie:991:1,movie,991,1,user,1,train,0
movie:991:2,movie,991,2,agent,0,train,0
movie:991:3,movie,991,3,user,1,train,1
movie:991:4,movie,991,4,agent,0,train,0
movie:991:5,movie,991,5,user,0,train,0
movie:991:6,movie,991,6,agent,2,train,0
movie:991:7,movie,991,7,user,0,train,1
movie:991:8,movie,991,8,agent,2,train,0
movie:992:1,movie,992,1,user,3,train,0
movie:992:2,movie,992,2,agent,3,train,0
movie:992:3,movie,992,3,user,3,train,0
movie:992:4,movie,992,4,agent,1,train,0
movie:992:5,movie,992,5,user,0,train,1
movie:992:6,movie,992,6,agent,2,train,0
movie:992:7,movie,992,7,user,0,train,0
movie:992:8,movie,992,8,agent,3,train,1
movie:992:9,movie,992,9,user,2,train,0
movie:992:10,movie,992,10,agent,2,train,1
movie:992:11,movie,992,11,user,0,train,0
movie:992:12,movie,992,12,agent,2,train,1
movie:992:13,movie,992,13,user,3,train,1
movie:992:14,movie,992,14,agent,1,train,1
movie:992:15,movie,992,15,user,0,train,1
movie:992:16,movie,992,16,agent,0,train,0
movie:992:17,movie,992,17,user,0,train,0
movie:992:18,movie,992,18,agent,1,train,0
movie:992:19,movie,992,19,user,0,train,0
movie:992:20,movie,992,20,agent,2,train,0
movie:992:21,movie,992,21,user,2,train,0
movie:992:22,movie,992,22,agent,2,train,1
movie:993:1,movie,993,1,user,1,train,0
movie:993:2,movie,993,2,agent,2,train,0
movie:993:3,movie,993,3,user,2,train,0
movie:993:4,movie,993,4,agent,2,train,1
movie:993:5,movie,993,5,user,2,train,1
movie:993:6,movie,993,6,agent,1,train,0
movie:993:7,movie,993,7,user,2,train,0
movie:993:8,movie,993,8,agent,2,train,1
movie:993:9,movie,993,9,user,3,train,1
movie:993:10,movie,993,10,agent,3,train,0
movie:994:1,movie,994,1,user,2,train,0
movie:994:2,movie,994,2,agent,2,train,0
movie:994:3,movie,994,3,user,3,train,0
movie:994:4,movie,994,4,agent,2,train,0
movie:994:5,movie,994,5,user,3,train,1
movie:994:6,movie,994,6,agent,3,train,0
movie:994:7,movie,994,7,user,0,train,0
movie:994:8,movie,994,8,agent,3,train,1
movie:995:1,movie,995,1,user,3,validation,0
movie:995:2,movie,995,2,agent,3,validation,0
movie:995:3,movie,995,3,user,3,validation,0
movie:995:4,movie,995,4,agent,1,validation,0
movie:995:5,movie,995,5,user,2,validation,0
movie:995:6,movie,995,6,agent,2,validation,0
movie:995:7,movie,995,7,user,3,validation,1
movie:995:8,movie,995,8,agent,2,validation,1
movie:995:9,movie,995,9,user,3,validation,1
movie:995:10,movie,995,10,agent,1,validation,0
movie:995:11,movie,995,11,user,0,validation,0
movie:995:12,movie,995,12,agent,2,validation,0
movie:996:1,movie,996,1,user,3,test,1
movie:996:2,movie,996,2,agent,3,test,0
movie:996:3,movie,996,3,user,0,test,0
movie:996:4,movie,996,4,agent,3,test,0
movie:996:5,movie,996,5,user,2,test,1
movie:996:6,movie,996,6,agent,1,test,1
movie:996:7,movie,996,7,user,0,test,0
movie:996:8,movie,996,8,agent,2,test,0
movie:996:9,movie,996,9,user,2,test,0
movie:996:10,movie,996,10,agent,2,test,0
movie:997:1,movie,997,1,user,3,train,1
movie:997:2,movie,997,2,agent,2,train,0
movie:997:3,movie,997,3,user,0,train,0
movie:997:4,movie,997,4,agent,1,train,1
movie:997:5,movie,997,5,user,0,train,1
movie:997:6,movie,997,6,agent,3,train,1
movie:997:7,movie,997,7,user,0,train,1
movie:997:8,movie,997,8,agent,2,train,1
movie:997:9,movie,997,9,user,0,train,0
movie:997:10,movie,997,10,agent,2,train,1
movie:998:1,movie,998,1,user,3,train,0
movie:998:2,movie,998,2,agent,2,train,0
movie:998:3,movie,998,3,user,3,train,0
movie:998:4,movie,998,4,agent,1,train,1
movie:998:5,movie,998,5,user,0,train,0
movie:998:6,movie,998,6,agent,2,train,0
movie:998:7,movie,998,7,user,2,train,0
movie:998:8,movie,998,8,agent,2,train,0
movie:998:9,movie,998,9,user,3,train,1
movie:998:10,movie,998,10,agent,1,train,0
movie:998:11,movie,998,11,user,0,train,0
movie:998:12,movie,998,12,agent,2,train,0
movie:998:13,movie,998,13,user,3,train,1
movie:998:14,movie,998,14,agent,3,train,0
movie:999:1,movie,999,1,user,3,train,1
movie:999:2,movie,999,2,agent,3,train,1
movie:999:3,movie,999,3,user,3,train,0
movie:999:4,movie,999,4,agent,1,train,0
movie:999:5,movie,999,5,user,3,train,1
movie:999:6,movie,999,6,agent,1,train,0
movie:999:7,movie,999,7,user,0,train,1
movie:999:8,movie,999,8,agent,2,train,0
movie:999:9,movie,999,9,user,2,train,0
movie:999:10,movie,999,10,agent,2,train,0
movie:999:11,movie,999,11,user,3,train,0
movie:999:12,movie,999,12,agent,3,train,0
movie:1000:1,movie,1000,1,user,2,train,0
movie:1000:2,movie,1000,2,agent,2,train,0
movie:1000:3,movie,1000,3,user,3,train,1
movie:1000:4,movie,1000,4,agent,2,train,0
movie:1000:5,movie,1000,5,user,3,train,1
movie:1000:6,movie,1000,6,agent,3,train,1
movie:1001:1,movie,1001,1,user,1,train,1
movie:1001:2,movie,1001,2,agent,2,train,0
movie:1001:3,movie,1001,3,user,0,train,0
movie:1001:4,movie,1001,4,agent,2,train,0
movie:1001:5,movie,1001,5,user,0,train,1
movie:1001:6,movie,1001,6,agent,1,train,0
movie:1001:7,movie,1001,7,user,0,train,0
movie:1001:8,movie,1001,8,agent,1,train,1
movie:1001:9,movie,1001,9,user,0,train,0
movie:1001:10,movie,1001,10,agent,2,train,1
movie:1001:11,movie,1001,11,user,2,train,0
movie:1001:12,movie,1001,12,agent,2,train,0
movie:1002:1,movie,1002,1,user,2,validation,0
movie:1002:2,movie,1002,2,agent,2,validation,0
movie:1002:3,movie,1002,3,user,2,validation,0
movie:1002:4,movie,1002,4,agent,2,validation,0
movie:1002:5,movie,1002,5,user,3,validation,0
movie:1002:6,movie,1002,6,agent,3,validation,1
movie:1003:1,movie,1003,1,user,3,train,0
movie:1003:2,movie,1003,2,agent,3,train,1
movie:1003:3,movie,1003,3,user,3,train,1
movie:1003:4,movie,1003,4,agent,1,train,1
movie:1003:5,movie,1003,5,user,0,train,0
movie:1003:6,movie,1003,6,agent,1,train,0
movie:1003:7,movie,1003,7,user,2,train,1
movie:1003:8,movie,1003,8,agent,2,train,1
movie:1003:9,movie,1003,9,user,3,train,0
movie:1003:10,movie,1003,10,agent,1,train,0
movie:1003:11,movie,1003,11,user,3,train,0
movie:1003:12,movie,1003,12,agent,1,train,0
movie:1003:13,movie,1003,13,user,3,train,1
movie:1003:14,movie,1003,14,agent,2,train,1
movie:1003:15,movie,1003,15,user,0,train,0
movie:1003:16,movie,1003,16,agent,1,train,0
movie:1003:17,movie,1003,17,user,0,train,0
movie:1003:18,movie,1003,18,agent,2,train,0
movie:1003:19,movie,1003,19,user,3,train,0
movie:1003:20,movie,1003,20,agent,3,train,1
movie:1004:1,movie,1004,1,user,1,validation,0
movie:1004:2,movie,1004,2,agent,2,validation,0
movie:1004:3,movie,1004,3,user,0,validation,1
movie:1004:4,movie,1004,4,agent,1,validation,0
movie:1004:5,movie,1004,5,user,0,validation,1
movie:1004:6,movie,1004,6,agent,1,validation,0
movie:1004:7,movie,1004,7,user,0,validation,1
movie:1004:8,movie,1004,8,agent,0,validation,0
movie:1004:9,movie,1004,9,user,0,validation,1
movie:1004:10,movie,1004,10,agent,0,validation,0
movie:1004:11,movie,1004,11,user,0,validation,0
movie:1004:12,movie,1004,12,agent,2,validation,0
movie:1004:13,movie,1004,13,user,2,validation,0
movie:1004:14,movie,1004,14,agent,2,validation,1
movie:1004:15,movie,1004,15,user,3,validation,1
movie:1004:16,movie,1004,16,agent,3,validation,0
movie:1005:1,movie,1005,1,user,3,test,1
movie:1005:2,movie,1005,2,agent,1,test,0
movie:1005:3,movie,1005,3,user,0,test,0
movie:1005:4,movie,1005,4,agent,2,test,0
movie:1005:5,movie,1005,5,user,3,test,0
movie:1005:6,movie,1005,6,agent,2,test,0
movie:1005:7,movie,1005,7,user,0,test,0
movie:1005:8,movie,1005,8,agent,3,test,1
movie:1005:9,movie,1005,9,user,2,test,0
movie:1005:10,movie,1005,10,agent,2,test,1
movie:1005:11,movie,1005,11,user,0,test,0
movie:1005:12,movie,1005,12,agent,1,test,0
movie:1005:13,movie,1005,13,user,0,test,0
movie:1005:14,movie,1005,14,agent,2,test,0
movie:1006:1,movie,1006,1,user,3,train,0
movie:1006:2,movie,1006,2,agent,3,train,1
movie:1006:3,movie,1006,3,user,3,train,1
movie:1006:4,movie,1006,4,agent,1,train,0
movie:1006:5,movie,1006,5,user,0,train,1
movie:1006:6,movie,1006,6,agent,2,train,0
movie:1006:7,movie,1006,7,user,3,train,0
movie:1006:8,movie,1006,8,agent,2,train,0
movie:1006:9,movie,1006,9,user,3,train,1
movie:1006:10,movie,1006,10,agent,2,train,0
movie:1007:1,movie,1007,1,user,2,train,0
movie:1007:2,movie,1007,2,agent,2,train,0
movie:1007:3,movie,1007,3,user,2,train,0
movie:1007:4,movie,1007,4,agent,2,train,0
movie:1007:5,movie,1007,5,user,3,train,1
movie:1007:6,movie,1007,6,agent,3,train,1
movie:1008:1,movie,1008,1,user,3,train,0
movie:1008:2,movie,1008,2,agent,2,train,0
movie:1008:3,movie,1008,3,user,0,train,0
movie:1008:4,movie,1008,4,agent,1,train,0
movie:1008:5,movie,1008,5,user,2,train,0
movie:1008:6,movie,1008,6,agent,1,train,0
movie:1008:7,movie,1008,7,user,3,train,0
movie:1008:8,movie,1008,8,agent,1,train,0
movie:1008:9,movie,1008,9,user,3,train,1
movie:1008:10,movie,1008,10,agent,1,train,0
movie:1008:11,movie,1008,11,user,3,train,1
movie:1008:12,movie,1008,12,agent,1,train,0
movie:1008:13,movie,1008,13,user,3,train,0
movie:1008:14,movie,1008,14,agent,1,train,1
movie:1008:15,movie,1008,15,user,0,train,0
movie:1008:16,movie,1008,16,agent,2,train,1
movie:1009:1,movie,1009,1,user,2,train,0
movie:1009:2,movie,1009,2,agent,2,train,1
movie:1009:3,movie,1009,3,user,2,train,0
movie:1009:4,movie,1009,4,agent,2,train,0
movie:1010:1,movie,1010,1,user,2,validation,0
movie:1010:2,movie,1010,2,agent,2,validation,1
movie:1010:3,movie,1010,3,user,2,validation,0
movie:1010:4,movie,1010,4,agent,2,validation,0
movie:1011:1,movie,1011,1,user,2,validation,1
movie:1011:2,movie,1011,2,agent,2,validation,0
movie:1011:3,movie,1011,3,user,3,validation,0
movie:1011:4,movie,1011,4,agent,2,validation,1
movie:1011:5,movie,1011,5,user,2,validation,1
movie:1011:6,movie,1011,6,agent,2,validation,1
movie:1011:7,movie,1011,7,user,3,validation,1
movie:1011:8,movie,1011,8,agent,3,validation,0
movie:1012:1,movie,1012,1,user,3,test,0
movie:1012:2,movie,1012,2,agent,2,test,1
movie:1012:3,movie,1012,3,user,0,test,1
movie:1012:4,movie,1012,4,agent,2,test,0
movie:1012:5,movie,1012,5,user,0,test,0
movie:1012:6,movie,1012,6,agent,2,test,0
movie:1012:7,movie,1012,7,user,0,test,0
movie:1012:8,movie,1012,8,agent,2,test,0
movie:1012:9,movie,1012,9,user,0,test,1
movie:1012:10,movie,1012,10,agent,2,test,0
movie:1013:1,movie,1013,1,user,3,train,1
movie:1013:2,movie,1013,2,agent,3,train,0
movie:1013:3,movie,1013,3,user,3,train,0
movie:1013:4,movie,1013,4,agent,2,train,0
movie:1013:5,movie,1013,5,user,0,train,0
movie:1013:6,movie,1013,6,agent,1,train,0
movie:1013:7,movie,1013,7,user,0,train,0
movie:1013:8,movie,1013,8,agent,1,train,0
movie:1013:9,movie,1013,9,user,0,train,0
movie:1013:10,movie,1013,10,agent,2,train,0
movie:1013:11,movie,1013,11,user,2,train,0
movie:1013:12,movie,1013,12,agent,3,train,1
movie:1013:13,movie,1013,13,user,2,train,0
movie:1013:14,movie,1013,14,agent,2,train,0
movie:1014:1,movie,1014,1,user,3,train,1
movie:1014:2,movie,1014,2,agent,1,train,0
movie:1014:3,movie,1014,3,user,3,train,0
movie:1014:4,movie,1014,4,agent,2,train,1
movie:1014:5,movie,1014,5,user,2,train,0
movie:1014:6,movie,1014,6,agent,2,train,1
movie:1014:7,movie,1014,7,user,2,train,0
movie:1014:8,movie,1014,8,agent,2,train,0
movie:1014:9,movie,1014,9,user,3,train,1
movie:1014:10,movie,1014,10,agent,2,train,0
movie:1015:1,movie,1015,1,user,1,test,0
movie:1015:2,movie,1015,2,agent,2,test,0
movie:1015:3,movie,1015,3,user,2,test,1
movie:1015:4,movie,1015,4,agent,2,test,0
movie:1015:5,movie,1015,5,user,3,test,0
movie:1015:6,movie,1015,6,agent,3,test,1
movie:1016:1,movie,1016,1,user,3,validation,1
movie:1016:2,movie,1016,2,agent,2,validation,0
movie:1016:3,movie,1016,3,user,3,validation,1
movie:1016:4,movie,1016,4,agent,0,validation,0
movie:1016:5,movie,1016,5,user,0,validation,1
movie:1016:6,movie,1016,6,agent,2,validation,0
movie:1016:7,movie,1016,7,user,3,validation,1
movie:1016:8,movie,1016,8,agent,2,validation,0
movie:1017:1,movie,1017,1,user,3,train,1
movie:1017:2,movie,1017,2,agent,3,train,1
movie:1017:3,movie,1017,3,user,3,train,0
movie:1017:4,movie,1017,4,agent,3,train,0
movie:1017:5,movie,1017,5,user,3,train,0
movie:1017:6,movie,1017,6,agent,1,train,0
movie:1017:7,movie,1017,7,user,2,train,0
movie:1017:8,movie,1017,8,agent,1,train,0
movie:1017:9,movie,1017,9,user,0,train,1
movie:1017:10,movie,1017,10,agent,1,train,0
movie:1017:11,movie,1017,11,user,0,train,1
movie:1017:12,movie,1017,12,agent,2,train,1
movie:1018:1,movie,1018,1,user,2,validation,0
movie:1018:2,movie,1018,2,agent,0,validation,1
movie:1018:3,movie,1018,3,user,0,validation,0
movie:1018:4,movie,1018,4,agent,3,validation,0
movie:1018:5,movie,1018,5,user,0,validation,0
movie:1018:6,movie,1018,6,agent,2,validation,0
movie:1019:1,movie,1019,1,user,3,validation,1
movie:1019:2,movie,1019,2,agent,3,validation,1
movie:1019:3,movie,1019,3,user,2,validation,0
movie:1019:4,movie,1019,4,agent,1,validation,0
movie:1019:5,movie,1019,5,user,0,validation,0
movie:1019:6,movie,1019,6,agent,1,validation,0
movie:1019:7,movie,1019,7,user,0,validation,1
movie:1019:8,movie,1019,8,agent,1,validation,0
movie:1019:9,movie,1019,9,user,0,validation,0
movie:1019:10,movie,1019,10,agent,2,validation,0
movie:1019:11,movie,1019,11,user,0,validation,1
movie:1019:12,movie,1019,12,agent,1,validation,0
movie:1019:13,movie,1019,13,user,0,validation,0
movie:1019:14,movie,1019,14,agent,2,validation,0
movie:1020:1,movie,1020,1,user,2,train,0
movie:1020:2,movie,1020,2,agent,2,train,0
movie:1020:3,movie,1020,3,user,2,train,0
movie:1020:4,movie,1020,4,agent,2,train,0
movie:1021:1,movie,1021,1,user,3,train,0
movie:1021:2,movie,1021,2,agent,3,train,1
movie:1021:3,movie,1021,3,user,3,train,0
movie:1021:4,movie,1021,4,agent,2,train,0
movie:1021:5,movie,1021,5,user,3,train,0
movie:1021:6,movie,1021,6,agent,2,train,0
movie:1021:7,movie,1021,7,user,2,train,0
movie:1021:8,movie,1021,8,agent,2,train,0
movie:1022:1,movie,1022,1,user,3,validation,1
movie:1022:2,movie,1022,2,agent,3,validation,1
movie:1022:3,movie,1022,3,user,0,validation,0
movie:1022:4,movie,1022,4,agent,0,validation,0
movie:1022:5,movie,1022,5,user,0,validation,0
movie:1022:6,movie,1022,6,agent,0,validation,0
movie:1022:7,movie,1022,7,user,2,validation,1
movie:1022:8,movie,1022,8,agent,1,validation,0
movie:1022:9,movie,1022,9,user,3,validation,1
movie:1022:10,movie,1022,10,agent,2,validation,1
movie:1022:11,movie,1022,11,user,3,validation,1
movie:1022:12,movie,1022,12,agent,2,validation,0
movie:1022:13,movie,1022,13,user,3,validation,1
movie:1022:14,movie,1022,14,agent,3,validation,1
movie:1023:1,movie,1023,1,user,2,test,0
movie:1023:2,movie,1023,2,agent,3,test,1
movie:1023:3,movie,1023,3,user,0,test,0
movie:1023:4,movie,1023,4,agent,2,test,0
movie:1023:5,movie,1023,5,user,2,test,0
movie:1023:6,movie,1023,6,agent,2,test,0
movie:1024:1,movie,1024,1,user,3,train,1
movie:1024:2,movie,1024,2,agent,1,train,1
movie:1024:3,movie,1024,3,user,0,train,1
movie:1024:4,movie,1024,4,agent,1,train,0
movie:1024:5,movie,1024,5,user,0,train,0
movie:1024:6,movie,1024,6,agent,2,train,1
movie:1024:7,movie,1024,7,user,0,train,0
movie:1024:8,movie,1024,8,agent,2,train,0
movie:1024:9,movie,1024,9,user,3,train,0
movie:1024:10,movie,1024,10,agent,2,train,0
movie:1024:11,movie,1024,11,user,0,train,0
movie:1024:12,movie,1024,12,agent,2,train,0
movie:1024:13,movie,1024,13,user,2,train,0
movie:1024:14,movie,1024,14,agent,2,train,0
movie:1024:15,movie,1024,15,user,2,train,0
movie:1024:16,movie,1024,16,agent,2,train,0
movie:1024:17,movie,1024,17,user,3,train,1
movie:1024:18,movie,1024,18,agent,3,train,0
movie:1025:1,movie,1025,1,user,3,train,0
movie:1025:2,movie,1025,2,agent,2,train,1
movie:1025:3,movie,1025,3,user,1,train,0
movie:1025:4,movie,1025,4,agent,2,train,0
movie:1025:5,movie,1025,5,user,0,train,0
movie:1025:6,movie,1025,6,agent,2,train,1
movie:1025:7,movie,1025,7,user,0,train,0
movie:1025:8,movie,1025,8,agent,1,train,0
movie:1025:9,movie,1025,9,user,0,train,0
movie:1025:10,movie,1025,10,agent,2,train,0
movie:1026:1,movie,1026,1,user,0,train,0
movie:1026:2,movie,1026,2,agent,2,train,0
movie:1026:3,movie,1026,3,user,2,train,1
movie:1026:4,movie,1026,4,agent,2,train,0
movie:1026:5,movie,1026,5,user,3,train,1
movie:1026:6,movie,1026,6,agent,2,train,0
movie:1027:1,movie,1027,1,user,0,train,0
movie:1027:2,movie,1027,2,agent,1,train,0
movie:1027:3,movie,1027,3,user,2,train,1
movie:1027:4,movie,1027,4,agent,2,train,0
movie:1027:5,movie,1027,5,user,2,train,0
movie:1027:6,movie,1027,6,agent,2,train,1
movie:1027:7,movie,1027,7,user,3,train,1
movie:1027:8,movie,1027,8,agent,1,train,0
movie:1027:9,movie,1027,9,user,0,train,0
movie:1027:10,movie,1027,10,agent,2,train,0
movie:1028:1,movie,1028,1,user,1,test,0
movie:1028:2,movie,1028,2,agent,2,test,0
movie:1028:3,movie,1028,3,user,0,test,1
movie:1028:4,movie,1028,4,agent,0,test,1
movie:1028:5,movie,1028,5,user,0,test,0
movie:1028:6,movie,1028,6,agent,2,test,1
movie:1028:7,movie,1028,7,user,0,test,1
movie:1028:8,movie,1028,8,agent,2,test,1
movie:1029:1,movie,1029,1,user,2,train,0
movie:1029:2,movie,1029,2,agent,0,train,0
movie:1029:3,movie,1029,3,user,0,train,0
movie:1029:4,movie,1029,4,agent,3,train,0
movie:1029:5,movie,1029,5,user,3,train,0
movie:1029:6,movie,1029,6,agent,2,train,0
movie:1029:7,movie,1029,7,user,3,train,0
movie:1029:8,movie,1029,8,agent,2,train,0
movie:1029:9,movie,1029,9,user,2,train,0
movie:1029:10,movie,1029,10,agent,2,train,1
movie:1029:11,movie,1029,11,user,2,train,1
movie:1030:1,movie,1030,1,user,3,train,0
movie:1030:2,movie,1030,2,agent,3,train,0
movie:1030:3,movie,1030,3,user,3,train,1
movie:1030:4,movie,1030,4,agent,2,train,1
movie:1030:5,movie,1030,5,user,3,train,0
movie:1030:6,movie,1030,6,agent,2,train,0
movie:1030:7,movie,1030,7,user,3,train,1
movie:1030:8,movie,1030,8,agent,2,train,0
movie:1030:9,movie,1030,9,user,0,train,0
movie:1030:10,movie,1030,10,agent,1,train,1
movie:1030:11,movie,1030,11,user,0,train,1
movie:1030:12,movie,1030,12,agent,2,train,0
movie:1030:13,movie,1030,13,user,3,train,1
movie:1030:14,movie,1030,14,agent,2,train,0
movie:1030:15,movie,1030,15,user,3,train,1
movie:1030:16,movie,1030,16,agent,3,train,1
movie:1031:1,movie,1031,1,user,3,train,0
movie:1031:2,movie,1031,2,agent,3,train,0
movie:1031:3,movie,1031,3,user,3,train,1
movie:1031:4,movie,1031,4,agent,2,train,0
movie:1031:5,movie,1031,5,user,3,train,1
movie:1031:6,movie,1031,6,agent,2,train,0
movie:1031:7,movie,1031,7,user,3,train,1
movie:1031:8,movie,1031,8,agent,3,train,0
movie:1032:1,movie,1032,1,user,3,train,0
movie:1032:2,movie,1032,2,agent,2,train,0
movie:1032:3,movie,1032,3,user,2,train,0
movie:1032:4,movie,1032,4,agent,1,train,0
movie:1032:5,movie,1032,5,user,2,train,1
movie:1032:6,movie,1032,6,agent,2,train,0
movie:1032:7,movie,1032,7,user,0,train,0
movie:1032:8,movie,1032,8,agent,2,train,0
movie:1033:1,movie,1033,1,user,1,train,0
movie:1033:2,movie,1033,2,agent,2,train,0
movie:1033:3,movie,1033,3,user,0,train,0
movie:1033:4,movie,1033,4,agent,1,train,0
movie:1033:5,movie,1033,5,user,0,train,1
movie:1033:6,movie,1033,6,agent,2,train,1
movie:1033:7,movie,1033,7,user,2,train,0
movie:1033:8,movie,1033,8,agent,2,train,0
movie:1033:9,movie,1033,9,user,3,train,1
movie:1033:10,movie,1033,10,agent,3,train,1
movie:1034:1,movie,1034,1,user,3,test,0
movie:1034:2,movie,1034,2,agent,3,test,1
movie:1034:3,movie,1034,3,user,0,test,0
movie:1034:4,movie,1034,4,agent,0,test,0
movie:1034:5,movie,1034,5,user,0,test,1
movie:1034:6,movie,1034,6,agent,0,test,1
movie:1034:7,movie,1034,7,user,0,test,0
movie:1034:8,movie,1034,8,agent,1,test,0
movie:1034:9,movie,1034,9,user,0,test,0
movie:1034:10,movie,1034,10,agent,2,test,1
movie:1034:11,movie,1034,11,user,2,test,0
movie:1034:12,movie,1034,12,agent,1,test,0
movie:1034:13,movie,1034,13,user,0,test,1
movie:1034:14,movie,1034,14,agent,2,test,1
movie:1034:15,movie,1034,15,user,0,test,1
movie:1034:16,movie,1034,16,agent,2,test,1
movie:1035:1,movie,1035,1,user,1,train,0
movie:1035:2,movie,1035,2,agent,2,train,0
movie:1035:3,movie,1035,3,user,2,train,0
movie:1035:4,movie,1035,4,agent,2,train,0
movie:1035:5,movie,1035,5,user,3,train,0
movie:1035:6,movie,1035,6,agent,1,train,1
movie:1035:7,movie,1035,7,user,3,train,1
movie:1035:8,movie,1035,8,agent,2,train,0
movie:1035:9,movie,1035,9,user,3,train,0
movie:1035:10,movie,1035,10,agent,2,train,0
movie:1035:11,movie,1035,11,user,3,train,1
movie:1035:12,movie,1035,12,agent,3,train,1
movie:1036:1,movie,1036,1,user,3,test,0
movie:1036:2,movie,1036,2,agent,3,test,1
movie:1036:3,movie,1036,3,user,3,test,0
movie:1036:4,movie,1036,4,agent,1,test,0
movie:1036:5,movie,1036,5,user,0,test,1
movie:1036:6,movie,1036,6,agent,2,test,0
movie:1036:7,movie,1036,7,user,3,test,1
movie:1036:8,movie,1036,8,agent,2,test,0
movie:1036:9,movie,1036,9,user,3,test,0
movie:1036:10,movie,1036,10,agent,3,test,0
movie:1037:1,movie,1037,1,user,1,validation,0
movie:1037:2,movie,1037,2,agent,2,validation,0
movie:1037:3,movie,1037,3,user,0,validation,0
movie:1037:4,movie,1037,4,agent,2,validation,0
movie:1037:5,movie,1037,5,user,2,validation,0
movie:1037:6,movie,1037,6,agent,2,validation,0
movie:1037:7,movie,1037,7,user,3,validation,0
movie:1037:8,movie,1037,8,agent,3,validation,1
movie:1038:1,movie,1038,1,user,3,test,0
movie:1038:2,movie,1038,2,agent,3,test,0
movie:1038:3,movie,1038,3,user,3,test,0
movie:1038:4,movie,1038,4,agent,0,test,0
movie:1038:5,movie,1038,5,user,0,test,0
movie:1038:6,movie,1038,6,agent,1,test,0
movie:1038:7,movie,1038,7,user,0,test,1
movie:1038:8,movie,1038,8,agent,3,test,0
movie:1038:9,movie,1038,9,user,3,test,0
movie:1038:10,movie,1038,10,agent,1,test,0
movie:1038:11,movie,1038,11,user,2,test,0
movie:1038:12,movie,1038,12,agent,2,test,0
movie:1038:13,movie,1038,13,user,2,test,0
movie:1038:14,movie,1038,14,agent,2,test,0
movie:1038:15,movie,1038,15,user,2,test,0
movie:1038:16,movie,1038,16,agent,2,test,0
movie:1038:17,movie,1038,17,user,3,test,1
movie:1038:18,movie,1038,18,agent,3,test,1
movie:1039:1,movie,1039,1,user,3,train,0
movie:1039:2,movie,1039,2,agent,3,train,0
movie:1039:3,movie,1039,3,user,0,train,0
movie:1039:4,movie,1039,4,agent,3,train,0
movie:1039:5,movie,1039,5,user,2,train,0
movie:1039:6,movie,1039,6,agent,2,train,0
movie:1040:1,movie,1040,1,user,3,test,1
movie:1040:2,movie,1040,2,agent,3,test,0
movie:1040:3,movie,1040,3,user,3,test,0
movie:1040:4,movie,1040,4,agent,2,test,1
movie:1040:5,movie,1040,5,user,2,test,0
movie:1040:6,movie,1040,6,agent,2,test,0
movie:1040:7,movie,1040,7,user,2,test,0
movie:1040:8,movie,1040,8,agent,1,test,1
movie:1040:9,movie,1040,9,user,0,test,0
movie:1040:10,movie,1040,10,agent,2,test,1
movie:1040:11,movie,1040,11,user,0,test,0
movie:1040:12,movie,1040,12,agent,2,test,1
movie:1040:13,movie,1040,13,user,2,test,0
movie:1040:14,movie,1040,14,agent,2,test,1
movie:1041:1,movie,1041,1,user,3,validation,1
movie:1041:2,movie,1041,2,agent,2,validation,1
movie:1041:3,movie,1041,3,user,3,validation,0
movie:1041:4,movie,1041,4,agent,3,validation,0
movie:1042:1,movie,1042,1,user,3,test,0
movie:1042:2,movie,1042,2,agent,2,test,1
movie:1042:3,movie,1042,3,user,3,test,0
movie:1042:4,movie,1042,4,agent,1,test,0
movie:1042:5,movie,1042,5,user,0,test,0
movie:1042:6,movie,1042,6,agent,2,test,0
movie:1042:7,movie,1042,7,user,3,test,1
movie:1042:8,movie,1042,8,agent,2,test,1
movie:1042:9,movie,1042,9,user,3,test,1
movie:1042:10,movie,1042,10,agent,1,test,0
movie:1042:11,movie,1042,11,user,2,test,0
movie:1042:12,movie,1042,12,agent,2,test,1
movie:1042:13,movie,1042,13,user,1,test,0
movie:1042:14,movie,1042,14,agent,2,test,0
movie:1043:1,movie,1043,1,user,3,test,0
movie:1043:2,movie,1043,2,agent,1,test,0
movie:1043:3,movie,1043,3,user,0,test,0
movie:1043:4,movie,1043,4,agent,2,test,0
movie:1043:5,movie,1043,5,user,0,test,0
movie:1043:6,movie,1043,6,agent,2,test,0
movie:1044:1,movie,1044,1,user,3,train,0
movie:1044:2,movie,1044,2,agent,2,train,0
movie:1044:3,movie,1044,3,user,3,train,1
movie:1044:4,movie,1044,4,agent,1,train,0
movie:1044:5,movie,1044,5,user,2,train,0
movie:1044:6,movie,1044,6,agent,1,train,0
movie:1044:7,movie,1044,7,user,3,train,0
movie:1044:8,movie,1044,8,agent,2,train,0
movie:1044:9,movie,1044,9,user,3,train,0
movie:1044:10,movie,1044,10,agent,2,train,0
movie:1044:11,movie,1044,11,user,3,train,0
movie:1044:12,movie,1044,12,agent,2,train,0
movie:1044:13,movie,1044,13,user,3,train,1
movie:1044:14,movie,1044,14,agent,2,train,0
movie:1044:15,movie,1044,15,user,2,train,0
movie:1044:16,movie,1044,16,agent,2,train,0
movie:1045:1,movie,1045,1,user,1,test,0
movie:1045:2,movie,1045,2,agent,1,test,0
movie:1045:3,movie,1045,3,user,3,test,0
movie:1045:4,movie,1045,4,agent,1,test,0
movie:1045:5,movie,1045,5,user,0,test,0
movie:1045:6,movie,1045,6,agent,0,test,0
movie:1045:7,movie,1045,7,user,0,test,0
movie:1045:8,movie,1045,8,agent,0,test,0
movie:1045:9,movie,1045,9,user,0,test,1
movie:1045:10,movie,1045,10,agent,2,test,1
movie:1045:11,movie,1045,11,user,2,test,0
movie:1045:12,movie,1045,12,agent,2,test,1
movie:1046:1,movie,1046,1,user,3,validation,1
movie:1046:2,movie,1046,2,agent,2,validation,0
movie:1046:3,movie,1046,3,user,3,validation,1
movie:1046:4,movie,1046,4,agent,2,validation,1
movie:1046:5,movie,1046,5,user,3,validation,0
movie:1046:6,movie,1046,6,agent,0,validation,1
movie:1046:7,movie,1046,7,user,3,validation,1
movie:1046:8,movie,1046,8,agent,2,validation,1
movie:1047:1,movie,1047,1,user,0,train,0
movie:1047:2,movie,1047,2,agent,2,train,1
movie:1047:3,movie,1047,3,user,3,train,0
movie:1047:4,movie,1047,4,agent,2,train,1
movie:1047:5,movie,1047,5,user,3,train,0
movie:1047:6,movie,1047,6,agent,2,train,0
movie:1048:1,movie,1048,1,user,2,train,0
movie:1048:2,movie,1048,2,agent,0,train,0
movie:1048:3,movie,1048,3,user,0,train,0
movie:1048:4,movie,1048,4,agent,0,train,0
movie:1048:5,movie,1048,5,user,0,train,0
movie:1048:6,movie,1048,6,agent,2,train,1
movie:1049:1,movie,1049,1,user,2,test,1
movie:1049:2,movie,1049,2,agent,2,test,0
movie:1049:3,movie,1049,3,user,3,test,1
movie:1049:4,movie,1049,4,agent,2,test,0
movie:1049:5,movie,1049,5,user,3,test,0
movie:1049:6,movie,1049,6,agent,3,test,1
movie:1050:1,movie,1050,1,user,1,train,0
movie:1050:2,movie,1050,2,agent,0,train,0
movie:1050:3,movie,1050,3,user,0,train,0
movie:1050:4,movie,1050,4,agent,2,train,1
movie:1050:5,movie,1050,5,user,0,train,0
movie:1050:6,movie,1050,6,agent,2,train,1
movie:1051:1,movie,1051,1,user,3,test,1
movie:1051:2,movie,1051,2,agent,2,test,1
movie:1051:3,movie,1051,3,user,3,test,1
movie:1051:4,movie,1051,4,agent,3,test,1
movie:1052:1,movie,1052,1,user,1,train,0
movie:1052:2,movie,1052,2,agent,2,train,0
movie:1052:3,movie,1052,3,user,0,train,1
movie:1052:4,movie,1052,4,agent,3,train,1
movie:1052:5,movie,1052,5,user,2,train,0
movie:1052:6,movie,1052,6,agent,2,train,0
movie:1052:7,movie,1052,7,user,0,train,1
movie:1052:8,movie,1052,8,agent,2,train,0
movie:1052:9,movie,1052,9,user,0,train,0
movie:1052:10,movie,1052,10,agent,2,train,0
movie:1053:1,movie,1053,1,user,3,train,1
movie:1053:2,movie,1053,2,agent,2,train,0
movie:1053:3,movie,1053,3,user,0,train,0
movie:1053:4,movie,1053,4,agent,1,train,0
movie:1053:5,movie,1053,5,user,3,train,0
movie:1053:6,movie,1053,6,agent,2,train,0
movie:1053:7,movie,1053,7,user,2,train,0
movie:1053:8,movie,1053,8,agent,2,train,0
movie:1053:9,movie,1053,9,user,0,train,1
movie:1053:10,movie,1053,10,agent,3,train,1
movie:1053:11,movie,1053,11,user,2,train,0
movie:1053:12,movie,1053,12,agent,2,train,0
movie:1053:13,movie,1053,13,user,3,train,1
movie:1053:14,movie,1053,14,agent,2,train,0
movie:1054:1,movie,1054,1,user,3,train,1
movie:1054:2,movie,1054,2,agent,3,train,1
movie:1054:3,movie,1054,3,user,2,train,0
movie:1054:4,movie,1054,4,agent,0,train,0
movie:1054:5,movie,1054,5,user,0,train,0
movie:1054:6,movie,1054,6,agent,0,train,0
movie:1054:7,movie,1054,7,user,0,train,0
movie:1054:8,movie,1054,8,agent,0,train,1
movie:1054:9,movie,1054,9,user,0,train,0
movie:1054:10,movie,1054,10,agent,2,train,0
movie:1054:11,movie,1054,11,user,0,train,1
movie:1054:12,movie,1054,12,agent,1,train,0
movie:1054:13,movie,1054,13,user,1,train,0
movie:1054:14,movie,1054,14,agent,1,train,0
movie:1054:15,movie,1054,15,user,2,train,0
movie:1054:16,movie,1054,16,agent,2,train,1
movie:1054:17,movie,1054,17,user,2,train,0
movie:1054:18,movie,1054,18,agent,2,train,0
movie:1055:1,movie,1055,1,user,2,train,0
movie:1055:2,movie,1055,2,agent,1,train,0
movie:1055:3,movie,1055,3,user,1,train,0
movie:1055:4,movie,1055,4,agent,2,train,0
movie:1055:5,movie,1055,5,user,2,train,0
movie:1055:6,movie,1055,6,agent,2,train,0
movie:1055:7,movie,1055,7,user,3,train,1
movie:1055:8,movie,1055,8,agent,3,train,1
movie:1056:1,movie,1056,1,user,3,train,1
movie:1056:2,movie,1056,2,agent,2,train,0
movie:1056:3,movie,1056,3,user,3,train,1
movie:1056:4,movie,1056,4,agent,2,train,0
movie:1056:5,movie,1056,5,user,3,train,0
movie:1056:6,movie,1056,6,agent,1,train,1
movie:1056:7,movie,1056,7,user,0,train,1
movie:1056:8,movie,1056,8,agent,2,train,1
movie:1056:9,movie,1056,9,user,3,train,0
movie:1056:10,movie,1056,10,agent,2,train,0
movie:1056:11,movie,1056,11,user,3,train,1
movie:1056:12,movie,1056,12,agent,3,train,1
movie:1057:1,movie,1057,1,user,3,train,0
movie:1057:2,movie,1057,2,agent,3,train,0
movie:1057:3,movie,1057,3,user,2,train,0
movie:1057:4,movie,1057,4,agent,1,train,0
movie:1057:5,movie,1057,5,user,0,train,0
movie:1057:6,movie,1057,6,agent,2,train,0
movie:1057:7,movie,1057,7,user,0,train,0
movie:1057:8,movie,1057,8,agent,2,train,0
movie:1057:9,movie,1057,9,user,0,train,0
movie:1057:10,movie,1057,10,agent,1,train,0
movie:1057:11,movie,1057,11,user,0,train,0
movie:1057:12,movie,1057,12,agent,1,train,0
movie:1057:13,movie,1057,13,user,0,train,0
movie:1057:14,movie,1057,14,agent,3,train,0
movie:1058:1,movie,1058,1,user,3,train,1
movie:1058:2,movie,1058,2,agent,0,train,0
movie:1058:3,movie,1058,3,user,2,train,0
movie:1058:4,movie,1058,4,agent,2,train,0
movie:1058:5,movie,1058,5,user,2,train,0
movie:1058:6,movie,1058,6,agent,1,train,0
movie:1058:7,movie,1058,7,user,3,train,0
movie:1058:8,movie,1058,8,agent,2,train,0
movie:1058:9,movie,1058,9,user,3,train,1
movie:1058:10,movie,1058,10,agent,3,train,1
movie:1059:1,movie,1059,1,user,3,train,1
movie:1059:2,movie,1059,2,agent,3,train,1
movie:1059:3,movie,1059,3,user,3,train,1
movie:1059:4,movie,1059,4,agent,1,train,1
movie:1059:5,movie,1059,5,user,0,train,1
movie:1059:6,movie,1059,6,agent,2,train,0
movie:1059:7,movie,1059,7,user,3,train,1
movie:1059:8,movie,1059,8,agent,2,train,0
movie:1059:9,movie,1059,9,user,0,train,1
movie:1059:10,movie,1059,10,agent,0,train,0
movie:1059:11,movie,1059,11,user,0,train,0
movie:1059:12,movie,1059,12,agent,3,train,0
movie:1059:13,movie,1059,13,user,0,train,1
movie:1059:14,movie,1059,14,agent,2,train,0
movie:1060:1,movie,1060,1,user,3,train,0
movie:1060:2,movie,1060,2,agent,1,train,0
movie:1060:3,movie,1060,3,user,0,train,0
movie:1060:4,movie,1060,4,agent,2,train,0
movie:1061:1,movie,1061,1,user,3,train,1
movie:1061:2,movie,1061,2,agent,2,train,0
movie:1061:3,movie,1061,3,user,3,train,0
movie:1061:4,movie,1061,4,agent,1,train,0
movie:1061:5,movie,1061,5,user,3,train,1
movie:1061:6,movie,1061,6,agent,2,train,0
movie:1061:7,movie,1061,7,user,3,train,0
movie:1061:8,movie,1061,8,agent,1,train,0
movie:1061:9,movie,1061,9,user,0,train,0
movie:1061:10,movie,1061,10,agent,1,train,0
movie:1061:11,movie,1061,11,user,0,train,0
movie:1061:12,movie,1061,12,agent,0,train,0
movie:1061:13,movie,1061,13,user,0,train,1
movie:1061:14,movie,1061,14,agent,1,train,0
movie:1061:15,movie,1061,15,user,2,train,0
movie:1061:16,movie,1061,16,agent,2,train,0
movie:1062:1,movie,1062,1,user,1,train,0
movie:1062:2,movie,1062,2,agent,2,train,0
movie:1062:3,movie,1062,3,user,0,train,0
movie:1062:4,movie,1062,4,agent,2,train,0
movie:1062:5,movie,1062,5,user,0,train,0
movie:1062:6,movie,1062,6,agent,3,train,0
movie:1063:1,movie,1063,1,user,3,train,1
movie:1063:2,movie,1063,2,agent,3,train,1
movie:1063:3,movie,1063,3,user,3,train,1
movie:1063:4,movie,1063,4,agent,1,train,0
movie:1063:5,movie,1063,5,user,3,train,1
movie:1063:6,movie,1063,6,agent,2,train,0
movie:1063:7,movie,1063,7,user,1,train,0
movie:1063:8,movie,1063,8,agent,2,train,0
movie:1064:1,movie,1064,1,user,2,train,0
movie:1064:2,movie,1064,2,agent,1,train,0
movie:1064:3,movie,1064,3,user,1,train,0
movie:1064:4,movie,1064,4,agent,2,train,1
movie:1065:1,movie,1065,1,user,3,train,0
movie:1065:2,movie,1065,2,agent,2,train,0
movie:1065:3,movie,1065,3,user,3,train,1
movie:1065:4,movie,1065,4,agent,2,train,1
movie:1065:5,movie,1065,5,user,2,train,0
movie:1065:6,movie,1065,6,agent,2,train,0
movie:1066:1,movie,1066,1,user,1,train,0
movie:1066:2,movie,1066,2,agent,2,train,0
movie:1066:3,movie,1066,3,user,0,train,1
movie:1066:4,movie,1066,4,agent,2,train,1
movie:1066:5,movie,1066,5,user,0,train,0
movie:1066:6,movie,1066,6,agent,2,train,1
movie:1066:7,movie,1066,7,user,2,train,1
movie:1066:8,movie,1066,8,agent,2,train,0
movie:1066:9,movie,1066,9,user,0,train,1
movie:1066:10,movie,1066,10,agent,2,train,0
movie:1067:1,movie,1067,1,user,2,train,0
movie:1067:2,movie,1067,2,agent,2,train,1
movie:1067:3,movie,1067,3,user,0,train,0
movie:1067:4,movie,1067,4,agent,0,train,1
movie:1067:5,movie,1067,5,user,0,train,0
movie:1067:6,movie,1067,6,agent,0,train,0
movie:1067:7,movie,1067,7,user,0,train,1
movie:1067:8,movie,1067,8,agent,2,train,0
movie:1067:9,movie,1067,9,user,2,train,1
movie:1067:10,movie,1067,10,agent,2,train,0
movie:1067:11,movie,1067,11,user,3,train,1
movie:1067:12,movie,1067,12,agent,3,train,1
movie:1068:1,movie,1068,1,user,1,train,0
movie:1068:2,movie,1068,2,agent,2,train,1
movie:1068:3,movie,1068,3,user,0,train,0
movie:1068:4,movie,1068,4,agent,2,train,0
movie:1069:1,movie,1069,1,user,1,train,0
movie:1069:2,movie,1069,2,agent,2,train,0
movie:1069:3,movie,1069,3,user,0,train,0
movie:1069:4,movie,1069,4,agent,2,train,1
movie:1070:1,movie,1070,1,user,3,train,0
movie:1070:2,movie,1070,2,agent,2,train,0
movie:1070:3,movie,1070,3,user,3,train,1
movie:1070:4,movie,1070,4,agent,3,train,0
movie:1071:1,movie,1071,1,user,3,train,0
movie:1071:2,movie,1071,2,agent,2,train,0
movie:1071:3,movie,1071,3,user,3,train,0
movie:1071:4,movie,1071,4,agent,3,train,1
movie:1072:1,movie,1072,1,user,1,train,0
movie:1072:2,movie,1072,2,agent,2,train,0
movie:1072:3,movie,1072,3,user,2,train,0
movie:1072:4,movie,1072,4,agent,2,train,0
movie:1073:1,movie,1073,1,user,2,train,0
movie:1073:2,movie,1073,2,agent,0,train,1
movie:1073:3,movie,1073,3,user,0,train,0
movie:1073:4,movie,1073,4,agent,2,train,0
movie:1073:5,movie,1073,5,user,0,train,0
movie:1073:6,movie,1073,6,agent,2,train,1
movie:1073:7,movie,1073,7,user,3,train,1
movie:1073:8,movie,1073,8,agent,3,train,1
movie:1074:1,movie,1074,1,user,3,test,1
movie:1074:2,movie,1074,2,agent,3,test,0
movie:1074:3,movie,1074,3,user,3,test,0
movie:1074:4,movie,1074,4,agent,1,test,0
movie:1074:5,movie,1074,5,user,0,test,1
movie:1074:6,movie,1074,6,agent,2,test,1
movie:1074:7,movie,1074,7,user,0,test,0
movie:1074:8,movie,1074,8,agent,2,test,0
movie:1074:9,movie,1074,9,user,2,test,0
movie:1074:10,movie,1074,10,agent,2,test,0
movie:1075:1,movie,1075,1,user,2,train,0
movie:1075:2,movie,1075,2,agent,2,train,1
movie:1075:3,movie,1075,3,user,0,train,0
movie:1075:4,movie,1075,4,agent,2,train,0
movie:1076:1,movie,1076,1,user,3,validation,0
movie:1076:2,movie,1076,2,agent,3,validation,0
movie:1076:3,movie,1076,3,user,2,validation,1
movie:1076:4,movie,1076,4,agent,2,validation,1
movie:1076:5,movie,1076,5,user,0,validation,0
movie:1076:6,movie,1076,6,agent,2,validation,0
movie:1076:7,movie,1076,7,user,0,validation,0
movie:1076:8,movie,1076,8,agent,1,validation,0
movie:1076:9,movie,1076,9,user,0,validation,0
movie:1076:10,movie,1076,10,agent,2,validation,0
movie:1076:11,movie,1076,11,user,0,validation,1
movie:1076:12,movie,1076,12,agent,2,validation,1
movie:1076:13,movie,1076,13,user,2,validation,0
movie:1076:14,movie,1076,14,agent,2,validation,0
movie:1076:15,movie,1076,15,user,3,validation,0
movie:1076:16,movie,1076,16,agent,3,validation,0
movie:1077:1,movie,1077,1,user,1,train,0
movie:1077:2,movie,1077,2,agent,2,train,0
movie:1077:3,movie,1077,3,user,2,train,0
movie:1077:4,movie,1077,4,agent,1,train,0
movie:1077:5,movie,1077,5,user,0,train,1
movie:1077:6,movie,1077,6,agent,1,train,0
movie:1077:7,movie,1077,7,user,0,train,0
movie:1077:8,movie,1077,8,agent,2,train,0
movie:1077:9,movie,1077,9,user,0,train,0
movie:1077:10,movie,1077,10,agent,3,train,0
movie:1077:11,movie,1077,11,user,2,train,0
movie:1077:12,movie,1077,12,agent,2,train,0
movie:1077:13,movie,1077,13,user,3,train,0
movie:1077:14,movie,1077,14,agent,3,train,0
movie:1078:1,movie,1078,1,user,3,validation,1
movie:1078:2,movie,1078,2,agent,3,validation,1
movie:1078:3,movie,1078,3,user,2,validation,0
movie:1078:4,movie,1078,4,agent,3,validation,1
movie:1079:1,movie,1079,1,user,3,train,0
movie:1079:2,movie,1079,2,agent,0,train,0
movie:1079:3,movie,1079,3,user,1,train,0
movie:1079:4,movie,1079,4,agent,0,train,0
movie:1079:5,movie,1079,5,user,2,train,0
movie:1079:6,movie,1079,6,agent,1,train,0
movie:1079:7,movie,1079,7,user,0,train,1
movie:1079:8,movie,1079,8,agent,3,train,1
movie:1079:9,movie,1079,9,user,2,train,0
movie:1079:10,movie,1079,10,agent,2,train,0
movie:1079:11,movie,1079,11,user,3,train,0
movie:1079:12,movie,1079,12,agent,2,train,1
movie:1079:13,movie,1079,13,user,3,train,0
movie:1079:14,movie,1079,14,agent,3,train,1
movie:1080:1,movie,1080,1,user,3,test,1
movie:1080:2,movie,1080,2,agent,2,test,0
movie:1080:3,movie,1080,3,user,3,test,1
movie:1080:4,movie,1080,4,agent,3,test,1
movie:1081:1,movie,1081,1,user,3,test,0
movie:1081:2,movie,1081,2,agent,2,test,0
movie:1081:3,movie,1081,3,user,3,test,1
movie:1081:4,movie,1081,4,agent,3,test,0
movie:1082:1,movie,1082,1,user,3,train,0
movie:1082:2,movie,1082,2,agent,2,train,1
movie:1082:3,movie,1082,3,user,2,train,0
movie:1082:4,movie,1082,4,agent,1,train,0
movie:1082:5,movie,1082,5,user,2,train,1
movie:1082:6,movie,1082,6,agent,2,train,0
movie:1082:7,movie,1082,7,user,3,train,1
movie:1082:8,movie,1082,8,agent,3,train,0
movie:1082:9,movie,1082,9,user,3,train,1
movie:1082:10,movie,1082,10,agent,2,train,1
movie:1082:11,movie,1082,11,user,3,train,0
movie:1082:12,movie,1082,12,agent,3,train,1
movie:1083:1,movie,1083,1,user,1,test,0
movie:1083:2,movie,1083,2,agent,2,test,0
movie:1083:3,movie,1083,3,user,2,test,0
movie:1083:4,movie,1083,4,agent,3,test,1
movie:1083:5,movie,1083,5,user,2,test,0
movie:1083:6,movie,1083,6,agent,1,test,0
movie:1083:7,movie,1083,7,user,0,test,0
movie:1083:8,movie,1083,8,agent,2,test,0
movie:1083:9,movie,1083,9,user,3,test,0
movie:1083:10,movie,1083,10,agent,3,test,0
movie:1084:1,movie,1084,1,user,1,train,0
movie:1084:2,movie,1084,2,agent,3,train,1
movie:1084:3,movie,1084,3,user,0,train,0
movie:1084:4,movie,1084,4,agent,1,train,0
movie:1084:5,movie,1084,5,user,3,train,0
movie:1084:6,movie,1084,6,agent,2,train,0
movie:1084:7,movie,1084,7,user,2,train,1
movie:1084:8,movie,1084,8,agent,2,train,0
movie:1084:9,movie,1084,9,user,0,train,0
movie:1084:10,movie,1084,10,agent,2,train,0
movie:1084:11,movie,1084,11,user,3,train,1
movie:1084:12,movie,1084,12,agent,3,train,0
movie:1085:1,movie,1085,1,user,3,train,0
movie:1085:2,movie,1085,2,agent,2,train,1
movie:1085:3,movie,1085,3,user,3,train,0
movie:1085:4,movie,1085,4,agent,3,train,0
movie:1086:1,movie,1086,1,user,3,train,1
movie:1086:2,movie,1086,2,agent,2,train,0
movie:1086:3,movie,1086,3,user,3,train,0
movie:1086:4,movie,1086,4,agent,3,train,0
movie:1087:1,movie,1087,1,user,3,test,0
movie:1087:2,movie,1087,2,agent,2,test,0
movie:1087:3,movie,1087,3,user,3,test,1
movie:1087:4,movie,1087,4,agent,3,test,0
movie:1088:1,movie,1088,1,user,3,train,1
movie:1088:2,movie,1088,2,agent,2,train,1
movie:1088:3,movie,1088,3,user,3,train,1
movie:1088:4,movie,1088,4,agent,3,train,0
movie:1089:1,movie,1089,1,user,3,validation,0
movie:1089:2,movie,1089,2,agent,2,validation,0
movie:1089:3,movie,1089,3,user,3,validation,1
movie:1089:4,movie,1089,4,agent,3,validation,1
movie:1090:1,movie,1090,1,user,1,train,0
movie:1090:2,movie,1090,2,agent,2,train,0
movie:1090:3,movie,1090,3,user,0,train,0
movie:1090:4,movie,1090,4,agent,2,train,1
movie:1090:5,movie,1090,5,user,0,train,0
movie:1090:6,movie,1090,6,agent,2,train,0
movie:1090:7,movie,1090,7,user,3,train,1
movie:1090:8,movie,1090,8,agent,3,train,1
movie:1091:1,movie,1091,1,user,3,validation,1
movie:1091:2,movie,1091,2,agent,2,validation,0
movie:1091:3,movie,1091,3,user,3,validation,1
movie:1091:4,movie,1091,4,agent,3,validation,0
movie:1092:1,movie,1092,1,user,3,validation,1
movie:1092:2,movie,1092,2,agent,3,validation,0
movie:1092:3,movie,1092,3,user,3,validation,1
movie:1092:4,movie,1092,4,agent,2,validation,0
movie:1092:5,movie,1092,5,user,3,validation,0
movie:1092:6,movie,1092,6,agent,2,validation,0
movie:1092:7,movie,1092,7,user,0,validation,0
movie:1092:8,movie,1092,8,agent,1,validation,0
movie:1092:9,movie,1092,9,user,0,validation,0
movie:1092:10,movie,1092,10,agent,2,validation,0
movie:1092:11,movie,1092,11,user,2,validation,0
movie:1092:12,movie,1092,12,agent,2,validation,0
movie:1093:1,movie,1093,1,user,1,train,0
movie:1093:2,movie,1093,2,agent,2,train,0
movie:1093:3,movie,1093,3,user,2,train,0
movie:1093:4,movie,1093,4,agent,2,train,0
movie:1093:5,movie,1093,5,user,2,train,0
movie:1093:6,movie,1093,6,agent,2,train,0
movie:1094:1,movie,1094,1,user,3,train,1
movie:1094:2,movie,1094,2,agent,3,train,0
movie:1094:3,movie,1094,3,user,3,train,0
movie:1094:4,movie,1094,4,agent,2,train,0
movie:1094:5,movie,1094,5,user,3,train,0
movie:1094:6,movie,1094,6,agent,2,train,0
movie:1095:1,movie,1095,1,user,2,train,0
movie:1095:2,movie,1095,2,agent,2,train,0
movie:1095:3,movie,1095,3,user,2,train,0
movie:1095:4,movie,1095,4,agent,2,train,0
movie:1095:5,movie,1095,5,user,3,train,0
movie:1095:6,movie,1095,6,agent,3,train,1
movie:1096:1,movie,1096,1,user,3,test,1
movie:1096:2,movie,1096,2,agent,3,test,1
movie:1096:3,movie,1096,3,user,3,test,1
movie:1096:4,movie,1096,4,agent,1,test,1
movie:1096:5,movie,1096,5,user,0,test,1
movie:1096:6,movie,1096,6,agent,2,test,0
movie:1096:7,movie,1096,7,user,2,test,1
movie:1096:8,movie,1096,8,agent,2,test,0
movie:1097:1,movie,1097,1,user,1,train,0
movie:1097:2,movie,1097,2,agent,2,train,0
movie:1097:3,movie,1097,3,user,2,train,0
movie:1097:4,movie,1097,4,agent,1,train,0
movie:1097:5,movie,1097,5,user,0,train,1
movie:1097:6,movie,1097,6,agent,2,train,0
movie:1098:1,movie,1098,1,user,3,validation,1
movie:1098:2,movie,1098,2,agent,3,validation,1
movie:1098:3,movie,1098,3,user,3,validation,0
movie:1098:4,movie,1098,4,agent,1,validation,0
movie:1098:5,movie,1098,5,user,0,validation,0
movie:1098:6,movie,1098,6,agent,2,validation,1
movie:1098:7,movie,1098,7,user,0,validation,0
movie:1098:8,movie,1098,8,agent,2,validation,0
movie:1098:9,movie,1098,9,user,2,validation,1
movie:1098:10,movie,1098,10,agent,2,validation,0
movie:1099:1,movie,1099,1,user,3,train,1
movie:1099:2,movie,1099,2,agent,2,train,0
movie:1099:3,movie,1099,3,user,3,train,0
movie:1099:4,movie,1099,4,agent,3,train,0
movie:1100:1,movie,1100,1,user,3,train,1
movie:1100:2,movie,1100,2,agent,2,train,0
movie:1100:3,movie,1100,3,user,3,train,0
movie:1100:4,movie,1100,4,agent,3,train,1
movie:1101:1,movie,1101,1,user,3,train,1
movie:1101:2,movie,1101,2,agent,0,train,1
movie:1101:3,movie,1101,3,user,2,train,1
movie:1101:4,movie,1101,4,agent,2,train,0
movie:1102:1,movie,1102,1,user,3,validation,1
movie:1102:2,movie,1102,2,agent,2,validation,0
movie:1102:3,movie,1102,3,user,3,validation,0
movie:1102:4,movie,1102,4,agent,3,validation,1
movie:1103:1,movie,1103,1,user,3,train,0
movie:1103:2,movie,1103,2,agent,2,train,0
movie:1103:3,movie,1103,3,user,3,train,0
movie:1103:4,movie,1103,4,agent,3,train,1
movie:1104:1,movie,1104,1,user,1,test,0
movie:1104:2,movie,1104,2,agent,3,test,0
movie:1104:3,movie,1104,3,user,3,test,0
movie:1104:4,movie,1104,4,agent,2,test,0
movie:1104:5,movie,1104,5,user,2,test,0
movie:1104:6,movie,1104,6,agent,2,test,0
movie:1105:1,movie,1105,1,user,2,train,1
movie:1105:2,movie,1105,2,agent,2,train,0
movie:1105:3,movie,1105,3,user,2,train,0
movie:1105:4,movie,1105,4,agent,2,train,0
movie:1105:5,movie,1105,5,user,3,train,0
movie:1105:6,movie,1105,6,agent,3,train,1
movie:1106:1,movie,1106,1,user,1,train,0
movie:1106:2,movie,1106,2,agent,2,train,1
movie:1106:3,movie,1106,3,user,2,train,0
movie:1106:4,movie,1106,4,agent,2,train,1
movie:1106:5,movie,1106,5,user,3,train,0
movie:1106:6,movie,1106,6,agent,3,train,0
movie:1107:1,movie,1107,1,user,1,train,1
movie:1107:2,movie,1107,2,agent,2,train,0
movie:1107:3,movie,1107,3,user,0,train,0
movie:1107:4,movie,1107,4,agent,1,train,0
movie:1107:5,movie,1107,5,user,0,train,1
movie:1107:6,movie,1107,6,agent,1,train,1
movie:1107:7,movie,1107,7,user,0,train,0
movie:1107:8,movie,1107,8,agent,3,train,1
movie:1107:9,movie,1107,9,user,2,train,1
movie:1107:10,movie,1107,10,agent,2,train,1
movie:1107:11,movie,1107,11,user,2,train,0
movie:1107:12,movie,1107,12,agent,2,train,0
movie:1108:1,movie,1108,1,user,1,validation,0
movie:1108:2,movie,1108,2,agent,2,validation,0
movie:1108:3,movie,1108,3,user,2,validation,0
movie:1108:4,movie,1108,4,agent,2,validation,1
movie:1109:1,movie,1109,1,user,3,validation,1
movie:1109:2,movie,1109,2,agent,2,validation,0
movie:1109:3,movie,1109,3,user,3,validation,0
movie:1109:4,movie,1109,4,agent,3,validation,0
movie:1110:1,movie,1110,1,user,3,train,0
movie:1110:2,movie,1110,2,agent,3,train,1
movie:1110:3,movie,1110,3,user,3,train,0
movie:1110:4,movie,1110,4,agent,2,train,1
movie:1110:5,movie,1110,5,user,3,train,0
movie:1110:6,movie,1110,6,agent,2,train,0
movie:1111:1,movie,1111,1,user,2,train,0
movie:1111:2,movie,1111,2,agent,0,train,0
movie:1111:3,movie,1111,3,user,0,train,0
movie:1111:4,movie,1111,4,agent,2,train,0
movie:1111:5,movie,1111,5,user,2,train,0
movie:1111:6,movie,1111,6,agent,2,train,1
movie:1111:7,movie,1111,7,user,0,train,1
movie:1111:8,movie,1111,8,agent,2,train,1
movie:1111:9,movie,1111,9,user,3,train,1
movie:1111:10,movie,1111,10,agent,2,train,1
movie:1111:11,movie,1111,11,user,3,train,0
movie:1111:12,movie,1111,12,agent,3,train,1
movie:1112:1,movie,1112,1,user,1,validation,0
movie:1112:2,movie,1112,2,agent,1,validation,0
movie:1112:3,movie,1112,3,user,0,validation,0
movie:1112:4,movie,1112,4,agent,2,validation,0
movie:1112:5,movie,1112,5,user,2,validation,1
movie:1112:6,movie,1112,6,agent,2,validation,0
movie:1112:7,movie,1112,7,user,2,validation,0
movie:1112:8,movie,1112,8,agent,2,validation,0
movie:1112:9,movie,1112,9,user,0,validation,0
movie:1112:10,movie,1112,10,agent,1,validation,1
movie:1112:11,movie,1112,11,user,2,validation,0
movie:1112:12,movie,1112,12,agent,3,validation,1
movie:1112:13,movie,1112,13,user,2,validation,0
movie:1112:14,movie,1112,14,agent,2,validation,1
movie:1112:15,movie,1112,15,user,2,validation,0
movie:1112:16,movie,1112,16,agent,2,validation,0
movie:1112:17,movie,1112,17,user,3,validation,0
movie:1112:18,movie,1112,18,agent,3,validation,0
movie:1113:1,movie,1113,1,user,1,test,0
movie:1113:2,movie,1113,2,agent,2,test,0
movie:1113:3,movie,1113,3,user,3,test,0
movie:1113:4,movie,1113,4,agent,2,test,0
movie:1113:5,movie,1113,5,user,3,test,1
movie:1113:6,movie,1113,6,agent,2,test,1
movie:1113:7,movie,1113,7,user,3,test,1
movie:1113:8,movie,1113,8,agent,2,test,0
movie:1113:9,movie,1113,9,user,2,test,0
movie:1113:10,movie,1113,10,agent,2,test,0
movie:1113:11,movie,1113,11,user,3,test,1
movie:1113:12,movie,1113,12,agent,3,test,1
movie:1114:1,movie,1114,1,user,3,test,0
movie:1114:2,movie,1114,2,agent,2,test,1
movie:1114:3,movie,1114,3,user,3,test,0
movie:1114:4,movie,1114,4,agent,3,test,1
movie:1115:1,movie,1115,1,user,1,train,1
movie:1115:2,movie,1115,2,agent,1,train,0
movie:1115:3,movie,1115,3,user,2,train,0
movie:1115:4,movie,1115,4,agent,2,train,0
movie:1115:5,movie,1115,5,user,3,train,1
movie:1115:6,movie,1115,6,agent,2,train,0
movie:1116:1,movie,1116,1,user,3,validation,1
movie:1116:2,movie,1116,2,agent,3,validation,0
movie:1116:3,movie,1116,3,user,3,validation,1
movie:1116:4,movie,1116,4,agent,1,validation,0
movie:1116:5,movie,1116,5,user,3,validation,0
movie:1116:6,movie,1116,6,agent,2,validation,0
movie:1116:7,movie,1116,7,user,0,validation,0
movie:1116:8,movie,1116,8,agent,2,validation,0
movie:1116:9,movie,1116,9,user,3,validation,1
movie:1116:10,movie,1116,10,agent,2,validation,1
movie:1117:1,movie,1117,1,user,2,train,0
movie:1117:2,movie,1117,2,agent,1,train,0
movie:1117:3,movie,1117,3,user,2,train,0
movie:1117:4,movie,1117,4,agent,2,train,0
movie:1117:5,movie,1117,5,user,3,train,1
movie:1117:6,movie,1117,6,agent,2,train,0
movie:1117:7,movie,1117,7,user,3,train,1
movie:1117:8,movie,1117,8,agent,3,train,1
movie:1118:1,movie,1118,1,user,1,train,0
movie:1118:2,movie,1118,2,agent,2,train,0
movie:1118:3,movie,1118,3,user,2,train,0
movie:1118:4,movie,1118,4,agent,2,train,1
movie:1119:1,movie,1119,1,user,1,test,0
movie:1119:2,movie,1119,2,agent,2,test,0
movie:1119:3,movie,1119,3,user,0,test,0
movie:1119:4,movie,1119,4,agent,2,test,0
movie:1120:1,movie,1120,1,user,3,train,0
movie:1120:2,movie,1120,2,agent,2,train,0
movie:1120:3,movie,1120,3,user,2,train,0
movie:1120:4,movie,1120,4,agent,2,train,0
movie:1120:5,movie,1120,5,user,3,train,1
movie:1120:6,movie,1120,6,agent,2,train,0
movie:1121:1,movie,1121,1,user,1,train,0
movie:1121:2,movie,1121,2,agent,2,train,1
movie:1121:3,movie,1121,3,user,0,train,0
movie:1121:4,movie,1121,4,agent,2,train,1
movie:1122:1,movie,1122,1,user,1,validation,0
movie:1122:2,movie,1122,2,agent,2,validation,0
movie:1122:3,movie,1122,3,user,2,validation,0
movie:1122:4,movie,1122,4,agent,2,validation,0
movie:1123:1,movie,1123,1,user,1,test,1
movie:1123:2,movie,1123,2,agent,2,test,0
movie:1123:3,movie,1123,3,user,0,test,0
movie:1123:4,movie,1123,4,agent,2,test,0
movie:1123:5,movie,1123,5,user,0,test,1
movie:1123:6,movie,1123,6,agent,2,test,0
movie:1123:7,movie,1123,7,user,0,test,0
movie:1123:8,movie,1123,8,agent,2,test,0
movie:1123:9,movie,1123,9,user,3,test,1
movie:1123:10,movie,1123,10,agent,3,test,0
movie:1124:1,movie,1124,1,user,1,test,0
movie:1124:2,movie,1124,2,agent,2,test,0
movie:1124:3,movie,1124,3,user,2,test,1
movie:1124:4,movie,1124,4,agent,2,test,0
movie:1125:1,movie,1125,1,user,3,train,1
movie:1125:2,movie,1125,2,agent,2,train,1
movie:1125:3,movie,1125,3,user,3,train,1
movie:1125:4,movie,1125,4,agent,3,train,1
movie:1126:1,movie,1126,1,user,2,train,0
movie:1126:2,movie,1126,2,agent,2,train,1
movie:1126:3,movie,1126,3,user,3,train,1
movie:1126:4,movie,1126,4,agent,2,train,0
movie:1126:5,movie,1126,5,user,2,train,1
movie:1126:6,movie,1126,6,agent,2,train,0
movie:1126:7,movie,1126,7,user,2,train,1
movie:1126:8,movie,1126,8,agent,2,train,0
movie:1126:9,movie,1126,9,user,3,train,1
movie:1126:10,movie,1126,10,agent,2,train,0
movie:1126:11,movie,1126,11,user,3,train,1
movie:1126:12,movie,1126,12,agent,3,train,1
movie:1127:1,movie,1127,1,user,1,train,0
movie:1127:2,movie,1127,2,agent,0,train,0
movie:1127:3,movie,1127,3,user,0,train,0
movie:1127:4,movie,1127,4,agent,2,train,0
movie:1127:5,movie,1127,5,user,2,train,0
movie:1127:6,movie,1127,6,agent,2,train,0
movie:1128:1,movie,1128,1,user,3,train,0
movie:1128:2,movie,1128,2,agent,2,train,0
movie:1128:3,movie,1128,3,user,3,train,1
movie:1128:4,movie,1128,4,agent,3,train,0
movie:1129:1,movie,1129,1,user,3,train,1
movie:1129:2,movie,1129,2,agent,2,train,0
movie:1129:3,movie,1129,3,user,3,train,0
movie:1129:4,movie,1129,4,agent,3,train,0
movie:1130:1,movie,1130,1,user,1,train,0
movie:1130:2,movie,1130,2,agent,0,train,0
movie:1130:3,movie,1130,3,user,0,train,1
movie:1130:4,movie,1130,4,agent,2,train,0
movie:1130:5,movie,1130,5,user,2,train,0
movie:1130:6,movie,1130,6,agent,2,train,0
movie:1130:7,movie,1130,7,user,3,train,1
movie:1130:8,movie,1130,8,agent,3,train,1
movie:1131:1,movie,1131,1,user,3,train,1
movie:1131:2,movie,1131,2,agent,1,train,0
movie:1131:3,movie,1131,3,user,2,train,0
movie:1131:4,movie,1131,4,agent,2,train,1
movie:1131:5,movie,1131,5,user,3,train,1
movie:1131:6,movie,1131,6,agent,3,train,1
movie:1132:1,movie,1132,1,user,2,train,0
movie:1132:2,movie,1132,2,agent,2,train,1
movie:1132:3,movie,1132,3,user,0,train,1
movie:1132:4,movie,1132,4,agent,2,train,1
movie:1132:5,movie,1132,5,user,2,train,1
movie:1132:6,movie,1132,6,agent,2,train,0
movie:1132:7,movie,1132,7,user,3,train,0
movie:1132:8,movie,1132,8,agent,3,train,1
movie:1133:1,movie,1133,1,user,2,test,0
movie:1133:2,movie,1133,2,agent,2,test,0
movie:1133:3,movie,1133,3,user,1,test,0
movie:1133:4,movie,1133,4,agent,1,test,0
movie:1133:5,movie,1133,5,user,0,test,0
movie:1133:6,movie,1133,6,agent,2,test,0
movie:1133:7,movie,1133,7,user,2,test,0
movie:1133:8,movie,1133,8,agent,2,test,0
movie:1133:9,movie,1133,9,user,0,test,1
movie:1133:10,movie,1133,10,agent,2,test,1
movie:1133:11,movie,1133,11,user,2,test,1
movie:1133:12,movie,1133,12,agent,2,test,0
movie:1133:13,movie,1133,13,user,3,test,0
movie:1133:14,movie,1133,14,agent,3,test,1
movie:1134:1,movie,1134,1,user,3,train,1
movie:1134:2,movie,1134,2,agent,2,train,0
movie:1134:3,movie,1134,3,user,3,train,0
movie:1134:4,movie,1134,4,agent,3,train,1
movie:1135:1,movie,1135,1,user,1,test,0
movie:1135:2,movie,1135,2,agent,2,test,0
movie:1135:3,movie,1135,3,user,0,test,0
movie:1135:4,movie,1135,4,agent,3,test,1
movie:1135:5,movie,1135,5,user,0,test,0
movie:1135:6,movie,1135,6,agent,2,test,0
movie:1135:7,movie,1135,7,user,0,test,0
movie:1135:8,movie,1135,8,agent,2,test,1
movie:1136:1,movie,1136,1,user,1,train,0
movie:1136:2,movie,1136,2,agent,2,train,0
movie:1136:3,movie,1136,3,user,0,train,1
movie:1136:4,movie,1136,4,agent,2,train,0
movie:1137:1,movie,1137,1,user,0,test,0
movie:1137:2,movie,1137,2,agent,2,test,0
movie:1137:3,movie,1137,3,user,2,test,0
movie:1137:4,movie,1137,4,agent,2,test,0
movie:1138:1,movie,1138,1,user,1,train,0
movie:1138:2,movie,1138,2,agent,2,train,1
movie:1138:3,movie,1138,3,user,0,train,1
movie:1138:4,movie,1138,4,agent,2,train,1
movie:1139:1,movie,1139,1,user,3,test,0
movie:1139:2,movie,1139,2,agent,0,test,0
movie:1139:3,movie,1139,3,user,0,test,0
movie:1139:4,movie,1139,4,agent,2,test,0
movie:1139:5,movie,1139,5,user,2,test,0
movie:1139:6,movie,1139,6,agent,1,test,0
movie:1139:7,movie,1139,7,user,2,test,0
movie:1139:8,movie,1139,8,agent,3,test,0
movie:1139:9,movie,1139,9,user,2,test,0
movie:1139:10,movie,1139,10,agent,1,test,0
movie:1139:11,movie,1139,11,user,0,test,1
movie:1139:12,movie,1139,12,agent,2,test,0
movie:1139:13,movie,1139,13,user,0,test,1
movie:1139:14,movie,1139,14,agent,2,test,1
movie:1139:15,movie,1139,15,user,3,test,1
movie:1139:16,movie,1139,16,agent,2,test,0
movie:1140:1,movie,1140,1,user,3,test,0
movie:1140:2,movie,1140,2,agent,3,test,1
movie:1140:3,movie,1140,3,user,3,test,0
movie:1140:4,movie,1140,4,agent,2,test,0
movie:1140:5,movie,1140,5,user,0,test,0
movie:1140:6,movie,1140,6,agent,1,test,0
movie:1140:7,movie,1140,7,user,0,test,0
movie:1140:8,movie,1140,8,agent,3,test,0
movie:1140:9,movie,1140,9,user,3,test,0
movie:1140:10,movie,1140,10,agent,2,test,0
movie:1141:1,movie,1141,1,user,1,train,0
movie:1141:2,movie,1141,2,agent,0,train,0
movie:1141:3,movie,1141,3,user,0,train,1
movie:1141:4,movie,1141,4,agent,2,train,0
movie:1141:5,movie,1141,5,user,2,train,0
movie:1141:6,movie,1141,6,agent,2,train,0
movie:1142:1,movie,1142,1,user,2,train,0
movie:1142:2,movie,1142,2,agent,2,train,0
movie:1142:3,movie,1142,3,user,3,train,1
movie:1142:4,movie,1142,4,agent,2,train,0
movie:1143:1,movie,1143,1,user,2,train,1
movie:1143:2,movie,1143,2,agent,2,train,1
movie:1143:3,movie,1143,3,user,2,train,0
movie:1143:4,movie,1143,4,agent,2,train,1
movie:1143:5,movie,1143,5,user,3,train,0
movie:1143:6,movie,1143,6,agent,2,train,0
movie:1144:1,movie,1144,1,user,1,train,1
movie:1144:2,movie,1144,2,agent,2,train,1
movie:1144:3,movie,1144,3,user,0,train,0
movie:1144:4,movie,1144,4,agent,2,train,0
movie:1144:5,movie,1144,5,user,0,train,0
movie:1144:6,movie,1144,6,agent,2,train,0
movie:1144:7,movie,1144,7,user,3,train,1
movie:1144:8,movie,1144,8,agent,3,train,0
movie:1145:1,movie,1145,1,user,1,train,0
movie:1145:2,movie,1145,2,agent,2,train,0
movie:1145:3,movie,1145,3,user,0,train,0
movie:1145:4,movie,1145,4,agent,2,train,0
movie:1146:1,movie,1146,1,user,1,train,0
movie:1146:2,movie,1146,2,agent,2,train,0
movie:1146:3,movie,1146,3,user,0,train,0
movie:1146:4,movie,1146,4,agent,1,train,0
movie:1146:5,movie,1146,5,user,0,train,0
movie:1146:6,movie,1146,6,agent,3,train,0
movie:1146:7,movie,1146,7,user,1,train,0
movie:1146:8,movie,1146,8,agent,2,train,0
movie:1146:9,movie,1146,9,user,0,train,0
movie:1146:10,movie,1146,10,agent,2,train,0
movie:1146:11,movie,1146,11,user,0,train,0
movie:1146:12,movie,1146,12,agent,2,train,0
movie:1146:13,movie,1146,13,user,3,train,0
movie:1146:14,movie,1146,14,agent,3,train,0
movie:1147:1,movie,1147,1,user,3,train,1
movie:1147:2,movie,1147,2,agent,3,train,0
movie:1147:3,movie,1147,3,user,2,train,0
movie:1147:4,movie,1147,4,agent,2,train,0
movie:1147:5,movie,1147,5,user,2,train,0
movie:1147:6,movie,1147,6,agent,2,train,0
movie:1147:7,movie,1147,7,user,3,train,0
movie:1147:8,movie,1147,8,agent,3,train,1
movie:1148:1,movie,1148,1,user,3,train,1
movie:1148:2,movie,1148,2,agent,1,train,0
movie:1148:3,movie,1148,3,user,2,train,1
movie:1148:4,movie,1148,4,agent,2,train,1
movie:1149:1,movie,1149,1,user,1,train,0
movie:1149:2,movie,1149,2,agent,2,train,1
movie:1149:3,movie,1149,3,user,0,train,1
movie:1149:4,movie,1149,4,agent,2,train,0
movie:1149:5,movie,1149,5,user,2,train,0
movie:1149:6,movie,1149,6,agent,2,train,0
movie:1149:7,movie,1149,7,user,3,train,0
movie:1149:8,movie,1149,8,agent,3,train,1
movie:1150:1,movie,1150,1,user,1,test,0
movie:1150:2,movie,1150,2,agent,2,test,0
movie:1150:3,movie,1150,3,user,0,test,0
movie:1150:4,movie,1150,4,agent,2,test,0
movie:1150:5,movie,1150,5,user,2,test,0
movie:1150:6,movie,1150,6,agent,2,test,0
movie:1150:7,movie,1150,7,user,3,test,0
movie:1150:8,movie,1150,8,agent,3,test,1
movie:1151:1,movie,1151,1,user,1,train,0
movie:1151:2,movie,1151,2,agent,2,train,0
movie:1151:3,movie,1151,3,user,3,train,0
movie:1151:4,movie,1151,4,agent,3,train,1
movie:1151:5,movie,1151,5,user,3,train,1
movie:1151:6,movie,1151,6,agent,2,train,0
movie:1151:7,movie,1151,7,user,2,train,0
movie:1151:8,movie,1151,8,agent,2,train,1
movie:1152:1,movie,1152,1,user,3,test,0
movie:1152:2,movie,1152,2,agent,3,test,0
movie:1152:3,movie,1152,3,user,3,test,0
movie:1152:4,movie,1152,4,agent,1,test,0
movie:1152:5,movie,1152,5,user,0,test,0
movie:1152:6,movie,1152,6,agent,2,test,1
movie:1152:7,movie,1152,7,user,2,test,1
movie:1152:8,movie,1152,8,agent,0,test,1
movie:1152:9,movie,1152,9,user,0,test,1
movie:1152:10,movie,1152,10,agent,2,test,0
movie:1153:1,movie,1153,1,user,1,train,0
movie:1153:2,movie,1153,2,agent,2,train,1
movie:1153:3,movie,1153,3,user,0,train,1
movie:1153:4,movie,1153,4,agent,2,train,0
movie:1153:5,movie,1153,5,user,2,train,0
movie:1153:6,movie,1153,6,agent,1,train,0
movie:1153:7,movie,1153,7,user,0,train,1
movie:1153:8,movie,1153,8,agent,3,train,0
movie:1153:9,movie,1153,9,user,0,train,0
movie:1153:10,movie,1153,10,agent,2,train,0
movie:1153:11,movie,1153,11,user,2,train,0
movie:1153:12,movie,1153,12,agent,2,train,0
movie:1153:13,movie,1153,13,user,3,train,1
movie:1153:14,movie,1153,14,agent,3,train,1
movie:1154:1,movie,1154,1,user,1,train,0
movie:1154:2,movie,1154,2,agent,2,train,0
movie:1154:3,movie,1154,3,user,2,train,0
movie:1154:4,movie,1154,4,agent,2,train,0
movie:1155:1,movie,1155,1,user,3,train,0
movie:1155:2,movie,1155,2,agent,2,train,0
movie:1155:3,movie,1155,3,user,3,train,1
movie:1155:4,movie,1155,4,agent,3,train,1
movie:1156:1,movie,1156,1,user,1,train,0
movie:1156:2,movie,1156,2,agent,3,train,0
movie:1156:3,movie,1156,3,user,3,train,1
movie:1156:4,movie,1156,4,agent,2,train,1
movie:1156:5,movie,1156,5,user,2,train,0
movie:1156:6,movie,1156,6,agent,2,train,0
movie:1156:7,movie,1156,7,user,3,train,0
movie:1156:8,movie,1156,8,agent,3,train,0
movie:1157:1,movie,1157,1,user,3,test,1
movie:1157:2,movie,1157,2,agent,2,test,0
movie:1157:3,movie,1157,3,user,3,test,1
movie:1157:4,movie,1157,4,agent,3,test,0
movie:1158:1,movie,1158,1,user,1,train,0
movie:1158:2,movie,1158,2,agent,2,train,1
movie:1158:3,movie,1158,3,user,2,train,0
movie:1158:4,movie,1158,4,agent,2,train,0
movie:1159:1,movie,1159,1,user,3,train,1
movie:1159:2,movie,1159,2,agent,0,train,0
movie:1159:3,movie,1159,3,user,0,train,0
movie:1159:4,movie,1159,4,agent,2,train,0
movie:1159:5,movie,1159,5,user,0,train,1
movie:1159:6,movie,1159,6,agent,2,train,0
movie:1159:7,movie,1159,7,user,3,train,1
movie:1159:8,movie,1159,8,agent,3,train,0
movie:1160:1,movie,1160,1,user,2,train,0
movie:1160:2,movie,1160,2,agent,2,train,1
movie:1160:3,movie,1160,3,user,2,train,1
movie:1160:4,movie,1160,4,agent,2,train,0
movie:1160:5,movie,1160,5,user,3,train,0
movie:1160:6,movie,1160,6,agent,3,train,1
movie:1161:1,movie,1161,1,user,3,train,1
movie:1161:2,movie,1161,2,agent,3,train,1
movie:1161:3,movie,1161,3,user,3,train,0
movie:1161:4,movie,1161,4,agent,0,train,0
movie:1161:5,movie,1161,5,user,0,train,0
movie:1161:6,movie,1161,6,agent,0,train,0
movie:1161:7,movie,1161,7,user,0,train,0
movie:1161:8,movie,1161,8,agent,1,train,0
movie:1162:1,movie,1162,1,user,1,test,0
movie:1162:2,movie,1162,2,agent,0,test,1
movie:1162:3,movie,1162,3,user,0,test,0
movie:1162:4,movie,1162,4,agent,1,test,0
movie:1162:5,movie,1162,5,user,0,test,1
movie:1162:6,movie,1162,6,agent,2,test,0
movie:1162:7,movie,1162,7,user,0,test,1
movie:1162:8,movie,1162,8,agent,2,test,0
movie:1162:9,movie,1162,9,user,3,test,1
movie:1162:10,movie,1162,10,agent,3,test,0
movie:1163:1,movie,1163,1,user,3,train,1
movie:1163:2,movie,1163,2,agent,3,train,1
movie:1163:3,movie,1163,3,user,3,train,0
movie:1163:4,movie,1163,4,agent,1,train,0
movie:1163:5,movie,1163,5,user,0,train,0
movie:1163:6,movie,1163,6,agent,2,train,0
movie:1163:7,movie,1163,7,user,3,train,1
movie:1163:8,movie,1163,8,agent,2,train,0
movie:1164:1,movie,1164,1,user,3,train,0
movie:1164:2,movie,1164,2,agent,2,train,1
movie:1164:3,movie,1164,3,user,3,train,1
movie:1164:4,movie,1164,4,agent,3,train,1
movie:1165:1,movie,1165,1,user,3,test,1
movie:1165:2,movie,1165,2,agent,3,test,1
movie:1165:3,movie,1165,3,user,3,test,0
movie:1165:4,movie,1165,4,agent,1,test,0
movie:1165:5,movie,1165,5,user,0,test,1
movie:1165:6,movie,1165,6,agent,2,test,0
movie:1165:7,movie,1165,7,user,3,test,1
movie:1165:8,movie,1165,8,agent,2,test,0
movie:1166:1,movie,1166,1,user,1,train,0
movie:1166:2,movie,1166,2,agent,2,train,1
movie:1166:3,movie,1166,3,user,2,train,0
movie:1166:4,movie,1166,4,agent,2,train,1
movie:1167:1,movie,1167,1,user,1,train,0
movie:1167:2,movie,1167,2,agent,1,train,0
movie:1167:3,movie,1167,3,user,0,train,1
movie:1167:4,movie,1167,4,agent,1,train,0
movie:1167:5,movie,1167,5,user,0,train,0
movie:1167:6,movie,1167,6,agent,3,train,1
movie:1167:7,movie,1167,7,user,0,train,0
movie:1167:8,movie,1167,8,agent,2,train,1
movie:1167:9,movie,1167,9,user,2,train,0
movie:1167:10,movie,1167,10,agent,2,train,0
movie:1168:1,movie,1168,1,user,2,test,0
movie:1168:2,movie,1168,2,agent,0,test,0
movie:1168:3,movie,1168,3,user,0,test,0
movie:1168:4,movie,1168,4,agent,1,test,1
movie:1168:5,movie,1168,5,user,0,test,0
movie:1168:6,movie,1168,6,agent,2,test,0
movie:1168:7,movie,1168,7,user,2,test,0
movie:1168:8,movie,1168,8,agent,2,test,1
movie:1168:9,movie,1168,9,user,3,test,1
movie:1168:10,movie,1168,10,agent,3,test,1
movie:1169:1,movie,1169,1,user,1,validation,0
movie:1169:2,movie,1169,2,agent,3,validation,0
movie:1169:3,movie,1169,3,user,1,validation,0
movie:1169:4,movie,1169,4,agent,3,validation,1
movie:1169:5,movie,1169,5,user,2,validation,0
movie:1169:6,movie,1169,6,agent,2,validation,0
movie:1169:7,movie,1169,7,user,3,validation,1
movie:1169:8,movie,1169,8,agent,3,validation,0
movie:1170:1,movie,1170,1,user,3,test,1
movie:1170:2,movie,1170,2,agent,2,test,1
movie:1170:3,movie,1170,3,user,3,test,1
movie:1170:4,movie,1170,4,agent,3,test,1
movie:1171:1,movie,1171,1,user,1,test,0
movie:1171:2,movie,1171,2,agent,2,test,1
movie:1171:3,movie,1171,3,user,3,test,0
movie:1171:4,movie,1171,4,agent,2,test,0
movie:1171:5,movie,1171,5,user,2,test,1
movie:1171:6,movie,1171,6,agent,2,test,0
movie:1172:1,movie,1172,1,user,2,train,0
movie:1172:2,movie,1172,2,agent,2,train,0
movie:1172:3,movie,1172,3,user,0,train,1
movie:1172:4,movie,1172,4,agent,2,train,1
movie:1173:1,movie,1173,1,user,3,train,1
movie:1173:2,movie,1173,2,agent,2,train,1
movie:1173:3,movie,1173,3,user,3,train,0
movie:1173:4,movie,1173,4,agent,3,train,1
movie:1174:1,movie,1174,1,user,3,train,1
movie:1174:2,movie,1174,2,agent,2,train,0
movie:1174:3,movie,1174,3,user,3,train,0
movie:1174:4,movie,1174,4,agent,2,train,0
movie:1174:5,movie,1174,5,user,3,train,0
movie:1174:6,movie,1174,6,agent,3,train,1
movie:1175:1,movie,1175,1,user,3,train,0
movie:1175:2,movie,1175,2,agent,1,train,0
movie:1175:3,movie,1175,3,user,2,train,0
movie:1175:4,movie,1175,4,agent,3,train,0
movie:1175:5,movie,1175,5,user,2,train,0
movie:1175:6,movie,1175,6,agent,2,train,1
movie:1175:7,movie,1175,7,user,3,train,1
movie:1175:8,movie,1175,8,agent,2,train,0
movie:1175:9,movie,1175,9,user,0,train,1
movie:1175:10,movie,1175,10,agent,2,train,0
movie:1176:1,movie,1176,1,user,3,train,1
movie:1176:2,movie,1176,2,agent,3,train,1
movie:1176:3,movie,1176,3,user,3,train,1
movie:1176:4,movie,1176,4,agent,1,train,1
movie:1176:5,movie,1176,5,user,0,train,0
movie:1176:6,movie,1176,6,agent,2,train,0
movie:1176:7,movie,1176,7,user,3,train,1
movie:1176:8,movie,1176,8,agent,2,train,0
movie:1176:9,movie,1176,9,user,2,train,0
movie:1176:10,movie,1176,10,agent,2,train,0
movie:1177:1,movie,1177,1,user,3,train,1
movie:1177:2,movie,1177,2,agent,3,train,0
movie:1177:3,movie,1177,3,user,3,train,0
movie:1177:4,movie,1177,4,agent,2,train,0
movie:1177:5,movie,1177,5,user,3,train,1
movie:1177:6,movie,1177,6,agent,1,train,1
movie:1177:7,movie,1177,7,user,2,train,0
movie:1177:8,movie,1177,8,agent,2,train,0
movie:1177:9,movie,1177,9,user,0,train,0
movie:1177:10,movie,1177,10,agent,2,train,0
movie:1177:11,movie,1177,11,user,2,train,1
movie:1177:12,movie,1177,12,agent,2,train,1
movie:1178:1,movie,1178,1,user,3,test,0
movie:1178:2,movie,1178,2,agent,2,test,0
movie:1178:3,movie,1178,3,user,3,test,1
movie:1178:4,movie,1178,4,agent,1,test,0
movie:1178:5,movie,1178,5,user,2,test,0
movie:1178:6,movie,1178,6,agent,2,test,0
movie:1178:7,movie,1178,7,user,2,test,0
movie:1178:8,movie,1178,8,agent,2,test,0
movie:1178:9,movie,1178,9,user,3,test,1
movie:1178:10,movie,1178,10,agent,3,test,1
movie:1179:1,movie,1179,1,user,3,train,0
movie:1179:2,movie,1179,2,agent,2,train,0
movie:1179:3,movie,1179,3,user,3,train,1
movie:1179:4,movie,1179,4,agent,3,train,0
movie:1180:1,movie,1180,1,user,1,test,1
movie:1180:2,movie,1180,2,agent,0,test,0
movie:1180:3,movie,1180,3,user,0,test,1
movie:1180:4,movie,1180,4,agent,2,test,0
movie:1180:5,movie,1180,5,user,2,test,1
movie:1180:6,movie,1180,6,agent,2,test,0
movie:1180:7,movie,1180,7,user,3,test,1
movie:1180:8,movie,1180,8,agent,3,test,0
movie:1181:1,movie,1181,1,user,2,test,1
movie:1181:2,movie,1181,2,agent,2,test,0
movie:1181:3,movie,1181,3,user,3,test,1
movie:1181:4,movie,1181,4,agent,2,test,0
movie:1182:1,movie,1182,1,user,3,train,1
movie:1182:2,movie,1182,2,agent,2,train,1
movie:1182:3,movie,1182,3,user,3,train,0
movie:1182:4,movie,1182,4,agent,3,train,0
movie:1183:1,movie,1183,1,user,3,test,0
movie:1183:2,movie,1183,2,agent,1,test,0
movie:1183:3,movie,1183,3,user,2,test,1
movie:1183:4,movie,1183,4,agent,2,test,0
movie:1184:1,movie,1184,1,user,1,train,0
movie:1184:2,movie,1184,2,agent,2,train,0
movie:1184:3,movie,1184,3,user,0,train,0
movie:1184:4,movie,1184,4,agent,2,train,1
movie:1184:5,movie,1184,5,user,2,train,1
movie:1184:6,movie,1184,6,agent,2,train,1
movie:1185:1,movie,1185,1,user,1,train,1
movie:1185:2,movie,1185,2,agent,3,train,0
movie:1185:3,movie,1185,3,user,1,train,1
movie:1185:4,movie,1185,4,agent,2,train,0
movie:1186:1,movie,1186,1,user,1,train,0
movie:1186:2,movie,1186,2,agent,2,train,0
movie:1186:3,movie,1186,3,user,1,train,0
movie:1186:4,movie,1186,4,agent,1,train,1
movie:1186:5,movie,1186,5,user,2,train,0
movie:1186:6,movie,1186,6,agent,2,train,1
movie:1186:7,movie,1186,7,user,2,train,1
movie:1186:8,movie,1186,8,agent,3,train,0
movie:1186:9,movie,1186,9,user,2,train,1
movie:1186:10,movie,1186,10,agent,2,train,0
movie:1186:11,movie,1186,11,user,3,train,1
movie:1186:12,movie,1186,12,agent,2,train,0
movie:1186:13,movie,1186,13,user,3,train,0
movie:1186:14,movie,1186,14,agent,3,train,1
movie:1187:1,movie,1187,1,user,3,train,1
movie:1187:2,movie,1187,2,agent,0,train,1
movie:1187:3,movie,1187,3,user,0,train,0
movie:1187:4,movie,1187,4,agent,2,train,0
movie:1188:1,movie,1188,1,user,3,train,1
movie:1188:2,movie,1188,2,agent,1,train,0
movie:1188:3,movie,1188,3,user,0,train,0
movie:1188:4,movie,1188,4,agent,2,train,0
movie:1188:5,movie,1188,5,user,2,train,0
movie:1188:6,movie,1188,6,agent,2,train,0
movie:1188:7,movie,1188,7,user,3,train,0
movie:1188:8,movie,1188,8,agent,3,train,0
movie:1189:1,movie,1189,1,user,3,train,0
movie:1189:2,movie,1189,2,agent,3,train,1
movie:1189:3,movie,1189,3,user,3,train,1
movie:1189:4,movie,1189,4,agent,3,train,1
movie:1189:5,movie,1189,5,user,2,train,0
movie:1189:6,movie,1189,6,agent,2,train,1
movie:1189:7,movie,1189,7,user,2,train,0
movie:1189:8,movie,1189,8,agent,2,train,0
movie:1190:1,movie,1190,1,user,1,test,1
movie:1190:2,movie,1190,2,agent,2,test,0
movie:1190:3,movie,1190,3,user,0,test,0
movie:1190:4,movie,1190,4,agent,2,test,0
movie:1190:5,movie,1190,5,user,3,test,0
movie:1190:6,movie,1190,6,agent,2,test,0
movie:1190:7,movie,1190,7,user,3,test,0
movie:1190:8,movie,1190,8,agent,2,test,0
movie:1191:1,movie,1191,1,user,1,train,0
movie:1191:2,movie,1191,2,agent,2,train,0
movie:1191:3,movie,1191,3,user,2,train,1
movie:1191:4,movie,1191,4,agent,2,train,1
movie:1191:5,movie,1191,5,user,2,train,0
movie:1191:6,movie,1191,6,agent,2,train,1
movie:1191:7,movie,1191,7,user,2,train,1
movie:1191:8,movie,1191,8,agent,2,train,1
movie:1192:1,movie,1192,1,user,3,train,0
movie:1192:2,movie,1192,2,agent,3,train,0
movie:1192:3,movie,1192,3,user,3,train,0
movie:1192:4,movie,1192,4,agent,1,train,0
movie:1192:5,movie,1192,5,user,0,train,0
movie:1192:6,movie,1192,6,agent,2,train,0
movie:1192:7,movie,1192,7,user,2,train,0
movie:1192:8,movie,1192,8,agent,2,train,0
movie:1193:1,movie,1193,1,user,3,train,1
movie:1193:2,movie,1193,2,agent,2,train,0
movie:1193:3,movie,1193,3,user,3,train,1
movie:1193:4,movie,1193,4,agent,3,train,1
movie:1194:1,movie,1194,1,user,1,train,1
movie:1194:2,movie,1194,2,agent,0,train,0
movie:1194:3,movie,1194,3,user,0,train,1
movie:1194:4,movie,1194,4,agent,2,train,1
movie:1194:5,movie,1194,5,user,0,train,1
movie:1194:6,movie,1194,6,agent,2,train,0
movie:1194:7,movie,1194,7,user,3,train,1
movie:1194:8,movie,1194,8,agent,3,train,0
movie:1195:1,movie,1195,1,user,2,validation,0
movie:1195:2,movie,1195,2,agent,2,validation,0
movie:1195:3,movie,1195,3,user,2,validation,0
movie:1195:4,movie,1195,4,agent,2,validation,1
movie:1196:1,movie,1196,1,user,0,train,0
movie:1196:2,movie,1196,2,agent,2,train,0
movie:1196:3,movie,1196,3,user,2,train,0
movie:1196:4,movie,1196,4,agent,2,train,1
movie:1196:5,movie,1196,5,user,1,train,1
movie:1196:6,movie,1196,6,agent,2,train,0
movie:1196:7,movie,1196,7,user,3,train,1
movie:1196:8,movie,1196,8,agent,1,train,0
movie:1196:9,movie,1196,9,user,0,train,0
movie:1196:10,movie,1196,10,agent,2,train,1
movie:1197:1,movie,1197,1,user,2,train,1
movie:1197:2,movie,1197,2,agent,2,train,1
movie:1197:3,movie,1197,3,user,2,train,0
movie:1197:4,movie,1197,4,agent,2,train,1
movie:1198:1,movie,1198,1,user,3,train,1
movie:1198:2,movie,1198,2,agent,2,train,0
movie:1198:3,movie,1198,3,user,3,train,1
movie:1198:4,movie,1198,4,agent,3,train,1
movie:1198:5,movie,1198,5,user,2,train,0
movie:1198:6,movie,1198,6,agent,2,train,0
movie:1198:7,movie,1198,7,user,2,train,0
movie:1198:8,movie,1198,8,agent,2,train,0
movie:1198:9,movie,1198,9,user,3,train,1
movie:1198:10,movie,1198,10,agent,3,train,0
movie:1199:1,movie,1199,1,user,3,train,1
movie:1199:2,movie,1199,2,agent,3,train,1
movie:1199:3,movie,1199,3,user,2,train,0
movie:1199:4,movie,1199,4,agent,2,train,0
movie:1199:5,movie,1199,5,user,0,train,0
movie:1199:6,movie,1199,6,agent,2,train,0
movie:1199:7,movie,1199,7,user,2,train,0
movie:1199:8,movie,1199,8,agent,2,train,0
movie:1199:9,movie,1199,9,user,3,train,1
movie:1199:10,movie,1199,10,agent,2,train,1
movie:1199:11,movie,1199,11,user,2,train,0
movie:1199:12,movie,1199,12,agent,2,train,1
movie:1199:13,movie,1199,13,user,2,train,0
movie:1199:14,movie,1199,14,agent,2,train,1
movie:1200:1,movie,1200,1,user,3,train,0
movie:1200:2,movie,1200,2,agent,1,train,0
movie:1200:3,movie,1200,3,user,2,train,0
movie:1200:4,movie,1200,4,agent,2,train,0
movie:1201:1,movie,1201,1,user,3,validation,0
movie:1201:2,movie,1201,2,agent,2,validation,0
movie:1201:3,movie,1201,3,user,3,validation,1
movie:1201:4,movie,1201,4,agent,3,validation,0
movie:1202:1,movie,1202,1,user,2,test,1
movie:1202:2,movie,1202,2,agent,2,test,0
movie:1202:3,movie,1202,3,user,3,test,0
movie:1202:4,movie,1202,4,agent,2,test,0
movie:1202:5,movie,1202,5,user,3,test,1
movie:1202:6,movie,1202,6,agent,3,test,1
movie:1203:1,movie,1203,1,user,2,train,0
movie:1203:2,movie,1203,2,agent,2,train,1
movie:1203:3,movie,1203,3,user,2,train,0
movie:1203:4,movie,1203,4,agent,2,train,0
movie:1203:5,movie,1203,5,user,3,train,0
movie:1203:6,movie,1203,6,agent,3,train,0
movie:1204:1,movie,1204,1,user,1,train,0
movie:1204:2,movie,1204,2,agent,0,train,0
movie:1204:3,movie,1204,3,user,0,train,1
movie:1204:4,movie,1204,4,agent,2,train,0
movie:1204:5,movie,1204,5,user,2,train,0
movie:1204:6,movie,1204,6,agent,2,train,1
movie:1204:7,movie,1204,7,user,3,train,1
movie:1204:8,movie,1204,8,agent,3,train,0
movie:1205:1,movie,1205,1,user,1,train,0
movie:1205:2,movie,1205,2,agent,2,train,0
movie:1205:3,movie,1205,3,user,2,train,0
movie:1205:4,movie,1205,4,agent,0,train,0
movie:1205:5,movie,1205,5,user,0,train,0
movie:1205:6,movie,1205,6,agent,2,train,0
movie:1206:1,movie,1206,1,user,3,train,0
movie:1206:2,movie,1206,2,agent,2,train,0
movie:1206:3,movie,1206,3,user,2,train,1
movie:1206:4,movie,1206,4,agent,2,train,0
movie:1207:1,movie,1207,1,user,1,validation,0
movie:1207:2,movie,1207,2,agent,2,validation,0
movie:1207:3,movie,1207,3,user,2,validation,0
movie:1207:4,movie,1207,4,agent,2,validation,1
movie:1208:1,movie,1208,1,user,2,validation,0
movie:1208:2,movie,1208,2,agent,0,validation,0
movie:1208:3,movie,1208,3,user,0,validation,0
movie:1208:4,movie,1208,4,agent,2,validation,0
movie:1208:5,movie,1208,5,user,2,validation,0
movie:1208:6,movie,1208,6,agent,2,validation,1
movie:1208:7,movie,1208,7,user,3,validation,1
movie:1208:8,movie,1208,8,agent,3,validation,1
movie:1209:1,movie,1209,1,user,3,test,0
movie:1209:2,movie,1209,2,agent,3,test,1
movie:1209:3,movie,1209,3,user,3,test,0
movie:1209:4,movie,1209,4,agent,1,test,0
movie:1209:5,movie,1209,5,user,3,test,1
movie:1209:6,movie,1209,6,agent,2,test,0
movie:1209:7,movie,1209,7,user,3,test,1
movie:1209:8,movie,1209,8,agent,2,test,1
movie:1210:1,movie,1210,1,user,3,validation,1
movie:1210:2,movie,1210,2,agent,2,validation,0
movie:1210:3,movie,1210,3,user,2,validation,1
movie:1210:4,movie,1210,4,agent,1,validation,1
movie:1210:5,movie,1210,5,user,2,validation,0
movie:1210:6,movie,1210,6,agent,2,validation,0
movie:1211:1,movie,1211,1,user,1,train,0
movie:1211:2,movie,1211,2,agent,2,train,0
movie:1211:3,movie,1211,3,user,2,train,1
movie:1211:4,movie,1211,4,agent,2,train,0
movie:1212:1,movie,1212,1,user,2,test,1
movie:1212:2,movie,1212,2,agent,2,test,0
movie:1212:3,movie,1212,3,user,0,test,0
movie:1212:4,movie,1212,4,agent,2,test,0
movie:1212:5,movie,1212,5,user,2,test,0
movie:1212:6,movie,1212,6,agent,2,test,1
movie:1213:1,movie,1213,1,user,3,validation,0
movie:1213:2,movie,1213,2,agent,2,validation,0
movie:1213:3,movie,1213,3,user,3,validation,1
movie:1213:4,movie,1213,4,agent,2,validation,1
movie:1213:5,movie,1213,5,user,3,validation,1
movie:1213:6,movie,1213,6,agent,3,validation,1
movie:1214:1,movie,1214,1,user,3,train,1
movie:1214:2,movie,1214,2,agent,0,train,1
movie:1214:3,movie,1214,3,user,2,train,0
movie:1214:4,movie,1214,4,agent,2,train,1
movie:1214:5,movie,1214,5,user,0,train,1
movie:1214:6,movie,1214,6,agent,1,train,0
movie:1214:7,movie,1214,7,user,2,train,0
movie:1214:8,movie,1214,8,agent,3,train,1
movie:1214:9,movie,1214,9,user,2,train,1
movie:1214:10,movie,1214,10,agent,2,train,0
movie:1214:11,movie,1214,11,user,2,train,0
movie:1214:12,movie,1214,12,agent,1,train,0
movie:1214:13,movie,1214,13,user,0,train,1
movie:1214:14,movie,1214,14,agent,2,train,1
movie:1214:15,movie,1214,15,user,0,train,0
movie:1214:16,movie,1214,16,agent,2,train,0
movie:1214:17,movie,1214,17,user,2,train,0
movie:1214:18,movie,1214,18,agent,2,train,0
movie:1214:19,movie,1214,19,user,3,train,0
movie:1214:20,movie,1214,20,agent,3,train,1
movie:1215:1,movie,1215,1,user,3,train,1
movie:1215:2,movie,1215,2,agent,2,train,0
movie:1215:3,movie,1215,3,user,3,train,0
movie:1215:4,movie,1215,4,agent,3,train,0
movie:1216:1,movie,1216,1,user,3,train,0
movie:1216:2,movie,1216,2,agent,2,train,1
movie:1216:3,movie,1216,3,user,2,train,0
movie:1216:4,movie,1216,4,agent,2,train,0
movie:1217:1,movie,1217,1,user,1,validation,0
movie:1217:2,movie,1217,2,agent,2,validation,0
movie:1217:3,movie,1217,3,user,2,validation,0
movie:1217:4,movie,1217,4,agent,2,validation,0
movie:1218:1,movie,1218,1,user,1,train,1
movie:1218:2,movie,1218,2,agent,3,train,1
movie:1218:3,movie,1218,3,user,0,train,0
movie:1218:4,movie,1218,4,agent,1,train,0
movie:1218:5,movie,1218,5,user,0,train,0
movie:1218:6,movie,1218,6,agent,1,train,0
movie:1218:7,movie,1218,7,user,0,train,0
movie:1218:8,movie,1218,8,agent,2,train,0
movie:1218:9,movie,1218,9,user,0,train,1
movie:1218:10,movie,1218,10,agent,2,train,0
movie:1218:11,movie,1218,11,user,2,train,0
movie:1218:12,movie,1218,12,agent,2,train,0
movie:1219:1,movie,1219,1,user,0,train,0
movie:1219:2,movie,1219,2,agent,1,train,1
movie:1219:3,movie,1219,3,user,0,train,0
movie:1219:4,movie,1219,4,agent,2,train,1
movie:1219:5,movie,1219,5,user,2,train,0
movie:1219:6,movie,1219,6,agent,2,train,0
movie:1220:1,movie,1220,1,user,2,train,0
movie:1220:2,movie,1220,2,agent,2,train,0
movie:1220:3,movie,1220,3,user,2,train,0
movie:1220:4,movie,1220,4,agent,2,train,0
movie:1220:5,movie,1220,5,user,3,train,0
movie:1220:6,movie,1220,6,agent,3,train,0
movie:1221:1,movie,1221,1,user,1,train,0
movie:1221:2,movie,1221,2,agent,3,train,1
movie:1221:3,movie,1221,3,user,0,train,0
movie:1221:4,movie,1221,4,agent,1,train,0
movie:1221:5,movie,1221,5,user,0,train,0
movie:1221:6,movie,1221,6,agent,1,train,0
movie:1221:7,movie,1221,7,user,2,train,0
movie:1221:8,movie,1221,8,agent,2,train,0
movie:1221:9,movie,1221,9,user,2,train,0
movie:1221:10,movie,1221,10,agent,2,train,0
movie:1221:11,movie,1221,11,user,3,train,0
movie:1221:12,movie,1221,12,agent,3,train,0
movie:1222:1,movie,1222,1,user,1,train,0
movie:1222:2,movie,1222,2,agent,1,train,0
movie:1222:3,movie,1222,3,user,0,train,0
movie:1222:4,movie,1222,4,agent,1,train,1
movie:1222:5,movie,1222,5,user,3,train,1
movie:1222:6,movie,1222,6,agent,2,train,0
movie:1222:7,movie,1222,7,user,0,train,0
movie:1222:8,movie,1222,8,agent,2,train,0
movie:1223:1,movie,1223,1,user,2,train,0
movie:1223:2,movie,1223,2,agent,2,train,0
movie:1223:3,movie,1223,3,user,0,train,0
movie:1223:4,movie,1223,4,agent,2,train,1
movie:1224:1,movie,1224,1,user,1,train,1
movie:1224:2,movie,1224,2,agent,0,train,0
movie:1224:3,movie,1224,3,user,0,train,0
movie:1224:4,movie,1224,4,agent,1,train,0
movie:1224:5,movie,1224,5,user,0,train,0
movie:1224:6,movie,1224,6,agent,2,train,1
movie:1224:7,movie,1224,7,user,0,train,0
movie:1224:8,movie,1224,8,agent,2,train,0
movie:1224:9,movie,1224,9,user,0,train,0
movie:1224:10,movie,1224,10,agent,2,train,0
movie:1224:11,movie,1224,11,user,3,train,1
movie:1224:12,movie,1224,12,agent,3,train,1
movie:1225:1,movie,1225,1,user,1,train,0
movie:1225:2,movie,1225,2,agent,2,train,0
movie:1225:3,movie,1225,3,user,0,train,0
movie:1225:4,movie,1225,4,agent,2,train,1
movie:1226:1,movie,1226,1,user,1,train,0
movie:1226:2,movie,1226,2,agent,2,train,0
movie:1226:3,movie,1226,3,user,3,train,1
movie:1226:4,movie,1226,4,agent,1,train,0
movie:1226:5,movie,1226,5,user,2,train,1
movie:1226:6,movie,1226,6,agent,2,train,0
movie:1226:7,movie,1226,7,user,0,train,1
movie:1226:8,movie,1226,8,agent,2,train,0
movie:1226:9,movie,1226,9,user,2,train,1
movie:1226:10,movie,1226,10,agent,2,train,1
movie:1226:11,movie,1226,11,user,3,train,0
movie:1226:12,movie,1226,12,agent,1,train,0
movie:1226:13,movie,1226,13,user,0,train,0
movie:1226:14,movie,1226,14,agent,2,train,1
movie:1226:15,movie,1226,15,user,3,train,0
movie:1226:16,movie,1226,16,agent,2,train,0
movie:1227:1,movie,1227,1,user,3,validation,1
movie:1227:2,movie,1227,2,agent,2,validation,0
movie:1227:3,movie,1227,3,user,3,validation,0
movie:1227:4,movie,1227,4,agent,3,validation,0
movie:1227:5,movie,1227,5,user,2,validation,0
movie:1227:6,movie,1227,6,agent,2,validation,0
movie:1228:1,movie,1228,1,user,3,train,0
movie:1228:2,movie,1228,2,agent,3,train,0
movie:1228:3,movie,1228,3,user,0,train,0
movie:1228:4,movie,1228,4,agent,2,train,0
movie:1228:5,movie,1228,5,user,0,train,0
movie:1228:6,movie,1228,6,agent,2,train,0
movie:1228:7,movie,1228,7,user,3,train,1
movie:1228:8,movie,1228,8,agent,2,train,0
movie:1228:9,movie,1228,9,user,3,train,1
movie:1228:10,movie,1228,10,agent,3,train,1
movie:1229:1,movie,1229,1,user,3,train,1
movie:1229:2,movie,1229,2,agent,1,train,1
movie:1229:3,movie,1229,3,user,2,train,1
movie:1229:4,movie,1229,4,agent,2,train,0
movie:1229:5,movie,1229,5,user,3,train,1
movie:1229:6,movie,1229,6,agent,3,train,1
movie:1230:1,movie,1230,1,user,2,train,1
movie:1230:2,movie,1230,2,agent,2,train,0
movie:1230:3,movie,1230,3,user,0,train,0
movie:1230:4,movie,1230,4,agent,3,train,0
movie:1230:5,movie,1230,5,user,0,train,1
movie:1230:6,movie,1230,6,agent,2,train,0
movie:1230:7,movie,1230,7,user,0,train,0
movie:1230:8,movie,1230,8,agent,2,train,1
movie:1230:9,movie,1230,9,user,2,train,1
movie:1230:10,movie,1230,10,agent,2,train,0
movie:1230:11,movie,1230,11,user,3,train,1
movie:1230:12,movie,1230,12,agent,3,train,1
movie:1231:1,movie,1231,1,user,3,test,1
movie:1231:2,movie,1231,2,agent,2,test,0
movie:1231:3,movie,1231,3,user,3,test,0
movie:1231:4,movie,1231,4,agent,2,test,0
movie:1231:5,movie,1231,5,user,3,test,1
movie:1231:6,movie,1231,6,agent,3,test,1
movie:1232:1,movie,1232,1,user,1,train,0
movie:1232:2,movie,1232,2,agent,2,train,1
movie:1232:3,movie,1232,3,user,0,train,1
movie:1232:4,movie,1232,4,agent,2,train,0
movie:1232:5,movie,1232,5,user,0,train,1
movie:1232:6,movie,1232,6,agent,2,train,0
movie:1232:7,movie,1232,7,user,3,train,1
movie:1232:8,movie,1232,8,agent,3,train,0
movie:1233:1,movie,1233,1,user,3,train,0
movie:1233:2,movie,1233,2,agent,3,train,1
movie:1233:3,movie,1233,3,user,3,train,0
movie:1233:4,movie,1233,4,agent,2,train,0
movie:1233:5,movie,1233,5,user,0,train,0
movie:1233:6,movie,1233,6,agent,1,train,1
movie:1233:7,movie,1233,7,user,0,train,0
movie:1233:8,movie,1233,8,agent,1,train,0
movie:1233:9,movie,1233,9,user,0,train,0
movie:1233:10,movie,1233,10,agent,3,train,0
movie:1233:11,movie,1233,11,user,0,train,0
movie:1233:12,movie,1233,12,agent,2,train,1
movie:1233:13,movie,1233,13,user,2,train,0
movie:1233:14,movie,1233,14,agent,2,train,1
movie:1234:1,movie,1234,1,user,3,test,0
movie:1234:2,movie,1234,2,agent,3,test,0
movie:1234:3,movie,1234,3,user,3,test,1
movie:1234:4,movie,1234,4,agent,1,test,0
movie:1234:5,movie,1234,5,user,3,test,1
movie:1234:6,movie,1234,6,agent,2,test,0
movie:1234:7,movie,1234,7,user,2,test,0
movie:1234:8,movie,1234,8,agent,2,test,0
movie:1235:1,movie,1235,1,user,3,train,0
movie:1235:2,movie,1235,2,agent,0,train,0
movie:1235:3,movie,1235,3,user,1,train,0
movie:1235:4,movie,1235,4,agent,0,train,1
movie:1235:5,movie,1235,5,user,2,train,0
movie:1235:6,movie,1235,6,agent,2,train,1
movie:1235:7,movie,1235,7,user,2,train,0
movie:1235:8,movie,1235,8,agent,2,train,0
movie:1235:9,movie,1235,9,user,3,train,1
movie:1235:10,movie,1235,10,agent,3,train,1
movie:1236:1,movie,1236,1,user,3,train,1
movie:1236:2,movie,1236,2,agent,0,train,0
movie:1236:3,movie,1236,3,user,0,train,0
movie:1236:4,movie,1236,4,agent,2,train,1
movie:1237:1,movie,1237,1,user,0,test,1
movie:1237:2,movie,1237,2,agent,2,test,0
movie:1237:3,movie,1237,3,user,2,test,1
movie:1237:4,movie,1237,4,agent,2,test,0
movie:1238:1,movie,1238,1,user,1,train,0
movie:1238:2,movie,1238,2,agent,2,train,1
movie:1238:3,movie,1238,3,user,2,train,0
movie:1238:4,movie,1238,4,agent,3,train,1
movie:1238:5,movie,1238,5,user,3,train,0
movie:1238:6,movie,1238,6,agent,2,train,1
movie:1238:7,movie,1238,7,user,3,train,0
movie:1238:8,movie,1238,8,agent,2,train,0
movie:1239:1,movie,1239,1,user,3,train,1
movie:1239:2,movie,1239,2,agent,3,train,0
movie:1239:3,movie,1239,3,user,3,train,1
movie:1239:4,movie,1239,4,agent,2,train,1
movie:1239:5,movie,1239,5,user,0,train,1
movie:1239:6,movie,1239,6,agent,2,train,0
movie:1239:7,movie,1239,7,user,3,train,1
movie:1239:8,movie,1239,8,agent,2,train,1
movie:1239:9,movie,1239,9,user,3,train,0
movie:1239:10,movie,1239,10,agent,3,train,1
movie:1240:1,movie,1240,1,user,1,train,0
movie:1240:2,movie,1240,2,agent,2,train,0
movie:1240:3,movie,1240,3,user,2,train,0
movie:1240:4,movie,1240,4,agent,2,train,1
movie:1241:1,movie,1241,1,user,2,test,0
movie:1241:2,movie,1241,2,agent,2,test,0
movie:1241:3,movie,1241,3,user,2,test,1
movie:1241:4,movie,1241,4,agent,2,test,0
movie:1242:1,movie,1242,1,user,0,train,0
movie:1242:2,movie,1242,2,agent,2,train,0
movie:1242:3,movie,1242,3,user,2,train,0
movie:1242:4,movie,1242,4,agent,2,train,0
movie:1243:1,movie,1243,1,user,3,train,1
movie:1243:2,movie,1243,2,agent,1,train,0
movie:1243:3,movie,1243,3,user,0,train,0
movie:1243:4,movie,1243,4,agent,0,train,0
movie:1243:5,movie,1243,5,user,0,train,1
movie:1243:6,movie,1243,6,agent,1,train,0
movie:1243:7,movie,1243,7,user,2,train,0
movie:1243:8,movie,1243,8,agent,2,train,0
movie:1244:1,movie,1244,1,user,1,train,1
movie:1244:2,movie,1244,2,agent,2,train,1
movie:1244:3,movie,1244,3,user,2,train,0
movie:1244:4,movie,1244,4,agent,2,train,0
movie:1244:5,movie,1244,5,user,0,train,1
movie:1244:6,movie,1244,6,agent,2,train,0
movie:1244:7,movie,1244,7,user,0,train,1
movie:1244:8,movie,1244,8,agent,2,train,0
movie:1245:1,movie,1245,1,user,2,test,0
movie:1245:2,movie,1245,2,agent,3,test,1
movie:1245:3,movie,1245,3,user,2,test,0
movie:1245:4,movie,1245,4,agent,2,test,1
movie:1246:1,movie,1246,1,user,3,test,1
movie:1246:2,movie,1246,2,agent,1,test,0
movie:1246:3,movie,1246,3,user,2,test,0
movie:1246:4,movie,1246,4,agent,2,test,1
movie:1247:1,movie,1247,1,user,3,train,0
movie:1247:2,movie,1247,2,agent,2,train,1
movie:1247:3,movie,1247,3,user,3,train,1
movie:1247:4,movie,1247,4,agent,3,train,1
movie:1248:1,movie,1248,1,user,1,train,0
movie:1248:2,movie,1248,2,agent,2,train,0
movie:1248:3,movie,1248,3,user,2,train,0
movie:1248:4,movie,1248,4,agent,2,train,1
movie:1248:5,movie,1248,5,user,3,train,1
movie:1248:6,movie,1248,6,agent,3,train,1
movie:1249:1,movie,1249,1,user,3,train,0
movie:1249:2,movie,1249,2,agent,2,train,0
movie:1249:3,movie,1249,3,user,3,train,1
movie:1249:4,movie,1249,4,agent,3,train,0
movie:1250:1,movie,1250,1,user,0,train,0
movie:1250:2,movie,1250,2,agent,2,train,0
movie:1250:3,movie,1250,3,user,2,train,0
movie:1250:4,movie,1250,4,agent,2,train,0
movie:1251:1,movie,1251,1,user,1,train,0
movie:1251:2,movie,1251,2,agent,0,train,1
movie:1251:3,movie,1251,3,user,0,train,1
movie:1251:4,movie,1251,4,agent,2,train,0
movie:1251:5,movie,1251,5,user,3,train,1
movie:1251:6,movie,1251,6,agent,2,train,0
movie:1251:7,movie,1251,7,user,3,train,1
movie:1251:8,movie,1251,8,agent,2,train,1
movie:1251:9,movie,1251,9,user,0,train,0
movie:1251:10,movie,1251,10,agent,2,train,1
movie:1251:11,movie,1251,11,user,2,train,0
movie:1251:12,movie,1251,12,agent,2,train,1
movie:1251:13,movie,1251,13,user,3,train,0
movie:1251:14,movie,1251,14,agent,3,train,1
movie:1252:1,movie,1252,1,user,2,test,0
movie:1252:2,movie,1252,2,agent,2,test,0
movie:1252:3,movie,1252,3,user,3,test,1
movie:1252:4,movie,1252,4,agent,2,test,1
movie:1253:1,movie,1253,1,user,3,train,0
movie:1253:2,movie,1253,2,agent,1,train,0
movie:1253:3,movie,1253,3,user,0,train,1
movie:1253:4,movie,1253,4,agent,0,train,1
movie:1253:5,movie,1253,5,user,0,train,0
movie:1253:6,movie,1253,6,agent,1,train,0
movie:1253:7,movie,1253,7,user,2,train,0
movie:1253:8,movie,1253,8,agent,2,train,1
movie:1253:9,movie,1253,9,user,3,train,0
movie:1253:10,movie,1253,10,agent,3,train,0
movie:1254:1,movie,1254,1,user,3,train,0
movie:1254:2,movie,1254,2,agent,0,train,0
movie:1254:3,movie,1254,3,user,3,train,1
movie:1254:4,movie,1254,4,agent,2,train,0
movie:1254:5,movie,1254,5,user,3,train,0
movie:1254:6,movie,1254,6,agent,2,train,0
movie:1255:1,movie,1255,1,user,1,train,0
movie:1255:2,movie,1255,2,agent,2,train,1
movie:1255:3,movie,1255,3,user,0,train,0
movie:1255:4,movie,1255,4,agent,2,train,0
movie:1256:1,movie,1256,1,user,2,validation,0
movie:1256:2,movie,1256,2,agent,1,validation,1
movie:1256:3,movie,1256,3,user,2,validation,0
movie:1256:4,movie,1256,4,agent,1,validation,0
movie:1256:5,movie,1256,5,user,0,validation,1
movie:1256:6,movie,1256,6,agent,3,validation,0
movie:1256:7,movie,1256,7,user,0,validation,1
movie:1256:8,movie,1256,8,agent,2,validation,0
movie:1256:9,movie,1256,9,user,2,validation,0
movie:1256:10,movie,1256,10,agent,3,validation,1
movie:1257:1,movie,1257,1,user,3,train,1
movie:1257:2,movie,1257,2,agent,3,train,0
movie:1257:3,movie,1257,3,user,3,train,0
movie:1257:4,movie,1257,4,agent,1,train,0
movie:1257:5,movie,1257,5,user,0,train,0
movie:1257:6,movie,1257,6,agent,2,train,0
movie:1257:7,movie,1257,7,user,0,train,0
movie:1257:8,movie,1257,8,agent,2,train,0
movie:1257:9,movie,1257,9,user,3,train,1
movie:1257:10,movie,1257,10,agent,2,train,0
movie:1258:1,movie,1258,1,user,3,train,1
movie:1258:2,movie,1258,2,agent,2,train,0
movie:1258:3,movie,1258,3,user,3,train,0
movie:1258:4,movie,1258,4,agent,3,train,0
movie:1259:1,movie,1259,1,user,1,validation,0
movie:1259:2,movie,1259,2,agent,2,validation,0
movie:1259:3,movie,1259,3,user,0,validation,0
movie:1259:4,movie,1259,4,agent,1,validation,0
movie:1259:5,movie,1259,5,user,0,validation,1
movie:1259:6,movie,1259,6,agent,2,validation,0
movie:1259:7,movie,1259,7,user,2,validation,1
movie:1259:8,movie,1259,8,agent,2,validation,0
movie:1259:9,movie,1259,9,user,3,validation,0
movie:1259:10,movie,1259,10,agent,3,validation,1
movie:1260:1,movie,1260,1,user,1,train,0
movie:1260:2,movie,1260,2,agent,2,train,0
movie:1260:3,movie,1260,3,user,2,train,1
movie:1260:4,movie,1260,4,agent,2,train,0
movie:1260:5,movie,1260,5,user,3,train,0
movie:1260:6,movie,1260,6,agent,3,train,1
movie:1261:1,movie,1261,1,user,2,test,0
movie:1261:2,movie,1261,2,agent,0,test,1
movie:1261:3,movie,1261,3,user,1,test,1
movie:1261:4,movie,1261,4,agent,1,test,0
movie:1261:5,movie,1261,5,user,0,test,0
movie:1261:6,movie,1261,6,agent,3,test,0
movie:1261:7,movie,1261,7,user,3,test,1
movie:1261:8,movie,1261,8,agent,3,test,1
movie:1261:9,movie,1261,9,user,2,test,0
movie:1261:10,movie,1261,10,agent,2,test,0
movie:1261:11,movie,1261,11,user,2,test,0
movie:1261:12,movie,1261,12,agent,2,test,0
movie:1261:13,movie,1261,13,user,3,test,0
movie:1261:14,movie,1261,14,agent,3,test,0
movie:1262:1,movie,1262,1,user,1,test,1
movie:1262:2,movie,1262,2,agent,3,test,1
movie:1262:3,movie,1262,3,user,2,test,0
movie:1262:4,movie,1262,4,agent,2,test,0
movie:1262:5,movie,1262,5,user,0,test,0
movie:1262:6,movie,1262,6,agent,2,test,0
movie:1262:7,movie,1262,7,user,3,test,0
movie:1262:8,movie,1262,8,agent,3,test,0
movie:1263:1,movie,1263,1,user,3,train,1
movie:1263:2,movie,1263,2,agent,2,train,0
movie:1263:3,movie,1263,3,user,3,train,1
movie:1263:4,movie,1263,4,agent,3,train,1
movie:1264:1,movie,1264,1,user,1,train,0
movie:1264:2,movie,1264,2,agent,1,train,0
movie:1264:3,movie,1264,3,user,2,train,0
movie:1264:4,movie,1264,4,agent,2,train,1
movie:1264:5,movie,1264,5,user,0,train,0
movie:1264:6,movie,1264,6,agent,2,train,0
movie:1264:7,movie,1264,7,user,2,train,0
movie:1264:8,movie,1264,8,agent,2,train,1
movie:1265:1,movie,1265,1,user,2,train,1
movie:1265:2,movie,1265,2,agent,2,train,0
movie:1265:3,movie,1265,3,user,2,train,0
movie:1265:4,movie,1265,4,agent,2,train,0
movie:1265:5,movie,1265,5,user,3,train,1
movie:1265:6,movie,1265,6,agent,3,train,0
movie:1266:1,movie,1266,1,user,3,train,1
movie:1266:2,movie,1266,2,agent,2,train,0
movie:1266:3,movie,1266,3,user,3,train,0
movie:1266:4,movie,1266,4,agent,3,train,1
movie:1267:1,movie,1267,1,user,1,test,0
movie:1267:2,movie,1267,2,agent,2,test,0
movie:1267:3,movie,1267,3,user,0,test,1
movie:1267:4,movie,1267,4,agent,2,test,0
movie:1267:5,movie,1267,5,user,2,test,0
movie:1267:6,movie,1267,6,agent,2,test,1
movie:1267:7,movie,1267,7,user,3,test,1
movie:1267:8,movie,1267,8,agent,3,test,0
movie:1268:1,movie,1268,1,user,3,train,0
movie:1268:2,movie,1268,2,agent,2,train,0
movie:1268:3,movie,1268,3,user,3,train,1
movie:1268:4,movie,1268,4,agent,3,train,1
movie:1269:1,movie,1269,1,user,1,test,0
movie:1269:2,movie,1269,2,agent,1,test,0
movie:1269:3,movie,1269,3,user,0,test,0
movie:1269:4,movie,1269,4,agent,2,test,1
movie:1269:5,movie,1269,5,user,0,test,0
movie:1269:6,movie,1269,6,agent,1,test,0
movie:1269:7,movie,1269,7,user,0,test,0
movie:1269:8,movie,1269,8,agent,2,test,0
movie:1270:1,movie,1270,1,user,3,train,0
movie:1270:2,movie,1270,2,agent,0,train,0
movie:1270:3,movie,1270,3,user,0,train,0
movie:1270:4,movie,1270,4,agent,3,train,0
movie:1270:5,movie,1270,5,user,0,train,0
movie:1270:6,movie,1270,6,agent,3,train,1
movie:1271:1,movie,1271,1,user,3,validation,1
movie:1271:2,movie,1271,2,agent,2,validation,0
movie:1271:3,movie,1271,3,user,0,validation,0
movie:1271:4,movie,1271,4,agent,2,validation,1
movie:1271:5,movie,1271,5,user,0,validation,1
movie:1271:6,movie,1271,6,agent,2,validation,0
movie:1271:7,movie,1271,7,user,3,validation,1
movie:1271:8,movie,1271,8,agent,2,validation,1
movie:1271:9,movie,1271,9,user,3,validation,1
movie:1271:10,movie,1271,10,agent,3,validation,1
movie:1272:1,movie,1272,1,user,3,test,1
movie:1272:2,movie,1272,2,agent,1,test,0
movie:1272:3,movie,1272,3,user,2,test,1
movie:1272:4,movie,1272,4,agent,2,test,0
movie:1273:1,movie,1273,1,user,3,test,1
movie:1273:2,movie,1273,2,agent,0,test,0
movie:1273:3,movie,1273,3,user,1,test,1
movie:1273:4,movie,1273,4,agent,2,test,0
movie:1273:5,movie,1273,5,user,0,test,1
movie:1273:6,movie,1273,6,agent,1,test,0
movie:1273:7,movie,1273,7,user,0,test,1
movie:1273:8,movie,1273,8,agent,3,test,1
movie:1273:9,movie,1273,9,user,3,test,1
movie:1273:10,movie,1273,10,agent,2,test,1
movie:1273:11,movie,1273,11,user,3,test,0
movie:1273:12,movie,1273,12,agent,1,test,0
movie:1273:13,movie,1273,13,user,0,test,1
movie:1273:14,movie,1273,14,agent,2,test,0
movie:1273:15,movie,1273,15,user,3,test,0
movie:1273:16,movie,1273,16,agent,3,test,1
movie:1274:1,movie,1274,1,user,1,train,0
movie:1274:2,movie,1274,2,agent,3,train,1
movie:1274:3,movie,1274,3,user,0,train,0
movie:1274:4,movie,1274,4,agent,2,train,0
movie:1274:5,movie,1274,5,user,2,train,0
movie:1274:6,movie,1274,6,agent,2,train,0
movie:1274:7,movie,1274,7,user,3,train,1
movie:1274:8,movie,1274,8,agent,3,train,0
movie:1275:1,movie,1275,1,user,3,test,0
movie:1275:2,movie,1275,2,agent,3,test,0
movie:1275:3,movie,1275,3,user,3,test,1
movie:1275:4,movie,1275,4,agent,2,test,0
movie:1275:5,movie,1275,5,user,0,test,1
movie:1275:6,movie,1275,6,agent,2,test,0
movie:1275:7,movie,1275,7,user,2,test,0
movie:1275:8,movie,1275,8,agent,2,test,0
movie:1276:1,movie,1276,1,user,3,train,1
movie:1276:2,movie,1276,2,agent,2,train,0
movie:1276:3,movie,1276,3,user,0,train,0
movie:1276:4,movie,1276,4,agent,2,train,0
movie:1276:5,movie,1276,5,user,3,train,0
movie:1276:6,movie,1276,6,agent,3,train,1
movie:1277:1,movie,1277,1,user,2,train,0
movie:1277:2,movie,1277,2,agent,2,train,0
movie:1277:3,movie,1277,3,user,0,train,1
movie:1277:4,movie,1277,4,agent,1,train,0
movie:1277:5,movie,1277,5,user,0,train,0
movie:1277:6,movie,1277,6,agent,2,train,0
movie:1277:7,movie,1277,7,user,2,train,0
movie:1277:8,movie,1277,8,agent,2,train,0
movie:1277:9,movie,1277,9,user,3,train,1
movie:1277:10,movie,1277,10,agent,3,train,1
movie:1278:1,movie,1278,1,user,3,test,1
movie:1278:2,movie,1278,2,agent,2,test,0
movie:1278:3,movie,1278,3,user,3,test,0
movie:1278:4,movie,1278,4,agent,3,test,1
movie:1279:1,movie,1279,1,user,3,train,1
movie:1279:2,movie,1279,2,agent,2,train,0
movie:1279:3,movie,1279,3,user,3,train,0
movie:1279:4,movie,1279,4,agent,2,train,0
movie:1279:5,movie,1279,5,user,2,train,1
movie:1279:6,movie,1279,6,agent,1,train,0
movie:1279:7,movie,1279,7,user,0,train,1
movie:1279:8,movie,1279,8,agent,3,train,0
movie:1279:9,movie,1279,9,user,0,train,0
movie:1279:10,movie,1279,10,agent,2,train,1
movie:1280:1,movie,1280,1,user,1,train,0
movie:1280:2,movie,1280,2,agent,0,train,0
movie:1280:3,movie,1280,3,user,0,train,0
movie:1280:4,movie,1280,4,agent,1,train,0
movie:1280:5,movie,1280,5,user,0,train,0
movie:1280:6,movie,1280,6,agent,2,train,0
movie:1280:7,movie,1280,7,user,0,train,0
movie:1280:8,movie,1280,8,agent,2,train,0
movie:1280:9,movie,1280,9,user,2,train,0
movie:1280:10,movie,1280,10,agent,2,train,1
movie:1280:11,movie,1280,11,user,3,train,1
movie:1280:12,movie,1280,12,agent,3,train,1
movie:1281:1,movie,1281,1,user,3,test,1
movie:1281:2,movie,1281,2,agent,3,test,1
movie:1281:3,movie,1281,3,user,3,test,0
movie:1281:4,movie,1281,4,agent,3,test,1
movie:1282:1,movie,1282,1,user,3,train,1
movie:1282:2,movie,1282,2,agent,0,train,1
movie:1282:3,movie,1282,3,user,0,train,0
movie:1282:4,movie,1282,4,agent,3,train,0
movie:1282:5,movie,1282,5,user,2,train,0
movie:1282:6,movie,1282,6,agent,2,train,0
movie:1282:7,movie,1282,7,user,0,train,0
movie:1282:8,movie,1282,8,agent,1,train,0
movie:1282:9,movie,1282,9,user,0,train,0
movie:1282:10,movie,1282,10,agent,3,train,1
movie:1282:11,movie,1282,11,user,2,train,0
movie:1282:12,movie,1282,12,agent,2,train,0
movie:1282:13,movie,1282,13,user,3,train,0
movie:1282:14,movie,1282,14,agent,3,train,0
movie:1283:1,movie,1283,1,user,1,train,0
movie:1283:2,movie,1283,2,agent,2,train,1
movie:1283:3,movie,1283,3,user,2,train,1
movie:1283:4,movie,1283,4,agent,2,train,1
movie:1284:1,movie,1284,1,user,1,validation,0
movie:1284:2,movie,1284,2,agent,0,validation,1
movie:1284:3,movie,1284,3,user,0,validation,0
movie:1284:4,movie,1284,4,agent,2,validation,0
movie:1285:1,movie,1285,1,user,1,train,0
movie:1285:2,movie,1285,2,agent,1,train,0
movie:1285:3,movie,1285,3,user,0,train,1
movie:1285:4,movie,1285,4,agent,2,train,0
movie:1285:5,movie,1285,5,user,0,train,0
movie:1285:6,movie,1285,6,agent,2,train,0
movie:1285:7,movie,1285,7,user,3,train,1
movie:1285:8,movie,1285,8,agent,3,train,1
movie:1286:1,movie,1286,1,user,1,train,1
movie:1286:2,movie,1286,2,agent,2,train,0
movie:1286:3,movie,1286,3,user,3,train,0
movie:1286:4,movie,1286,4,agent,2,train,0
movie:1287:1,movie,1287,1,user,1,test,0
movie:1287:2,movie,1287,2,agent,2,test,0
movie:1287:3,movie,1287,3,user,2,test,0
movie:1287:4,movie,1287,4,agent,2,test,0
movie:1288:1,movie,1288,1,user,3,train,1
movie:1288:2,movie,1288,2,agent,2,train,0
movie:1288:3,movie,1288,3,user,3,train,1
movie:1288:4,movie,1288,4,agent,3,train,0
movie:1289:1,movie,1289,1,user,3,train,0
movie:1289:2,movie,1289,2,agent,0,train,0
movie:1289:3,movie,1289,3,user,2,train,0
movie:1289:4,movie,1289,4,agent,1,train,0
movie:1289:5,movie,1289,5,user,0,train,1
movie:1289:6,movie,1289,6,agent,2,train,1
movie:1289:7,movie,1289,7,user,2,train,0
movie:1289:8,movie,1289,8,agent,2,train,1
movie:1289:9,movie,1289,9,user,3,train,1
movie:1289:10,movie,1289,10,agent,3,train,0
movie:1290:1,movie,1290,1,user,1,test,0
movie:1290:2,movie,1290,2,agent,2,test,0
movie:1290:3,movie,1290,3,user,2,test,0
movie:1290:4,movie,1290,4,agent,2,test,1
movie:1291:1,movie,1291,1,user,3,train,0
movie:1291:2,movie,1291,2,agent,2,train,0
movie:1291:3,movie,1291,3,user,2,train,1
movie:1291:4,movie,1291,4,agent,2,train,1
movie:1291:5,movie,1291,5,user,3,train,1
movie:1291:6,movie,1291,6,agent,3,train,1
movie:1292:1,movie,1292,1,user,3,validation,1
movie:1292:2,movie,1292,2,agent,3,validation,0
movie:1292:3,movie,1292,3,user,3,validation,0
movie:1292:4,movie,1292,4,agent,1,validation,0
movie:1292:5,movie,1292,5,user,2,validation,0
movie:1292:6,movie,1292,6,agent,2,validation,1
movie:1292:7,movie,1292,7,user,3,validation,1
movie:1292:8,movie,1292,8,agent,2,validation,0
movie:1292:9,movie,1292,9,user,2,validation,0
movie:1292:10,movie,1292,10,agent,2,validation,1
movie:1293:1,movie,1293,1,user,1,train,0
movie:1293:2,movie,1293,2,agent,0,train,0
movie:1293:3,movie,1293,3,user,0,train,1
movie:1293:4,movie,1293,4,agent,2,train,1
movie:1293:5,movie,1293,5,user,2,train,1
movie:1293:6,movie,1293,6,agent,2,train,0
movie:1293:7,movie,1293,7,user,3,train,1
movie:1293:8,movie,1293,8,agent,3,train,0
movie:1294:1,movie,1294,1,user,3,test,0
movie:1294:2,movie,1294,2,agent,2,test,0
movie:1294:3,movie,1294,3,user,3,test,1
movie:1294:4,movie,1294,4,agent,3,test,1
movie:1295:1,movie,1295,1,user,3,train,0
movie:1295:2,movie,1295,2,agent,2,train,1
movie:1295:3,movie,1295,3,user,3,train,0
movie:1295:4,movie,1295,4,agent,2,train,1
movie:1296:1,movie,1296,1,user,3,train,1
movie:1296:2,movie,1296,2,agent,2,train,1
movie:1296:3,movie,1296,3,user,3,train,1
movie:1296:4,movie,1296,4,agent,3,train,1
movie:1297:1,movie,1297,1,user,1,test,0
movie:1297:2,movie,1297,2,agent,2,test,0
movie:1297:3,movie,1297,3,user,2,test,0
movie:1297:4,movie,1297,4,agent,2,test,1
movie:1297:5,movie,1297,5,user,3,test,0
movie:1297:6,movie,1297,6,agent,3,test,1
movie:1298:1,movie,1298,1,user,1,train,0
movie:1298:2,movie,1298,2,agent,2,train,0
movie:1298:3,movie,1298,3,user,1,train,0
movie:1298:4,movie,1298,4,agent,1,train,0
movie:1298:5,movie,1298,5,user,3,train,1
movie:1298:6,movie,1298,6,agent,2,train,0
movie:1298:7,movie,1298,7,user,2,train,0
movie:1298:8,movie,1298,8,agent,2,train,0
movie:1298:9,movie,1298,9,user,0,train,1
movie:1298:10,movie,1298,10,agent,3,train,0
movie:1299:1,movie,1299,1,user,2,train,0
movie:1299:2,movie,1299,2,agent,2,train,0
movie:1299:3,movie,1299,3,user,2,train,1
movie:1299:4,movie,1299,4,agent,2,train,0
movie:1300:1,movie,1300,1,user,1,train,0
movie:1300:2,movie,1300,2,agent,2,train,0
movie:1300:3,movie,1300,3,user,0,train,0
movie:1300:4,movie,1300,4,agent,2,train,0
movie:1300:5,movie,1300,5,user,0,train,0
movie:1300:6,movie,1300,6,agent,2,train,0
movie:1301:1,movie,1301,1,user,0,train,0
movie:1301:2,movie,1301,2,agent,2,train,0
movie:1301:3,movie,1301,3,user,2,train,0
movie:1301:4,movie,1301,4,agent,2,train,0
movie:1302:1,movie,1302,1,user,1,train,1
movie:1302:2,movie,1302,2,agent,2,train,0
movie:1302:3,movie,1302,3,user,2,train,0
movie:1302:4,movie,1302,4,agent,2,train,1
movie:1302:5,movie,1302,5,user,2,train,0
movie:1302:6,movie,1302,6,agent,1,train,0
movie:1302:7,movie,1302,7,user,0,train,0
movie:1302:8,movie,1302,8,agent,2,train,0
movie:1302:9,movie,1302,9,user,0,train,0
movie:1302:10,movie,1302,10,agent,3,train,0
movie:1303:1,movie,1303,1,user,3,test,0
movie:1303:2,movie,1303,2,agent,2,test,0
movie:1303:3,movie,1303,3,user,3,test,1
movie:1303:4,movie,1303,4,agent,2,test,1
movie:1303:5,movie,1303,5,user,3,test,0
movie:1303:6,movie,1303,6,agent,3,test,1
movie:1304:1,movie,1304,1,user,1,test,0
movie:1304:2,movie,1304,2,agent,0,test,0
movie:1304:3,movie,1304,3,user,0,test,1
movie:1304:4,movie,1304,4,agent,2,test,0
movie:1304:5,movie,1304,5,user,0,test,0
movie:1304:6,movie,1304,6,agent,2,test,0
movie:1304:7,movie,1304,7,user,0,test,0
movie:1304:8,movie,1304,8,agent,2,test,0
movie:1304:9,movie,1304,9,user,0,test,0
movie:1304:10,movie,1304,10,agent,2,test,0
movie:1304:11,movie,1304,11,user,3,test,0
movie:1304:12,movie,1304,12,agent,3,test,0
movie:1305:1,movie,1305,1,user,1,validation,0
movie:1305:2,movie,1305,2,agent,0,validation,0
movie:1305:3,movie,1305,3,user,0,validation,0
movie:1305:4,movie,1305,4,agent,2,validation,0
movie:1305:5,movie,1305,5,user,0,validation,0
movie:1305:6,movie,1305,6,agent,2,validation,0
movie:1305:7,movie,1305,7,user,3,validation,1
movie:1305:8,movie,1305,8,agent,3,validation,0
movie:1306:1,movie,1306,1,user,3,train,0
movie:1306:2,movie,1306,2,agent,3,train,1
movie:1306:3,movie,1306,3,user,0,train,0
movie:1306:4,movie,1306,4,agent,2,train,0
movie:1306:5,movie,1306,5,user,3,train,1
movie:1306:6,movie,1306,6,agent,2,train,0
movie:1306:7,movie,1306,7,user,0,train,0
movie:1306:8,movie,1306,8,agent,2,train,1
movie:1306:9,movie,1306,9,user,2,train,0
movie:1306:10,movie,1306,10,agent,2,train,0
movie:1307:1,movie,1307,1,user,3,train,1
movie:1307:2,movie,1307,2,agent,0,train,0
movie:1307:3,movie,1307,3,user,0,train,1
movie:1307:4,movie,1307,4,agent,3,train,0
movie:1307:5,movie,1307,5,user,0,train,0
movie:1307:6,movie,1307,6,agent,1,train,1
movie:1307:7,movie,1307,7,user,0,train,0
movie:1307:8,movie,1307,8,agent,1,train,0
movie:1307:9,movie,1307,9,user,0,train,0
movie:1307:10,movie,1307,10,agent,2,train,1
movie:1307:11,movie,1307,11,user,2,train,0
movie:1307:12,movie,1307,12,agent,1,train,1
movie:1307:13,movie,1307,13,user,0,train,0
movie:1307:14,movie,1307,14,agent,2,train,1
movie:1307:15,movie,1307,15,user,0,train,0
movie:1307:16,movie,1307,16,agent,2,train,0
movie:1307:17,movie,1307,17,user,3,train,1
movie:1307:18,movie,1307,18,agent,3,train,0
movie:1308:1,movie,1308,1,user,1,test,0
movie:1308:2,movie,1308,2,agent,3,test,1
movie:1308:3,movie,1308,3,user,0,test,0
movie:1308:4,movie,1308,4,agent,1,test,0
movie:1308:5,movie,1308,5,user,0,test,1
movie:1308:6,movie,1308,6,agent,1,test,0
movie:1308:7,movie,1308,7,user,0,test,1
movie:1308:8,movie,1308,8,agent,2,test,1
movie:1308:9,movie,1308,9,user,2,test,0
movie:1308:10,movie,1308,10,agent,2,test,0
movie:1309:1,movie,1309,1,user,0,train,0
movie:1309:2,movie,1309,2,agent,2,train,0
movie:1309:3,movie,1309,3,user,2,train,1
movie:1309:4,movie,1309,4,agent,2,train,0
movie:1310:1,movie,1310,1,user,3,test,0
movie:1310:2,movie,1310,2,agent,3,test,0
movie:1310:3,movie,1310,3,user,3,test,1
movie:1310:4,movie,1310,4,agent,0,test,0
movie:1310:5,movie,1310,5,user,0,test,0
movie:1310:6,movie,1310,6,agent,0,test,0
movie:1310:7,movie,1310,7,user,0,test,0
movie:1310:8,movie,1310,8,agent,2,test,1
movie:1310:9,movie,1310,9,user,3,test,1
movie:1310:10,movie,1310,10,agent,2,test,0
movie:1310:11,movie,1310,11,user,2,test,0
movie:1310:12,movie,1310,12,agent,2,test,0
movie:1310:13,movie,1310,13,user,0,test,0
movie:1310:14,movie,1310,14,agent,2,test,0
movie:1311:1,movie,1311,1,user,2,test,0
movie:1311:2,movie,1311,2,agent,1,test,0
movie:1311:3,movie,1311,3,user,2,test,0
movie:1311:4,movie,1311,4,agent,2,test,0
movie:1311:5,movie,1311,5,user,0,test,0
movie:1311:6,movie,1311,6,agent,2,test,0
movie:1311:7,movie,1311,7,user,0,test,0
movie:1311:8,movie,1311,8,agent,1,test,0
movie:1311:9,movie,1311,9,user,2,test,0
movie:1311:10,movie,1311,10,agent,3,test,1
movie:1311:11,movie,1311,11,user,3,test,1
movie:1311:12,movie,1311,12,agent,2,test,1
movie:1311:13,movie,1311,13,user,2,test,1
movie:1311:14,movie,1311,14,agent,2,test,1
movie:1311:15,movie,1311,15,user,0,test,0
movie:1311:16,movie,1311,16,agent,3,test,1
movie:1312:1,movie,1312,1,user,1,train,0
movie:1312:2,movie,1312,2,agent,0,train,1
movie:1312:3,movie,1312,3,user,0,train,0
movie:1312:4,movie,1312,4,agent,1,train,0
movie:1312:5,movie,1312,5,user,2,train,0
movie:1312:6,movie,1312,6,agent,2,train,1
movie:1313:1,movie,1313,1,user,1,train,0
movie:1313:2,movie,1313,2,agent,2,train,0
movie:1313:3,movie,1313,3,user,2,train,0
movie:1313:4,movie,1313,4,agent,2,train,0
movie:1313:5,movie,1313,5,user,3,train,1
movie:1313:6,movie,1313,6,agent,3,train,0
movie:1314:1,movie,1314,1,user,1,train,0
movie:1314:2,movie,1314,2,agent,2,train,0
movie:1314:3,movie,1314,3,user,2,train,0
movie:1314:4,movie,1314,4,agent,2,train,0
movie:1315:1,movie,1315,1,user,1,train,0
movie:1315:2,movie,1315,2,agent,2,train,0
movie:1315:3,movie,1315,3,user,2,train,0
movie:1315:4,movie,1315,4,agent,2,train,0
movie:1316:1,movie,1316,1,user,1,train,0
movie:1316:2,movie,1316,2,agent,0,train,0
movie:1316:3,movie,1316,3,user,0,train,0
movie:1316:4,movie,1316,4,agent,2,train,0
movie:1316:5,movie,1316,5,user,0,train,1
movie:1316:6,movie,1316,6,agent,2,train,1
movie:1316:7,movie,1316,7,user,0,train,1
movie:1316:8,movie,1316,8,agent,2,train,1
movie:1316:9,movie,1316,9,user,0,train,1
movie:1316:10,movie,1316,10,agent,2,train,0
movie:1316:11,movie,1316,11,user,3,train,0
movie:1316:12,movie,1316,12,agent,3,train,0
movie:1317:1,movie,1317,1,user,1,train,0
movie:1317:2,movie,1317,2,agent,0,train,0
movie:1317:3,movie,1317,3,user,0,train,0
movie:1317:4,movie,1317,4,agent,2,train,0
movie:1317:5,movie,1317,5,user,0,train,0
movie:1317:6,movie,1317,6,agent,2,train,0
movie:1317:7,movie,1317,7,user,3,train,1
movie:1317:8,movie,1317,8,agent,3,train,1
movie:1318:1,movie,1318,1,user,1,train,0
movie:1318:2,movie,1318,2,agent,1,train,1
movie:1318:3,movie,1318,3,user,3,train,0
movie:1318:4,movie,1318,4,agent,2,train,1
movie:1318:5,movie,1318,5,user,3,train,0
movie:1318:6,movie,1318,6,agent,2,train,0
movie:1318:7,movie,1318,7,user,3,train,0
movie:1318:8,movie,1318,8,agent,2,train,1
movie:1318:9,movie,1318,9,user,3,train,0
movie:1318:10,movie,1318,10,agent,3,train,1
movie:1319:1,movie,1319,1,user,1,train,0
movie:1319:2,movie,1319,2,agent,2,train,1
movie:1319:3,movie,1319,3,user,0,train,0
movie:1319:4,movie,1319,4,agent,2,train,0
movie:1319:5,movie,1319,5,user,2,train,0
movie:1319:6,movie,1319,6,agent,2,train,1
movie:1320:1,movie,1320,1,user,0,train,1
movie:1320:2,movie,1320,2,agent,2,train,0
movie:1320:3,movie,1320,3,user,2,train,0
movie:1320:4,movie,1320,4,agent,2,train,0
movie:1321:1,movie,1321,1,user,3,train,1
movie:1321:2,movie,1321,2,agent,1,train,0
movie:1321:3,movie,1321,3,user,0,train,0
movie:1321:4,movie,1321,4,agent,2,train,0
movie:1321:5,movie,1321,5,user,3,train,1
movie:1321:6,movie,1321,6,agent,2,train,0
movie:1321:7,movie,1321,7,user,3,train,0
movie:1321:8,movie,1321,8,agent,2,train,0
movie:1322:1,movie,1322,1,user,0,train,0
movie:1322:2,movie,1322,2,agent,2,train,0
movie:1322:3,movie,1322,3,user,2,train,0
movie:1322:4,movie,1322,4,agent,2,train,0
movie:1323:1,movie,1323,1,user,1,train,0
movie:1323:2,movie,1323,2,agent,2,train,0
movie:1323:3,movie,1323,3,user,2,train,0
movie:1323:4,movie,1323,4,agent,2,train,0
movie:1324:1,movie,1324,1,user,3,train,0
movie:1324:2,movie,1324,2,agent,2,train,0
movie:1324:3,movie,1324,3,user,2,train,0
movie:1324:4,movie,1324,4,agent,2,train,1
movie:1324:5,movie,1324,5,user,3,train,0
movie:1324:6,movie,1324,6,agent,3,train,1
movie:1325:1,movie,1325,1,user,2,train,0
movie:1325:2,movie,1325,2,agent,2,train,0
movie:1325:3,movie,1325,3,user,2,train,1
movie:1325:4,movie,1325,4,agent,2,train,0
movie:1325:5,movie,1325,5,user,3,train,1
movie:1325:6,movie,1325,6,agent,3,train,1
movie:1326:1,movie,1326,1,user,1,train,1
movie:1326:2,movie,1326,2,agent,2,train,1
movie:1326:3,movie,1326,3,user,0,train,0
movie:1326:4,movie,1326,4,agent,2,train,0
movie:1326:5,movie,1326,5,user,0,train,0
movie:1326:6,movie,1326,6,agent,2,train,0
movie:1327:1,movie,1327,1,user,0,validation,0
movie:1327:2,movie,1327,2,agent,0,validation,0
movie:1327:3,movie,1327,3,user,0,validation,1
movie:1327:4,movie,1327,4,agent,2,validation,1
movie:1327:5,movie,1327,5,user,2,validation,0
movie:1327:6,movie,1327,6,agent,2,validation,1
movie:1328:1,movie,1328,1,user,1,train,0
movie:1328:2,movie,1328,2,agent,1,train,0
movie:1328:3,movie,1328,3,user,0,train,0
movie:1328:4,movie,1328,4,agent,0,train,1
movie:1328:5,movie,1328,5,user,0,train,0
movie:1328:6,movie,1328,6,agent,0,train,1
movie:1328:7,movie,1328,7,user,0,train,0
movie:1328:8,movie,1328,8,agent,2,train,0
movie:1328:9,movie,1328,9,user,0,train,0
movie:1328:10,movie,1328,10,agent,2,train,0
movie:1328:11,movie,1328,11,user,2,train,1
movie:1328:12,movie,1328,12,agent,2,train,0
movie:1328:13,movie,1328,13,user,3,train,1
movie:1328:14,movie,1328,14,agent,3,train,1
movie:1329:1,movie,1329,1,user,3,train,1
movie:1329:2,movie,1329,2,agent,1,train,0
movie:1329:3,movie,1329,3,user,3,train,1
movie:1329:4,movie,1329,4,agent,2,train,0
movie:1329:5,movie,1329,5,user,2,train,0
movie:1329:6,movie,1329,6,agent,3,train,0
movie:1329:7,movie,1329,7,user,0,train,0
movie:1329:8,movie,1329,8,agent,3,train,1
movie:1329:9,movie,1329,9,user,2,train,0
movie:1329:10,movie,1329,10,agent,2,train,0
movie:1329:11,movie,1329,11,user,3,train,0
movie:1329:12,movie,1329,12,agent,2,train,0
movie:1329:13,movie,1329,13,user,3,train,1
movie:1329:14,movie,1329,14,agent,3,train,0
movie:1330:1,movie,1330,1,user,3,train,0
movie:1330:2,movie,1330,2,agent,2,train,0
movie:1330:3,movie,1330,3,user,2,train,0
movie:1330:4,movie,1330,4,agent,2,train,0
movie:1330:5,movie,1330,5,user,2,train,0
movie:1330:6,movie,1330,6,agent,2,train,0
movie:1330:7,movie,1330,7,user,3,train,1
movie:1330:8,movie,1330,8,agent,3,train,1
movie:1330:9,movie,1330,9,user,2,train,0
movie:1330:10,movie,1330,10,agent,2,train,0
movie:1330:11,movie,1330,11,user,3,train,1
movie:1330:12,movie,1330,12,agent,3,train,0
movie:1331:1,movie,1331,1,user,3,train,1
movie:1331:2,movie,1331,2,agent,2,train,0
movie:1331:3,movie,1331,3,user,2,train,1
movie:1331:4,movie,1331,4,agent,2,train,0
movie:1331:5,movie,1331,5,user,3,train,1
movie:1331:6,movie,1331,6,agent,3,train,1
movie:1332:1,movie,1332,1,user,0,train,0
movie:1332:2,movie,1332,2,agent,2,train,1
movie:1332:3,movie,1332,3,user,2,train,0
movie:1332:4,movie,1332,4,agent,3,train,0
movie:1332:5,movie,1332,5,user,2,train,0
movie:1332:6,movie,1332,6,agent,2,train,1
movie:1332:7,movie,1332,7,user,2,train,0
movie:1332:8,movie,1332,8,agent,2,train,1
movie:1332:9,movie,1332,9,user,2,train,0
movie:1332:10,movie,1332,10,agent,2,train,1
movie:1333:1,movie,1333,1,user,2,test,0
movie:1333:2,movie,1333,2,agent,0,test,0
movie:1333:3,movie,1333,3,user,2,test,0
movie:1333:4,movie,1333,4,agent,2,test,1
movie:1333:5,movie,1333,5,user,2,test,0
movie:1333:6,movie,1333,6,agent,2,test,0
movie:1333:7,movie,1333,7,user,3,test,1
movie:1333:8,movie,1333,8,agent,3,test,1
movie:1334:1,movie,1334,1,user,3,train,1
movie:1334:2,movie,1334,2,agent,3,train,0
movie:1334:3,movie,1334,3,user,3,train,1
movie:1334:4,movie,1334,4,agent,2,train,0
movie:1334:5,movie,1334,5,user,2,train,0
movie:1334:6,movie,1334,6,agent,2,train,1
movie:1334:7,movie,1334,7,user,0,train,1
movie:1334:8,movie,1334,8,agent,2,train,0
movie:1334:9,movie,1334,9,user,2,train,1
movie:1334:10,movie,1334,10,agent,2,train,1
movie:1335:1,movie,1335,1,user,3,train,0
movie:1335:2,movie,1335,2,agent,0,train,0
movie:1335:3,movie,1335,3,user,0,train,1
movie:1335:4,movie,1335,4,agent,2,train,0
movie:1335:5,movie,1335,5,user,3,train,1
movie:1335:6,movie,1335,6,agent,2,train,0
movie:1335:7,movie,1335,7,user,0,train,0
movie:1335:8,movie,1335,8,agent,2,train,1
movie:1335:9,movie,1335,9,user,0,train,0
movie:1335:10,movie,1335,10,agent,2,train,0
movie:1336:1,movie,1336,1,user,2,train,0
movie:1336:2,movie,1336,2,agent,2,train,0
movie:1336:3,movie,1336,3,user,2,train,0
movie:1336:4,movie,1336,4,agent,2,train,0
movie:1336:5,movie,1336,5,user,3,train,1
movie:1336:6,movie,1336,6,agent,3,train,0
movie:1337:1,movie,1337,1,user,3,train,1
movie:1337:2,movie,1337,2,agent,0,train,0
movie:1337:3,movie,1337,3,user,0,train,1
movie:1337:4,movie,1337,4,agent,1,train,0
movie:1337:5,movie,1337,5,user,0,train,1
movie:1337:6,movie,1337,6,agent,2,train,0
movie:1337:7,movie,1337,7,user,0,train,0
movie:1337:8,movie,1337,8,agent,2,train,1
movie:1337:9,movie,1337,9,user,3,train,1
movie:1337:10,movie,1337,10,agent,2,train,0
movie:1337:11,movie,1337,11,user,3,train,1
movie:1337:12,movie,1337,12,agent,3,train,0
movie:1338:1,movie,1338,1,user,3,train,0
movie:1338:2,movie,1338,2,agent,2,train,0
movie:1338:3,movie,1338,3,user,3,train,0
movie:1338:4,movie,1338,4,agent,2,train,1
movie:1338:5,movie,1338,5,user,3,train,1
movie:1338:6,movie,1338,6,agent,2,train,0
movie:1338:7,movie,1338,7,user,3,train,1
movie:1338:8,movie,1338,8,agent,3,train,0
movie:1339:1,movie,1339,1,user,1,train,0
movie:1339:2,movie,1339,2,agent,2,train,0
movie:1339:3,movie,1339,3,user,3,train,1
movie:1339:4,movie,1339,4,agent,2,train,0
movie:1339:5,movie,1339,5,user,3,train,1
movie:1339:6,movie,1339,6,agent,3,train,0
movie:1340:1,movie,1340,1,user,3,train,1
movie:1340:2,movie,1340,2,agent,2,train,0
movie:1340:3,movie,1340,3,user,2,train,0
movie:1340:4,movie,1340,4,agent,2,train,0
movie:1341:1,movie,1341,1,user,0,train,0
movie:1341:2,movie,1341,2,agent,1,train,1
movie:1341:3,movie,1341,3,user,0,train,0
movie:1341:4,movie,1341,4,agent,2,train,1
movie:1341:5,movie,1341,5,user,0,train,0
movie:1341:6,movie,1341,6,agent,2,train,1
movie:1342:1,movie,1342,1,user,3,train,0
movie:1342:2,movie,1342,2,agent,0,train,1
movie:1342:3,movie,1342,3,user,0,train,0
movie:1342:4,movie,1342,4,agent,3,train,1
movie:1342:5,movie,1342,5,user,2,train,1
movie:1342:6,movie,1342,6,agent,2,train,1
movie:1342:7,movie,1342,7,user,3,train,0
movie:1342:8,movie,1342,8,agent,2,train,1
movie:1342:9,movie,1342,9,user,3,train,0
movie:1342:10,movie,1342,10,agent,2,train,0
movie:1342:11,movie,1342,11,user,3,train,0
movie:1342:12,movie,1342,12,agent,3,train,1
movie:1343:1,movie,1343,1,user,0,train,1
movie:1343:2,movie,1343,2,agent,2,train,0
movie:1343:3,movie,1343,3,user,2,train,0
movie:1343:4,movie,1343,4,agent,2,train,0
movie:1343:5,movie,1343,5,user,2,train,0
movie:1343:6,movie,1343,6,agent,2,train,0
movie:1344:1,movie,1344,1,user,1,test,0
movie:1344:2,movie,1344,2,agent,2,test,0
movie:1344:3,movie,1344,3,user,2,test,0
movie:1344:4,movie,1344,4,agent,2,test,0
movie:1344:5,movie,1344,5,user,2,test,0
movie:1344:6,movie,1344,6,agent,2,test,1
movie:1345:1,movie,1345,1,user,3,test,0
movie:1345:2,movie,1345,2,agent,1,test,0
movie:1345:3,movie,1345,3,user,2,test,0
movie:1345:4,movie,1345,4,agent,2,test,0
movie:1346:1,movie,1346,1,user,2,validation,1
movie:1346:2,movie,1346,2,agent,2,validation,0
movie:1346:3,movie,1346,3,user,3,validation,0
movie:1346:4,movie,1346,4,agent,2,validation,0
movie:1347:1,movie,1347,1,user,3,train,1
movie:1347:2,movie,1347,2,agent,2,train,1
movie:1347:3,movie,1347,3,user,2,train,0
movie:1347:4,movie,1347,4,agent,2,train,0
movie:1348:1,movie,1348,1,user,3,train,0
movie:1348:2,movie,1348,2,agent,2,train,0
movie:1348:3,movie,1348,3,user,2,train,0
movie:1348:4,movie,1348,4,agent,2,train,0
movie:1349:1,movie,1349,1,user,3,train,0
movie:1349:2,movie,1349,2,agent,2,train,1
movie:1349:3,movie,1349,3,user,3,train,0
movie:1349:4,movie,1349,4,agent,2,train,0
movie:1350:1,movie,1350,1,user,3,test,1
movie:1350:2,movie,1350,2,agent,3,test,0
movie:1350:3,movie,1350,3,user,3,test,1
movie:1350:4,movie,1350,4,agent,2,test,1
movie:1350:5,movie,1350,5,user,0,test,1
movie:1350:6,movie,1350,6,agent,1,test,0
movie:1350:7,movie,1350,7,user,0,test,0
movie:1350:8,movie,1350,8,agent,1,test,1
movie:1350:9,movie,1350,9,user,0,test,0
movie:1350:10,movie,1350,10,agent,1,test,0
movie:1351:1,movie,1351,1,user,3,train,1
movie:1351:2,movie,1351,2,agent,1,train,0
movie:1351:3,movie,1351,3,user,2,train,0
movie:1351:4,movie,1351,4,agent,2,train,0
movie:1352:1,movie,1352,1,user,0,test,1
movie:1352:2,movie,1352,2,agent,0,test,0
movie:1352:3,movie,1352,3,user,0,test,1
movie:1352:4,movie,1352,4,agent,2,test,0
movie:1352:5,movie,1352,5,user,2,test,1
movie:1352:6,movie,1352,6,agent,2,test,0
movie:1353:1,movie,1353,1,user,3,train,1
movie:1353:2,movie,1353,2,agent,1,train,0
movie:1353:3,movie,1353,3,user,2,train,0
movie:1353:4,movie,1353,4,agent,2,train,0
movie:1354:1,movie,1354,1,user,2,train,0
movie:1354:2,movie,1354,2,agent,1,train,0
movie:1354:3,movie,1354,3,user,2,train,0
movie:1354:4,movie,1354,4,agent,2,train,1
movie:1354:5,movie,1354,5,user,3,train,0
movie:1354:6,movie,1354,6,agent,2,train,0
movie:1355:1,movie,1355,1,user,0,test,0
movie:1355:2,movie,1355,2,agent,2,test,1
movie:1355:3,movie,1355,3,user,2,test,1
movie:1355:4,movie,1355,4,agent,2,test,1
movie:1356:1,movie,1356,1,user,1,train,0
movie:1356:2,movie,1356,2,agent,2,train,1
movie:1356:3,movie,1356,3,user,2,train,1
movie:1356:4,movie,1356,4,agent,2,train,0
movie:1357:1,movie,1357,1,user,3,train,1
movie:1357:2,movie,1357,2,agent,2,train,0
movie:1357:3,movie,1357,3,user,3,train,1
movie:1357:4,movie,1357,4,agent,2,train,0
movie:1357:5,movie,1357,5,user,3,train,1
movie:1357:6,movie,1357,6,agent,3,train,1
movie:1358:1,movie,1358,1,user,3,test,0
movie:1358:2,movie,1358,2,agent,1,test,0
movie:1358:3,movie,1358,3,user,2,test,0
movie:1358:4,movie,1358,4,agent,2,test,0
movie:1359:1,movie,1359,1,user,3,train,1
movie:1359:2,movie,1359,2,agent,2,train,1
movie:1359:3,movie,1359,3,user,0,train,0
movie:1359:4,movie,1359,4,agent,2,train,0
movie:1359:5,movie,1359,5,user,3,train,1
movie:1359:6,movie,1359,6,agent,3,train,1
movie:1360:1,movie,1360,1,user,0,train,1
movie:1360:2,movie,1360,2,agent,2,train,1
movie:1360:3,movie,1360,3,user,0,train,1
movie:1360:4,movie,1360,4,agent,2,train,0
movie:1361:1,movie,1361,1,user,1,test,0
movie:1361:2,movie,1361,2,agent,2,test,0
movie:1361:3,movie,1361,3,user,0,test,0
movie:1361:4,movie,1361,4,agent,2,test,0
movie:1361:5,movie,1361,5,user,3,test,1
movie:1361:6,movie,1361,6,agent,2,test,0
movie:1361:7,movie,1361,7,user,3,test,1
movie:1361:8,movie,1361,8,agent,1,test,1
movie:1361:9,movie,1361,9,user,0,test,1
movie:1361:10,movie,1361,10,agent,0,test,1
movie:1361:11,movie,1361,11,user,0,test,1
movie:1361:12,movie,1361,12,agent,2,test,1
movie:1362:1,movie,1362,1,user,3,train,1
movie:1362:2,movie,1362,2,agent,1,train,0
movie:1362:3,movie,1362,3,user,2,train,0
movie:1362:4,movie,1362,4,agent,2,train,0
movie:1363:1,movie,1363,1,user,2,train,0
movie:1363:2,movie,1363,2,agent,2,train,0
movie:1363:3,movie,1363,3,user,0,train,0
movie:1363:4,movie,1363,4,agent,2,train,0
movie:1363:5,movie,1363,5,user,0,train,1
movie:1363:6,movie,1363,6,agent,2,train,0
movie:1364:1,movie,1364,1,user,3,train,0
movie:1364:2,movie,1364,2,agent,1,train,1
movie:1364:3,movie,1364,3,user,2,train,1
movie:1364:4,movie,1364,4,agent,2,train,0
movie:1365:1,movie,1365,1,user,3,test,1
movie:1365:2,movie,1365,2,agent,1,test,0
movie:1365:3,movie,1365,3,user,2,test,1
movie:1365:4,movie,1365,4,agent,2,test,1
movie:1365:5,movie,1365,5,user,2,test,1
movie:1365:6,movie,1365,6,agent,2,test,0
movie:1365:7,movie,1365,7,user,3,test,0
movie:1365:8,movie,1365,8,agent,3,test,0
movie:1366:1,movie,1366,1,user,3,train,1
movie:1366:2,movie,1366,2,agent,2,train,0
movie:1366:3,movie,1366,3,user,2,train,0
movie:1366:4,movie,1366,4,agent,2,train,0
movie:1366:5,movie,1366,5,user,3,train,1
movie:1366:6,movie,1366,6,agent,3,train,1
movie:1367:1,movie,1367,1,user,2,train,1
movie:1367:2,movie,1367,2,agent,2,train,0
movie:1367:3,movie,1367,3,user,3,train,0
movie:1367:4,movie,1367,4,agent,2,train,1
movie:1367:5,movie,1367,5,user,3,train,1
movie:1367:6,movie,1367,6,agent,2,train,0
movie:1368:1,movie,1368,1,user,0,train,0
movie:1368:2,movie,1368,2,agent,1,train,0
movie:1368:3,movie,1368,3,user,1,train,0
movie:1368:4,movie,1368,4,agent,2,train,0
movie:1368:5,movie,1368,5,user,3,train,1
movie:1368:6,movie,1368,6,agent,1,train,0
movie:1368:7,movie,1368,7,user,0,train,0
movie:1368:8,movie,1368,8,agent,1,train,0
movie:1368:9,movie,1368,9,user,0,train,1
movie:1368:10,movie,1368,10,agent,2,train,0
movie:1368:11,movie,1368,11,user,2,train,0
movie:1368:12,movie,1368,12,agent,1,train,0
movie:1368:13,movie,1368,13,user,0,train,0
movie:1368:14,movie,1368,14,agent,2,train,0
movie:1369:1,movie,1369,1,user,0,train,0
movie:1369:2,movie,1369,2,agent,2,train,1
movie:1369:3,movie,1369,3,user,2,train,0
movie:1369:4,movie,1369,4,agent,2,train,0
movie:1369:5,movie,1369,5,user,0,train,1
movie:1369:6,movie,1369,6,agent,2,train,0
movie:1369:7,movie,1369,7,user,3,train,0
movie:1369:8,movie,1369,8,agent,2,train,0
movie:1369:9,movie,1369,9,user,0,train,0
movie:1369:10,movie,1369,10,agent,2,train,0
movie:1369:11,movie,1369,11,user,2,train,0
movie:1369:12,movie,1369,12,agent,2,train,0
movie:1370:1,movie,1370,1,user,3,train,0
movie:1370:2,movie,1370,2,agent,1,train,0
movie:1370:3,movie,1370,3,user,2,train,0
movie:1370:4,movie,1370,4,agent,2,train,0
movie:1370:5,movie,1370,5,user,2,train,1
movie:1370:6,movie,1370,6,agent,2,train,0
movie:1370:7,movie,1370,7,user,3,train,1
movie:1370:8,movie,1370,8,agent,3,train,0
movie:1371:1,movie,1371,1,user,1,train,0
movie:1371:2,movie,1371,2,agent,1,train,1
movie:1371:3,movie,1371,3,user,1,train,0
movie:1371:4,movie,1371,4,agent,2,train,0
movie:1371:5,movie,1371,5,user,2,train,0
movie:1371:6,movie,1371,6,agent,2,train,0
movie:1372:1,movie,1372,1,user,3,train,1
movie:1372:2,movie,1372,2,agent,1,train,0
movie:1372:3,movie,1372,3,user,2,train,0
movie:1372:4,movie,1372,4,agent,2,train,0
movie:1373:1,movie,1373,1,user,1,train,0
movie:1373:2,movie,1373,2,agent,2,train,0
movie:1373:3,movie,1373,3,user,0,train,0
movie:1373:4,movie,1373,4,agent,1,train,0
movie:1373:5,movie,1373,5,user,2,train,0
movie:1373:6,movie,1373,6,agent,0,train,0
movie:1373:7,movie,1373,7,user,0,train,0
movie:1373:8,movie,1373,8,agent,2,train,1
movie:1373:9,movie,1373,9,user,2,train,0
movie:1373:10,movie,1373,10,agent,2,train,0
movie:1373:11,movie,1373,11,user,3,train,1
movie:1373:12,movie,1373,12,agent,3,train,0
movie:1374:1,movie,1374,1,user,0,validation,1
movie:1374:2,movie,1374,2,agent,2,validation,0
movie:1374:3,movie,1374,3,user,0,validation,1
movie:1374:4,movie,1374,4,agent,2,validation,0
movie:1374:5,movie,1374,5,user,0,validation,0
movie:1374:6,movie,1374,6,agent,2,validation,0
movie:1375:1,movie,1375,1,user,2,test,0
movie:1375:2,movie,1375,2,agent,0,test,1
movie:1375:3,movie,1375,3,user,2,test,1
movie:1375:4,movie,1375,4,agent,2,test,0
movie:1376:1,movie,1376,1,user,3,train,1
movie:1376:2,movie,1376,2,agent,2,train,0
movie:1376:3,movie,1376,3,user,0,train,0
movie:1376:4,movie,1376,4,agent,3,train,0
movie:1376:5,movie,1376,5,user,2,train,0
movie:1376:6,movie,1376,6,agent,2,train,1
movie:1377:1,movie,1377,1,user,3,train,0
movie:1377:2,movie,1377,2,agent,2,train,0
movie:1377:3,movie,1377,3,user,0,train,0
movie:1377:4,movie,1377,4,agent,2,train,0
movie:1378:1,movie,1378,1,user,3,train,1
movie:1378:2,movie,1378,2,agent,1,train,0
movie:1378:3,movie,1378,3,user,2,train,1
movie:1378:4,movie,1378,4,agent,2,train,0
movie:1379:1,movie,1379,1,user,3,train,1
movie:1379:2,movie,1379,2,agent,3,train,0
movie:1379:3,movie,1379,3,user,0,train,0
movie:1379:4,movie,1379,4,agent,2,train,0
movie:1379:5,movie,1379,5,user,0,train,0
movie:1379:6,movie,1379,6,agent,2,train,1
movie:1379:7,movie,1379,7,user,0,train,0
movie:1379:8,movie,1379,8,agent,2,train,1
movie:1379:9,movie,1379,9,user,3,train,1
movie:1379:10,movie,1379,10,agent,3,train,1
movie:1380:1,movie,1380,1,user,3,test,1
movie:1380:2,movie,1380,2,agent,2,test,0
movie:1380:3,movie,1380,3,user,0,test,1
movie:1380:4,movie,1380,4,agent,2,test,1
movie:1381:1,movie,1381,1,user,3,train,1
movie:1381:2,movie,1381,2,agent,2,train,0
movie:1381:3,movie,1381,3,user,0,train,1
movie:1381:4,movie,1381,4,agent,2,train,1
movie:1381:5,movie,1381,5,user,0,train,0
movie:1381:6,movie,1381,6,agent,2,train,0
movie:1382:1,movie,1382,1,user,3,train,1
movie:1382:2,movie,1382,2,agent,1,train,0
movie:1382:3,movie,1382,3,user,2,train,0
movie:1382:4,movie,1382,4,agent,2,train,1
movie:1382:5,movie,1382,5,user,3,train,1
movie:1382:6,movie,1382,6,agent,3,train,1
movie:1383:1,movie,1383,1,user,0,train,0
movie:1383:2,movie,1383,2,agent,2,train,1
movie:1383:3,movie,1383,3,user,0,train,0
movie:1383:4,movie,1383,4,agent,2,train,1
movie:1383:5,movie,1383,5,user,2,train,0
movie:1383:6,movie,1383,6,agent,2,train,1
movie:1384:1,movie,1384,1,user,1,validation,0
movie:1384:2,movie,1384,2,agent,2,validation,0
movie:1384:3,movie,1384,3,user,0,validation,1
movie:1384:4,movie,1384,4,agent,2,validation,0
movie:1385:1,movie,1385,1,user,1,train,0
movie:1385:2,movie,1385,2,agent,2,train,0
movie:1385:3,movie,1385,3,user,0,train,1
movie:1385:4,movie,1385,4,agent,2,train,0
movie:1385:5,movie,1385,5,user,2,train,0
movie:1385:6,movie,1385,6,agent,2,train,0
movie:1386:1,movie,1386,1,user,3,train,0
movie:1386:2,movie,1386,2,agent,1,train,0
movie:1386:3,movie,1386,3,user,2,train,0
movie:1386:4,movie,1386,4,agent,2,train,0
movie:1387:1,movie,1387,1,user,3,train,0
movie:1387:2,movie,1387,2,agent,2,train,1
movie:1387:3,movie,1387,3,user,2,train,1
movie:1387:4,movie,1387,4,agent,2,train,0
movie:1388:1,movie,1388,1,user,3,train,1
movie:1388:2,movie,1388,2,agent,2,train,0
movie:1388:3,movie,1388,3,user,2,train,1
movie:1388:4,movie,1388,4,agent,2,train,1
movie:1389:1,movie,1389,1,user,1,train,0
movie:1389:2,movie,1389,2,agent,2,train,0
movie:1389:3,movie,1389,3,user,0,train,0
movie:1389:4,movie,1389,4,agent,2,train,1
movie:1389:5,movie,1389,5,user,2,train,0
movie:1389:6,movie,1389,6,agent,2,train,1
movie:1390:1,movie,1390,1,user,3,train,1
movie:1390:2,movie,1390,2,agent,3,train,1
movie:1390:3,movie,1390,3,user,0,train,0
movie:1390:4,movie,1390,4,agent,2,train,0
movie:1391:1,movie,1391,1,user,1,test,0
movie:1391:2,movie,1391,2,agent,1,test,0
movie:1391:3,movie,1391,3,user,1,test,0
movie:1391:4,movie,1391,4,agent,1,test,0
movie:1391:5,movie,1391,5,user,2,test,1
movie:1391:6,movie,1391,6,agent,2,test,0
movie:1391:7,movie,1391,7,user,0,test,0
movie:1391:8,movie,1391,8,agent,2,test,0
movie:1391:9,movie,1391,9,user,0,test,0
movie:1391:10,movie,1391,10,agent,2,test,1
movie:1392:1,movie,1392,1,user,1,train,0
movie:1392:2,movie,1392,2,agent,1,train,0
movie:1392:3,movie,1392,3,user,3,train,0
movie:1392:4,movie,1392,4,agent,3,train,0
movie:1392:5,movie,1392,5,user,2,train,0
movie:1392:6,movie,1392,6,agent,2,train,0
movie:1392:7,movie,1392,7,user,3,train,0
movie:1392:8,movie,1392,8,agent,3,train,0
movie:1393:1,movie,1393,1,user,1,train,1
movie:1393:2,movie,1393,2,agent,1,train,0
movie:1393:3,movie,1393,3,user,3,train,1
movie:1393:4,movie,1393,4,agent,2,train,0
movie:1394:1,movie,1394,1,user,3,validation,0
movie:1394:2,movie,1394,2,agent,3,validation,1
movie:1394:3,movie,1394,3,user,3,validation,1
movie:1394:4,movie,1394,4,agent,2,validation,0
movie:1394:5,movie,1394,5,user,0,validation,1
movie:1394:6,movie,1394,6,agent,2,validation,0
movie:1394:7,movie,1394,7,user,0,validation,0
movie:1394:8,movie,1394,8,agent,3,validation,1
movie:1394:9,movie,1394,9,user,3,validation,1
movie:1394:10,movie,1394,10,agent,2,validation,1
movie:1394:11,movie,1394,11,user,3,validation,1
movie:1394:12,movie,1394,12,agent,3,validation,1
movie:1395:1,movie,1395,1,user,3,train,0
movie:1395:2,movie,1395,2,agent,0,train,0
movie:1395:3,movie,1395,3,user,0,train,1
movie:1395:4,movie,1395,4,agent,1,train,0
movie:1395:5,movie,1395,5,user,2,train,0
movie:1395:6,movie,1395,6,agent,2,train,0
movie:1396:1,movie,1396,1,user,3,train,1
movie:1396:2,movie,1396,2,agent,0,train,0
movie:1396:3,movie,1396,3,user,2,train,1
movie:1396:4,movie,1396,4,agent,2,train,0
movie:1397:1,movie,1397,1,user,0,test,0
movie:1397:2,movie,1397,2,agent,2,test,0
movie:1397:3,movie,1397,3,user,2,test,1
movie:1397:4,movie,1397,4,agent,2,test,0
movie:1398:1,movie,1398,1,user,2,train,1
movie:1398:2,movie,1398,2,agent,3,train,1
movie:1398:3,movie,1398,3,user,2,train,0
movie:1398:4,movie,1398,4,agent,2,train,0
movie:1399:1,movie,1399,1,user,1,train,1
movie:1399:2,movie,1399,2,agent,2,train,0
movie:1399:3,movie,1399,3,user,3,train,1
movie:1399:4,movie,1399,4,agent,2,train,0
movie:1399:5,movie,1399,5,user,3,train,1
movie:1399:6,movie,1399,6,agent,3,train,1
movie:1400:1,movie,1400,1,user,3,train,1
movie:1400:2,movie,1400,2,agent,0,train,0
movie:1400:3,movie,1400,3,user,2,train,1
movie:1400:4,movie,1400,4,agent,2,train,1
movie:1401:1,movie,1401,1,user,0,train,0
movie:1401:2,movie,1401,2,agent,2,train,0
movie:1401:3,movie,1401,3,user,3,train,1
movie:1401:4,movie,1401,4,agent,2,train,0
movie:1401:5,movie,1401,5,user,2,train,0
movie:1401:6,movie,1401,6,agent,2,train,0
movie:1402:1,movie,1402,1,user,1,train,0
movie:1402:2,movie,1402,2,agent,0,train,0
movie:1402:3,movie,1402,3,user,0,train,1
movie:1402:4,movie,1402,4,agent,2,train,1
movie:1402:5,movie,1402,5,user,2,train,0
movie:1402:6,movie,1402,6,agent,2,train,0
movie:1403:1,movie,1403,1,user,3,train,1
movie:1403:2,movie,1403,2,agent,2,train,0
movie:1403:3,movie,1403,3,user,2,train,0
movie:1403:4,movie,1403,4,agent,2,train,0
movie:1404:1,movie,1404,1,user,2,train,0
movie:1404:2,movie,1404,2,agent,1,train,1
movie:1404:3,movie,1404,3,user,0,train,0
movie:1404:4,movie,1404,4,agent,2,train,1
movie:1405:1,movie,1405,1,user,1,validation,0
movie:1405:2,movie,1405,2,agent,2,validation,0
movie:1405:3,movie,1405,3,user,2,validation,0
movie:1405:4,movie,1405,4,agent,2,validation,0
movie:1406:1,movie,1406,1,user,2,train,0
movie:1406:2,movie,1406,2,agent,0,train,0
movie:1406:3,movie,1406,3,user,3,train,1
movie:1406:4,movie,1406,4,agent,1,train,0
movie:1407:1,movie,1407,1,user,3,test,0
movie:1407:2,movie,1407,2,agent,2,test,1
movie:1407:3,movie,1407,3,user,3,test,0
movie:1407:4,movie,1407,4,agent,2,test,0
movie:1407:5,movie,1407,5,user,3,test,0
movie:1407:6,movie,1407,6,agent,3,test,0
movie:1408:1,movie,1408,1,user,3,train,0
movie:1408:2,movie,1408,2,agent,2,train,0
movie:1408:3,movie,1408,3,user,2,train,0
movie:1408:4,movie,1408,4,agent,2,train,1
movie:1408:5,movie,1408,5,user,3,train,0
movie:1408:6,movie,1408,6,agent,3,train,1
movie:1409:1,movie,1409,1,user,3,test,0
movie:1409:2,movie,1409,2,agent,0,test,0
movie:1409:3,movie,1409,3,user,2,test,0
movie:1409:4,movie,1409,4,agent,2,test,0
movie:1410:1,movie,1410,1,user,1,validation,1
movie:1410:2,movie,1410,2,agent,1,validation,0
movie:1410:3,movie,1410,3,user,3,validation,0
movie:1410:4,movie,1410,4,agent,2,validation,1
movie:1410:5,movie,1410,5,user,2,validation,0
movie:1410:6,movie,1410,6,agent,2,validation,1
movie:1410:7,movie,1410,7,user,3,validation,0
movie:1410:8,movie,1410,8,agent,2,validation,1
movie:1411:1,movie,1411,1,user,1,train,1
movie:1411:2,movie,1411,2,agent,2,train,0
movie:1411:3,movie,1411,3,user,2,train,0
movie:1411:4,movie,1411,4,agent,0,train,1
movie:1411:5,movie,1411,5,user,0,train,0
movie:1411:6,movie,1411,6,agent,2,train,0
movie:1412:1,movie,1412,1,user,0,train,0
movie:1412:2,movie,1412,2,agent,2,train,0
movie:1412:3,movie,1412,3,user,2,train,1
movie:1412:4,movie,1412,4,agent,2,train,0
movie:1413:1,movie,1413,1,user,3,train,1
movie:1413:2,movie,1413,2,agent,2,train,0
movie:1413:3,movie,1413,3,user,3,train,1
movie:1413:4,movie,1413,4,agent,2,train,0
movie:1414:1,movie,1414,1,user,1,train,0
movie:1414:2,movie,1414,2,agent,2,train,1
movie:1414:3,movie,1414,3,user,2,train,0
movie:1414:4,movie,1414,4,agent,2,train,1
movie:1415:1,movie,1415,1,user,3,train,0
movie:1415:2,movie,1415,2,agent,0,train,0
movie:1415:3,movie,1415,3,user,3,train,0
movie:1415:4,movie,1415,4,agent,2,train,0
movie:1415:5,movie,1415,5,user,2,train,0
movie:1415:6,movie,1415,6,agent,2,train,1
movie:1416:1,movie,1416,1,user,3,train,1
movie:1416:2,movie,1416,2,agent,2,train,0
movie:1416:3,movie,1416,3,user,2,train,0
movie:1416:4,movie,1416,4,agent,2,train,0
movie:1417:1,movie,1417,1,user,3,train,0
movie:1417:2,movie,1417,2,agent,3,train,1
movie:1417:3,movie,1417,3,user,3,train,1
movie:1417:4,movie,1417,4,agent,1,train,0
movie:1417:5,movie,1417,5,user,0,train,0
movie:1417:6,movie,1417,6,agent,2,train,0
movie:1417:7,movie,1417,7,user,2,train,0
movie:1417:8,movie,1417,8,agent,1,train,1
movie:1417:9,movie,1417,9,user,1,train,0
movie:1417:10,movie,1417,10,agent,2,train,0
movie:1417:11,movie,1417,11,user,2,train,1
movie:1417:12,movie,1417,12,agent,2,train,0
movie:1417:13,movie,1417,13,user,3,train,0
movie:1417:14,movie,1417,14,agent,3,train,0
movie:1418:1,movie,1418,1,user,2,train,0
movie:1418:2,movie,1418,2,agent,3,train,1
movie:1418:3,movie,1418,3,user,2,train,1
movie:1418:4,movie,1418,4,agent,2,train,0
movie:1419:1,movie,1419,1,user,0,train,0
movie:1419:2,movie,1419,2,agent,2,train,0
movie:1419:3,movie,1419,3,user,3,train,0
movie:1419:4,movie,1419,4,agent,2,train,1
movie:1419:5,movie,1419,5,user,3,train,0
movie:1419:6,movie,1419,6,agent,3,train,1
movie:1420:1,movie,1420,1,user,1,train,0
movie:1420:2,movie,1420,2,agent,2,train,0
movie:1420:3,movie,1420,3,user,2,train,1
movie:1420:4,movie,1420,4,agent,2,train,0
movie:1420:5,movie,1420,5,user,3,train,0
movie:1420:6,movie,1420,6,agent,3,train,0
movie:1421:1,movie,1421,1,user,3,train,0
movie:1421:2,movie,1421,2,agent,2,train,1
movie:1421:3,movie,1421,3,user,3,train,0
movie:1421:4,movie,1421,4,agent,2,train,0
movie:1421:5,movie,1421,5,user,3,train,1
movie:1421:6,movie,1421,6,agent,2,train,0
movie:1421:7,movie,1421,7,user,3,train,0
movie:1421:8,movie,1421,8,agent,2,train,0
movie:1421:9,movie,1421,9,user,3,train,1
movie:1421:10,movie,1421,10,agent,2,train,0
movie:1421:11,movie,1421,11,user,3,train,1
movie:1421:12,movie,1421,12,agent,0,train,1
movie:1421:13,movie,1421,13,user,3,train,0
movie:1421:14,movie,1421,14,agent,2,train,1
movie:1421:15,movie,1421,15,user,3,train,1
movie:1421:16,movie,1421,16,agent,3,train,1
movie:1422:1,movie,1422,1,user,1,train,0
movie:1422:2,movie,1422,2,agent,2,train,0
movie:1422:3,movie,1422,3,user,2,train,1
movie:1422:4,movie,1422,4,agent,1,train,1
movie:1422:5,movie,1422,5,user,0,train,0
movie:1422:6,movie,1422,6,agent,2,train,0
movie:1422:7,movie,1422,7,user,0,train,1
movie:1422:8,movie,1422,8,agent,2,train,0
movie:1422:9,movie,1422,9,user,0,train,1
movie:1422:10,movie,1422,10,agent,2,train,0
movie:1423:1,movie,1423,1,user,3,train,1
movie:1423:2,movie,1423,2,agent,0,train,0
movie:1423:3,movie,1423,3,user,2,train,0
movie:1423:4,movie,1423,4,agent,2,train,0
movie:1423:5,movie,1423,5,user,0,train,0
movie:1423:6,movie,1423,6,agent,2,train,0
movie:1423:7,movie,1423,7,user,3,train,1
movie:1423:8,movie,1423,8,agent,2,train,1
movie:1423:9,movie,1423,9,user,3,train,1
movie:1423:10,movie,1423,10,agent,3,train,0
movie:1424:1,movie,1424,1,user,2,train,1
movie:1424:2,movie,1424,2,agent,1,train,1
movie:1424:3,movie,1424,3,user,0,train,0
movie:1424:4,movie,1424,4,agent,2,train,1
movie:1425:1,movie,1425,1,user,3,validation,1
movie:1425:2,movie,1425,2,agent,1,validation,0
movie:1425:3,movie,1425,3,user,2,validation,0
movie:1425:4,movie,1425,4,agent,2,validation,0
movie:1426:1,movie,1426,1,user,3,train,0
movie:1426:2,movie,1426,2,agent,2,train,1
movie:1426:3,movie,1426,3,user,2,train,0
movie:1426:4,movie,1426,4,agent,2,train,1
movie:1426:5,movie,1426,5,user,2,train,0
movie:1426:6,movie,1426,6,agent,2,train,1
movie:1427:1,movie,1427,1,user,1,test,0
movie:1427:2,movie,1427,2,agent,2,test,0
movie:1427:3,movie,1427,3,user,0,test,0
movie:1427:4,movie,1427,4,agent,2,test,0
movie:1427:5,movie,1427,5,user,2,test,0
movie:1427:6,movie,1427,6,agent,2,test,0
movie:1428:1,movie,1428,1,user,3,test,1
movie:1428:2,movie,1428,2,agent,2,test,0
movie:1428:3,movie,1428,3,user,2,test,0
movie:1428:4,movie,1428,4,agent,2,test,0
movie:1428:5,movie,1428,5,user,3,test,0
movie:1428:6,movie,1428,6,agent,2,test,1
movie:1428:7,movie,1428,7,user,3,test,1
movie:1428:8,movie,1428,8,agent,3,test,0
movie:1429:1,movie,1429,1,user,3,test,1
movie:1429:2,movie,1429,2,agent,0,test,0
movie:1429:3,movie,1429,3,user,2,test,1
movie:1429:4,movie,1429,4,agent,2,test,0
movie:1430:1,movie,1430,1,user,1,train,0
movie:1430:2,movie,1430,2,agent,1,train,0
movie:1430:3,movie,1430,3,user,0,train,0
movie:1430:4,movie,1430,4,agent,2,train,0
movie:1430:5,movie,1430,5,user,2,train,1
movie:1430:6,movie,1430,6,agent,2,train,1
movie:1430:7,movie,1430,7,user,0,train,1
movie:1430:8,movie,1430,8,agent,2,train,0
movie:1431:1,movie,1431,1,user,3,train,1
movie:1431:2,movie,1431,2,agent,2,train,0
movie:1431:3,movie,1431,3,user,0,train,0
movie:1431:4,movie,1431,4,agent,2,train,0
movie:1431:5,movie,1431,5,user,0,train,0
movie:1431:6,movie,1431,6,agent,2,train,1
movie:1431:7,movie,1431,7,user,2,train,0
movie:1431:8,movie,1431,8,agent,1,train,0
movie:1431:9,movie,1431,9,user,0,train,1
movie:1431:10,movie,1431,10,agent,2,train,0
movie:1432:1,movie,1432,1,user,2,test,1
movie:1432:2,movie,1432,2,agent,3,test,0
movie:1432:3,movie,1432,3,user,0,test,0
movie:1432:4,movie,1432,4,agent,1,test,0
movie:1432:5,movie,1432,5,user,2,test,0
movie:1432:6,movie,1432,6,agent,2,test,1
movie:1433:1,movie,1433,1,user,2,train,0
movie:1433:2,movie,1433,2,agent,2,train,0
movie:1433:3,movie,1433,3,user,0,train,1
movie:1433:4,movie,1433,4,agent,1,train,1
movie:1433:5,movie,1433,5,user,0,train,1
movie:1433:6,movie,1433,6,agent,2,train,0
movie:1433:7,movie,1433,7,user,2,train,0
movie:1433:8,movie,1433,8,agent,2,train,0
movie:1434:1,movie,1434,1,user,0,test,0
movie:1434:2,movie,1434,2,agent,3,test,0
movie:1434:3,movie,1434,3,user,2,test,0
movie:1434:4,movie,1434,4,agent,2,test,0
movie:1434:5,movie,1434,5,user,0,test,0
movie:1434:6,movie,1434,6,agent,2,test,1
movie:1435:1,movie,1435,1,user,1,validation,0
movie:1435:2,movie,1435,2,agent,1,validation,0
movie:1435:3,movie,1435,3,user,0,validation,1
movie:1435:4,movie,1435,4,agent,2,validation,0
movie:1435:5,movie,1435,5,user,0,validation,0
movie:1435:6,movie,1435,6,agent,2,validation,0
movie:1435:7,movie,1435,7,user,0,validation,0
movie:1435:8,movie,1435,8,agent,2,validation,0
movie:1436:1,movie,1436,1,user,3,validation,0
movie:1436:2,movie,1436,2,agent,1,validation,0
movie:1436:3,movie,1436,3,user,2,validation,0
movie:1436:4,movie,1436,4,agent,1,validation,0
movie:1436:5,movie,1436,5,user,0,validation,1
movie:1436:6,movie,1436,6,agent,2,validation,0
movie:1436:7,movie,1436,7,user,0,validation,0
movie:1436:8,movie,1436,8,agent,2,validation,0
movie:1437:1,movie,1437,1,user,3,test,1
movie:1437:2,movie,1437,2,agent,2,test,1
movie:1437:3,movie,1437,3,user,3,test,1
movie:1437:4,movie,1437,4,agent,2,test,0
movie:1438:1,movie,1438,1,user,1,train,0
movie:1438:2,movie,1438,2,agent,1,train,0
movie:1438:3,movie,1438,3,user,2,train,0
movie:1438:4,movie,1438,4,agent,1,train,1
movie:1438:5,movie,1438,5,user,0,train,0
movie:1438:6,movie,1438,6,agent,2,train,0
movie:1438:7,movie,1438,7,user,0,train,0
movie:1438:8,movie,1438,8,agent,1,train,0
movie:1438:9,movie,1438,9,user,2,train,1
movie:1438:10,movie,1438,10,agent,2,train,1
movie:1438:11,movie,1438,11,user,2,train,0
movie:1438:12,movie,1438,12,agent,2,train,1
movie:1438:13,movie,1438,13,user,3,train,0
movie:1438:14,movie,1438,14,agent,3,train,0
movie:1439:1,movie,1439,1,user,2,test,0
movie:1439:2,movie,1439,2,agent,2,test,1
movie:1439:3,movie,1439,3,user,2,test,0
movie:1439:4,movie,1439,4,agent,2,test,1
movie:1440:1,movie,1440,1,user,3,train,1
movie:1440:2,movie,1440,2,agent,1,train,0
movie:1440:3,movie,1440,3,user,2,train,1
movie:1440:4,movie,1440,4,agent,2,train,0
movie:1441:1,movie,1441,1,user,3,train,0
movie:1441:2,movie,1441,2,agent,0,train,0
movie:1441:3,movie,1441,3,user,2,train,0
movie:1441:4,movie,1441,4,agent,2,train,0
movie:1442:1,movie,1442,1,user,2,validation,0
movie:1442:2,movie,1442,2,agent,2,validation,1
movie:1442:3,movie,1442,3,user,2,validation,0
movie:1442:4,movie,1442,4,agent,2,validation,1
movie:1442:5,movie,1442,5,user,3,validation,1
movie:1442:6,movie,1442,6,agent,1,validation,0
movie:1442:7,movie,1442,7,user,0,validation,1
movie:1442:8,movie,1442,8,agent,2,validation,0
movie:1443:1,movie,1443,1,user,3,train,0
movie:1443:2,movie,1443,2,agent,2,train,0
movie:1443:3,movie,1443,3,user,2,train,1
movie:1443:4,movie,1443,4,agent,2,train,0
movie:1443:5,movie,1443,5,user,0,train,0
movie:1443:6,movie,1443,6,agent,2,train,0
movie:1444:1,movie,1444,1,user,3,train,1
movie:1444:2,movie,1444,2,agent,2,train,0
movie:1444:3,movie,1444,3,user,2,train,0
movie:1444:4,movie,1444,4,agent,2,train,0
movie:1444:5,movie,1444,5,user,0,train,0
movie:1444:6,movie,1444,6,agent,2,train,0
movie:1444:7,movie,1444,7,user,2,train,0
movie:1444:8,movie,1444,8,agent,2,train,0
movie:1445:1,movie,1445,1,user,1,train,0
movie:1445:2,movie,1445,2,agent,0,train,0
movie:1445:3,movie,1445,3,user,0,train,0
movie:1445:4,movie,1445,4,agent,2,train,0
movie:1445:5,movie,1445,5,user,2,train,0
movie:1445:6,movie,1445,6,agent,2,train,0
movie:1446:1,movie,1446,1,user,0,train,0
movie:1446:2,movie,1446,2,agent,2,train,0
movie:1446:3,movie,1446,3,user,2,train,1
movie:1446:4,movie,1446,4,agent,2,train,0
movie:1447:1,movie,1447,1,user,2,train,0
movie:1447:2,movie,1447,2,agent,1,train,0
movie:1448:1,movie,1448,1,user,1,test,0
movie:1448:2,movie,1448,2,agent,0,test,1
movie:1448:3,movie,1448,3,user,0,test,0
movie:1448:4,movie,1448,4,agent,1,test,0
movie:1448:5,movie,1448,5,user,0,test,1
movie:1448:6,movie,1448,6,agent,2,test,0
movie:1449:1,movie,1449,1,user,3,train,1
movie:1449:2,movie,1449,2,agent,1,train,1
movie:1450:1,movie,1450,1,user,1,test,0
movie:1450:2,movie,1450,2,agent,0,test,1
movie:1451:1,movie,1451,1,user,2,train,0
movie:1451:2,movie,1451,2,agent,0,train,0
movie:1451:3,movie,1451,3,user,1,train,0
movie:1451:4,movie,1451,4,agent,1,train,1
movie:1451:5,movie,1451,5,user,0,train,0
movie:1451:6,movie,1451,6,agent,2,train,0
movie:1451:7,movie,1451,7,user,2,train,0
movie:1451:8,movie,1451,8,agent,1,train,0
movie:1451:9,movie,1451,9,user,0,train,0
movie:1451:10,movie,1451,10,agent,2,train,0
movie:1451:11,movie,1451,11,user,3,train,1
movie:1451:12,movie,1451,12,agent,1,train,0
movie:1452:1,movie,1452,1,user,1,test,0
movie:1452:2,movie,1452,2,agent,1,test,0
movie:1453:1,movie,1453,1,user,1,train,0
movie:1453:2,movie,1453,2,agent,0,train,0
movie:1454:1,movie,1454,1,user,1,train,0
movie:1454:2,movie,1454,2,agent,0,train,0
movie:1455:1,movie,1455,1,user,1,train,0
movie:1455:2,movie,1455,2,agent,2,train,0
movie:1456:1,movie,1456,1,user,1,train,0
movie:1456:2,movie,1456,2,agent,1,train,0
movie:1456:3,movie,1456,3,user,2,train,1
movie:1456:4,movie,1456,4,agent,1,train,0
movie:1456:5,movie,1456,5,user,0,train,0
movie:1456:6,movie,1456,6,agent,3,train,1
movie:1456:7,movie,1456,7,user,3,train,1
movie:1456:8,movie,1456,8,agent,2,train,0
movie:1457:1,movie,1457,1,user,1,train,1
movie:1457:2,movie,1457,2,agent,1,train,0
movie:1457:3,movie,1457,3,user,0,train,0
movie:1457:4,movie,1457,4,agent,2,train,0
movie:1457:5,movie,1457,5,user,3,train,1
movie:1457:6,movie,1457,6,agent,1,train,0
movie:1458:1,movie,1458,1,user,1,train,1
movie:1458:2,movie,1458,2,agent,1,train,0
movie:1459:1,movie,1459,1,user,1,test,0
movie:1459:2,movie,1459,2,agent,1,test,0
movie:1460:1,movie,1460,1,user,2,train,1
movie:1460:2,movie,1460,2,agent,0,train,0
movie:1460:3,movie,1460,3,user,3,train,0
movie:1460:4,movie,1460,4,agent,3,train,0
movie:1461:1,movie,1461,1,user,2,train,1
movie:1461:2,movie,1461,2,agent,0,train,0
movie:1461:3,movie,1461,3,user,3,train,0
movie:1461:4,movie,1461,4,agent,1,train,1
movie:1461:5,movie,1461,5,user,0,train,1
movie:1461:6,movie,1461,6,agent,2,train,0
movie:1462:1,movie,1462,1,user,1,train,0
movie:1462:2,movie,1462,2,agent,1,train,0
movie:1463:1,movie,1463,1,user,2,test,1
movie:1463:2,movie,1463,2,agent,1,test,1
movie:1463:3,movie,1463,3,user,0,test,0
movie:1463:4,movie,1463,4,agent,0,test,0
movie:1463:5,movie,1463,5,user,2,test,0
movie:1463:6,movie,1463,6,agent,1,test,0
movie:1464:1,movie,1464,1,user,1,train,0
movie:1464:2,movie,1464,2,agent,0,train,0
movie:1465:1,movie,1465,1,user,1,train,0
movie:1465:2,movie,1465,2,agent,1,train,0
movie:1466:1,movie,1466,1,user,1,train,0
movie:1466:2,movie,1466,2,agent,1,train,0
movie:1467:1,movie,1467,1,user,0,train,1
movie:1467:2,movie,1467,2,agent,1,train,1
movie:1468:1,movie,1468,1,user,1,train,0
movie:1468:2,movie,1468,2,agent,1,train,0
movie:1469:1,movie,1469,1,user,1,test,1
movie:1469:2,movie,1469,2,agent,1,test,0
movie:1470:1,movie,1470,1,user,1,test,0
movie:1470:2,movie,1470,2,agent,0,test,0
movie:1471:1,movie,1471,1,user,1,train,0
movie:1471:2,movie,1471,2,agent,1,train,0
movie:1472:1,movie,1472,1,user,2,train,0
movie:1472:2,movie,1472,2,agent,2,train,1
movie:1472:3,movie,1472,3,user,0,train,0
movie:1472:4,movie,1472,4,agent,0,train,0
movie:1472:5,movie,1472,5,user,0,train,0
movie:1472:6,movie,1472,6,agent,0,train,0
movie:1472:7,movie,1472,7,user,0,train,0
movie:1472:8,movie,1472,8,agent,1,train,0
movie:1472:9,movie,1472,9,user,3,train,1
movie:1472:10,movie,1472,10,agent,2,train,1
movie:1473:1,movie,1473,1,user,1,train,0
movie:1473:2,movie,1473,2,agent,0,train,0
movie:1473:3,movie,1473,3,user,0,train,1
movie:1473:4,movie,1473,4,agent,2,train,1
movie:1473:5,movie,1473,5,user,3,train,1
movie:1473:6,movie,1473,6,agent,2,train,0
movie:1474:1,movie,1474,1,user,2,train,0
movie:1474:2,movie,1474,2,agent,0,train,1
movie:1474:3,movie,1474,3,user,0,train,0
movie:1474:4,movie,1474,4,agent,1,train,0
movie:1474:5,movie,1474,5,user,0,train,0
movie:1474:6,movie,1474,6,agent,1,train,0
movie:1475:1,movie,1475,1,user,1,test,0
movie:1475:2,movie,1475,2,agent,1,test,0
movie:1475:3,movie,1475,3,user,2,test,0
movie:1475:4,movie,1475,4,agent,1,test,0
movie:1475:5,movie,1475,5,user,0,test,0
movie:1475:6,movie,1475,6,agent,1,test,0
movie:1475:7,movie,1475,7,user,3,test,1
movie:1475:8,movie,1475,8,agent,1,test,0
movie:1475:9,movie,1475,9,user,0,test,0
movie:1475:10,movie,1475,10,agent,1,test,1
movie:1476:1,movie,1476,1,user,1,train,0
movie:1476:2,movie,1476,2,agent,1,train,0
movie:1477:1,movie,1477,1,user,2,test,1
movie:1477:2,movie,1477,2,agent,0,test,0
movie:1477:3,movie,1477,3,user,2,test,0
movie:1477:4,movie,1477,4,agent,1,test,0
movie:1477:5,movie,1477,5,user,2,test,0
movie:1477:6,movie,1477,6,agent,1,test,0
movie:1478:1,movie,1478,1,user,1,validation,1
movie:1478:2,movie,1478,2,agent,0,validation,0
movie:1479:1,movie,1479,1,user,1,train,1
movie:1479:2,movie,1479,2,agent,0,train,0
movie:1479:3,movie,1479,3,user,0,train,0
movie:1479:4,movie,1479,4,agent,2,train,0
movie:1479:5,movie,1479,5,user,3,train,0
movie:1479:6,movie,1479,6,agent,2,train,1
movie:1479:7,movie,1479,7,user,3,train,0
movie:1479:8,movie,1479,8,agent,1,train,0
movie:1480:1,movie,1480,1,user,2,train,1
movie:1480:2,movie,1480,2,agent,0,train,1
movie:1480:3,movie,1480,3,user,0,train,0
movie:1480:4,movie,1480,4,agent,1,train,0
movie:1480:5,movie,1480,5,user,2,train,0
movie:1480:6,movie,1480,6,agent,1,train,0
movie:1481:1,movie,1481,1,user,1,train,0
movie:1481:2,movie,1481,2,agent,0,train,0
movie:1481:3,movie,1481,3,user,0,train,0
movie:1481:4,movie,1481,4,agent,0,train,1
movie:1481:5,movie,1481,5,user,0,train,0
movie:1481:6,movie,1481,6,agent,2,train,0
movie:1481:7,movie,1481,7,user,3,train,1
movie:1481:8,movie,1481,8,agent,2,train,0
movie:1482:1,movie,1482,1,user,2,validation,0
movie:1482:2,movie,1482,2,agent,3,validation,0
movie:1482:3,movie,1482,3,user,0,validation,0
movie:1482:4,movie,1482,4,agent,1,validation,0
movie:1482:5,movie,1482,5,user,0,validation,0
movie:1482:6,movie,1482,6,agent,0,validation,1
movie:1483:1,movie,1483,1,user,1,train,1
movie:1483:2,movie,1483,2,agent,1,train,0
movie:1484:1,movie,1484,1,user,3,train,1
movie:1484:2,movie,1484,2,agent,1,train,1
movie:1484:3,movie,1484,3,user,1,train,1
movie:1484:4,movie,1484,4,agent,2,train,1
movie:1485:1,movie,1485,1,user,2,validation,0
movie:1485:2,movie,1485,2,agent,0,validation,1
movie:1485:3,movie,1485,3,user,0,validation,0
movie:1485:4,movie,1485,4,agent,1,validation,0
movie:1485:5,movie,1485,5,user,0,validation,0
movie:1485:6,movie,1485,6,agent,0,validation,1
movie:1486:1,movie,1486,1,user,1,train,0
movie:1486:2,movie,1486,2,agent,1,train,0
movie:1486:3,movie,1486,3,user,0,train,0
movie:1486:4,movie,1486,4,agent,1,train,0
movie:1486:5,movie,1486,5,user,2,train,0
movie:1486:6,movie,1486,6,agent,1,train,0
movie:1486:7,movie,1486,7,user,0,train,0
movie:1486:8,movie,1486,8,agent,3,train,1
movie:1486:9,movie,1486,9,user,2,train,0
movie:1486:10,movie,1486,10,agent,1,train,0
movie:1486:11,movie,1486,11,user,0,train,0
movie:1486:12,movie,1486,12,agent,2,train,0
movie:1486:13,movie,1486,13,user,3,train,1
movie:1486:14,movie,1486,14,agent,2,train,0
movie:1486:15,movie,1486,15,user,0,train,0
movie:1486:16,movie,1486,16,agent,2,train,0
movie:1486:17,movie,1486,17,user,3,train,0
movie:1486:18,movie,1486,18,agent,3,train,1
movie:1487:1,movie,1487,1,user,2,train,0
movie:1487:2,movie,1487,2,agent,1,train,1
movie:1487:3,movie,1487,3,user,3,train,1
movie:1487:4,movie,1487,4,agent,2,train,0
movie:1487:5,movie,1487,5,user,3,train,1
movie:1487:6,movie,1487,6,agent,3,train,0
movie:1488:1,movie,1488,1,user,3,train,1
movie:1488:2,movie,1488,2,agent,2,train,0
movie:1488:3,movie,1488,3,user,3,train,1
movie:1488:4,movie,1488,4,agent,1,train,0
movie:1488:5,movie,1488,5,user,0,train,0
movie:1488:6,movie,1488,6,agent,0,train,0
movie:1488:7,movie,1488,7,user,0,train,1
movie:1488:8,movie,1488,8,agent,1,train,1
movie:1489:1,movie,1489,1,user,3,validation,0
movie:1489:2,movie,1489,2,agent,2,validation,0
movie:1489:3,movie,1489,3,user,2,validation,0
movie:1489:4,movie,1489,4,agent,2,validation,1
movie:1490:1,movie,1490,1,user,2,train,1
movie:1490:2,movie,1490,2,agent,0,train,0
movie:1490:3,movie,1490,3,user,2,train,0
movie:1490:4,movie,1490,4,agent,1,train,0
movie:1490:5,movie,1490,5,user,0,train,0
movie:1490:6,movie,1490,6,agent,1,train,0
movie:1491:1,movie,1491,1,user,1,train,0
movie:1491:2,movie,1491,2,agent,1,train,0
movie:1491:3,movie,1491,3,user,0,train,1
movie:1491:4,movie,1491,4,agent,1,train,0
movie:1491:5,movie,1491,5,user,0,train,1
movie:1491:6,movie,1491,6,agent,1,train,0
movie:1492:1,movie,1492,1,user,3,train,1
movie:1492:2,movie,1492,2,agent,0,train,0
movie:1492:3,movie,1492,3,user,3,train,0
movie:1492:4,movie,1492,4,agent,1,train,0
movie:1492:5,movie,1492,5,user,0,train,1
movie:1492:6,movie,1492,6,agent,1,train,0
movie:1492:7,movie,1492,7,user,0,train,0
movie:1492:8,movie,1492,8,agent,2,train,0
movie:1493:1,movie,1493,1,user,3,test,1
movie:1493:2,movie,1493,2,agent,3,test,1
movie:1493:3,movie,1493,3,user,3,test,0
movie:1493:4,movie,1493,4,agent,1,test,0
movie:1493:5,movie,1493,5,user,0,test,0
movie:1493:6,movie,1493,6,agent,1,test,0
movie:1493:7,movie,1493,7,user,0,test,1
movie:1493:8,movie,1493,8,agent,1,test,1
movie:1494:1,movie,1494,1,user,1,train,0
movie:1494:2,movie,1494,2,agent,1,train,1
movie:1494:3,movie,1494,3,user,2,train,0
movie:1494:4,movie,1494,4,agent,1,train,1
movie:1494:5,movie,1494,5,user,2,train,0
movie:1494:6,movie,1494,6,agent,2,train,0
movie:1494:7,movie,1494,7,user,3,train,0
movie:1494:8,movie,1494,8,agent,1,train,0
movie:1494:9,movie,1494,9,user,0,train,0
movie:1494:10,movie,1494,10,agent,0,train,0
movie:1494:11,movie,1494,11,user,3,train,1
movie:1494:12,movie,1494,12,agent,2,train,1
movie:1495:1,movie,1495,1,user,3,train,1
movie:1495:2,movie,1495,2,agent,1,train,0
movie:1495:3,movie,1495,3,user,0,train,1
movie:1495:4,movie,1495,4,agent,1,train,0
movie:1496:1,movie,1496,1,user,2,train,0
movie:1496:2,movie,1496,2,agent,0,train,0
movie:1496:3,movie,1496,3,user,2,train,0
movie:1496:4,movie,1496,4,agent,1,train,0
movie:1496:5,movie,1496,5,user,0,train,1
movie:1496:6,movie,1496,6,agent,1,train,0
movie:1497:1,movie,1497,1,user,2,train,0
movie:1497:2,movie,1497,2,agent,0,train,1
movie:1497:3,movie,1497,3,user,0,train,1
movie:1497:4,movie,1497,4,agent,1,train,1
movie:1497:5,movie,1497,5,user,3,train,0
movie:1497:6,movie,1497,6,agent,1,train,0
movie:1498:1,movie,1498,1,user,2,train,0
movie:1498:2,movie,1498,2,agent,0,train,0
movie:1498:3,movie,1498,3,user,0,train,1
movie:1498:4,movie,1498,4,agent,0,train,0
movie:1499:1,movie,1499,1,user,3,train,1
movie:1499:2,movie,1499,2,agent,0,train,0
movie:1500:1,movie,1500,1,user,3,train,0
movie:1500:2,movie,1500,2,agent,3,train,1
movie:1500:3,movie,1500,3,user,3,train,0
movie:1500:4,movie,1500,4,agent,1,train,0
movie:1500:5,movie,1500,5,user,0,train,0
movie:1500:6,movie,1500,6,agent,0,train,0
movie:1500:7,movie,1500,7,user,0,train,0
movie:1500:8,movie,1500,8,agent,1,train,0
movie:1500:9,movie,1500,9,user,0,train,0
movie:1500:10,movie,1500,10,agent,2,train,0
movie:1500:11,movie,1500,11,user,3,train,0
movie:1500:12,movie,1500,12,agent,2,train,0
movie:1501:1,movie,1501,1,user,1,test,0
movie:1501:2,movie,1501,2,agent,1,test,0
movie:1502:1,movie,1502,1,user,2,test,1
movie:1502:2,movie,1502,2,agent,0,test,1
movie:1502:3,movie,1502,3,user,2,test,1
movie:1502:4,movie,1502,4,agent,1,test,0
movie:1502:5,movie,1502,5,user,0,test,1
movie:1502:6,movie,1502,6,agent,1,test,0
movie:1503:1,movie,1503,1,user,1,test,1
movie:1503:2,movie,1503,2,agent,1,test,0
movie:1503:3,movie,1503,3,user,3,test,0
movie:1503:4,movie,1503,4,agent,1,test,0
movie:1503:5,movie,1503,5,user,2,test,0
movie:1503:6,movie,1503,6,agent,2,test,0
movie:1503:7,movie,1503,7,user,3,test,1
movie:1503:8,movie,1503,8,agent,1,test,0
movie:1503:9,movie,1503,9,user,0,test,1
movie:1503:10,movie,1503,10,agent,2,test,0
movie:1503:11,movie,1503,11,user,2,test,1
movie:1503:12,movie,1503,12,agent,2,test,0
movie:1504:1,movie,1504,1,user,3,train,1
movie:1504:2,movie,1504,2,agent,1,train,1
movie:1504:3,movie,1504,3,user,2,train,0
movie:1504:4,movie,1504,4,agent,0,train,0
movie:1504:5,movie,1504,5,user,0,train,0
movie:1504:6,movie,1504,6,agent,1,train,1
movie:1505:1,movie,1505,1,user,3,train,1
movie:1505:2,movie,1505,2,agent,1,train,0
movie:1505:3,movie,1505,3,user,2,train,0
movie:1505:4,movie,1505,4,agent,1,train,0
movie:1506:1,movie,1506,1,user,3,validation,0
movie:1506:2,movie,1506,2,agent,3,validation,0
movie:1506:3,movie,1506,3,user,2,validation,1
movie:1506:4,movie,1506,4,agent,0,validation,0
movie:1506:5,movie,1506,5,user,0,validation,0
movie:1506:6,movie,1506,6,agent,0,validation,0
movie:1506:7,movie,1506,7,user,0,validation,0
movie:1506:8,movie,1506,8,agent,2,validation,0
movie:1506:9,movie,1506,9,user,3,validation,1
movie:1506:10,movie,1506,10,agent,2,validation,0
movie:1506:11,movie,1506,11,user,2,validation,0
movie:1506:12,movie,1506,12,agent,0,validation,0
movie:1506:13,movie,1506,13,user,0,validation,0
movie:1506:14,movie,1506,14,agent,2,validation,0
movie:1506:15,movie,1506,15,user,3,validation,1
movie:1506:16,movie,1506,16,agent,3,validation,0
movie:1506:17,movie,1506,17,user,2,validation,0
movie:1506:18,movie,1506,18,agent,0,validation,0
movie:1507:1,movie,1507,1,user,3,train,0
movie:1507:2,movie,1507,2,agent,1,train,1
movie:1507:3,movie,1507,3,user,2,train,0
movie:1507:4,movie,1507,4,agent,1,train,0
movie:1508:1,movie,1508,1,user,3,train,0
movie:1508:2,movie,1508,2,agent,3,train,1
movie:1508:3,movie,1508,3,user,1,train,0
movie:1508:4,movie,1508,4,agent,1,train,0
movie:1508:5,movie,1508,5,user,2,train,0
movie:1508:6,movie,1508,6,agent,1,train,0
movie:1509:1,movie,1509,1,user,3,test,0
movie:1509:2,movie,1509,2,agent,2,test,0
movie:1509:3,movie,1509,3,user,1,test,0
movie:1509:4,movie,1509,4,agent,0,test,0
movie:1509:5,movie,1509,5,user,3,test,1
movie:1509:6,movie,1509,6,agent,3,test,1
movie:1510:1,movie,1510,1,user,3,train,0
movie:1510:2,movie,1510,2,agent,3,train,1
movie:1510:3,movie,1510,3,user,3,train,1
movie:1510:4,movie,1510,4,agent,1,train,0
movie:1510:5,movie,1510,5,user,0,train,0
movie:1510:6,movie,1510,6,agent,0,train,0
movie:1510:7,movie,1510,7,user,0,train,0
movie:1510:8,movie,1510,8,agent,1,train,0
movie:1511:1,movie,1511,1,user,3,train,1
movie:1511:2,movie,1511,2,agent,1,train,0
movie:1511:3,movie,1511,3,user,1,train,0
movie:1511:4,movie,1511,4,agent,2,train,1
movie:1512:1,movie,1512,1,user,3,train,0
movie:1512:2,movie,1512,2,agent,1,train,0
movie:1512:3,movie,1512,3,user,1,train,0
movie:1512:4,movie,1512,4,agent,0,train,1
movie:1512:5,movie,1512,5,user,0,train,0
movie:1512:6,movie,1512,6,agent,1,train,0
movie:1513:1,movie,1513,1,user,3,train,1
movie:1513:2,movie,1513,2,agent,2,train,0
movie:1513:3,movie,1513,3,user,0,train,1
movie:1513:4,movie,1513,4,agent,2,train,0
movie:1514:1,movie,1514,1,user,3,train,0
movie:1514:2,movie,1514,2,agent,2,train,0
movie:1514:3,movie,1514,3,user,3,train,0
movie:1514:4,movie,1514,4,agent,2,train,0
movie:1515:1,movie,1515,1,user,3,train,0
movie:1515:2,movie,1515,2,agent,1,train,0
movie:1515:3,movie,1515,3,user,2,train,0
movie:1515:4,movie,1515,4,agent,1,train,0
movie:1515:5,movie,1515,5,user,0,train,0
movie:1515:6,movie,1515,6,agent,2,train,1
movie:1515:7,movie,1515,7,user,2,train,0
movie:1515:8,movie,1515,8,agent,2,train,0
movie:1516:1,movie,1516,1,user,0,train,0
movie:1516:2,movie,1516,2,agent,2,train,1
movie:1516:3,movie,1516,3,user,0,train,1
movie:1516:4,movie,1516,4,agent,1,train,0
movie:1516:5,movie,1516,5,user,0,train,0
movie:1516:6,movie,1516,6,agent,1,train,0
movie:1516:7,movie,1516,7,user,0,train,1
movie:1516:8,movie,1516,8,agent,2,train,0
movie:1517:1,movie,1517,1,user,1,train,0
movie:1517:2,movie,1517,2,agent,1,train,0
movie:1517:3,movie,1517,3,user,0,train,0
movie:1517:4,movie,1517,4,agent,0,train,0
movie:1517:5,movie,1517,5,user,0,train,0
movie:1517:6,movie,1517,6,agent,2,train,0
movie:1518:1,movie,1518,1,user,2,test,1
movie:1518:2,movie,1518,2,agent,3,test,0
movie:1518:3,movie,1518,3,user,0,test,0
movie:1518:4,movie,1518,4,agent,2,test,0
movie:1518:5,movie,1518,5,user,0,test,1
movie:1518:6,movie,1518,6,agent,1,test,0
movie:1519:1,movie,1519,1,user,3,train,1
movie:1519:2,movie,1519,2,agent,2,train,0
movie:1519:3,movie,1519,3,user,3,train,1
movie:1519:4,movie,1519,4,agent,2,train,1
movie:1520:1,movie,1520,1,user,2,train,0
movie:1520:2,movie,1520,2,agent,0,train,0
movie:1520:3,movie,1520,3,user,2,train,1
movie:1520:4,movie,1520,4,agent,1,train,0
movie:1521:1,movie,1521,1,user,3,train,1
movie:1521:2,movie,1521,2,agent,2,train,0
movie:1521:3,movie,1521,3,user,0,train,0
movie:1521:4,movie,1521,4,agent,2,train,0
movie:1522:1,movie,1522,1,user,3,validation,0
movie:1522:2,movie,1522,2,agent,1,validation,0
movie:1522:3,movie,1522,3,user,0,validation,0
movie:1522:4,movie,1522,4,agent,0,validation,0
movie:1522:5,movie,1522,5,user,0,validation,0
movie:1522:6,movie,1522,6,agent,1,validation,0
movie:1522:7,movie,1522,7,user,2,validation,0
movie:1522:8,movie,1522,8,agent,2,validation,0
movie:1522:9,movie,1522,9,user,2,validation,0
movie:1522:10,movie,1522,10,agent,2,validation,0
movie:1523:1,movie,1523,1,user,3,validation,0
movie:1523:2,movie,1523,2,agent,2,validation,0
movie:1524:1,movie,1524,1,user,3,validation,1
movie:1524:2,movie,1524,2,agent,2,validation,0
movie:1525:1,movie,1525,1,user,2,train,1
movie:1525:2,movie,1525,2,agent,0,train,1
movie:1525:3,movie,1525,3,user,0,train,0
movie:1525:4,movie,1525,4,agent,1,train,0
movie:1526:1,movie,1526,1,user,1,train,1
movie:1526:2,movie,1526,2,agent,2,train,0
movie:1527:1,movie,1527,1,user,3,test,0
movie:1527:2,movie,1527,2,agent,1,test,0
movie:1527:3,movie,1527,3,user,1,test,0
movie:1527:4,movie,1527,4,agent,1,test,0
movie:1527:5,movie,1527,5,user,0,test,0
movie:1527:6,movie,1527,6,agent,2,test,0
movie:1527:7,movie,1527,7,user,3,test,1
movie:1527:8,movie,1527,8,agent,2,test,0
movie:1528:1,movie,1528,1,user,3,test,0
movie:1528:2,movie,1528,2,agent,2,test,1
movie:1528:3,movie,1528,3,user,3,test,1
movie:1528:4,movie,1528,4,agent,3,test,0
movie:1529:1,movie,1529,1,user,3,train,0
movie:1529:2,movie,1529,2,agent,2,train,0
movie:1529:3,movie,1529,3,user,3,train,1
movie:1529:4,movie,1529,4,agent,0,train,0
movie:1530:1,movie,1530,1,user,3,train,0
movie:1530:2,movie,1530,2,agent,1,train,0
movie:1530:3,movie,1530,3,user,2,train,0
movie:1530:4,movie,1530,4,agent,1,train,0
movie:1530:5,movie,1530,5,user,0,train,1
movie:1530:6,movie,1530,6,agent,1,train,0
movie:1531:1,movie,1531,1,user,2,train,0
movie:1531:2,movie,1531,2,agent,0,train,0
movie:1531:3,movie,1531,3,user,0,train,1
movie:1531:4,movie,1531,4,agent,1,train,0
movie:1532:1,movie,1532,1,user,3,train,0
movie:1532:2,movie,1532,2,agent,3,train,1
movie:1532:3,movie,1532,3,user,2,train,0
movie:1532:4,movie,1532,4,agent,1,train,0
movie:1532:5,movie,1532,5,user,0,train,1
movie:1532:6,movie,1532,6,agent,1,train,0
movie:1533:1,movie,1533,1,user,3,train,1
movie:1533:2,movie,1533,2,agent,2,train,0
movie:1534:1,movie,1534,1,user,3,train,1
movie:1534:2,movie,1534,2,agent,3,train,0
movie:1534:3,movie,1534,3,user,3,train,1
movie:1534:4,movie,1534,4,agent,1,train,1
movie:1535:1,movie,1535,1,user,0,train,1
movie:1535:2,movie,1535,2,agent,1,train,0
movie:1536:1,movie,1536,1,user,3,test,0
movie:1536:2,movie,1536,2,agent,1,test,0
movie:1536:3,movie,1536,3,user,2,test,0
movie:1536:4,movie,1536,4,agent,2,test,1
movie:1536:5,movie,1536,5,user,0,test,1
movie:1536:6,movie,1536,6,agent,1,test,1
movie:1537:1,movie,1537,1,user,2,validation,0
movie:1537:2,movie,1537,2,agent,1,validation,0
movie:1537:3,movie,1537,3,user,3,validation,0
movie:1537:4,movie,1537,4,agent,1,validation,0
movie:1538:1,movie,1538,1,user,3,train,1
movie:1538:2,movie,1538,2,agent,1,train,0
movie:1538:3,movie,1538,3,user,2,train,1
movie:1538:4,movie,1538,4,agent,1,train,0
movie:1538:5,movie,1538,5,user,2,train,1
movie:1538:6,movie,1538,6,agent,1,train,0
movie:1539:1,movie,1539,1,user,3,validation,1
movie:1539:2,movie,1539,2,agent,1,validation,0
movie:1539:3,movie,1539,3,user,3,validation,0
movie:1539:4,movie,1539,4,agent,1,validation,0
movie:1539:5,movie,1539,5,user,0,validation,0
movie:1539:6,movie,1539,6,agent,2,validation,0
movie:1539:7,movie,1539,7,user,2,validation,0
movie:1539:8,movie,1539,8,agent,2,validation,0
movie:1539:9,movie,1539,9,user,0,validation,1
movie:1539:10,movie,1539,10,agent,0,validation,1
movie:1539:11,movie,1539,11,user,0,validation,0
movie:1539:12,movie,1539,12,agent,1,validation,0
movie:1539:13,movie,1539,13,user,0,validation,0
movie:1539:14,movie,1539,14,agent,3,validation,1
movie:1539:15,movie,1539,15,user,2,validation,0
movie:1539:16,movie,1539,16,agent,0,validation,1
movie:1540:1,movie,1540,1,user,2,train,0
movie:1540:2,movie,1540,2,agent,0,train,0
movie:1540:3,movie,1540,3,user,0,train,1
movie:1540:4,movie,1540,4,agent,1,train,1
movie:1540:5,movie,1540,5,user,0,train,0
movie:1540:6,movie,1540,6,agent,2,train,0
movie:1541:1,movie,1541,1,user,3,train,1
movie:1541:2,movie,1541,2,agent,3,train,0
movie:1541:3,movie,1541,3,user,3,train,1
movie:1541:4,movie,1541,4,agent,1,train,0
movie:1541:5,movie,1541,5,user,0,train,0
movie:1541:6,movie,1541,6,agent,1,train,0
movie:1542:1,movie,1542,1,user,3,train,0
movie:1542:2,movie,1542,2,agent,2,train,1
movie:1542:3,movie,1542,3,user,0,train,0
movie:1542:4,movie,1542,4,agent,1,train,0
movie:1542:5,movie,1542,5,user,0,train,0
movie:1542:6,movie,1542,6,agent,2,train,0
movie:1543:1,movie,1543,1,user,3,test,0
movie:1543:2,movie,1543,2,agent,1,test,0
movie:1543:3,movie,1543,3,user,0,test,0
movie:1543:4,movie,1543,4,agent,1,test,0
movie:1543:5,movie,1543,5,user,0,test,0
movie:1543:6,movie,1543,6,agent,0,test,1
movie:1544:1,movie,1544,1,user,3,train,0
movie:1544:2,movie,1544,2,agent,0,train,0
movie:1545:1,movie,1545,1,user,1,train,0
movie:1545:2,movie,1545,2,agent,0,train,1
movie:1545:3,movie,1545,3,user,0,train,1
movie:1545:4,movie,1545,4,agent,1,train,1
movie:1545:5,movie,1545,5,user,0,train,0
movie:1545:6,movie,1545,6,agent,0,train,0
movie:1545:7,movie,1545,7,user,2,train,0
movie:1545:8,movie,1545,8,agent,1,train,0
movie:1545:9,movie,1545,9,user,2,train,1
movie:1545:10,movie,1545,10,agent,0,train,0
movie:1546:1,movie,1546,1,user,1,train,0
movie:1546:2,movie,1546,2,agent,1,train,0
movie:1546:3,movie,1546,3,user,2,train,0
movie:1546:4,movie,1546,4,agent,2,train,1
movie:1547:1,movie,1547,1,user,3,train,1
movie:1547:2,movie,1547,2,agent,0,train,0
movie:1547:3,movie,1547,3,user,0,train,1
movie:1547:4,movie,1547,4,agent,2,train,1
movie:1548:1,movie,1548,1,user,2,train,1
movie:1548:2,movie,1548,2,agent,1,train,1
movie:1548:3,movie,1548,3,user,2,train,0
movie:1548:4,movie,1548,4,agent,1,train,0
movie:1549:1,movie,1549,1,user,3,train,1
movie:1549:2,movie,1549,2,agent,1,train,1
movie:1549:3,movie,1549,3,user,3,train,1
movie:1549:4,movie,1549,4,agent,2,train,0
movie:1549:5,movie,1549,5,user,2,train,0
movie:1549:6,movie,1549,6,agent,0,train,0
movie:1549:7,movie,1549,7,user,0,train,0
movie:1549:8,movie,1549,8,agent,2,train,1
movie:1550:1,movie,1550,1,user,2,validation,0
movie:1550:2,movie,1550,2,agent,0,validation,0
movie:1550:3,movie,1550,3,user,0,validation,0
movie:1550:4,movie,1550,4,agent,2,validation,0
movie:1550:5,movie,1550,5,user,3,validation,1
movie:1550:6,movie,1550,6,agent,2,validation,1
movie:1551:1,movie,1551,1,user,3,train,1
movie:1551:2,movie,1551,2,agent,2,train,0
movie:1551:3,movie,1551,3,user,3,train,0
movie:1551:4,movie,1551,4,agent,2,train,1
movie:1552:1,movie,1552,1,user,2,train,1
movie:1552:2,movie,1552,2,agent,2,train,0
movie:1552:3,movie,1552,3,user,2,train,0
movie:1552:4,movie,1552,4,agent,2,train,0
movie:1552:5,movie,1552,5,user,3,train,0
movie:1552:6,movie,1552,6,agent,2,train,1
movie:1553:1,movie,1553,1,user,3,train,1
movie:1553:2,movie,1553,2,agent,1,train,0
movie:1553:3,movie,1553,3,user,2,train,0
movie:1553:4,movie,1553,4,agent,1,train,1
movie:1553:5,movie,1553,5,user,2,train,0
movie:1553:6,movie,1553,6,agent,1,train,0
movie:1553:7,movie,1553,7,user,2,train,0
movie:1553:8,movie,1553,8,agent,1,train,0
movie:1554:1,movie,1554,1,user,1,train,0
movie:1554:2,movie,1554,2,agent,1,train,0
movie:1554:3,movie,1554,3,user,0,train,0
movie:1554:4,movie,1554,4,agent,2,train,0
movie:1554:5,movie,1554,5,user,3,train,1
movie:1554:6,movie,1554,6,agent,2,train,1
movie:1555:1,movie,1555,1,user,3,train,0
movie:1555:2,movie,1555,2,agent,0,train,0
movie:1555:3,movie,1555,3,user,0,train,0
movie:1555:4,movie,1555,4,agent,2,train,0
movie:1555:5,movie,1555,5,user,3,train,1
movie:1555:6,movie,1555,6,agent,2,train,0
movie:1556:1,movie,1556,1,user,2,test,0
movie:1556:2,movie,1556,2,agent,2,test,1
movie:1556:3,movie,1556,3,user,3,test,0
movie:1556:4,movie,1556,4,agent,2,test,0
movie:1557:1,movie,1557,1,user,0,validation,1
movie:1557:2,movie,1557,2,agent,2,validation,1
movie:1557:3,movie,1557,3,user,3,validation,0
movie:1557:4,movie,1557,4,agent,2,validation,0
movie:1557:5,movie,1557,5,user,3,validation,0
movie:1557:6,movie,1557,6,agent,2,validation,0
movie:1558:1,movie,1558,1,user,2,train,1
movie:1558:2,movie,1558,2,agent,1,train,0
movie:1558:3,movie,1558,3,user,2,train,0
movie:1558:4,movie,1558,4,agent,2,train,0
movie:1559:1,movie,1559,1,user,2,train,0
movie:1559:2,movie,1559,2,agent,1,train,0
movie:1559:3,movie,1559,3,user,0,train,1
movie:1559:4,movie,1559,4,agent,2,train,0
movie:1559:5,movie,1559,5,user,2,train,0
movie:1559:6,movie,1559,6,agent,2,train,0
movie:1559:7,movie,1559,7,user,3,train,1
movie:1559:8,movie,1559,8,agent,2,train,1
movie:1559:9,movie,1559,9,user,3,train,1
movie:1559:10,movie,1559,10,agent,3,train,1
movie:1560:1,movie,1560,1,user,2,test,0
movie:1560:2,movie,1560,2,agent,2,test,0
movie:1560:3,movie,1560,3,user,2,test,1
movie:1560:4,movie,1560,4,agent,2,test,1
movie:1560:5,movie,1560,5,user,3,test,1
movie:1560:6,movie,1560,6,agent,2,test,0
movie:1560:7,movie,1560,7,user,3,test,0
movie:1560:8,movie,1560,8,agent,3,test,1
movie:1561:1,movie,1561,1,user,2,validation,1
movie:1561:2,movie,1561,2,agent,0,validation,1
movie:1561:3,movie,1561,3,user,2,validation,0
movie:1561:4,movie,1561,4,agent,2,validation,0
movie:1561:5,movie,1561,5,user,2,validation,0
movie:1561:6,movie,1561,6,agent,2,validation,0
movie:1562:1,movie,1562,1,user,0,train,1
movie:1562:2,movie,1562,2,agent,1,train,0
movie:1562:3,movie,1562,3,user,2,train,0
movie:1562:4,movie,1562,4,agent,3,train,0
movie:1562:5,movie,1562,5,user,3,train,1
movie:1562:6,movie,1562,6,agent,3,train,1
movie:1563:1,movie,1563,1,user,2,train,0
movie:1563:2,movie,1563,2,agent,2,train,0
movie:1563:3,movie,1563,3,user,3,train,1
movie:1563:4,movie,1563,4,agent,1,train,0
movie:1563:5,movie,1563,5,user,2,train,1
movie:1563:6,movie,1563,6,agent,2,train,0
movie:1564:1,movie,1564,1,user,3,train,1
movie:1564:2,movie,1564,2,agent,3,train,1
movie:1564:3,movie,1564,3,user,3,train,0
movie:1564:4,movie,1564,4,agent,0,train,1
movie:1564:5,movie,1564,5,user,3,train,1
movie:1564:6,movie,1564,6,agent,2,train,0
movie:1564:7,movie,1564,7,user,3,train,0
movie:1564:8,movie,1564,8,agent,3,train,0
movie:1565:1,movie,1565,1,user,3,train,1
movie:1565:2,movie,1565,2,agent,1,train,0
movie:1565:3,movie,1565,3,user,3,train,0
movie:1565:4,movie,1565,4,agent,3,train,0
movie:1566:1,movie,1566,1,user,2,test,0
movie:1566:2,movie,1566,2,agent,1,test,1
movie:1566:3,movie,1566,3,user,0,test,0
movie:1566:4,movie,1566,4,agent,1,test,0
movie:1566:5,movie,1566,5,user,0,test,0
movie:1566:6,movie,1566,6,agent,3,test,0
movie:1566:7,movie,1566,7,user,2,test,0
movie:1566:8,movie,1566,8,agent,2,test,1
movie:1567:1,movie,1567,1,user,2,train,0
movie:1567:2,movie,1567,2,agent,2,train,0
movie:1567:3,movie,1567,3,user,3,train,1
movie:1567:4,movie,1567,4,agent,2,train,0
movie:1567:5,movie,1567,5,user,3,train,0
movie:1567:6,movie,1567,6,agent,3,train,1
movie:1568:1,movie,1568,1,user,2,train,1
movie:1568:2,movie,1568,2,agent,1,train,0
movie:1568:3,movie,1568,3,user,3,train,0
movie:1568:4,movie,1568,4,agent,3,train,0
movie:1569:1,movie,1569,1,user,2,train,0
movie:1569:2,movie,1569,2,agent,1,train,1
movie:1569:3,movie,1569,3,user,2,train,1
movie:1569:4,movie,1569,4,agent,2,train,0
movie:1569:5,movie,1569,5,user,3,train,1
movie:1569:6,movie,1569,6,agent,3,train,0
movie:1570:1,movie,1570,1,user,2,train,0
movie:1570:2,movie,1570,2,agent,1,train,0
movie:1570:3,movie,1570,3,user,3,train,0
movie:1570:4,movie,1570,4,agent,2,train,1
movie:1571:1,movie,1571,1,user,2,train,0
movie:1571:2,movie,1571,2,agent,0,train,1
movie:1571:3,movie,1571,3,user,3,train,1
movie:1571:4,movie,1571,4,agent,1,train,1
movie:1571:5,movie,1571,5,user,3,train,1
movie:1571:6,movie,1571,6,agent,2,train,0
movie:1571:7,movie,1571,7,user,3,train,1
movie:1571:8,movie,1571,8,agent,3,train,1
movie:1572:1,movie,1572,1,user,1,train,0
movie:1572:2,movie,1572,2,agent,0,train,0
movie:1572:3,movie,1572,3,user,0,train,1
movie:1572:4,movie,1572,4,agent,2,train,0
movie:1572:5,movie,1572,5,user,2,train,1
movie:1572:6,movie,1572,6,agent,1,train,0
movie:1572:7,movie,1572,7,user,3,train,1
movie:1572:8,movie,1572,8,agent,2,train,0
movie:1572:9,movie,1572,9,user,3,train,0
movie:1572:10,movie,1572,10,agent,2,train,0
movie:1573:1,movie,1573,1,user,2,train,0
movie:1573:2,movie,1573,2,agent,1,train,0
movie:1573:3,movie,1573,3,user,3,train,1
movie:1573:4,movie,1573,4,agent,2,train,0
movie:1574:1,movie,1574,1,user,3,test,0
movie:1574:2,movie,1574,2,agent,1,test,0
movie:1574:3,movie,1574,3,user,3,test,1
movie:1574:4,movie,1574,4,agent,2,test,0
movie:1574:5,movie,1574,5,user,3,test,1
movie:1574:6,movie,1574,6,agent,3,test,0
movie:1575:1,movie,1575,1,user,2,train,1
movie:1575:2,movie,1575,2,agent,1,train,1
movie:1575:3,movie,1575,3,user,3,train,1
movie:1575:4,movie,1575,4,agent,3,train,1
movie:1575:5,movie,1575,5,user,3,train,1
movie:1575:6,movie,1575,6,agent,3,train,0
movie:1576:1,movie,1576,1,user,2,validation,0
movie:1576:2,movie,1576,2,agent,1,validation,0
movie:1576:3,movie,1576,3,user,3,validation,0
movie:1576:4,movie,1576,4,agent,3,validation,0
movie:1576:5,movie,1576,5,user,3,validation,1
movie:1576:6,movie,1576,6,agent,3,validation,1
movie:1577:1,movie,1577,1,user,2,train,1
movie:1577:2,movie,1577,2,agent,3,train,0
movie:1577:3,movie,1577,3,user,1,train,0
movie:1577:4,movie,1577,4,agent,2,train,0
movie:1578:1,movie,1578,1,user,2,validation,0
movie:1578:2,movie,1578,2,agent,1,validation,0
movie:1578:3,movie,1578,3,user,0,validation,0
movie:1578:4,movie,1578,4,agent,2,validation,1
movie:1578:5,movie,1578,5,user,2,validation,0
movie:1578:6,movie,1578,6,agent,2,validation,0
movie:1579:1,movie,1579,1,user,2,test,0
movie:1579:2,movie,1579,2,agent,1,test,0
movie:1579:3,movie,1579,3,user,2,test,1
movie:1579:4,movie,1579,4,agent,2,test,0
movie:1580:1,movie,1580,1,user,2,train,0
movie:1580:2,movie,1580,2,agent,1,train,0
movie:1580:3,movie,1580,3,user,0,train,0
movie:1580:4,movie,1580,4,agent,1,train,0
movie:1580:5,movie,1580,5,user,0,train,0
movie:1580:6,movie,1580,6,agent,2,train,0
movie:1581:1,movie,1581,1,user,2,train,0
movie:1581:2,movie,1581,2,agent,0,train,0
movie:1581:3,movie,1581,3,user,3,train,1
movie:1581:4,movie,1581,4,agent,1,train,0
movie:1581:5,movie,1581,5,user,3,train,0
movie:1581:6,movie,1581,6,agent,2,train,0
movie:1581:7,movie,1581,7,user,3,train,0
movie:1581:8,movie,1581,8,agent,3,train,0
movie:1582:1,movie,1582,1,user,1,train,0
movie:1582:2,movie,1582,2,agent,2,train,0
movie:1582:3,movie,1582,3,user,3,train,1
movie:1582:4,movie,1582,4,agent,2,train,1
movie:1583:1,movie,1583,1,user,1,train,0
movie:1583:2,movie,1583,2,agent,1,train,0
movie:1583:3,movie,1583,3,user,2,train,0
movie:1583:4,movie,1583,4,agent,2,train,0
movie:1583:5,movie,1583,5,user,0,train,0
movie:1583:6,movie,1583,6,agent,0,train,0
movie:1583:7,movie,1583,7,user,0,train,0
movie:1583:8,movie,1583,8,agent,1,train,0
movie:1583:9,movie,1583,9,user,3,train,0
movie:1583:10,movie,1583,10,agent,2,train,0
movie:1584:1,movie,1584,1,user,2,train,0
movie:1584:2,movie,1584,2,agent,2,train,0
movie:1584:3,movie,1584,3,user,2,train,1
movie:1584:4,movie,1584,4,agent,2,train,0
movie:1584:5,movie,1584,5,user,0,train,0
movie:1584:6,movie,1584,6,agent,2,train,0
movie:1584:7,movie,1584,7,user,3,train,0
movie:1584:8,movie,1584,8,agent,3,train,1
movie:1585:1,movie,1585,1,user,1,train,0
movie:1585:2,movie,1585,2,agent,1,train,0
movie:1585:3,movie,1585,3,user,2,train,1
movie:1585:4,movie,1585,4,agent,2,train,0
movie:1586:1,movie,1586,1,user,3,validation,0
movie:1586:2,movie,1586,2,agent,1,validation,0
movie:1586:3,movie,1586,3,user,3,validation,1
movie:1586:4,movie,1586,4,agent,1,validation,0
movie:1586:5,movie,1586,5,user,0,validation,1
movie:1586:6,movie,1586,6,agent,2,validation,1
movie:1586:7,movie,1586,7,user,3,validation,0
movie:1586:8,movie,1586,8,agent,2,validation,0
movie:1586:9,movie,1586,9,user,3,validation,1
movie:1586:10,movie,1586,10,agent,3,validation,1
movie:1587:1,movie,1587,1,user,0,test,0
movie:1587:2,movie,1587,2,agent,0,test,0
movie:1587:3,movie,1587,3,user,0,test,1
movie:1587:4,movie,1587,4,agent,2,test,0
movie:1587:5,movie,1587,5,user,2,test,0
movie:1587:6,movie,1587,6,agent,1,test,0
movie:1587:7,movie,1587,7,user,1,test,0
movie:1587:8,movie,1587,8,agent,0,test,1
movie:1587:9,movie,1587,9,user,2,test,0
movie:1587:10,movie,1587,10,agent,2,test,0
movie:1588:1,movie,1588,1,user,1,train,0
movie:1588:2,movie,1588,2,agent,1,train,0
movie:1588:3,movie,1588,3,user,0,train,0
movie:1588:4,movie,1588,4,agent,2,train,0
movie:1588:5,movie,1588,5,user,3,train,1
movie:1588:6,movie,1588,6,agent,2,train,0
movie:1589:1,movie,1589,1,user,3,train,0
movie:1589:2,movie,1589,2,agent,0,train,0
movie:1589:3,movie,1589,3,user,3,train,1
movie:1589:4,movie,1589,4,agent,2,train,0
movie:1589:5,movie,1589,5,user,2,train,1
movie:1589:6,movie,1589,6,agent,2,train,0
movie:1590:1,movie,1590,1,user,3,train,0
movie:1590:2,movie,1590,2,agent,1,train,0
movie:1590:3,movie,1590,3,user,3,train,1
movie:1590:4,movie,1590,4,agent,2,train,0
movie:1590:5,movie,1590,5,user,3,train,0
movie:1590:6,movie,1590,6,agent,2,train,0
movie:1591:1,movie,1591,1,user,2,train,0
movie:1591:2,movie,1591,2,agent,2,train,1
movie:1591:3,movie,1591,3,user,0,train,1
movie:1591:4,movie,1591,4,agent,1,train,0
movie:1591:5,movie,1591,5,user,0,train,0
movie:1591:6,movie,1591,6,agent,1,train,1
movie:1591:7,movie,1591,7,user,2,train,0
movie:1591:8,movie,1591,8,agent,2,train,0
movie:1591:9,movie,1591,9,user,2,train,0
movie:1591:10,movie,1591,10,agent,2,train,0
movie:1592:1,movie,1592,1,user,3,test,0
movie:1592:2,movie,1592,2,agent,0,test,1
movie:1592:3,movie,1592,3,user,1,test,0
movie:1592:4,movie,1592,4,agent,2,test,0
movie:1593:1,movie,1593,1,user,2,train,0
movie:1593:2,movie,1593,2,agent,0,train,1
movie:1593:3,movie,1593,3,user,2,train,0
movie:1593:4,movie,1593,4,agent,0,train,1
movie:1593:5,movie,1593,5,user,0,train,1
movie:1593:6,movie,1593,6,agent,0,train,0
movie:1593:7,movie,1593,7,user,2,train,0
movie:1593:8,movie,1593,8,agent,2,train,0
movie:1593:9,movie,1593,9,user,0,train,1
movie:1593:10,movie,1593,10,agent,2,train,0
movie:1594:1,movie,1594,1,user,3,validation,1
movie:1594:2,movie,1594,2,agent,1,validation,1
movie:1594:3,movie,1594,3,user,0,validation,0
movie:1594:4,movie,1594,4,agent,2,validation,0
movie:1594:5,movie,1594,5,user,2,validation,0
movie:1594:6,movie,1594,6,agent,2,validation,0
movie:1595:1,movie,1595,1,user,1,validation,0
movie:1595:2,movie,1595,2,agent,1,validation,0
movie:1595:3,movie,1595,3,user,3,validation,0
movie:1595:4,movie,1595,4,agent,2,validation,0
movie:1595:5,movie,1595,5,user,2,validation,0
movie:1595:6,movie,1595,6,agent,2,validation,0
movie:1596:1,movie,1596,1,user,0,train,0
movie:1596:2,movie,1596,2,agent,1,train,0
movie:1596:3,movie,1596,3,user,2,train,0
movie:1596:4,movie,1596,4,agent,2,train,1
movie:1596:5,movie,1596,5,user,3,train,1
movie:1596:6,movie,1596,6,agent,3,train,1
movie:1597:1,movie,1597,1,user,0,test,1
movie:1597:2,movie,1597,2,agent,1,test,0
movie:1597:3,movie,1597,3,user,0,test,0
movie:1597:4,movie,1597,4,agent,2,test,1
movie:1597:5,movie,1597,5,user,3,test,0
movie:1597:6,movie,1597,6,agent,2,test,1
movie:1598:1,movie,1598,1,user,3,train,1
movie:1598:2,movie,1598,2,agent,1,train,1
movie:1598:3,movie,1598,3,user,0,train,0
movie:1598:4,movie,1598,4,agent,2,train,1
movie:1598:5,movie,1598,5,user,3,train,1
movie:1598:6,movie,1598,6,agent,2,train,0
movie:1599:1,movie,1599,1,user,2,train,0
movie:1599:2,movie,1599,2,agent,0,train,1
movie:1599:3,movie,1599,3,user,2,train,0
movie:1599:4,movie,1599,4,agent,1,train,0
movie:1599:5,movie,1599,5,user,0,train,0
movie:1599:6,movie,1599,6,agent,2,train,0
movie:1599:7,movie,1599,7,user,3,train,0
movie:1599:8,movie,1599,8,agent,2,train,0
movie:1599:9,movie,1599,9,user,3,train,0
movie:1599:10,movie,1599,10,agent,3,train,0
movie:1600:1,movie,1600,1,user,2,train,0
movie:1600:2,movie,1600,2,agent,0,train,1
movie:1600:3,movie,1600,3,user,0,train,0
movie:1600:4,movie,1600,4,agent,1,train,0
movie:1601:1,movie,1601,1,user,3,train,0
movie:1601:2,movie,1601,2,agent,2,train,0
movie:1601:3,movie,1601,3,user,0,train,0
movie:1601:4,movie,1601,4,agent,0,train,0
movie:1601:5,movie,1601,5,user,0,train,1
movie:1601:6,movie,1601,6,agent,1,train,0
movie:1601:7,movie,1601,7,user,3,train,1
movie:1601:8,movie,1601,8,agent,2,train,1
movie:1601:9,movie,1601,9,user,3,train,1
movie:1601:10,movie,1601,10,agent,3,train,0
movie:1602:1,movie,1602,1,user,1,train,0
movie:1602:2,movie,1602,2,agent,0,train,1
movie:1602:3,movie,1602,3,user,2,train,0
movie:1602:4,movie,1602,4,agent,2,train,0
movie:1602:5,movie,1602,5,user,3,train,1
movie:1602:6,movie,1602,6,agent,2,train,0
movie:1603:1,movie,1603,1,user,1,train,0
movie:1603:2,movie,1603,2,agent,1,train,0
movie:1603:3,movie,1603,3,user,2,train,0
movie:1603:4,movie,1603,4,agent,2,train,0
movie:1603:5,movie,1603,5,user,2,train,0
movie:1603:6,movie,1603,6,agent,2,train,0
movie:1604:1,movie,1604,1,user,1,train,0
movie:1604:2,movie,1604,2,agent,2,train,0
movie:1604:3,movie,1604,3,user,2,train,0
movie:1604:4,movie,1604,4,agent,2,train,1
movie:1605:1,movie,1605,1,user,1,test,0
movie:1605:2,movie,1605,2,agent,3,test,0
movie:1605:3,movie,1605,3,user,0,test,0
movie:1605:4,movie,1605,4,agent,1,test,1
movie:1606:1,movie,1606,1,user,3,train,0
movie:1606:2,movie,1606,2,agent,3,train,1
movie:1606:3,movie,1606,3,user,2,train,0
movie:1606:4,movie,1606,4,agent,1,train,0
movie:1606:5,movie,1606,5,user,3,train,0
movie:1606:6,movie,1606,6,agent,2,train,1
movie:1606:7,movie,1606,7,user,3,train,0
movie:1606:8,movie,1606,8,agent,3,train,1
movie:1607:1,movie,1607,1,user,1,train,0
movie:1607:2,movie,1607,2,agent,1,train,0
movie:1607:3,movie,1607,3,user,0,train,0
movie:1607:4,movie,1607,4,agent,1,train,1
movie:1607:5,movie,1607,5,user,3,train,1
movie:1607:6,movie,1607,6,agent,0,train,0
movie:1607:7,movie,1607,7,user,0,train,1
movie:1607:8,movie,1607,8,agent,3,train,1
movie:1607:9,movie,1607,9,user,3,train,1
movie:1607:10,movie,1607,10,agent,2,train,0
movie:1607:11,movie,1607,11,user,1,train,0
movie:1607:12,movie,1607,12,agent,2,train,0
movie:1608:1,movie,1608,1,user,2,validation,1
movie:1608:2,movie,1608,2,agent,0,validation,0
movie:1608:3,movie,1608,3,user,0,validation,0
movie:1608:4,movie,1608,4,agent,1,validation,0
movie:1609:1,movie,1609,1,user,3,test,1
movie:1609:2,movie,1609,2,agent,0,test,1
movie:1609:3,movie,1609,3,user,0,test,0
movie:1609:4,movie,1609,4,agent,2,test,0
movie:1610:1,movie,1610,1,user,3,train,1
movie:1610:2,movie,1610,2,agent,1,train,0
movie:1610:3,movie,1610,3,user,3,train,0
movie:1610:4,movie,1610,4,agent,2,train,0
movie:1610:5,movie,1610,5,user,3,train,1
movie:1610:6,movie,1610,6,agent,2,train,1
movie:1611:1,movie,1611,1,user,2,train,1
movie:1611:2,movie,1611,2,agent,3,train,1
movie:1611:3,movie,1611,3,user,0,train,0
movie:1611:4,movie,1611,4,agent,2,train,0
movie:1612:1,movie,1612,1,user,3,test,1
movie:1612:2,movie,1612,2,agent,0,test,0
movie:1612:3,movie,1612,3,user,0,test,0
movie:1612:4,movie,1612,4,agent,1,test,0
movie:1612:5,movie,1612,5,user,3,test,1
movie:1612:6,movie,1612,6,agent,2,test,1
movie:1612:7,movie,1612,7,user,3,test,1
movie:1612:8,movie,1612,8,agent,2,test,0
movie:1613:1,movie,1613,1,user,3,train,0
movie:1613:2,movie,1613,2,agent,2,train,1
movie:1613:3,movie,1613,3,user,2,train,1
movie:1613:4,movie,1613,4,agent,2,train,0
movie:1613:5,movie,1613,5,user,2,train,0
movie:1613:6,movie,1613,6,agent,2,train,0
movie:1613:7,movie,1613,7,user,3,train,0
movie:1613:8,movie,1613,8,agent,2,train,0
movie:1613:9,movie,1613,9,user,3,train,1
movie:1613:10,movie,1613,10,agent,2,train,0
movie:1614:1,movie,1614,1,user,3,validation,1
movie:1614:2,movie,1614,2,agent,2,validation,0
movie:1614:3,movie,1614,3,user,3,validation,1
movie:1614:4,movie,1614,4,agent,2,validation,0
movie:1614:5,movie,1614,5,user,0,validation,0
movie:1614:6,movie,1614,6,agent,2,validation,0
movie:1614:7,movie,1614,7,user,3,validation,1
movie:1614:8,movie,1614,8,agent,2,validation,0
movie:1615:1,movie,1615,1,user,1,train,0
movie:1615:2,movie,1615,2,agent,0,train,1
movie:1615:3,movie,1615,3,user,0,train,1
movie:1615:4,movie,1615,4,agent,0,train,0
movie:1616:1,movie,1616,1,user,0,train,0
movie:1616:2,movie,1616,2,agent,0,train,0
movie:1616:3,movie,1616,3,user,3,train,1
movie:1616:4,movie,1616,4,agent,2,train,1
movie:1616:5,movie,1616,5,user,0,train,0
movie:1616:6,movie,1616,6,agent,2,train,1
movie:1617:1,movie,1617,1,user,3,validation,0
movie:1617:2,movie,1617,2,agent,1,validation,0
movie:1617:3,movie,1617,3,user,2,validation,1
movie:1617:4,movie,1617,4,agent,1,validation,0
movie:1617:5,movie,1617,5,user,0,validation,0
movie:1617:6,movie,1617,6,agent,1,validation,0
movie:1617:7,movie,1617,7,user,0,validation,1
movie:1617:8,movie,1617,8,agent,2,validation,0
movie:1618:1,movie,1618,1,user,2,train,1
movie:1618:2,movie,1618,2,agent,2,train,1
movie:1618:3,movie,1618,3,user,0,train,0
movie:1618:4,movie,1618,4,agent,2,train,0
movie:1618:5,movie,1618,5,user,0,train,1
movie:1618:6,movie,1618,6,agent,2,train,1
movie:1619:1,movie,1619,1,user,0,train,0
movie:1619:2,movie,1619,2,agent,1,train,0
movie:1619:3,movie,1619,3,user,0,train,0
movie:1619:4,movie,1619,4,agent,2,train,0
movie:1619:5,movie,1619,5,user,3,train,1
movie:1619:6,movie,1619,6,agent,2,train,1
movie:1619:7,movie,1619,7,user,3,train,1
movie:1619:8,movie,1619,8,agent,2,train,0
movie:1620:1,movie,1620,1,user,0,train,0
movie:1620:2,movie,1620,2,agent,1,train,0
movie:1620:3,movie,1620,3,user,1,train,1
movie:1620:4,movie,1620,4,agent,0,train,0
movie:1620:5,movie,1620,5,user,0,train,0
movie:1620:6,movie,1620,6,agent,2,train,0
movie:1621:1,movie,1621,1,user,1,train,0
movie:1621:2,movie,1621,2,agent,1,train,0
movie:1621:3,movie,1621,3,user,0,train,1
movie:1621:4,movie,1621,4,agent,1,train,0
movie:1621:5,movie,1621,5,user,0,train,0
movie:1621:6,movie,1621,6,agent,2,train,1
movie:1622:1,movie,1622,1,user,3,train,1
movie:1622:2,movie,1622,2,agent,0,train,0
movie:1622:3,movie,1622,3,user,3,train,0
movie:1622:4,movie,1622,4,agent,1,train,0
movie:1622:5,movie,1622,5,user,2,train,0
movie:1622:6,movie,1622,6,agent,1,train,0
movie:1622:7,movie,1622,7,user,2,train,1
movie:1622:8,movie,1622,8,agent,1,train,0
movie:1623:1,movie,1623,1,user,2,train,1
movie:1623:2,movie,1623,2,agent,2,train,0
movie:1623:3,movie,1623,3,user,3,train,1
movie:1623:4,movie,1623,4,agent,2,train,1
movie:1624:1,movie,1624,1,user,3,train,1
movie:1624:2,movie,1624,2,agent,3,train,0
movie:1624:3,movie,1624,3,user,0,train,0
movie:1624:4,movie,1624,4,agent,1,train,1
movie:1624:5,movie,1624,5,user,3,train,1
movie:1624:6,movie,1624,6,agent,2,train,0
movie:1625:1,movie,1625,1,user,0,train,1
movie:1625:2,movie,1625,2,agent,1,train,0
movie:1625:3,movie,1625,3,user,2,train,0
movie:1625:4,movie,1625,4,agent,2,train,0
movie:1626:1,movie,1626,1,user,2,validation,0
movie:1626:2,movie,1626,2,agent,1,validation,1
movie:1626:3,movie,1626,3,user,0,validation,0
movie:1626:4,movie,1626,4,agent,2,validation,1
movie:1626:5,movie,1626,5,user,2,validation,0
movie:1626:6,movie,1626,6,agent,2,validation,0
movie:1627:1,movie,1627,1,user,3,train,1
movie:1627:2,movie,1627,2,agent,1,train,0
movie:1627:3,movie,1627,3,user,3,train,0
movie:1627:4,movie,1627,4,agent,2,train,0
movie:1627:5,movie,1627,5,user,3,train,0
movie:1627:6,movie,1627,6,agent,3,train,1
movie:1628:1,movie,1628,1,user,1,train,0
movie:1628:2,movie,1628,2,agent,2,train,0
movie:1628:3,movie,1628,3,user,3,train,1
movie:1628:4,movie,1628,4,agent,3,train,0
movie:1628:5,movie,1628,5,user,2,train,0
movie:1628:6,movie,1628,6,agent,2,train,0
movie:1629:1,movie,1629,1,user,0,train,0
movie:1629:2,movie,1629,2,agent,1,train,0
movie:1629:3,movie,1629,3,user,0,train,0
movie:1629:4,movie,1629,4,agent,1,train,1
movie:1629:5,movie,1629,5,user,0,train,0
movie:1629:6,movie,1629,6,agent,2,train,1
movie:1629:7,movie,1629,7,user,2,train,1
movie:1629:8,movie,1629,8,agent,1,train,1
movie:1630:1,movie,1630,1,user,1,train,0
movie:1630:2,movie,1630,2,agent,1,train,0
movie:1630:3,movie,1630,3,user,3,train,1
movie:1630:4,movie,1630,4,agent,2,train,1
movie:1630:5,movie,1630,5,user,3,train,1
movie:1630:6,movie,1630,6,agent,3,train,1
movie:1631:1,movie,1631,1,user,2,train,1
movie:1631:2,movie,1631,2,agent,1,train,0
movie:1631:3,movie,1631,3,user,3,train,0
movie:1631:4,movie,1631,4,agent,2,train,0
movie:1632:1,movie,1632,1,user,1,train,0
movie:1632:2,movie,1632,2,agent,1,train,0
movie:1632:3,movie,1632,3,user,0,train,0
movie:1632:4,movie,1632,4,agent,2,train,0
movie:1632:5,movie,1632,5,user,0,train,1
movie:1632:6,movie,1632,6,agent,1,train,0
movie:1632:7,movie,1632,7,user,0,train,0
movie:1632:8,movie,1632,8,agent,2,train,0
movie:1633:1,movie,1633,1,user,1,train,0
movie:1633:2,movie,1633,2,agent,0,train,0
movie:1633:3,movie,1633,3,user,3,train,0
movie:1633:4,movie,1633,4,agent,0,train,0
movie:1634:1,movie,1634,1,user,1,train,0
movie:1634:2,movie,1634,2,agent,1,train,0
movie:1634:3,movie,1634,3,user,0,train,0
movie:1634:4,movie,1634,4,agent,2,train,0
movie:1634:5,movie,1634,5,user,3,train,0
movie:1634:6,movie,1634,6,agent,2,train,0
movie:1635:1,movie,1635,1,user,2,train,1
movie:1635:2,movie,1635,2,agent,1,train,0
movie:1635:3,movie,1635,3,user,2,train,1
movie:1635:4,movie,1635,4,agent,2,train,1
movie:1636:1,movie,1636,1,user,2,test,0
movie:1636:2,movie,1636,2,agent,1,test,0
movie:1636:3,movie,1636,3,user,2,test,0
movie:1636:4,movie,1636,4,agent,1,test,1
movie:1636:5,movie,1636,5,user,3,test,0
movie:1636:6,movie,1636,6,agent,0,test,0
movie:1637:1,movie,1637,1,user,1,train,1
movie:1637:2,movie,1637,2,agent,2,train,0
movie:1637:3,movie,1637,3,user,0,train,0
movie:1637:4,movie,1637,4,agent,2,train,1
movie:1637:5,movie,1637,5,user,2,train,1
movie:1637:6,movie,1637,6,agent,2,train,0
movie:1637:7,movie,1637,7,user,3,train,1
movie:1637:8,movie,1637,8,agent,3,train,0
movie:1638:1,movie,1638,1,user,2,test,1
movie:1638:2,movie,1638,2,agent,2,test,0
movie:1638:3,movie,1638,3,user,2,test,0
movie:1638:4,movie,1638,4,agent,1,test,1
movie:1638:5,movie,1638,5,user,1,test,1
movie:1638:6,movie,1638,6,agent,0,test,1
movie:1638:7,movie,1638,7,user,0,test,0
movie:1638:8,movie,1638,8,agent,3,test,0
movie:1639:1,movie,1639,1,user,2,train,0
movie:1639:2,movie,1639,2,agent,1,train,0
movie:1639:3,movie,1639,3,user,0,train,0
movie:1639:4,movie,1639,4,agent,3,train,1
movie:1639:5,movie,1639,5,user,0,train,0
movie:1639:6,movie,1639,6,agent,2,train,0
movie:1639:7,movie,1639,7,user,0,train,0
movie:1639:8,movie,1639,8,agent,2,train,0
movie:1639:9,movie,1639,9,user,2,train,1
movie:1639:10,movie,1639,10,agent,2,train,0
movie:1640:1,movie,1640,1,user,2,train,0
movie:1640:2,movie,1640,2,agent,0,train,0
movie:1640:3,movie,1640,3,user,3,train,1
movie:1640:4,movie,1640,4,agent,2,train,0
movie:1640:5,movie,1640,5,user,3,train,1
movie:1640:6,movie,1640,6,agent,1,train,1
movie:1640:7,movie,1640,7,user,3,train,1
movie:1640:8,movie,1640,8,agent,2,train,0
movie:1641:1,movie,1641,1,user,1,train,0
movie:1641:2,movie,1641,2,agent,1,train,0
movie:1641:3,movie,1641,3,user,0,train,1
movie:1641:4,movie,1641,4,agent,1,train,0
movie:1641:5,movie,1641,5,user,0,train,0
movie:1641:6,movie,1641,6,agent,1,train,0
movie:1642:1,movie,1642,1,user,1,train,0
movie:1642:2,movie,1642,2,agent,0,train,0
movie:1642:3,movie,1642,3,user,0,train,0
movie:1642:4,movie,1642,4,agent,2,train,1
movie:1643:1,movie,1643,1,user,1,train,0
movie:1643:2,movie,1643,2,agent,2,train,0
movie:1643:3,movie,1643,3,user,0,train,0
movie:1643:4,movie,1643,4,agent,2,train,1
movie:1643:5,movie,1643,5,user,1,train,0
movie:1643:6,movie,1643,6,agent,2,train,0
movie:1643:7,movie,1643,7,user,3,train,1
movie:1643:8,movie,1643,8,agent,2,train,0
movie:1643:9,movie,1643,9,user,2,train,0
movie:1643:10,movie,1643,10,agent,2,train,1
movie:1644:1,movie,1644,1,user,3,validation,0
movie:1644:2,movie,1644,2,agent,0,validation,1
movie:1644:3,movie,1644,3,user,0,validation,0
movie:1644:4,movie,1644,4,agent,2,validation,1
movie:1644:5,movie,1644,5,user,0,validation,0
movie:1644:6,movie,1644,6,agent,1,validation,0
movie:1644:7,movie,1644,7,user,2,validation,0
movie:1644:8,movie,1644,8,agent,2,validation,0
movie:1644:9,movie,1644,9,user,3,validation,1
movie:1644:10,movie,1644,10,agent,3,validation,1
movie:1645:1,movie,1645,1,user,0,train,0
movie:1645:2,movie,1645,2,agent,0,train,0
movie:1645:3,movie,1645,3,user,0,train,0
movie:1645:4,movie,1645,4,agent,3,train,1
movie:1645:5,movie,1645,5,user,0,train,0
movie:1645:6,movie,1645,6,agent,1,train,0
movie:1645:7,movie,1645,7,user,3,train,1
movie:1645:8,movie,1645,8,agent,1,train,0
movie:1646:1,movie,1646,1,user,0,test,0
movie:1646:2,movie,1646,2,agent,1,test,0
movie:1646:3,movie,1646,3,user,0,test,0
movie:1646:4,movie,1646,4,agent,0,test,0
movie:1646:5,movie,1646,5,user,0,test,1
movie:1646:6,movie,1646,6,agent,1,test,0
movie:1646:7,movie,1646,7,user,0,test,0
movie:1646:8,movie,1646,8,agent,2,test,0
movie:1647:1,movie,1647,1,user,1,train,0
movie:1647:2,movie,1647,2,agent,1,train,0
movie:1647:3,movie,1647,3,user,3,train,1
movie:1647:4,movie,1647,4,agent,2,train,0
movie:1647:5,movie,1647,5,user,0,train,0
movie:1647:6,movie,1647,6,agent,2,train,0
movie:1648:1,movie,1648,1,user,3,train,0
movie:1648:2,movie,1648,2,agent,2,train,0
movie:1648:3,movie,1648,3,user,3,train,1
movie:1648:4,movie,1648,4,agent,2,train,0
movie:1649:1,movie,1649,1,user,3,test,0
movie:1649:2,movie,1649,2,agent,3,test,0
movie:1649:3,movie,1649,3,user,0,test,0
movie:1649:4,movie,1649,4,agent,1,test,0
movie:1649:5,movie,1649,5,user,0,test,0
movie:1649:6,movie,1649,6,agent,2,test,0
movie:1649:7,movie,1649,7,user,2,test,0
movie:1649:8,movie,1649,8,agent,2,test,0
movie:1650:1,movie,1650,1,user,1,validation,0
movie:1650:2,movie,1650,2,agent,1,validation,0
movie:1650:3,movie,1650,3,user,0,validation,0
movie:1650:4,movie,1650,4,agent,0,validation,0
movie:1650:5,movie,1650,5,user,0,validation,0
movie:1650:6,movie,1650,6,agent,2,validation,0
movie:1650:7,movie,1650,7,user,0,validation,0
movie:1650:8,movie,1650,8,agent,1,validation,0
movie:1650:9,movie,1650,9,user,3,validation,1
movie:1650:10,movie,1650,10,agent,2,validation,0
movie:1651:1,movie,1651,1,user,1,train,0
movie:1651:2,movie,1651,2,agent,1,train,1
movie:1651:3,movie,1651,3,user,0,train,0
movie:1651:4,movie,1651,4,agent,1,train,1
movie:1651:5,movie,1651,5,user,2,train,0
movie:1651:6,movie,1651,6,agent,2,train,0
movie:1651:7,movie,1651,7,user,3,train,0
movie:1651:8,movie,1651,8,agent,2,train,0
movie:1652:1,movie,1652,1,user,1,validation,1
movie:1652:2,movie,1652,2,agent,0,validation,0
movie:1652:3,movie,1652,3,user,2,validation,0
movie:1652:4,movie,1652,4,agent,1,validation,1
movie:1652:5,movie,1652,5,user,3,validation,1
movie:1652:6,movie,1652,6,agent,2,validation,1
movie:1652:7,movie,1652,7,user,3,validation,1
movie:1652:8,movie,1652,8,agent,2,validation,0
movie:1653:1,movie,1653,1,user,1,train,0
movie:1653:2,movie,1653,2,agent,1,train,0
movie:1653:3,movie,1653,3,user,3,train,1
movie:1653:4,movie,1653,4,agent,2,train,0
movie:1653:5,movie,1653,5,user,3,train,1
movie:1653:6,movie,1653,6,agent,1,train,0
movie:1654:1,movie,1654,1,user,1,test,0
movie:1654:2,movie,1654,2,agent,1,test,0
movie:1654:3,movie,1654,3,user,0,test,1
movie:1654:4,movie,1654,4,agent,2,test,0
movie:1654:5,movie,1654,5,user,0,test,1
movie:1654:6,movie,1654,6,agent,2,test,0
movie:1655:1,movie,1655,1,user,1,test,0
movie:1655:2,movie,1655,2,agent,1,test,0
movie:1655:3,movie,1655,3,user,2,test,0
movie:1655:4,movie,1655,4,agent,1,test,0
movie:1655:5,movie,1655,5,user,0,test,1
movie:1655:6,movie,1655,6,agent,2,test,0
movie:1655:7,movie,1655,7,user,0,test,0
movie:1655:8,movie,1655,8,agent,2,test,0
movie:1655:9,movie,1655,9,user,0,test,1
movie:1655:10,movie,1655,10,agent,2,test,0
movie:1656:1,movie,1656,1,user,3,train,1
movie:1656:2,movie,1656,2,agent,0,train,0
movie:1656:3,movie,1656,3,user,0,train,1
movie:1656:4,movie,1656,4,agent,1,train,0
movie:1656:5,movie,1656,5,user,0,train,0
movie:1656:6,movie,1656,6,agent,2,train,0
movie:1656:7,movie,1656,7,user,0,train,0
movie:1656:8,movie,1656,8,agent,2,train,1
movie:1657:1,movie,1657,1,user,3,train,1
movie:1657:2,movie,1657,2,agent,0,train,0
movie:1657:3,movie,1657,3,user,0,train,0
movie:1657:4,movie,1657,4,agent,1,train,0
movie:1657:5,movie,1657,5,user,0,train,0
movie:1657:6,movie,1657,6,agent,0,train,1
movie:1658:1,movie,1658,1,user,2,train,0
movie:1658:2,movie,1658,2,agent,0,train,0
movie:1658:3,movie,1658,3,user,0,train,0
movie:1658:4,movie,1658,4,agent,1,train,0
movie:1658:5,movie,1658,5,user,0,train,0
movie:1658:6,movie,1658,6,agent,1,train,0
movie:1659:1,movie,1659,1,user,1,train,1
movie:1659:2,movie,1659,2,agent,1,train,0
movie:1659:3,movie,1659,3,user,1,train,0
movie:1659:4,movie,1659,4,agent,2,train,0
movie:1660:1,movie,1660,1,user,2,validation,0
movie:1660:2,movie,1660,2,agent,0,validation,0
movie:1660:3,movie,1660,3,user,0,validation,0
movie:1660:4,movie,1660,4,agent,1,validation,0
movie:1661:1,movie,1661,1,user,3,test,1
movie:1661:2,movie,1661,2,agent,2,test,0
movie:1661:3,movie,1661,3,user,3,test,0
movie:1661:4,movie,1661,4,agent,3,test,0
movie:1661:5,movie,1661,5,user,3,test,1
movie:1661:6,movie,1661,6,agent,2,test,0
movie:1661:7,movie,1661,7,user,3,test,0
movie:1661:8,movie,1661,8,agent,3,test,0
movie:1662:1,movie,1662,1,user,2,train,0
movie:1662:2,movie,1662,2,agent,2,train,0
movie:1662:3,movie,1662,3,user,3,train,0
movie:1662:4,movie,1662,4,agent,2,train,0
movie:1663:1,movie,1663,1,user,1,test,0
movie:1663:2,movie,1663,2,agent,0,test,0
movie:1663:3,movie,1663,3,user,0,test,1
movie:1663:4,movie,1663,4,agent,1,test,1
movie:1663:5,movie,1663,5,user,0,test,1
movie:1663:6,movie,1663,6,agent,2,test,1
movie:1664:1,movie,1664,1,user,2,test,0
movie:1664:2,movie,1664,2,agent,1,test,0
movie:1664:3,movie,1664,3,user,0,test,0
movie:1664:4,movie,1664,4,agent,1,test,0
movie:1664:5,movie,1664,5,user,0,test,0
movie:1664:6,movie,1664,6,agent,1,test,0
movie:1664:7,movie,1664,7,user,2,test,0
movie:1664:8,movie,1664,8,agent,2,test,0
movie:1665:1,movie,1665,1,user,0,train,0
movie:1665:2,movie,1665,2,agent,2,train,0
movie:1665:3,movie,1665,3,user,0,train,0
movie:1665:4,movie,1665,4,agent,2,train,0
movie:1665:5,movie,1665,5,user,3,train,0
movie:1665:6,movie,1665,6,agent,2,train,0
movie:1666:1,movie,1666,1,user,3,train,0
movie:1666:2,movie,1666,2,agent,2,train,1
movie:1666:3,movie,1666,3,user,0,train,0
movie:1666:4,movie,1666,4,agent,0,train,1
movie:1666:5,movie,1666,5,user,0,train,1
movie:1666:6,movie,1666,6,agent,1,train,0
movie:1666:7,movie,1666,7,user,0,train,1
movie:1666:8,movie,1666,8,agent,2,train,0
movie:1667:1,movie,1667,1,user,1,train,1
movie:1667:2,movie,1667,2,agent,0,train,0
movie:1667:3,movie,1667,3,user,0,train,0
movie:1667:4,movie,1667,4,agent,0,train,0
movie:1667:5,movie,1667,5,user,0,train,0
movie:1667:6,movie,1667,6,agent,0,train,0
movie:1667:7,movie,1667,7,user,0,train,0
movie:1667:8,movie,1667,8,agent,1,train,0
movie:1667:9,movie,1667,9,user,0,train,1
movie:1667:10,movie,1667,10,agent,2,train,0
movie:1668:1,movie,1668,1,user,1,train,0
movie:1668:2,movie,1668,2,agent,0,train,0
movie:1668:3,movie,1668,3,user,0,train,1
movie:1668:4,movie,1668,4,agent,0,train,0
movie:1668:5,movie,1668,5,user,0,train,1
movie:1668:6,movie,1668,6,agent,1,train,1
movie:1668:7,movie,1668,7,user,0,train,0
movie:1668:8,movie,1668,8,agent,2,train,0
movie:1669:1,movie,1669,1,user,2,test,0
movie:1669:2,movie,1669,2,agent,1,test,1
movie:1669:3,movie,1669,3,user,0,test,1
movie:1669:4,movie,1669,4,agent,1,test,0
movie:1669:5,movie,1669,5,user,2,test,0
movie:1669:6,movie,1669,6,agent,2,test,1
movie:1669:7,movie,1669,7,user,3,test,1
movie:1669:8,movie,1669,8,agent,3,test,1
movie:1669:9,movie,1669,9,user,3,test,0
movie:1669:10,movie,1669,10,agent,2,test,0
movie:1670:1,movie,1670,1,user,1,validation,0
movie:1670:2,movie,1670,2,agent,0,validation,1
movie:1670:3,movie,1670,3,user,0,validation,1
movie:1670:4,movie,1670,4,agent,0,validation,1
movie:1670:5,movie,1670,5,user,0,validation,1
movie:1670:6,movie,1670,6,agent,1,validation,0
movie:1671:1,movie,1671,1,user,1,test,0
movie:1671:2,movie,1671,2,agent,2,test,0
movie:1671:3,movie,1671,3,user,0,test,1
movie:1671:4,movie,1671,4,agent,2,test,0
movie:1671:5,movie,1671,5,user,2,test,0
movie:1671:6,movie,1671,6,agent,2,test,0
movie:1672:1,movie,1672,1,user,1,test,0
movie:1672:2,movie,1672,2,agent,2,test,0
movie:1672:3,movie,1672,3,user,3,test,0
movie:1672:4,movie,1672,4,agent,2,test,0
movie:1673:1,movie,1673,1,user,1,train,0
movie:1673:2,movie,1673,2,agent,1,train,0
movie:1673:3,movie,1673,3,user,0,train,1
movie:1673:4,movie,1673,4,agent,2,train,0
movie:1673:5,movie,1673,5,user,0,train,1
movie:1673:6,movie,1673,6,agent,2,train,0
movie:1674:1,movie,1674,1,user,0,train,0
movie:1674:2,movie,1674,2,agent,0,train,1
movie:1674:3,movie,1674,3,user,0,train,1
movie:1674:4,movie,1674,4,agent,2,train,1
movie:1674:5,movie,1674,5,user,2,train,0
movie:1674:6,movie,1674,6,agent,1,train,1
movie:1674:7,movie,1674,7,user,0,train,0
movie:1674:8,movie,1674,8,agent,1,train,0
movie:1675:1,movie,1675,1,user,1,train,0
movie:1675:2,movie,1675,2,agent,0,train,1
movie:1675:3,movie,1675,3,user,2,train,1
movie:1675:4,movie,1675,4,agent,2,train,0
movie:1675:5,movie,1675,5,user,1,train,0
movie:1675:6,movie,1675,6,agent,2,train,0
movie:1675:7,movie,1675,7,user,2,train,1
movie:1675:8,movie,1675,8,agent,2,train,1
movie:1676:1,movie,1676,1,user,3,test,0
movie:1676:2,movie,1676,2,agent,3,test,1
movie:1676:3,movie,1676,3,user,0,test,1
movie:1676:4,movie,1676,4,agent,1,test,0
movie:1676:5,movie,1676,5,user,3,test,1
movie:1676:6,movie,1676,6,agent,2,test,0
movie:1676:7,movie,1676,7,user,3,test,0
movie:1676:8,movie,1676,8,agent,3,test,1
movie:1677:1,movie,1677,1,user,1,train,0
movie:1677:2,movie,1677,2,agent,1,train,0
movie:1677:3,movie,1677,3,user,3,train,1
movie:1677:4,movie,1677,4,agent,2,train,0
movie:1678:1,movie,1678,1,user,1,validation,0
movie:1678:2,movie,1678,2,agent,3,validation,1
movie:1678:3,movie,1678,3,user,0,validation,0
movie:1678:4,movie,1678,4,agent,1,validation,0
movie:1678:5,movie,1678,5,user,3,validation,1
movie:1678:6,movie,1678,6,agent,1,validation,0
movie:1678:7,movie,1678,7,user,0,validation,0
movie:1678:8,movie,1678,8,agent,2,validation,0
movie:1679:1,movie,1679,1,user,3,train,0
movie:1679:2,movie,1679,2,agent,1,train,1
movie:1679:3,movie,1679,3,user,0,train,0
movie:1679:4,movie,1679,4,agent,1,train,1
movie:1679:5,movie,1679,5,user,3,train,1
movie:1679:6,movie,1679,6,agent,2,train,0
movie:1679:7,movie,1679,7,user,3,train,0
movie:1679:8,movie,1679,8,agent,3,train,1
movie:1680:1,movie,1680,1,user,3,train,1
movie:1680:2,movie,1680,2,agent,0,train,1
movie:1680:3,movie,1680,3,user,0,train,1
movie:1680:4,movie,1680,4,agent,1,train,0
movie:1680:5,movie,1680,5,user,0,train,1
movie:1680:6,movie,1680,6,agent,0,train,0
movie:1680:7,movie,1680,7,user,0,train,0
movie:1680:8,movie,1680,8,agent,1,train,0
movie:1681:1,movie,1681,1,user,2,train,1
movie:1681:2,movie,1681,2,agent,0,train,0
movie:1681:3,movie,1681,3,user,0,train,0
movie:1681:4,movie,1681,4,agent,1,train,0
movie:1681:5,movie,1681,5,user,3,train,0
movie:1681:6,movie,1681,6,agent,2,train,0
movie:1681:7,movie,1681,7,user,3,train,0
movie:1681:8,movie,1681,8,agent,3,train,1
movie:1682:1,movie,1682,1,user,2,train,0
movie:1682:2,movie,1682,2,agent,1,train,0
movie:1682:3,movie,1682,3,user,3,train,1
movie:1682:4,movie,1682,4,agent,2,train,0
movie:1682:5,movie,1682,5,user,3,train,0
movie:1682:6,movie,1682,6,agent,3,train,1
movie:1683:1,movie,1683,1,user,2,test,0
movie:1683:2,movie,1683,2,agent,2,test,0
movie:1683:3,movie,1683,3,user,3,test,0
movie:1683:4,movie,1683,4,agent,2,test,0
movie:1684:1,movie,1684,1,user,2,train,0
movie:1684:2,movie,1684,2,agent,1,train,0
movie:1684:3,movie,1684,3,user,3,train,1
movie:1684:4,movie,1684,4,agent,2,train,1
movie:1684:5,movie,1684,5,user,3,train,1
movie:1684:6,movie,1684,6,agent,3,train,1
movie:1685:1,movie,1685,1,user,2,train,1
movie:1685:2,movie,1685,2,agent,0,train,0
movie:1685:3,movie,1685,3,user,2,train,0
movie:1685:4,movie,1685,4,agent,1,train,0
movie:1685:5,movie,1685,5,user,0,train,0
movie:1685:6,movie,1685,6,agent,1,train,1
movie:1685:7,movie,1685,7,user,3,train,1
movie:1685:8,movie,1685,8,agent,2,train,0
movie:1686:1,movie,1686,1,user,2,train,0
movie:1686:2,movie,1686,2,agent,1,train,0
movie:1686:3,movie,1686,3,user,0,train,1
movie:1686:4,movie,1686,4,agent,1,train,0
movie:1686:5,movie,1686,5,user,2,train,0
movie:1686:6,movie,1686,6,agent,2,train,0
movie:1686:7,movie,1686,7,user,3,train,0
movie:1686:8,movie,1686,8,agent,2,train,0
movie:1687:1,movie,1687,1,user,1,test,0
movie:1687:2,movie,1687,2,agent,3,test,0
movie:1687:3,movie,1687,3,user,2,test,0
movie:1687:4,movie,1687,4,agent,2,test,1
movie:1688:1,movie,1688,1,user,1,train,1
movie:1688:2,movie,1688,2,agent,1,train,0
movie:1688:3,movie,1688,3,user,2,train,0
movie:1688:4,movie,1688,4,agent,2,train,0
movie:1688:5,movie,1688,5,user,3,train,1
movie:1688:6,movie,1688,6,agent,2,train,1
movie:1688:7,movie,1688,7,user,3,train,0
movie:1688:8,movie,1688,8,agent,3,train,1
movie:1689:1,movie,1689,1,user,1,train,0
movie:1689:2,movie,1689,2,agent,1,train,0
movie:1689:3,movie,1689,3,user,0,train,1
movie:1689:4,movie,1689,4,agent,1,train,0
movie:1689:5,movie,1689,5,user,3,train,1
movie:1689:6,movie,1689,6,agent,2,train,0
movie:1689:7,movie,1689,7,user,3,train,1
movie:1689:8,movie,1689,8,agent,3,train,1
movie:1690:1,movie,1690,1,user,1,train,1
movie:1690:2,movie,1690,2,agent,0,train,1
movie:1690:3,movie,1690,3,user,0,train,1
movie:1690:4,movie,1690,4,agent,1,train,0
movie:1690:5,movie,1690,5,user,3,train,1
movie:1690:6,movie,1690,6,agent,2,train,1
movie:1690:7,movie,1690,7,user,3,train,0
movie:1690:8,movie,1690,8,agent,3,train,1
movie:1691:1,movie,1691,1,user,1,train,0
movie:1691:2,movie,1691,2,agent,2,train,0
movie:1691:3,movie,1691,3,user,3,train,1
movie:1691:4,movie,1691,4,agent,2,train,1
movie:1691:5,movie,1691,5,user,3,train,1
movie:1691:6,movie,1691,6,agent,3,train,0
movie:1692:1,movie,1692,1,user,2,test,0
movie:1692:2,movie,1692,2,agent,1,test,0
movie:1692:3,movie,1692,3,user,0,test,0
movie:1692:4,movie,1692,4,agent,1,test,0
movie:1692:5,movie,1692,5,user,3,test,1
movie:1692:6,movie,1692,6,agent,2,test,0
movie:1692:7,movie,1692,7,user,3,test,1
movie:1692:8,movie,1692,8,agent,3,test,0
movie:1693:1,movie,1693,1,user,1,train,0
movie:1693:2,movie,1693,2,agent,1,train,0
movie:1693:3,movie,1693,3,user,0,train,0
movie:1693:4,movie,1693,4,agent,2,train,1
movie:1693:5,movie,1693,5,user,3,train,0
movie:1693:6,movie,1693,6,agent,3,train,0
movie:1694:1,movie,1694,1,user,3,test,1
movie:1694:2,movie,1694,2,agent,3,test,0
movie:1694:3,movie,1694,3,user,2,test,0
movie:1694:4,movie,1694,4,agent,2,test,0
movie:1694:5,movie,1694,5,user,3,test,0
movie:1694:6,movie,1694,6,agent,2,test,0
movie:1694:7,movie,1694,7,user,3,test,1
movie:1694:8,movie,1694,8,agent,3,test,0
movie:1695:1,movie,1695,1,user,2,train,0
movie:1695:2,movie,1695,2,agent,1,train,1
movie:1695:3,movie,1695,3,user,0,train,0
movie:1695:4,movie,1695,4,agent,1,train,0
movie:1695:5,movie,1695,5,user,2,train,0
movie:1695:6,movie,1695,6,agent,1,train,1
movie:1695:7,movie,1695,7,user,3,train,1
movie:1695:8,movie,1695,8,agent,2,train,0
movie:1696:1,movie,1696,1,user,2,train,0
movie:1696:2,movie,1696,2,agent,1,train,0
movie:1696:3,movie,1696,3,user,3,train,0
movie:1696:4,movie,1696,4,agent,2,train,0
movie:1696:5,movie,1696,5,user,3,train,0
movie:1696:6,movie,1696,6,agent,3,train,1
movie:1697:1,movie,1697,1,user,2,train,0
movie:1697:2,movie,1697,2,agent,2,train,0
movie:1697:3,movie,1697,3,user,3,train,0
movie:1697:4,movie,1697,4,agent,2,train,0
movie:1697:5,movie,1697,5,user,3,train,1
movie:1697:6,movie,1697,6,agent,2,train,0
movie:1698:1,movie,1698,1,user,1,train,0
movie:1698:2,movie,1698,2,agent,2,train,0
movie:1698:3,movie,1698,3,user,3,train,1
movie:1698:4,movie,1698,4,agent,2,train,0
movie:1698:5,movie,1698,5,user,3,train,0
movie:1698:6,movie,1698,6,agent,2,train,1
movie:1699:1,movie,1699,1,user,3,train,0
movie:1699:2,movie,1699,2,agent,2,train,0
movie:1699:3,movie,1699,3,user,3,train,0
movie:1699:4,movie,1699,4,agent,1,train,1
movie:1700:1,movie,1700,1,user,2,train,0
movie:1700:2,movie,1700,2,agent,0,train,0
movie:1700:3,movie,1700,3,user,2,train,0
movie:1700:4,movie,1700,4,agent,2,train,0
movie:1700:5,movie,1700,5,user,3,train,0
movie:1700:6,movie,1700,6,agent,2,train,0
movie:1701:1,movie,1701,1,user,2,train,0
movie:1701:2,movie,1701,2,agent,0,train,1
movie:1701:3,movie,1701,3,user,0,train,0
movie:1701:4,movie,1701,4,agent,2,train,0
movie:1701:5,movie,1701,5,user,3,train,0
movie:1701:6,movie,1701,6,agent,2,train,0
movie:1702:1,movie,1702,1,user,3,train,1
movie:1702:2,movie,1702,2,agent,0,train,0
movie:1702:3,movie,1702,3,user,3,train,0
movie:1702:4,movie,1702,4,agent,1,train,0
movie:1702:5,movie,1702,5,user,3,train,0
movie:1702:6,movie,1702,6,agent,2,train,0
movie:1703:1,movie,1703,1,user,1,validation,1
movie:1703:2,movie,1703,2,agent,1,validation,0
movie:1703:3,movie,1703,3,user,0,validation,0
movie:1703:4,movie,1703,4,agent,1,validation,0
movie:1703:5,movie,1703,5,user,2,validation,0
movie:1703:6,movie,1703,6,agent,2,validation,0
movie:1703:7,movie,1703,7,user,1,validation,0
movie:1703:8,movie,1703,8,agent,2,validation,1
movie:1704:1,movie,1704,1,user,3,test,1
movie:1704:2,movie,1704,2,agent,3,test,0
movie:1704:3,movie,1704,3,user,3,test,0
movie:1704:4,movie,1704,4,agent,1,test,0
movie:1704:5,movie,1704,5,user,0,test,0
movie:1704:6,movie,1704,6,agent,1,test,0
movie:1704:7,movie,1704,7,user,3,test,0
movie:1704:8,movie,1704,8,agent,2,test,0
movie:1705:1,movie,1705,1,user,1,train,0
movie:1705:2,movie,1705,2,agent,1,train,0
movie:1705:3,movie,1705,3,user,3,train,1
movie:1705:4,movie,1705,4,agent,0,train,0
movie:1705:5,movie,1705,5,user,2,train,0
movie:1705:6,movie,1705,6,agent,2,train,0
movie:1705:7,movie,1705,7,user,3,train,0
movie:1705:8,movie,1705,8,agent,1,train,0
movie:1705:9,movie,1705,9,user,0,train,0
movie:1705:10,movie,1705,10,agent,2,train,0
movie:1706:1,movie,1706,1,user,1,train,0
movie:1706:2,movie,1706,2,agent,2,train,1
movie:1706:3,movie,1706,3,user,0,train,1
movie:1706:4,movie,1706,4,agent,2,train,0
movie:1706:5,movie,1706,5,user,3,train,0
movie:1706:6,movie,1706,6,agent,3,train,1
movie:1707:1,movie,1707,1,user,1,test,1
movie:1707:2,movie,1707,2,agent,1,test,1
movie:1707:3,movie,1707,3,user,0,test,1
movie:1707:4,movie,1707,4,agent,2,test,0
movie:1707:5,movie,1707,5,user,0,test,1
movie:1707:6,movie,1707,6,agent,1,test,0
movie:1707:7,movie,1707,7,user,3,test,0
movie:1707:8,movie,1707,8,agent,2,test,0
movie:1708:1,movie,1708,1,user,1,train,0
movie:1708:2,movie,1708,2,agent,1,train,1
movie:1708:3,movie,1708,3,user,1,train,0
movie:1708:4,movie,1708,4,agent,2,train,0
movie:1708:5,movie,1708,5,user,2,train,0
movie:1708:6,movie,1708,6,agent,2,train,0
movie:1708:7,movie,1708,7,user,3,train,1
movie:1708:8,movie,1708,8,agent,2,train,0
movie:1708:9,movie,1708,9,user,0,train,0
movie:1708:10,movie,1708,10,agent,3,train,1
movie:1709:1,movie,1709,1,user,2,train,1
movie:1709:2,movie,1709,2,agent,2,train,0
movie:1709:3,movie,1709,3,user,2,train,0
movie:1709:4,movie,1709,4,agent,1,train,0
movie:1709:5,movie,1709,5,user,2,train,0
movie:1709:6,movie,1709,6,agent,2,train,0
movie:1709:7,movie,1709,7,user,3,train,1
movie:1709:8,movie,1709,8,agent,2,train,1
movie:1710:1,movie,1710,1,user,1,train,1
movie:1710:2,movie,1710,2,agent,1,train,0
movie:1710:3,movie,1710,3,user,0,train,0
movie:1710:4,movie,1710,4,agent,1,train,0
movie:1710:5,movie,1710,5,user,3,train,1
movie:1710:6,movie,1710,6,agent,1,train,0
movie:1710:7,movie,1710,7,user,3,train,1
movie:1710:8,movie,1710,8,agent,2,train,0
movie:1711:1,movie,1711,1,user,1,test,0
movie:1711:2,movie,1711,2,agent,0,test,0
movie:1711:3,movie,1711,3,user,0,test,0
movie:1711:4,movie,1711,4,agent,2,test,0
movie:1711:5,movie,1711,5,user,3,test,0
movie:1711:6,movie,1711,6,agent,1,test,0
movie:1711:7,movie,1711,7,user,2,test,0
movie:1711:8,movie,1711,8,agent,2,test,0
movie:1711:9,movie,1711,9,user,3,test,0
movie:1711:10,movie,1711,10,agent,3,test,0
movie:1712:1,movie,1712,1,user,1,train,0
movie:1712:2,movie,1712,2,agent,1,train,1
movie:1712:3,movie,1712,3,user,2,train,0
movie:1712:4,movie,1712,4,agent,0,train,0
movie:1712:5,movie,1712,5,user,2,train,0
movie:1712:6,movie,1712,6,agent,2,train,0
movie:1713:1,movie,1713,1,user,1,train,1
movie:1713:2,movie,1713,2,agent,1,train,1
movie:1713:3,movie,1713,3,user,0,train,0
movie:1713:4,movie,1713,4,agent,2,train,0
movie:1713:5,movie,1713,5,user,0,train,0
movie:1713:6,movie,1713,6,agent,2,train,0
movie:1714:1,movie,1714,1,user,2,train,0
movie:1714:2,movie,1714,2,agent,0,train,1
movie:1714:3,movie,1714,3,user,0,train,0
movie:1714:4,movie,1714,4,agent,1,train,0
movie:1715:1,movie,1715,1,user,2,train,1
movie:1715:2,movie,1715,2,agent,2,train,1
movie:1715:3,movie,1715,3,user,3,train,1
movie:1715:4,movie,1715,4,agent,1,train,0
movie:1715:5,movie,1715,5,user,0,train,1
movie:1715:6,movie,1715,6,agent,2,train,0
movie:1716:1,movie,1716,1,user,3,train,0
movie:1716:2,movie,1716,2,agent,1,train,0
movie:1716:3,movie,1716,3,user,3,train,1
movie:1716:4,movie,1716,4,agent,2,train,0
movie:1716:5,movie,1716,5,user,3,train,0
movie:1716:6,movie,1716,6,agent,2,train,0
movie:1717:1,movie,1717,1,user,1,train,1
movie:1717:2,movie,1717,2,agent,3,train,1
movie:1717:3,movie,1717,3,user,0,train,0
movie:1717:4,movie,1717,4,agent,2,train,0
movie:1717:5,movie,1717,5,user,3,train,0
movie:1717:6,movie,1717,6,agent,2,train,0
movie:1718:1,movie,1718,1,user,1,train,0
movie:1718:2,movie,1718,2,agent,0,train,1
movie:1718:3,movie,1718,3,user,3,train,1
movie:1718:4,movie,1718,4,agent,2,train,0
movie:1719:1,movie,1719,1,user,2,test,0
movie:1719:2,movie,1719,2,agent,0,test,0
movie:1719:3,movie,1719,3,user,0,test,1
movie:1719:4,movie,1719,4,agent,2,test,0
movie:1719:5,movie,1719,5,user,0,test,1
movie:1719:6,movie,1719,6,agent,2,test,1
movie:1720:1,movie,1720,1,user,3,train,1
movie:1720:2,movie,1720,2,agent,2,train,0
movie:1720:3,movie,1720,3,user,2,train,0
movie:1720:4,movie,1720,4,agent,2,train,0
movie:1721:1,movie,1721,1,user,3,train,1
movie:1721:2,movie,1721,2,agent,0,train,1
movie:1721:3,movie,1721,3,user,0,train,0
movie:1721:4,movie,1721,4,agent,1,train,1
movie:1722:1,movie,1722,1,user,3,train,1
movie:1722:2,movie,1722,2,agent,2,train,1
movie:1722:3,movie,1722,3,user,3,train,1
movie:1722:4,movie,1722,4,agent,2,train,0
movie:1722:5,movie,1722,5,user,0,train,0
movie:1722:6,movie,1722,6,agent,3,train,1
movie:1723:1,movie,1723,1,user,3,train,0
movie:1723:2,movie,1723,2,agent,0,train,1
movie:1723:3,movie,1723,3,user,2,train,1
movie:1723:4,movie,1723,4,agent,2,train,1
movie:1723:5,movie,1723,5,user,3,train,1
movie:1723:6,movie,1723,6,agent,2,train,0
movie:1724:1,movie,1724,1,user,2,train,0
movie:1724:2,movie,1724,2,agent,1,train,0
movie:1724:3,movie,1724,3,user,0,train,1
movie:1724:4,movie,1724,4,agent,3,train,1
movie:1724:5,movie,1724,5,user,3,train,0
movie:1724:6,movie,1724,6,agent,2,train,0
movie:1725:1,movie,1725,1,user,3,train,1
movie:1725:2,movie,1725,2,agent,0,train,0
movie:1725:3,movie,1725,3,user,0,train,0
movie:1725:4,movie,1725,4,agent,1,train,0
movie:1725:5,movie,1725,5,user,2,train,0
movie:1725:6,movie,1725,6,agent,2,train,0
movie:1725:7,movie,1725,7,user,3,train,1
movie:1725:8,movie,1725,8,agent,2,train,0
movie:1725:9,movie,1725,9,user,3,train,1
movie:1725:10,movie,1725,10,agent,2,train,0
movie:1725:11,movie,1725,11,user,3,train,1
movie:1725:12,movie,1725,12,agent,3,train,0
movie:1726:1,movie,1726,1,user,2,train,0
movie:1726:2,movie,1726,2,agent,0,train,0
movie:1726:3,movie,1726,3,user,0,train,0
movie:1726:4,movie,1726,4,agent,1,train,0
movie:1726:5,movie,1726,5,user,2,train,0
movie:1726:6,movie,1726,6,agent,2,train,0
movie:1727:1,movie,1727,1,user,3,train,1
movie:1727:2,movie,1727,2,agent,0,train,0
movie:1727:3,movie,1727,3,user,3,train,0
movie:1727:4,movie,1727,4,agent,2,train,0
movie:1727:5,movie,1727,5,user,3,train,0
movie:1727:6,movie,1727,6,agent,3,train,0
movie:1727:7,movie,1727,7,user,2,train,0
movie:1727:8,movie,1727,8,agent,2,train,1
movie:1728:1,movie,1728,1,user,1,train,0
movie:1728:2,movie,1728,2,agent,0,train,0
movie:1728:3,movie,1728,3,user,0,train,0
movie:1728:4,movie,1728,4,agent,1,train,0
movie:1728:5,movie,1728,5,user,0,train,0
movie:1728:6,movie,1728,6,agent,1,train,0
movie:1728:7,movie,1728,7,user,0,train,1
movie:1728:8,movie,1728,8,agent,2,train,0
movie:1729:1,movie,1729,1,user,3,train,1
movie:1729:2,movie,1729,2,agent,0,train,0
movie:1729:3,movie,1729,3,user,0,train,0
movie:1729:4,movie,1729,4,agent,1,train,0
movie:1729:5,movie,1729,5,user,3,train,0
movie:1729:6,movie,1729,6,agent,2,train,0
movie:1729:7,movie,1729,7,user,3,train,0
movie:1729:8,movie,1729,8,agent,2,train,1
movie:1730:1,movie,1730,1,user,3,train,1
movie:1730:2,movie,1730,2,agent,1,train,0
movie:1730:3,movie,1730,3,user,0,train,0
movie:1730:4,movie,1730,4,agent,2,train,0
movie:1730:5,movie,1730,5,user,3,train,0
movie:1730:6,movie,1730,6,agent,1,train,0
movie:1730:7,movie,1730,7,user,2,train,0
movie:1730:8,movie,1730,8,agent,3,train,0
movie:1731:1,movie,1731,1,user,1,train,0
movie:1731:2,movie,1731,2,agent,2,train,0
movie:1731:3,movie,1731,3,user,0,train,0
movie:1731:4,movie,1731,4,agent,1,train,1
movie:1731:5,movie,1731,5,user,0,train,1
movie:1731:6,movie,1731,6,agent,2,train,0
movie:1731:7,movie,1731,7,user,3,train,1
movie:1731:8,movie,1731,8,agent,3,train,0
movie:1732:1,movie,1732,1,user,1,test,1
movie:1732:2,movie,1732,2,agent,0,test,0
movie:1732:3,movie,1732,3,user,0,test,0
movie:1732:4,movie,1732,4,agent,0,test,0
movie:1732:5,movie,1732,5,user,3,test,0
movie:1732:6,movie,1732,6,agent,1,test,0
movie:1732:7,movie,1732,7,user,3,test,0
movie:1732:8,movie,1732,8,agent,2,test,1
movie:1732:9,movie,1732,9,user,3,test,0
movie:1732:10,movie,1732,10,agent,3,test,1
movie:1733:1,movie,1733,1,user,1,train,0
movie:1733:2,movie,1733,2,agent,2,train,1
movie:1733:3,movie,1733,3,user,3,train,1
movie:1733:4,movie,1733,4,agent,2,train,0
movie:1733:5,movie,1733,5,user,3,train,1
movie:1733:6,movie,1733,6,agent,2,train,0
movie:1734:1,movie,1734,1,user,3,validation,0
movie:1734:2,movie,1734,2,agent,1,validation,1
movie:1734:3,movie,1734,3,user,3,validation,1
movie:1734:4,movie,1734,4,agent,2,validation,0
movie:1734:5,movie,1734,5,user,3,validation,1
movie:1734:6,movie,1734,6,agent,2,validation,0
movie:1735:1,movie,1735,1,user,3,train,1
movie:1735:2,movie,1735,2,agent,1,train,0
movie:1735:3,movie,1735,3,user,0,train,0
movie:1735:4,movie,1735,4,agent,2,train,0
movie:1735:5,movie,1735,5,user,0,train,1
movie:1735:6,movie,1735,6,agent,2,train,0
movie:1736:1,movie,1736,1,user,1,train,0
movie:1736:2,movie,1736,2,agent,1,train,1
movie:1736:3,movie,1736,3,user,2,train,0
movie:1736:4,movie,1736,4,agent,2,train,0
movie:1737:1,movie,1737,1,user,1,train,0
movie:1737:2,movie,1737,2,agent,0,train,0
movie:1737:3,movie,1737,3,user,0,train,0
movie:1737:4,movie,1737,4,agent,1,train,0
movie:1737:5,movie,1737,5,user,0,train,0
movie:1737:6,movie,1737,6,agent,1,train,1
movie:1737:7,movie,1737,7,user,0,train,1
movie:1737:8,movie,1737,8,agent,1,train,0
movie:1737:9,movie,1737,9,user,3,train,0
movie:1737:10,movie,1737,10,agent,2,train,0
movie:1738:1,movie,1738,1,user,1,train,0
movie:1738:2,movie,1738,2,agent,1,train,0
movie:1738:3,movie,1738,3,user,2,train,0
movie:1738:4,movie,1738,4,agent,2,train,1
movie:1738:5,movie,1738,5,user,1,train,0
movie:1738:6,movie,1738,6,agent,2,train,0
movie:1739:1,movie,1739,1,user,3,train,1
movie:1739:2,movie,1739,2,agent,2,train,0
movie:1739:3,movie,1739,3,user,3,train,1
movie:1739:4,movie,1739,4,agent,2,train,1
movie:1739:5,movie,1739,5,user,2,train,0
movie:1739:6,movie,1739,6,agent,2,train,1
movie:1740:1,movie,1740,1,user,1,test,0
movie:1740:2,movie,1740,2,agent,2,test,0
movie:1740:3,movie,1740,3,user,2,test,0
movie:1740:4,movie,1740,4,agent,1,test,0
movie:1740:5,movie,1740,5,user,2,test,0
movie:1740:6,movie,1740,6,agent,2,test,1
movie:1740:7,movie,1740,7,user,3,test,1
movie:1740:8,movie,1740,8,agent,3,test,0
movie:1741:1,movie,1741,1,user,2,test,1
movie:1741:2,movie,1741,2,agent,1,test,0
movie:1741:3,movie,1741,3,user,2,test,0
movie:1741:4,movie,1741,4,agent,2,test,0
movie:1741:5,movie,1741,5,user,3,test,1
movie:1741:6,movie,1741,6,agent,2,test,0
movie:1742:1,movie,1742,1,user,3,train,0
movie:1742:2,movie,1742,2,agent,1,train,0
movie:1742:3,movie,1742,3,user,3,train,1
movie:1742:4,movie,1742,4,agent,2,train,0
movie:1742:5,movie,1742,5,user,3,train,0
movie:1742:6,movie,1742,6,agent,2,train,0
movie:1743:1,movie,1743,1,user,1,test,0
movie:1743:2,movie,1743,2,agent,2,test,1
movie:1743:3,movie,1743,3,user,1,test,0
movie:1743:4,movie,1743,4,agent,1,test,0
movie:1744:1,movie,1744,1,user,2,train,0
movie:1744:2,movie,1744,2,agent,2,train,1
movie:1744:3,movie,1744,3,user,2,train,0
movie:1744:4,movie,1744,4,agent,2,train,0
movie:1745:1,movie,1745,1,user,3,train,1
movie:1745:2,movie,1745,2,agent,1,train,0
movie:1745:3,movie,1745,3,user,0,train,0
movie:1745:4,movie,1745,4,agent,2,train,0
movie:1745:5,movie,1745,5,user,3,train,0
movie:1745:6,movie,1745,6,agent,1,train,0
movie:1745:7,movie,1745,7,user,3,train,1
movie:1745:8,movie,1745,8,agent,2,train,1
movie:1745:9,movie,1745,9,user,3,train,1
movie:1745:10,movie,1745,10,agent,2,train,0
movie:1746:1,movie,1746,1,user,1,train,0
movie:1746:2,movie,1746,2,agent,1,train,0
movie:1746:3,movie,1746,3,user,0,train,0
movie:1746:4,movie,1746,4,agent,2,train,0
movie:1746:5,movie,1746,5,user,3,train,0
movie:1746:6,movie,1746,6,agent,2,train,1
movie:1747:1,movie,1747,1,user,1,train,0
movie:1747:2,movie,1747,2,agent,0,train,0
movie:1747:3,movie,1747,3,user,0,train,1
movie:1747:4,movie,1747,4,agent,2,train,1
movie:1747:5,movie,1747,5,user,3,train,1
movie:1747:6,movie,1747,6,agent,2,train,0
movie:1748:1,movie,1748,1,user,3,train,1
movie:1748:2,movie,1748,2,agent,0,train,0
movie:1748:3,movie,1748,3,user,0,train,1
movie:1748:4,movie,1748,4,agent,0,train,0
movie:1749:1,movie,1749,1,user,1,validation,0
movie:1749:2,movie,1749,2,agent,2,validation,1
movie:1749:3,movie,1749,3,user,2,validation,1
movie:1749:4,movie,1749,4,agent,1,validation,1
movie:1749:5,movie,1749,5,user,3,validation,0
movie:1749:6,movie,1749,6,agent,2,validation,0
movie:1749:7,movie,1749,7,user,3,validation,0
movie:1749:8,movie,1749,8,agent,2,validation,0
movie:1750:1,movie,1750,1,user,2,test,0
movie:1750:2,movie,1750,2,agent,2,test,0
movie:1750:3,movie,1750,3,user,0,test,0
movie:1750:4,movie,1750,4,agent,2,test,0
movie:1751:1,movie,1751,1,user,1,train,0
movie:1751:2,movie,1751,2,agent,0,train,1
movie:1751:3,movie,1751,3,user,3,train,0
movie:1751:4,movie,1751,4,agent,1,train,0
movie:1751:5,movie,1751,5,user,0,train,0
movie:1751:6,movie,1751,6,agent,0,train,1
movie:1751:7,movie,1751,7,user,0,train,0
movie:1751:8,movie,1751,8,agent,2,train,0
movie:1752:1,movie,1752,1,user,1,train,0
movie:1752:2,movie,1752,2,agent,0,train,0
movie:1752:3,movie,1752,3,user,0,train,0
movie:1752:4,movie,1752,4,agent,1,train,0
movie:1752:5,movie,1752,5,user,0,train,0
movie:1752:6,movie,1752,6,agent,3,train,1
movie:1752:7,movie,1752,7,user,3,train,1
movie:1752:8,movie,1752,8,agent,2,train,0
movie:1752:9,movie,1752,9,user,3,train,1
movie:1752:10,movie,1752,10,agent,2,train,0
movie:1752:11,movie,1752,11,user,3,train,1
movie:1752:12,movie,1752,12,agent,2,train,0
movie:1753:1,movie,1753,1,user,2,validation,0
movie:1753:2,movie,1753,2,agent,2,validation,0
movie:1753:3,movie,1753,3,user,3,validation,1
movie:1753:4,movie,1753,4,agent,2,validation,0
movie:1753:5,movie,1753,5,user,3,validation,0
movie:1753:6,movie,1753,6,agent,2,validation,0
movie:1754:1,movie,1754,1,user,2,validation,0
movie:1754:2,movie,1754,2,agent,1,validation,0
movie:1754:3,movie,1754,3,user,2,validation,1
movie:1754:4,movie,1754,4,agent,1,validation,0
movie:1754:5,movie,1754,5,user,1,validation,0
movie:1754:6,movie,1754,6,agent,1,validation,0
movie:1754:7,movie,1754,7,user,3,validation,1
movie:1754:8,movie,1754,8,agent,2,validation,0
movie:1754:9,movie,1754,9,user,3,validation,0
movie:1754:10,movie,1754,10,agent,3,validation,1
movie:1755:1,movie,1755,1,user,1,train,0
movie:1755:2,movie,1755,2,agent,1,train,0
movie:1755:3,movie,1755,3,user,3,train,1
movie:1755:4,movie,1755,4,agent,2,train,0
movie:1755:5,movie,1755,5,user,3,train,0
movie:1755:6,movie,1755,6,agent,2,train,1
movie:1755:7,movie,1755,7,user,3,train,0
movie:1755:8,movie,1755,8,agent,2,train,0
movie:1755:9,movie,1755,9,user,3,train,0
movie:1755:10,movie,1755,10,agent,3,train,1
movie:1756:1,movie,1756,1,user,2,test,0
movie:1756:2,movie,1756,2,agent,1,test,0
movie:1756:3,movie,1756,3,user,3,test,0
movie:1756:4,movie,1756,4,agent,2,test,1
movie:1756:5,movie,1756,5,user,3,test,0
movie:1756:6,movie,1756,6,agent,3,test,0
movie:1757:1,movie,1757,1,user,3,test,1
movie:1757:2,movie,1757,2,agent,0,test,1
movie:1757:3,movie,1757,3,user,3,test,0
movie:1757:4,movie,1757,4,agent,2,test,0
movie:1757:5,movie,1757,5,user,3,test,1
movie:1757:6,movie,1757,6,agent,2,test,0
movie:1757:7,movie,1757,7,user,3,test,1
movie:1757:8,movie,1757,8,agent,2,test,0
movie:1757:9,movie,1757,9,user,3,test,0
movie:1757:10,movie,1757,10,agent,3,test,1
movie:1758:1,movie,1758,1,user,2,validation,0
movie:1758:2,movie,1758,2,agent,0,validation,1
movie:1758:3,movie,1758,3,user,0,validation,1
movie:1758:4,movie,1758,4,agent,2,validation,0
movie:1758:5,movie,1758,5,user,2,validation,1
movie:1758:6,movie,1758,6,agent,2,validation,1
movie:1759:1,movie,1759,1,user,3,train,1
movie:1759:2,movie,1759,2,agent,2,train,0
movie:1759:3,movie,1759,3,user,2,train,0
movie:1759:4,movie,1759,4,agent,2,train,1
movie:1760:1,movie,1760,1,user,2,test,0
movie:1760:2,movie,1760,2,agent,2,test,0
movie:1760:3,movie,1760,3,user,3,test,0
movie:1760:4,movie,1760,4,agent,2,test,0
movie:1760:5,movie,1760,5,user,3,test,0
movie:1760:6,movie,1760,6,agent,2,test,0
movie:1761:1,movie,1761,1,user,3,test,1
movie:1761:2,movie,1761,2,agent,2,test,0
movie:1761:3,movie,1761,3,user,0,test,0
movie:1761:4,movie,1761,4,agent,1,test,0
movie:1761:5,movie,1761,5,user,2,test,1
movie:1761:6,movie,1761,6,agent,2,test,0
movie:1761:7,movie,1761,7,user,3,test,1
movie:1761:8,movie,1761,8,agent,2,test,0
movie:1761:9,movie,1761,9,user,3,test,0
movie:1761:10,movie,1761,10,agent,2,test,0
movie:1761:11,movie,1761,11,user,3,test,0
movie:1761:12,movie,1761,12,agent,3,test,0
movie:1762:1,movie,1762,1,user,1,train,0
movie:1762:2,movie,1762,2,agent,0,train,1
movie:1762:3,movie,1762,3,user,0,train,0
movie:1762:4,movie,1762,4,agent,0,train,1
movie:1762:5,movie,1762,5,user,0,train,1
movie:1762:6,movie,1762,6,agent,1,train,0
movie:1762:7,movie,1762,7,user,0,train,0
movie:1762:8,movie,1762,8,agent,1,train,1
movie:1762:9,movie,1762,9,user,0,train,1
movie:1762:10,movie,1762,10,agent,2,train,0
movie:1763:1,movie,1763,1,user,2,train,0
movie:1763:2,movie,1763,2,agent,2,train,0
movie:1763:3,movie,1763,3,user,3,train,0
movie:1763:4,movie,1763,4,agent,2,train,1
movie:1763:5,movie,1763,5,user,3,train,0
movie:1763:6,movie,1763,6,agent,3,train,1
movie:1764:1,movie,1764,1,user,2,train,0
movie:1764:2,movie,1764,2,agent,0,train,0
movie:1764:3,movie,1764,3,user,0,train,0
movie:1764:4,movie,1764,4,agent,2,train,0
movie:1764:5,movie,1764,5,user,2,train,1
movie:1764:6,movie,1764,6,agent,2,train,0
movie:1765:1,movie,1765,1,user,1,train,0
movie:1765:2,movie,1765,2,agent,2,train,0
movie:1765:3,movie,1765,3,user,2,train,1
movie:1765:4,movie,1765,4,agent,2,train,0
movie:1765:5,movie,1765,5,user,0,train,1
movie:1765:6,movie,1765,6,agent,2,train,0
movie:1765:7,movie,1765,7,user,3,train,0
movie:1765:8,movie,1765,8,agent,2,train,1
movie:1766:1,movie,1766,1,user,1,train,0
movie:1766:2,movie,1766,2,agent,1,train,0
movie:1766:3,movie,1766,3,user,0,train,1
movie:1766:4,movie,1766,4,agent,2,train,1
movie:1767:1,movie,1767,1,user,3,test,0
movie:1767:2,movie,1767,2,agent,2,test,1
movie:1767:3,movie,1767,3,user,3,test,1
movie:1767:4,movie,1767,4,agent,1,test,0
movie:1767:5,movie,1767,5,user,3,test,0
movie:1767:6,movie,1767,6,agent,2,test,0
movie:1767:7,movie,1767,7,user,3,test,1
movie:1767:8,movie,1767,8,agent,3,test,1
movie:1768:1,movie,1768,1,user,0,train,0
movie:1768:2,movie,1768,2,agent,0,train,0
movie:1768:3,movie,1768,3,user,1,train,1
movie:1768:4,movie,1768,4,agent,1,train,0
movie:1768:5,movie,1768,5,user,3,train,1
movie:1768:6,movie,1768,6,agent,1,train,1
movie:1768:7,movie,1768,7,user,2,train,1
movie:1768:8,movie,1768,8,agent,2,train,1
movie:1769:1,movie,1769,1,user,1,test,0
movie:1769:2,movie,1769,2,agent,2,test,0
movie:1769:3,movie,1769,3,user,0,test,0
movie:1769:4,movie,1769,4,agent,2,test,0
movie:1770:1,movie,1770,1,user,1,train,0
movie:1770:2,movie,1770,2,agent,1,train,0
movie:1770:3,movie,1770,3,user,0,train,0
movie:1770:4,movie,1770,4,agent,2,train,1
movie:1770:5,movie,1770,5,user,2,train,0
movie:1770:6,movie,1770,6,agent,2,train,0
movie:1771:1,movie,1771,1,user,1,train,0
movie:1771:2,movie,1771,2,agent,1,train,0
movie:1771:3,movie,1771,3,user,0,train,0
movie:1771:4,movie,1771,4,agent,2,train,0
movie:1772:1,movie,1772,1,user,1,train,0
movie:1772:2,movie,1772,2,agent,3,train,0
movie:1772:3,movie,1772,3,user,2,train,0
movie:1772:4,movie,1772,4,agent,1,train,0
movie:1772:5,movie,1772,5,user,3,train,1
movie:1772:6,movie,1772,6,agent,2,train,1
movie:1772:7,movie,1772,7,user,3,train,1
movie:1772:8,movie,1772,8,agent,3,train,0
movie:1773:1,movie,1773,1,user,1,validation,0
movie:1773:2,movie,1773,2,agent,0,validation,0
movie:1773:3,movie,1773,3,user,3,validation,0
movie:1773:4,movie,1773,4,agent,1,validation,0
movie:1773:5,movie,1773,5,user,3,validation,0
movie:1773:6,movie,1773,6,agent,2,validation,0
movie:1773:7,movie,1773,7,user,2,validation,0
movie:1773:8,movie,1773,8,agent,2,validation,1
movie:1774:1,movie,1774,1,user,3,train,0
movie:1774:2,movie,1774,2,agent,3,train,1
movie:1774:3,movie,1774,3,user,2,train,0
movie:1774:4,movie,1774,4,agent,1,train,0
movie:1774:5,movie,1774,5,user,3,train,1
movie:1774:6,movie,1774,6,agent,2,train,0
movie:1774:7,movie,1774,7,user,3,train,1
movie:1774:8,movie,1774,8,agent,3,train,1
movie:1775:1,movie,1775,1,user,1,test,1
movie:1775:2,movie,1775,2,agent,2,test,0
movie:1775:3,movie,1775,3,user,2,test,0
movie:1775:4,movie,1775,4,agent,2,test,0
movie:1775:5,movie,1775,5,user,3,test,0
movie:1775:6,movie,1775,6,agent,3,test,1
movie:1776:1,movie,1776,1,user,1,validation,0
movie:1776:2,movie,1776,2,agent,1,validation,0
movie:1776:3,movie,1776,3,user,0,validation,0
movie:1776:4,movie,1776,4,agent,2,validation,0
movie:1777:1,movie,1777,1,user,1,train,0
movie:1777:2,movie,1777,2,agent,1,train,0
movie:1777:3,movie,1777,3,user,3,train,1
movie:1777:4,movie,1777,4,agent,2,train,1
movie:1778:1,movie,1778,1,user,2,validation,0
movie:1778:2,movie,1778,2,agent,2,validation,0
movie:1778:3,movie,1778,3,user,2,validation,0
movie:1778:4,movie,1778,4,agent,2,validation,0
movie:1779:1,movie,1779,1,user,1,train,0
movie:1779:2,movie,1779,2,agent,2,train,1
movie:1779:3,movie,1779,3,user,2,train,0
movie:1779:4,movie,1779,4,agent,2,train,0
movie:1780:1,movie,1780,1,user,2,test,0
movie:1780:2,movie,1780,2,agent,2,test,0
movie:1780:3,movie,1780,3,user,3,test,0
movie:1780:4,movie,1780,4,agent,2,test,0
movie:1781:1,movie,1781,1,user,2,train,0
movie:1781:2,movie,1781,2,agent,1,train,0
movie:1781:3,movie,1781,3,user,3,train,1
movie:1781:4,movie,1781,4,agent,2,train,0
movie:1781:5,movie,1781,5,user,2,train,1
movie:1781:6,movie,1781,6,agent,2,train,0
movie:1782:1,movie,1782,1,user,1,train,0
movie:1782:2,movie,1782,2,agent,0,train,0
movie:1782:3,movie,1782,3,user,0,train,0
movie:1782:4,movie,1782,4,agent,1,train,0
movie:1783:1,movie,1783,1,user,0,train,0
movie:1783:2,movie,1783,2,agent,1,train,0
movie:1783:3,movie,1783,3,user,1,train,0
movie:1783:4,movie,1783,4,agent,2,train,0
movie:1784:1,movie,1784,1,user,2,train,0
movie:1784:2,movie,1784,2,agent,2,train,0
movie:1784:3,movie,1784,3,user,3,train,0
movie:1784:4,movie,1784,4,agent,2,train,1
movie:1784:5,movie,1784,5,user,3,train,1
movie:1784:6,movie,1784,6,agent,1,train,1
movie:1785:1,movie,1785,1,user,0,train,0
movie:1785:2,movie,1785,2,agent,1,train,0
movie:1785:3,movie,1785,3,user,3,train,0
movie:1785:4,movie,1785,4,agent,2,train,0
movie:1785:5,movie,1785,5,user,3,train,0
movie:1785:6,movie,1785,6,agent,2,train,0
movie:1786:1,movie,1786,1,user,2,validation,0
movie:1786:2,movie,1786,2,agent,1,validation,0
movie:1786:3,movie,1786,3,user,3,validation,1
movie:1786:4,movie,1786,4,agent,2,validation,0
movie:1787:1,movie,1787,1,user,1,train,1
movie:1787:2,movie,1787,2,agent,2,train,0
movie:1787:3,movie,1787,3,user,2,train,0
movie:1787:4,movie,1787,4,agent,1,train,0
movie:1788:1,movie,1788,1,user,1,test,0
movie:1788:2,movie,1788,2,agent,2,test,0
movie:1788:3,movie,1788,3,user,2,test,0
movie:1788:4,movie,1788,4,agent,2,test,0
movie:1789:1,movie,1789,1,user,1,train,0
movie:1789:2,movie,1789,2,agent,0,train,0
movie:1789:3,movie,1789,3,user,2,train,0
movie:1789:4,movie,1789,4,agent,2,train,0
movie:1789:5,movie,1789,5,user,2,train,1
movie:1789:6,movie,1789,6,agent,2,train,1
movie:1790:1,movie,1790,1,user,1,test,0
movie:1790:2,movie,1790,2,agent,1,test,0
movie:1790:3,movie,1790,3,user,0,test,1
movie:1790:4,movie,1790,4,agent,2,test,0
movie:1791:1,movie,1791,1,user,1,train,0
movie:1791:2,movie,1791,2,agent,3,train,0
movie:1791:3,movie,1791,3,user,0,train,0
movie:1791:4,movie,1791,4,agent,2,train,1
movie:1791:5,movie,1791,5,user,0,train,0
movie:1791:6,movie,1791,6,agent,2,train,0
movie:1791:7,movie,1791,7,user,3,train,1
movie:1791:8,movie,1791,8,agent,2,train,0
movie:1792:1,movie,1792,1,user,1,train,0
movie:1792:2,movie,1792,2,agent,2,train,0
movie:1792:3,movie,1792,3,user,3,train,0
movie:1792:4,movie,1792,4,agent,2,train,1
movie:1792:5,movie,1792,5,user,3,train,1
movie:1792:6,movie,1792,6,agent,2,train,1
movie:1793:1,movie,1793,1,user,1,test,0
movie:1793:2,movie,1793,2,agent,0,test,1
movie:1793:3,movie,1793,3,user,0,test,0
movie:1793:4,movie,1793,4,agent,0,test,0
movie:1793:5,movie,1793,5,user,2,test,0
movie:1793:6,movie,1793,6,agent,2,test,0
movie:1793:7,movie,1793,7,user,3,test,1
movie:1793:8,movie,1793,8,agent,2,test,0
movie:1794:1,movie,1794,1,user,3,train,0
movie:1794:2,movie,1794,2,agent,2,train,1
movie:1794:3,movie,1794,3,user,0,train,0
movie:1794:4,movie,1794,4,agent,2,train,0
movie:1795:1,movie,1795,1,user,3,train,1
movie:1795:2,movie,1795,2,agent,1,train,0
movie:1795:3,movie,1795,3,user,1,train,0
movie:1795:4,movie,1795,4,agent,1,train,1
movie:1795:5,movie,1795,5,user,3,train,0
movie:1795:6,movie,1795,6,agent,2,train,1
movie:1795:7,movie,1795,7,user,3,train,0
movie:1795:8,movie,1795,8,agent,2,train,0
movie:1796:1,movie,1796,1,user,1,train,0
movie:1796:2,movie,1796,2,agent,3,train,0
movie:1796:3,movie,1796,3,user,3,train,0
movie:1796:4,movie,1796,4,agent,2,train,0
movie:1797:1,movie,1797,1,user,1,validation,0
movie:1797:2,movie,1797,2,agent,1,validation,1
movie:1797:3,movie,1797,3,user,2,validation,0
movie:1797:4,movie,1797,4,agent,1,validation,0
movie:1797:5,movie,1797,5,user,0,validation,1
movie:1797:6,movie,1797,6,agent,2,validation,0
movie:1798:1,movie,1798,1,user,1,train,1
movie:1798:2,movie,1798,2,agent,1,train,0
movie:1798:3,movie,1798,3,user,0,train,0
movie:1798:4,movie,1798,4,agent,2,train,0
movie:1798:5,movie,1798,5,user,2,train,0
movie:1798:6,movie,1798,6,agent,2,train,0
movie:1799:1,movie,1799,1,user,1,test,0
movie:1799:2,movie,1799,2,agent,1,test,0
movie:1799:3,movie,1799,3,user,2,test,0
movie:1799:4,movie,1799,4,agent,0,test,0
movie:1799:5,movie,1799,5,user,0,test,1
movie:1799:6,movie,1799,6,agent,2,test,0
movie:1799:7,movie,1799,7,user,2,test,0
movie:1799:8,movie,1799,8,agent,1,test,0
movie:1800:1,movie,1800,1,user,1,train,0
movie:1800:2,movie,1800,2,agent,0,train,0
movie:1800:3,movie,1800,3,user,0,train,0
movie:1800:4,movie,1800,4,agent,1,train,1
movie:1800:5,movie,1800,5,user,3,train,0
movie:1800:6,movie,1800,6,agent,2,train,0
movie:1801:1,movie,1801,1,user,3,test,1
movie:1801:2,movie,1801,2,agent,3,test,0
movie:1801:3,movie,1801,3,user,2,test,0
movie:1801:4,movie,1801,4,agent,2,test,0
movie:1801:5,movie,1801,5,user,0,test,0
movie:1801:6,movie,1801,6,agent,0,test,0
movie:1802:1,movie,1802,1,user,2,train,0
movie:1802:2,movie,1802,2,agent,0,train,0
movie:1802:3,movie,1802,3,user,0,train,0
movie:1802:4,movie,1802,4,agent,1,train,0
movie:1802:5,movie,1802,5,user,3,train,1
movie:1802:6,movie,1802,6,agent,2,train,1
movie:1802:7,movie,1802,7,user,3,train,1
movie:1802:8,movie,1802,8,agent,3,train,1
movie:1803:1,movie,1803,1,user,1,train,1
movie:1803:2,movie,1803,2,agent,2,train,0
movie:1803:3,movie,1803,3,user,2,train,0
movie:1803:4,movie,1803,4,agent,2,train,0
movie:1804:1,movie,1804,1,user,1,train,0
movie:1804:2,movie,1804,2,agent,1,train,1
movie:1804:3,movie,1804,3,user,0,train,1
movie:1804:4,movie,1804,4,agent,2,train,0
movie:1805:1,movie,1805,1,user,1,test,1
movie:1805:2,movie,1805,2,agent,2,test,0
movie:1805:3,movie,1805,3,user,3,test,0
movie:1805:4,movie,1805,4,agent,2,test,1
movie:1805:5,movie,1805,5,user,0,test,0
movie:1805:6,movie,1805,6,agent,2,test,0
movie:1806:1,movie,1806,1,user,2,validation,0
movie:1806:2,movie,1806,2,agent,1,validation,0
movie:1806:3,movie,1806,3,user,3,validation,1
movie:1806:4,movie,1806,4,agent,2,validation,0
movie:1806:5,movie,1806,5,user,3,validation,1
movie:1806:6,movie,1806,6,agent,2,validation,0
movie:1807:1,movie,1807,1,user,3,train,1
movie:1807:2,movie,1807,2,agent,1,train,0
movie:1807:3,movie,1807,3,user,3,train,1
movie:1807:4,movie,1807,4,agent,1,train,0
movie:1807:5,movie,1807,5,user,3,train,0
movie:1807:6,movie,1807,6,agent,3,train,1
movie:1807:7,movie,1807,7,user,2,train,1
movie:1807:8,movie,1807,8,agent,2,train,0
movie:1807:9,movie,1807,9,user,2,train,0
movie:1807:10,movie,1807,10,agent,2,train,0
movie:1808:1,movie,1808,1,user,1,validation,1
movie:1808:2,movie,1808,2,agent,1,validation,0
movie:1808:3,movie,1808,3,user,3,validation,0
movie:1808:4,movie,1808,4,agent,2,validation,0
movie:1809:1,movie,1809,1,user,3,test,1
movie:1809:2,movie,1809,2,agent,1,test,0
movie:1809:3,movie,1809,3,user,2,test,0
movie:1809:4,movie,1809,4,agent,2,test,0
movie:1809:5,movie,1809,5,user,0,test,0
movie:1809:6,movie,1809,6,agent,2,test,1
movie:1809:7,movie,1809,7,user,3,test,1
movie:1809:8,movie,1809,8,agent,2,test,0
movie:1809:9,movie,1809,9,user,3,test,1
movie:1809:10,movie,1809,10,agent,3,test,1
movie:1810:1,movie,1810,1,user,2,train,0
movie:1810:2,movie,1810,2,agent,1,train,0
movie:1810:3,movie,1810,3,user,3,train,0
movie:1810:4,movie,1810,4,agent,2,train,0
movie:1810:5,movie,1810,5,user,0,train,0
movie:1810:6,movie,1810,6,agent,3,train,0
movie:1811:1,movie,1811,1,user,1,train,0
movie:1811:2,movie,1811,2,agent,0,train,1
movie:1811:3,movie,1811,3,user,0,train,1
movie:1811:4,movie,1811,4,agent,1,train,1
movie:1811:5,movie,1811,5,user,0,train,0
movie:1811:6,movie,1811,6,agent,2,train,0
movie:1812:1,movie,1812,1,user,1,train,1
movie:1812:2,movie,1812,2,agent,1,train,1
movie:1812:3,movie,1812,3,user,0,train,0
movie:1812:4,movie,1812,4,agent,1,train,0
movie:1812:5,movie,1812,5,user,0,train,0
movie:1812:6,movie,1812,6,agent,1,train,0
movie:1813:1,movie,1813,1,user,3,test,1
movie:1813:2,movie,1813,2,agent,0,test,1
movie:1813:3,movie,1813,3,user,0,test,0
movie:1813:4,movie,1813,4,agent,1,test,1
movie:1814:1,movie,1814,1,user,3,validation,0
movie:1814:2,movie,1814,2,agent,0,validation,0
movie:1814:3,movie,1814,3,user,0,validation,0
movie:1814:4,movie,1814,4,agent,1,validation,0
movie:1814:5,movie,1814,5,user,0,validation,1
movie:1814:6,movie,1814,6,agent,1,validation,0
movie:1815:1,movie,1815,1,user,1,train,0
movie:1815:2,movie,1815,2,agent,1,train,0
movie:1815:3,movie,1815,3,user,2,train,0
movie:1815:4,movie,1815,4,agent,2,train,0
movie:1815:5,movie,1815,5,user,2,train,1
movie:1815:6,movie,1815,6,agent,2,train,0
movie:1816:1,movie,1816,1,user,1,test,0
movie:1816:2,movie,1816,2,agent,3,test,0
movie:1816:3,movie,1816,3,user,3,test,1
movie:1816:4,movie,1816,4,agent,2,test,1
movie:1816:5,movie,1816,5,user,2,test,1
movie:1816:6,movie,1816,6,agent,2,test,0
movie:1816:7,movie,1816,7,user,3,test,1
movie:1816:8,movie,1816,8,agent,2,test,0
movie:1817:1,movie,1817,1,user,3,train,0
movie:1817:2,movie,1817,2,agent,2,train,0
movie:1817:3,movie,1817,3,user,3,train,1
movie:1817:4,movie,1817,4,agent,2,train,0
movie:1817:5,movie,1817,5,user,3,train,0
movie:1817:6,movie,1817,6,agent,2,train,0
movie:1817:7,movie,1817,7,user,3,train,0
movie:1817:8,movie,1817,8,agent,2,train,1
movie:1818:1,movie,1818,1,user,1,train,0
movie:1818:2,movie,1818,2,agent,2,train,0
movie:1818:3,movie,1818,3,user,3,train,1
movie:1818:4,movie,1818,4,agent,2,train,0
movie:1818:5,movie,1818,5,user,2,train,0
movie:1818:6,movie,1818,6,agent,2,train,0
movie:1819:1,movie,1819,1,user,0,train,1
movie:1819:2,movie,1819,2,agent,1,train,0
movie:1819:3,movie,1819,3,user,0,train,0
movie:1819:4,movie,1819,4,agent,2,train,0
movie:1819:5,movie,1819,5,user,3,train,1
movie:1819:6,movie,1819,6,agent,2,train,1
movie:1820:1,movie,1820,1,user,2,train,1
movie:1820:2,movie,1820,2,agent,2,train,1
movie:1820:3,movie,1820,3,user,3,train,1
movie:1820:4,movie,1820,4,agent,2,train,0
movie:1821:1,movie,1821,1,user,3,train,1
movie:1821:2,movie,1821,2,agent,3,train,0
movie:1821:3,movie,1821,3,user,0,train,0
movie:1821:4,movie,1821,4,agent,1,train,0
movie:1822:1,movie,1822,1,user,3,test,1
movie:1822:2,movie,1822,2,agent,1,test,0
movie:1822:3,movie,1822,3,user,3,test,1
movie:1822:4,movie,1822,4,agent,3,test,1
movie:1823:1,movie,1823,1,user,1,validation,1
movie:1823:2,movie,1823,2,agent,3,validation,1
movie:1823:3,movie,1823,3,user,3,validation,1
movie:1823:4,movie,1823,4,agent,2,validation,1
movie:1823:5,movie,1823,5,user,2,validation,0
movie:1823:6,movie,1823,6,agent,2,validation,0
movie:1824:1,movie,1824,1,user,1,train,0
movie:1824:2,movie,1824,2,agent,1,train,1
movie:1824:3,movie,1824,3,user,3,train,0
movie:1824:4,movie,1824,4,agent,2,train,1
movie:1824:5,movie,1824,5,user,3,train,1
movie:1824:6,movie,1824,6,agent,2,train,0
movie:1825:1,movie,1825,1,user,3,train,1
movie:1825:2,movie,1825,2,agent,2,train,0
movie:1825:3,movie,1825,3,user,3,train,0
movie:1825:4,movie,1825,4,agent,2,train,0
movie:1826:1,movie,1826,1,user,0,train,0
movie:1826:2,movie,1826,2,agent,2,train,0
movie:1826:3,movie,1826,3,user,3,train,0
movie:1826:4,movie,1826,4,agent,2,train,1
movie:1827:1,movie,1827,1,user,1,train,0
movie:1827:2,movie,1827,2,agent,0,train,1
movie:1827:3,movie,1827,3,user,0,train,0
movie:1827:4,movie,1827,4,agent,2,train,0
movie:1827:5,movie,1827,5,user,2,train,0
movie:1827:6,movie,1827,6,agent,2,train,0
movie:1827:7,movie,1827,7,user,2,train,0
movie:1827:8,movie,1827,8,agent,2,train,0
movie:1828:1,movie,1828,1,user,3,train,0
movie:1828:2,movie,1828,2,agent,0,train,0
movie:1828:3,movie,1828,3,user,0,train,0
movie:1828:4,movie,1828,4,agent,0,train,0
movie:1829:1,movie,1829,1,user,3,train,1
movie:1829:2,movie,1829,2,agent,0,train,0
movie:1829:3,movie,1829,3,user,1,train,0
movie:1829:4,movie,1829,4,agent,3,train,0
movie:1829:5,movie,1829,5,user,3,train,0
movie:1829:6,movie,1829,6,agent,2,train,0
movie:1829:7,movie,1829,7,user,3,train,0
movie:1829:8,movie,1829,8,agent,2,train,0
movie:1830:1,movie,1830,1,user,3,train,1
movie:1830:2,movie,1830,2,agent,2,train,1
movie:1830:3,movie,1830,3,user,2,train,0
movie:1830:4,movie,1830,4,agent,1,train,0
movie:1830:5,movie,1830,5,user,3,train,0
movie:1830:6,movie,1830,6,agent,2,train,1
movie:1831:1,movie,1831,1,user,1,test,0
movie:1831:2,movie,1831,2,agent,2,test,0
movie:1831:3,movie,1831,3,user,3,test,1
movie:1831:4,movie,1831,4,agent,2,test,0
movie:1831:5,movie,1831,5,user,3,test,0
movie:1831:6,movie,1831,6,agent,2,test,1
movie:1831:7,movie,1831,7,user,3,test,0
movie:1831:8,movie,1831,8,agent,2,test,1
movie:1832:1,movie,1832,1,user,1,validation,0
movie:1832:2,movie,1832,2,agent,2,validation,0
movie:1832:3,movie,1832,3,user,3,validation,0
movie:1832:4,movie,1832,4,agent,2,validation,0
movie:1832:5,movie,1832,5,user,3,validation,0
movie:1832:6,movie,1832,6,agent,2,validation,0
movie:1833:1,movie,1833,1,user,3,train,0
movie:1833:2,movie,1833,2,agent,3,train,0
movie:1833:3,movie,1833,3,user,2,train,0
movie:1833:4,movie,1833,4,agent,2,train,1
movie:1833:5,movie,1833,5,user,3,train,1
movie:1833:6,movie,1833,6,agent,2,train,0
movie:1834:1,movie,1834,1,user,3,train,0
movie:1834:2,movie,1834,2,agent,0,train,1
movie:1834:3,movie,1834,3,user,3,train,0
movie:1834:4,movie,1834,4,agent,2,train,0
movie:1834:5,movie,1834,5,user,2,train,0
movie:1834:6,movie,1834,6,agent,2,train,1
movie:1834:7,movie,1834,7,user,3,train,0
movie:1834:8,movie,1834,8,agent,2,train,1
movie:1835:1,movie,1835,1,user,2,train,0
movie:1835:2,movie,1835,2,agent,1,train,0
movie:1835:3,movie,1835,3,user,3,train,0
movie:1835:4,movie,1835,4,agent,3,train,1
movie:1836:1,movie,1836,1,user,3,train,0
movie:1836:2,movie,1836,2,agent,1,train,0
movie:1836:3,movie,1836,3,user,3,train,0
movie:1836:4,movie,1836,4,agent,3,train,0
movie:1836:5,movie,1836,5,user,3,train,0
movie:1836:6,movie,1836,6,agent,1,train,0
movie:1837:1,movie,1837,1,user,3,train,0
movie:1837:2,movie,1837,2,agent,0,train,0
movie:1837:3,movie,1837,3,user,0,train,1
movie:1837:4,movie,1837,4,agent,1,train,0
movie:1838:1,movie,1838,1,user,2,train,0
movie:1838:2,movie,1838,2,agent,2,train,0
movie:1838:3,movie,1838,3,user,2,train,1
movie:1838:4,movie,1838,4,agent,2,train,0
movie:1838:5,movie,1838,5,user,3,train,1
movie:1838:6,movie,1838,6,agent,3,train,1
movie:1839:1,movie,1839,1,user,3,train,0
movie:1839:2,movie,1839,2,agent,3,train,0
movie:1839:3,movie,1839,3,user,2,train,0
movie:1839:4,movie,1839,4,agent,2,train,0
movie:1839:5,movie,1839,5,user,3,train,1
movie:1839:6,movie,1839,6,agent,1,train,0
movie:1840:1,movie,1840,1,user,1,validation,0
movie:1840:2,movie,1840,2,agent,0,validation,0
movie:1840:3,movie,1840,3,user,3,validation,1
movie:1840:4,movie,1840,4,agent,2,validation,0
movie:1841:1,movie,1841,1,user,3,train,0
movie:1841:2,movie,1841,2,agent,3,train,1
movie:1841:3,movie,1841,3,user,2,train,1
movie:1841:4,movie,1841,4,agent,2,train,0
movie:1841:5,movie,1841,5,user,2,train,1
movie:1841:6,movie,1841,6,agent,2,train,1
movie:1841:7,movie,1841,7,user,3,train,1
movie:1841:8,movie,1841,8,agent,3,train,0
movie:1842:1,movie,1842,1,user,3,train,0
movie:1842:2,movie,1842,2,agent,3,train,1
movie:1842:3,movie,1842,3,user,2,train,0
movie:1842:4,movie,1842,4,agent,1,train,0
movie:1842:5,movie,1842,5,user,3,train,0
movie:1842:6,movie,1842,6,agent,1,train,0
movie:1842:7,movie,1842,7,user,0,train,0
movie:1842:8,movie,1842,8,agent,3,train,0
movie:1843:1,movie,1843,1,user,3,train,0
movie:1843:2,movie,1843,2,agent,3,train,1
movie:1843:3,movie,1843,3,user,3,train,1
movie:1843:4,movie,1843,4,agent,0,train,0
movie:1844:1,movie,1844,1,user,3,train,0
movie:1844:2,movie,1844,2,agent,3,train,0
movie:1844:3,movie,1844,3,user,3,train,0
movie:1844:4,movie,1844,4,agent,0,train,0
movie:1844:5,movie,1844,5,user,0,train,0
movie:1844:6,movie,1844,6,agent,0,train,1
movie:1844:7,movie,1844,7,user,0,train,1
movie:1844:8,movie,1844,8,agent,1,train,1
movie:1845:1,movie,1845,1,user,3,train,1
movie:1845:2,movie,1845,2,agent,3,train,1
movie:1845:3,movie,1845,3,user,3,train,0
movie:1845:4,movie,1845,4,agent,0,train,0
movie:1846:1,movie,1846,1,user,3,train,0
movie:1846:2,movie,1846,2,agent,0,train,0
movie:1846:3,movie,1846,3,user,0,train,1
movie:1846:4,movie,1846,4,agent,0,train,0
movie:1846:5,movie,1846,5,user,0,train,0
movie:1846:6,movie,1846,6,agent,3,train,0
movie:1846:7,movie,1846,7,user,3,train,0
movie:1846:8,movie,1846,8,agent,1,train,0
movie:1847:1,movie,1847,1,user,3,train,1
movie:1847:2,movie,1847,2,agent,2,train,1
movie:1847:3,movie,1847,3,user,0,train,0
movie:1847:4,movie,1847,4,agent,1,train,0
movie:1848:1,movie,1848,1,user,3,validation,1
movie:1848:2,movie,1848,2,agent,3,validation,0
movie:1848:3,movie,1848,3,user,3,validation,1
movie:1848:4,movie,1848,4,agent,1,validation,0
movie:1848:5,movie,1848,5,user,0,validation,0
movie:1848:6,movie,1848,6,agent,2,validation,0
movie:1848:7,movie,1848,7,user,3,validation,1
movie:1848:8,movie,1848,8,agent,2,validation,0
movie:1849:1,movie,1849,1,user,3,train,1
movie:1849:2,movie,1849,2,agent,1,train,1
movie:1849:3,movie,1849,3,user,3,train,1
movie:1849:4,movie,1849,4,agent,2,train,0
movie:1849:5,movie,1849,5,user,3,train,1
movie:1849:6,movie,1849,6,agent,3,train,0
movie:1850:1,movie,1850,1,user,3,train,0
movie:1850:2,movie,1850,2,agent,1,train,0
movie:1850:3,movie,1850,3,user,2,train,0
movie:1850:4,movie,1850,4,agent,1,train,0
movie:1850:5,movie,1850,5,user,3,train,0
movie:1850:6,movie,1850,6,agent,2,train,0
movie:1850:7,movie,1850,7,user,3,train,0
movie:1850:8,movie,1850,8,agent,3,train,0
movie:1851:1,movie,1851,1,user,2,train,1
movie:1851:2,movie,1851,2,agent,2,train,0
movie:1851:3,movie,1851,3,user,0,train,0
movie:1851:4,movie,1851,4,agent,1,train,0
movie:1852:1,movie,1852,1,user,1,train,0
movie:1852:2,movie,1852,2,agent,1,train,0
movie:1852:3,movie,1852,3,user,2,train,1
movie:1852:4,movie,1852,4,agent,1,train,0
movie:1852:5,movie,1852,5,user,3,train,0
movie:1852:6,movie,1852,6,agent,2,train,0
movie:1853:1,movie,1853,1,user,3,train,0
movie:1853:2,movie,1853,2,agent,2,train,1
movie:1853:3,movie,1853,3,user,3,train,1
movie:1853:4,movie,1853,4,agent,1,train,0
movie:1853:5,movie,1853,5,user,0,train,0
movie:1853:6,movie,1853,6,agent,1,train,0
movie:1854:1,movie,1854,1,user,1,test,0
movie:1854:2,movie,1854,2,agent,0,test,1
movie:1854:3,movie,1854,3,user,0,test,1
movie:1854:4,movie,1854,4,agent,2,test,0
movie:1854:5,movie,1854,5,user,1,test,0
movie:1854:6,movie,1854,6,agent,2,test,1
movie:1854:7,movie,1854,7,user,3,test,0
movie:1854:8,movie,1854,8,agent,1,test,1
movie:1855:1,movie,1855,1,user,1,train,0
movie:1855:2,movie,1855,2,agent,2,train,0
movie:1855:3,movie,1855,3,user,0,train,0
movie:1855:4,movie,1855,4,agent,0,train,0
movie:1855:5,movie,1855,5,user,3,train,1
movie:1855:6,movie,1855,6,agent,2,train,0
movie:1855:7,movie,1855,7,user,0,train,0
movie:1855:8,movie,1855,8,agent,2,train,0
movie:1856:1,movie,1856,1,user,3,test,0
movie:1856:2,movie,1856,2,agent,3,test,0
movie:1856:3,movie,1856,3,user,3,test,0
movie:1856:4,movie,1856,4,agent,0,test,0
movie:1857:1,movie,1857,1,user,0,train,0
movie:1857:2,movie,1857,2,agent,1,train,0
movie:1857:3,movie,1857,3,user,3,train,1
movie:1857:4,movie,1857,4,agent,2,train,0
movie:1857:5,movie,1857,5,user,2,train,0
movie:1857:6,movie,1857,6,agent,2,train,0
movie:1858:1,movie,1858,1,user,3,test,1
movie:1858:2,movie,1858,2,agent,3,test,1
movie:1858:3,movie,1858,3,user,3,test,0
movie:1858:4,movie,1858,4,agent,2,test,0
movie:1858:5,movie,1858,5,user,0,test,1
movie:1858:6,movie,1858,6,agent,1,test,1
movie:1858:7,movie,1858,7,user,0,test,0
movie:1858:8,movie,1858,8,agent,1,test,0
movie:1859:1,movie,1859,1,user,2,test,1
movie:1859:2,movie,1859,2,agent,1,test,0
movie:1859:3,movie,1859,3,user,3,test,0
movie:1859:4,movie,1859,4,agent,2,test,0
movie:1859:5,movie,1859,5,user,0,test,0
movie:1859:6,movie,1859,6,agent,2,test,1
movie:1859:7,movie,1859,7,user,3,test,1
movie:1859:8,movie,1859,8,agent,3,test,1
movie:1860:1,movie,1860,1,user,0,train,1
movie:1860:2,movie,1860,2,agent,1,train,0
movie:1860:3,movie,1860,3,user,3,train,1
movie:1860:4,movie,1860,4,agent,2,train,0
movie:1860:5,movie,1860,5,user,0,train,1
movie:1860:6,movie,1860,6,agent,2,train,0
movie:1861:1,movie,1861,1,user,1,test,1
movie:1861:2,movie,1861,2,agent,1,test,0
movie:1861:3,movie,1861,3,user,0,test,0
movie:1861:4,movie,1861,4,agent,1,test,0
movie:1861:5,movie,1861,5,user,3,test,0
movie:1861:6,movie,1861,6,agent,2,test,1
movie:1861:7,movie,1861,7,user,3,test,0
movie:1861:8,movie,1861,8,agent,2,test,0
movie:1862:1,movie,1862,1,user,1,train,0
movie:1862:2,movie,1862,2,agent,1,train,0
movie:1862:3,movie,1862,3,user,3,train,0
movie:1862:4,movie,1862,4,agent,2,train,1
movie:1862:5,movie,1862,5,user,2,train,0
movie:1862:6,movie,1862,6,agent,2,train,1
movie:1863:1,movie,1863,1,user,2,train,1
movie:1863:2,movie,1863,2,agent,1,train,0
movie:1863:3,movie,1863,3,user,3,train,1
movie:1863:4,movie,1863,4,agent,2,train,1
movie:1863:5,movie,1863,5,user,3,train,0
movie:1863:6,movie,1863,6,agent,3,train,1
movie:1864:1,movie,1864,1,user,2,test,0
movie:1864:2,movie,1864,2,agent,2,test,0
movie:1864:3,movie,1864,3,user,0,test,0
movie:1864:4,movie,1864,4,agent,1,test,1
movie:1864:5,movie,1864,5,user,3,test,1
movie:1864:6,movie,1864,6,agent,2,test,0
movie:1864:7,movie,1864,7,user,3,test,1
movie:1864:8,movie,1864,8,agent,3,test,0
movie:1865:1,movie,1865,1,user,1,train,0
movie:1865:2,movie,1865,2,agent,2,train,0
movie:1865:3,movie,1865,3,user,0,train,1
movie:1865:4,movie,1865,4,agent,2,train,0
movie:1865:5,movie,1865,5,user,3,train,0
movie:1865:6,movie,1865,6,agent,2,train,0
movie:1866:1,movie,1866,1,user,1,test,0
movie:1866:2,movie,1866,2,agent,1,test,0
movie:1866:3,movie,1866,3,user,1,test,0
movie:1866:4,movie,1866,4,agent,0,test,0
movie:1866:5,movie,1866,5,user,0,test,1
movie:1866:6,movie,1866,6,agent,2,test,1
movie:1867:1,movie,1867,1,user,1,train,0
movie:1867:2,movie,1867,2,agent,1,train,0
movie:1867:3,movie,1867,3,user,0,train,0
movie:1867:4,movie,1867,4,agent,1,train,0
movie:1867:5,movie,1867,5,user,3,train,1
movie:1867:6,movie,1867,6,agent,2,train,0
movie:1867:7,movie,1867,7,user,2,train,0
movie:1867:8,movie,1867,8,agent,2,train,1
movie:1868:1,movie,1868,1,user,1,train,0
movie:1868:2,movie,1868,2,agent,0,train,1
movie:1868:3,movie,1868,3,user,0,train,1
movie:1868:4,movie,1868,4,agent,3,train,0
movie:1868:5,movie,1868,5,user,3,train,1
movie:1868:6,movie,1868,6,agent,2,train,1
movie:1869:1,movie,1869,1,user,2,train,1
movie:1869:2,movie,1869,2,agent,2,train,0
movie:1869:3,movie,1869,3,user,2,train,1
movie:1869:4,movie,1869,4,agent,1,train,0
movie:1869:5,movie,1869,5,user,2,train,0
movie:1869:6,movie,1869,6,agent,2,train,0
movie:1869:7,movie,1869,7,user,0,train,0
movie:1869:8,movie,1869,8,agent,2,train,0
movie:1870:1,movie,1870,1,user,3,train,1
movie:1870:2,movie,1870,2,agent,1,train,0
movie:1870:3,movie,1870,3,user,3,train,1
movie:1870:4,movie,1870,4,agent,2,train,0
movie:1870:5,movie,1870,5,user,3,train,1
movie:1870:6,movie,1870,6,agent,3,train,1
movie:1871:1,movie,1871,1,user,0,validation,1
movie:1871:2,movie,1871,2,agent,0,validation,0
movie:1871:3,movie,1871,3,user,0,validation,0
movie:1871:4,movie,1871,4,agent,2,validation,0
movie:1872:1,movie,1872,1,user,2,test,0
movie:1872:2,movie,1872,2,agent,1,test,0
movie:1872:3,movie,1872,3,user,3,test,1
movie:1872:4,movie,1872,4,agent,2,test,0
movie:1872:5,movie,1872,5,user,0,test,0
movie:1872:6,movie,1872,6,agent,2,test,1
movie:1873:1,movie,1873,1,user,1,train,0
movie:1873:2,movie,1873,2,agent,1,train,0
movie:1873:3,movie,1873,3,user,0,train,0
movie:1873:4,movie,1873,4,agent,2,train,0
movie:1874:1,movie,1874,1,user,1,train,0
movie:1874:2,movie,1874,2,agent,1,train,0
movie:1874:3,movie,1874,3,user,0,train,0
movie:1874:4,movie,1874,4,agent,2,train,1
movie:1874:5,movie,1874,5,user,3,train,1
movie:1874:6,movie,1874,6,agent,3,train,0
movie:1875:1,movie,1875,1,user,1,train,0
movie:1875:2,movie,1875,2,agent,1,train,0
movie:1875:3,movie,1875,3,user,3,train,0
movie:1875:4,movie,1875,4,agent,2,train,0
movie:1875:5,movie,1875,5,user,2,train,0
movie:1875:6,movie,1875,6,agent,2,train,1
movie:1876:1,movie,1876,1,user,1,train,1
movie:1876:2,movie,1876,2,agent,1,train,1
movie:1876:3,movie,1876,3,user,2,train,1
movie:1876:4,movie,1876,4,agent,0,train,1
movie:1876:5,movie,1876,5,user,2,train,0
movie:1876:6,movie,1876,6,agent,2,train,0
movie:1876:7,movie,1876,7,user,3,train,0
movie:1876:8,movie,1876,8,agent,2,train,1
movie:1877:1,movie,1877,1,user,1,test,0
movie:1877:2,movie,1877,2,agent,0,test,0
movie:1877:3,movie,1877,3,user,0,test,1
movie:1877:4,movie,1877,4,agent,1,test,0
movie:1877:5,movie,1877,5,user,2,test,0
movie:1877:6,movie,1877,6,agent,2,test,0
movie:1877:7,movie,1877,7,user,0,test,0
movie:1877:8,movie,1877,8,agent,2,test,1
movie:1877:9,movie,1877,9,user,1,test,1
movie:1877:10,movie,1877,10,agent,2,test,0
movie:1877:11,movie,1877,11,user,0,test,1
movie:1877:12,movie,1877,12,agent,3,test,1
movie:1878:1,movie,1878,1,user,1,train,0
movie:1878:2,movie,1878,2,agent,1,train,1
movie:1878:3,movie,1878,3,user,3,train,1
movie:1878:4,movie,1878,4,agent,2,train,0
movie:1878:5,movie,1878,5,user,3,train,1
movie:1878:6,movie,1878,6,agent,2,train,1
movie:1879:1,movie,1879,1,user,1,train,0
movie:1879:2,movie,1879,2,agent,1,train,0
movie:1879:3,movie,1879,3,user,0,train,0
movie:1879:4,movie,1879,4,agent,2,train,0
movie:1879:5,movie,1879,5,user,3,train,0
movie:1879:6,movie,1879,6,agent,3,train,0
movie:1880:1,movie,1880,1,user,1,train,0
movie:1880:2,movie,1880,2,agent,1,train,0
movie:1880:3,movie,1880,3,user,1,train,0
movie:1880:4,movie,1880,4,agent,1,train,0
movie:1880:5,movie,1880,5,user,3,train,1
movie:1880:6,movie,1880,6,agent,2,train,0
movie:1881:1,movie,1881,1,user,1,train,1
movie:1881:2,movie,1881,2,agent,0,train,0
movie:1881:3,movie,1881,3,user,0,train,1
movie:1881:4,movie,1881,4,agent,2,train,0
movie:1881:5,movie,1881,5,user,2,train,0
movie:1881:6,movie,1881,6,agent,1,train,1
movie:1881:7,movie,1881,7,user,2,train,0
movie:1881:8,movie,1881,8,agent,2,train,0
movie:1882:1,movie,1882,1,user,1,train,0
movie:1882:2,movie,1882,2,agent,0,train,1
movie:1882:3,movie,1882,3,user,0,train,1
movie:1882:4,movie,1882,4,agent,1,train,0
movie:1882:5,movie,1882,5,user,3,train,0
movie:1882:6,movie,1882,6,agent,2,train,0
movie:1882:7,movie,1882,7,user,3,train,1
movie:1882:8,movie,1882,8,agent,3,train,1
movie:1883:1,movie,1883,1,user,1,train,0
movie:1883:2,movie,1883,2,agent,1,train,0
movie:1883:3,movie,1883,3,user,0,train,1
movie:1883:4,movie,1883,4,agent,2,train,1
movie:1884:1,movie,1884,1,user,2,train,0
movie:1884:2,movie,1884,2,agent,0,train,0
movie:1884:3,movie,1884,3,user,0,train,0
movie:1884:4,movie,1884,4,agent,1,train,0
movie:1884:5,movie,1884,5,user,0,train,1
movie:1884:6,movie,1884,6,agent,2,train,0
movie:1884:7,movie,1884,7,user,2,train,0
movie:1884:8,movie,1884,8,agent,2,train,0
movie:1885:1,movie,1885,1,user,3,train,0
movie:1885:2,movie,1885,2,agent,1,train,0
movie:1885:3,movie,1885,3,user,2,train,0
movie:1885:4,movie,1885,4,agent,2,train,0
movie:1886:1,movie,1886,1,user,1,train,1
movie:1886:2,movie,1886,2,agent,1,train,0
movie:1886:3,movie,1886,3,user,2,train,1
movie:1886:4,movie,1886,4,agent,2,train,1
movie:1886:5,movie,1886,5,user,0,train,0
movie:1886:6,movie,1886,6,agent,2,train,0
movie:1887:1,movie,1887,1,user,1,test,0
movie:1887:2,movie,1887,2,agent,1,test,1
movie:1887:3,movie,1887,3,user,0,test,1
movie:1887:4,movie,1887,4,agent,2,test,1
movie:1888:1,movie,1888,1,user,1,train,0
movie:1888:2,movie,1888,2,agent,1,train,0
movie:1888:3,movie,1888,3,user,0,train,0
movie:1888:4,movie,1888,4,agent,2,train,0
movie:1889:1,movie,1889,1,user,3,train,1
movie:1889:2,movie,1889,2,agent,1,train,0
movie:1889:3,movie,1889,3,user,2,train,0
movie:1889:4,movie,1889,4,agent,2,train,0
movie:1889:5,movie,1889,5,user,1,train,0
movie:1889:6,movie,1889,6,agent,2,train,0
movie:1890:1,movie,1890,1,user,1,train,0
movie:1890:2,movie,1890,2,agent,2,train,0
movie:1890:3,movie,1890,3,user,0,train,1
movie:1890:4,movie,1890,4,agent,2,train,0
movie:1891:1,movie,1891,1,user,2,test,0
movie:1891:2,movie,1891,2,agent,1,test,0
movie:1891:3,movie,1891,3,user,0,test,0
movie:1891:4,movie,1891,4,agent,2,test,0
movie:1892:1,movie,1892,1,user,1,validation,0
movie:1892:2,movie,1892,2,agent,1,validation,0
movie:1892:3,movie,1892,3,user,0,validation,0
movie:1892:4,movie,1892,4,agent,2,validation,0
movie:1893:1,movie,1893,1,user,1,train,0
movie:1893:2,movie,1893,2,agent,1,train,0
movie:1893:3,movie,1893,3,user,0,train,0
movie:1893:4,movie,1893,4,agent,2,train,0
movie:1894:1,movie,1894,1,user,1,train,0
movie:1894:2,movie,1894,2,agent,1,train,0
movie:1894:3,movie,1894,3,user,0,train,1
movie:1894:4,movie,1894,4,agent,2,train,0
movie:1895:1,movie,1895,1,user,2,train,0
movie:1895:2,movie,1895,2,agent,1,train,0
movie:1895:3,movie,1895,3,user,0,train,0
movie:1895:4,movie,1895,4,agent,2,train,1
movie:1896:1,movie,1896,1,user,3,test,1
movie:1896:2,movie,1896,2,agent,3,test,0
movie:1896:3,movie,1896,3,user,3,test,0
movie:1896:4,movie,1896,4,agent,2,test,1
movie:1896:5,movie,1896,5,user,3,test,1
movie:1896:6,movie,1896,6,agent,2,test,0
movie:1896:7,movie,1896,7,user,3,test,0
movie:1896:8,movie,1896,8,agent,3,test,1
movie:1897:1,movie,1897,1,user,1,train,0
movie:1897:2,movie,1897,2,agent,1,train,0
movie:1897:3,movie,1897,3,user,2,train,0
movie:1897:4,movie,1897,4,agent,2,train,0
movie:1897:5,movie,1897,5,user,3,train,0
movie:1897:6,movie,1897,6,agent,2,train,1
movie:1897:7,movie,1897,7,user,1,train,0
movie:1897:8,movie,1897,8,agent,3,train,1
movie:1898:1,movie,1898,1,user,1,test,0
movie:1898:2,movie,1898,2,agent,2,test,1
movie:1898:3,movie,1898,3,user,3,test,1
movie:1898:4,movie,1898,4,agent,2,test,0
movie:1899:1,movie,1899,1,user,1,train,1
movie:1899:2,movie,1899,2,agent,0,train,0
movie:1899:3,movie,1899,3,user,0,train,0
movie:1899:4,movie,1899,4,agent,0,train,0
movie:1899:5,movie,1899,5,user,0,train,0
movie:1899:6,movie,1899,6,agent,1,train,0
movie:1899:7,movie,1899,7,user,3,train,0
movie:1899:8,movie,1899,8,agent,2,train,0
movie:1900:1,movie,1900,1,user,1,train,0
movie:1900:2,movie,1900,2,agent,1,train,1
movie:1900:3,movie,1900,3,user,0,train,0
movie:1900:4,movie,1900,4,agent,2,train,0
movie:1901:1,movie,1901,1,user,1,train,0
movie:1901:2,movie,1901,2,agent,0,train,0
movie:1901:3,movie,1901,3,user,0,train,0
movie:1901:4,movie,1901,4,agent,2,train,0
movie:1902:1,movie,1902,1,user,3,train,1
movie:1902:2,movie,1902,2,agent,1,train,0
movie:1902:3,movie,1902,3,user,0,train,1
movie:1902:4,movie,1902,4,agent,0,train,1
movie:1902:5,movie,1902,5,user,0,train,0
movie:1902:6,movie,1902,6,agent,2,train,0
movie:1903:1,movie,1903,1,user,1,train,0
movie:1903:2,movie,1903,2,agent,3,train,1
movie:1903:3,movie,1903,3,user,0,train,0
movie:1903:4,movie,1903,4,agent,1,train,0
movie:1903:5,movie,1903,5,user,0,train,0
movie:1903:6,movie,1903,6,agent,2,train,0
movie:1904:1,movie,1904,1,user,2,test,0
movie:1904:2,movie,1904,2,agent,2,test,0
movie:1904:3,movie,1904,3,user,2,test,0
movie:1904:4,movie,1904,4,agent,2,test,0
movie:1905:1,movie,1905,1,user,1,train,0
movie:1905:2,movie,1905,2,agent,0,train,1
movie:1905:3,movie,1905,3,user,0,train,0
movie:1905:4,movie,1905,4,agent,1,train,0
movie:1905:5,movie,1905,5,user,0,train,1
movie:1905:6,movie,1905,6,agent,2,train,0
movie:1906:1,movie,1906,1,user,1,validation,0
movie:1906:2,movie,1906,2,agent,1,validation,0
movie:1906:3,movie,1906,3,user,0,validation,1
movie:1906:4,movie,1906,4,agent,2,validation,0
movie:1907:1,movie,1907,1,user,1,test,0
movie:1907:2,movie,1907,2,agent,0,test,0
movie:1907:3,movie,1907,3,user,0,test,0
movie:1907:4,movie,1907,4,agent,1,test,0
movie:1907:5,movie,1907,5,user,3,test,1
movie:1907:6,movie,1907,6,agent,3,test,0
movie:1908:1,movie,1908,1,user,1,test,1
movie:1908:2,movie,1908,2,agent,0,test,0
movie:1908:3,movie,1908,3,user,2,test,0
movie:1908:4,movie,1908,4,agent,1,test,0
movie:1908:5,movie,1908,5,user,3,test,1
movie:1908:6,movie,1908,6,agent,2,test,0
movie:1908:7,movie,1908,7,user,2,test,0
movie:1908:8,movie,1908,8,agent,2,test,0
movie:1909:1,movie,1909,1,user,1,train,0
movie:1909:2,movie,1909,2,agent,2,train,0
movie:1909:3,movie,1909,3,user,3,train,1
movie:1909:4,movie,1909,4,agent,2,train,0
movie:1909:5,movie,1909,5,user,0,train,0
movie:1909:6,movie,1909,6,agent,2,train,0
movie:1910:1,movie,1910,1,user,1,train,0
movie:1910:2,movie,1910,2,agent,1,train,0
movie:1910:3,movie,1910,3,user,0,train,0
movie:1910:4,movie,1910,4,agent,1,train,1
movie:1910:5,movie,1910,5,user,0,train,1
movie:1910:6,movie,1910,6,agent,0,train,0
movie:1910:7,movie,1910,7,user,0,train,1
movie:1910:8,movie,1910,8,agent,2,train,0
movie:1911:1,movie,1911,1,user,2,train,0
movie:1911:2,movie,1911,2,agent,0,train,0
movie:1911:3,movie,1911,3,user,0,train,1
movie:1911:4,movie,1911,4,agent,1,train,0
movie:1911:5,movie,1911,5,user,0,train,1
movie:1911:6,movie,1911,6,agent,1,train,0
movie:1911:7,movie,1911,7,user,3,train,0
movie:1911:8,movie,1911,8,agent,2,train,0
movie:1911:9,movie,1911,9,user,2,train,0
movie:1911:10,movie,1911,10,agent,1,train,0
movie:1911:11,movie,1911,11,user,0,train,1
movie:1911:12,movie,1911,12,agent,2,train,1
movie:1912:1,movie,1912,1,user,2,train,0
movie:1912:2,movie,1912,2,agent,1,train,0
movie:1912:3,movie,1912,3,user,1,train,0
movie:1912:4,movie,1912,4,agent,1,train,0
movie:1912:5,movie,1912,5,user,2,train,1
movie:1912:6,movie,1912,6,agent,2,train,0
movie:1913:1,movie,1913,1,user,1,train,0
movie:1913:2,movie,1913,2,agent,1,train,0
movie:1913:3,movie,1913,3,user,0,train,0
movie:1913:4,movie,1913,4,agent,1,train,0
movie:1913:5,movie,1913,5,user,1,train,0
movie:1913:6,movie,1913,6,agent,2,train,0
movie:1913:7,movie,1913,7,user,2,train,1
movie:1913:8,movie,1913,8,agent,2,train,0
movie:1914:1,movie,1914,1,user,3,validation,1
movie:1914:2,movie,1914,2,agent,2,validation,0
movie:1914:3,movie,1914,3,user,0,validation,0
movie:1914:4,movie,1914,4,agent,1,validation,0
movie:1914:5,movie,1914,5,user,0,validation,1
movie:1914:6,movie,1914,6,agent,2,validation,1
movie:1914:7,movie,1914,7,user,3,validation,0
movie:1914:8,movie,1914,8,agent,3,validation,0
movie:1915:1,movie,1915,1,user,3,validation,1
movie:1915:2,movie,1915,2,agent,0,validation,1
movie:1915:3,movie,1915,3,user,2,validation,0
movie:1915:4,movie,1915,4,agent,2,validation,1
movie:1915:5,movie,1915,5,user,3,validation,0
movie:1915:6,movie,1915,6,agent,3,validation,1
movie:1916:1,movie,1916,1,user,1,train,1
movie:1916:2,movie,1916,2,agent,0,train,0
movie:1916:3,movie,1916,3,user,1,train,0
movie:1916:4,movie,1916,4,agent,1,train,0
movie:1916:5,movie,1916,5,user,2,train,0
movie:1916:6,movie,1916,6,agent,2,train,0
movie:1917:1,movie,1917,1,user,2,train,1
movie:1917:2,movie,1917,2,agent,3,train,1
movie:1917:3,movie,1917,3,user,3,train,0
movie:1917:4,movie,1917,4,agent,2,train,0
movie:1917:5,movie,1917,5,user,2,train,0
movie:1917:6,movie,1917,6,agent,2,train,0
movie:1918:1,movie,1918,1,user,2,test,1
movie:1918:2,movie,1918,2,agent,0,test,0
movie:1918:3,movie,1918,3,user,3,test,0
movie:1918:4,movie,1918,4,agent,1,test,1
movie:1918:5,movie,1918,5,user,3,test,1
movie:1918:6,movie,1918,6,agent,2,test,0
movie:1918:7,movie,1918,7,user,3,test,0
movie:1918:8,movie,1918,8,agent,3,test,0
movie:1919:1,movie,1919,1,user,3,train,1
movie:1919:2,movie,1919,2,agent,3,train,1
movie:1919:3,movie,1919,3,user,3,train,1
movie:1919:4,movie,1919,4,agent,3,train,1
movie:1919:5,movie,1919,5,user,2,train,0
movie:1919:6,movie,1919,6,agent,1,train,0
movie:1919:7,movie,1919,7,user,3,train,1
movie:1919:8,movie,1919,8,agent,1,train,0
movie:1919:9,movie,1919,9,user,3,train,0
movie:1919:10,movie,1919,10,agent,2,train,0
movie:1919:11,movie,1919,11,user,3,train,1
movie:1919:12,movie,1919,12,agent,3,train,1
movie:1920:1,movie,1920,1,user,3,validation,1
movie:1920:2,movie,1920,2,agent,3,validation,0
movie:1920:3,movie,1920,3,user,0,validation,0
movie:1920:4,movie,1920,4,agent,1,validation,0
movie:1920:5,movie,1920,5,user,1,validation,0
movie:1920:6,movie,1920,6,agent,1,validation,0
movie:1921:1,movie,1921,1,user,2,train,0
movie:1921:2,movie,1921,2,agent,0,train,0
movie:1921:3,movie,1921,3,user,3,train,1
movie:1921:4,movie,1921,4,agent,1,train,0
movie:1921:5,movie,1921,5,user,3,train,0
movie:1921:6,movie,1921,6,agent,2,train,0
movie:1921:7,movie,1921,7,user,3,train,0
movie:1921:8,movie,1921,8,agent,3,train,0
movie:1922:1,movie,1922,1,user,3,test,1
movie:1922:2,movie,1922,2,agent,0,test,1
movie:1922:3,movie,1922,3,user,0,test,0
movie:1922:4,movie,1922,4,agent,0,test,1
movie:1922:5,movie,1922,5,user,2,test,0
movie:1922:6,movie,1922,6,agent,2,test,0
movie:1922:7,movie,1922,7,user,0,test,0
movie:1922:8,movie,1922,8,agent,2,test,0
movie:1922:9,movie,1922,9,user,1,test,0
movie:1922:10,movie,1922,10,agent,2,test,1
movie:1923:1,movie,1923,1,user,1,train,0
movie:1923:2,movie,1923,2,agent,2,train,1
movie:1923:3,movie,1923,3,user,0,train,0
movie:1923:4,movie,1923,4,agent,2,train,0
movie:1923:5,movie,1923,5,user,3,train,1
movie:1923:6,movie,1923,6,agent,3,train,0
movie:1924:1,movie,1924,1,user,0,train,0
movie:1924:2,movie,1924,2,agent,1,train,0
movie:1924:3,movie,1924,3,user,0,train,0
movie:1924:4,movie,1924,4,agent,2,train,0
movie:1924:5,movie,1924,5,user,3,train,0
movie:1924:6,movie,1924,6,agent,2,train,0
movie:1925:1,movie,1925,1,user,1,train,0
movie:1925:2,movie,1925,2,agent,1,train,0
movie:1925:3,movie,1925,3,user,0,train,0
movie:1925:4,movie,1925,4,agent,0,train,0
movie:1925:5,movie,1925,5,user,0,train,0
movie:1925:6,movie,1925,6,agent,2,train,1
movie:1925:7,movie,1925,7,user,3,train,1
movie:1925:8,movie,1925,8,agent,2,train,0
movie:1925:9,movie,1925,9,user,0,train,0
movie:1925:10,movie,1925,10,agent,2,train,0
movie:1926:1,movie,1926,1,user,1,train,1
movie:1926:2,movie,1926,2,agent,1,train,0
movie:1926:3,movie,1926,3,user,0,train,1
movie:1926:4,movie,1926,4,agent,1,train,0
movie:1926:5,movie,1926,5,user,0,train,0
movie:1926:6,movie,1926,6,agent,1,train,0
movie:1926:7,movie,1926,7,user,3,train,1
movie:1926:8,movie,1926,8,agent,3,train,1
movie:1927:1,movie,1927,1,user,2,train,1
movie:1927:2,movie,1927,2,agent,1,train,1
movie:1927:3,movie,1927,3,user,0,train,0
movie:1927:4,movie,1927,4,agent,2,train,0
movie:1927:5,movie,1927,5,user,2,train,0
movie:1927:6,movie,1927,6,agent,2,train,0
movie:1927:7,movie,1927,7,user,3,train,1
movie:1927:8,movie,1927,8,agent,3,train,0
movie:1928:1,movie,1928,1,user,2,train,0
movie:1928:2,movie,1928,2,agent,3,train,0
movie:1928:3,movie,1928,3,user,0,train,0
movie:1928:4,movie,1928,4,agent,2,train,0
movie:1928:5,movie,1928,5,user,1,train,1
movie:1928:6,movie,1928,6,agent,1,train,0
movie:1929:1,movie,1929,1,user,0,train,0
movie:1929:2,movie,1929,2,agent,1,train,0
movie:1929:3,movie,1929,3,user,3,train,1
movie:1929:4,movie,1929,4,agent,3,train,1
movie:1929:5,movie,1929,5,user,0,train,0
movie:1929:6,movie,1929,6,agent,2,train,0
movie:1930:1,movie,1930,1,user,3,test,0
movie:1930:2,movie,1930,2,agent,0,test,0
movie:1930:3,movie,1930,3,user,0,test,0
movie:1930:4,movie,1930,4,agent,1,test,0
movie:1930:5,movie,1930,5,user,2,test,0
movie:1930:6,movie,1930,6,agent,2,test,0
movie:1930:7,movie,1930,7,user,3,test,1
movie:1930:8,movie,1930,8,agent,3,test,1
movie:1931:1,movie,1931,1,user,1,train,0
movie:1931:2,movie,1931,2,agent,0,train,0
movie:1931:3,movie,1931,3,user,1,train,0
movie:1931:4,movie,1931,4,agent,3,train,0
movie:1932:1,movie,1932,1,user,3,train,0
movie:1932:2,movie,1932,2,agent,3,train,1
movie:1932:3,movie,1932,3,user,3,train,1
movie:1932:4,movie,1932,4,agent,2,train,0
movie:1932:5,movie,1932,5,user,3,train,1
movie:1932:6,movie,1932,6,agent,2,train,0
movie:1932:7,movie,1932,7,user,3,train,0
movie:1932:8,movie,1932,8,agent,3,train,1
movie:1933:1,movie,1933,1,user,1,train,0
movie:1933:2,movie,1933,2,agent,0,train,0
movie:1933:3,movie,1933,3,user,0,train,0
movie:1933:4,movie,1933,4,agent,0,train,0
movie:1933:5,movie,1933,5,user,0,train,1
movie:1933:6,movie,1933,6,agent,0,train,1
movie:1933:7,movie,1933,7,user,0,train,0
movie:1933:8,movie,1933,8,agent,1,train,0
movie:1933:9,movie,1933,9,user,0,train,1
movie:1933:10,movie,1933,10,agent,2,train,0
movie:1934:1,movie,1934,1,user,1,test,0
movie:1934:2,movie,1934,2,agent,2,test,1
movie:1934:3,movie,1934,3,user,2,test,0
movie:1934:4,movie,1934,4,agent,2,test,0
movie:1935:1,movie,1935,1,user,2,train,0
movie:1935:2,movie,1935,2,agent,2,train,0
movie:1935:3,movie,1935,3,user,3,train,1
movie:1935:4,movie,1935,4,agent,1,train,1
movie:1936:1,movie,1936,1,user,1,train,0
movie:1936:2,movie,1936,2,agent,0,train,1
movie:1936:3,movie,1936,3,user,1,train,0
movie:1936:4,movie,1936,4,agent,0,train,0
movie:1936:5,movie,1936,5,user,3,train,1
movie:1936:6,movie,1936,6,agent,1,train,0
movie:1937:1,movie,1937,1,user,0,train,0
movie:1937:2,movie,1937,2,agent,0,train,1
movie:1937:3,movie,1937,3,user,0,train,0
movie:1937:4,movie,1937,4,agent,1,train,0
movie:1937:5,movie,1937,5,user,2,train,0
movie:1937:6,movie,1937,6,agent,2,train,0
movie:1938:1,movie,1938,1,user,1,test,0
movie:1938:2,movie,1938,2,agent,0,test,0
movie:1938:3,movie,1938,3,user,1,test,0
movie:1938:4,movie,1938,4,agent,2,test,1
movie:1938:5,movie,1938,5,user,2,test,1
movie:1938:6,movie,1938,6,agent,2,test,0
movie:1939:1,movie,1939,1,user,1,train,0
movie:1939:2,movie,1939,2,agent,1,train,0
movie:1939:3,movie,1939,3,user,2,train,1
movie:1939:4,movie,1939,4,agent,2,train,0
movie:1939:5,movie,1939,5,user,2,train,0
movie:1939:6,movie,1939,6,agent,2,train,0
movie:1940:1,movie,1940,1,user,2,train,0
movie:1940:2,movie,1940,2,agent,1,train,0
movie:1940:3,movie,1940,3,user,3,train,0
movie:1940:4,movie,1940,4,agent,1,train,0
movie:1940:5,movie,1940,5,user,3,train,0
movie:1940:6,movie,1940,6,agent,2,train,0
movie:1941:1,movie,1941,1,user,1,train,0
movie:1941:2,movie,1941,2,agent,1,train,0
movie:1941:3,movie,1941,3,user,3,train,1
movie:1941:4,movie,1941,4,agent,2,train,0
movie:1942:1,movie,1942,1,user,1,train,0
movie:1942:2,movie,1942,2,agent,2,train,0
movie:1942:3,movie,1942,3,user,2,train,0
movie:1942:4,movie,1942,4,agent,2,train,0
movie:1942:5,movie,1942,5,user,0,train,0
movie:1942:6,movie,1942,6,agent,2,train,0
movie:1943:1,movie,1943,1,user,3,validation,0
movie:1943:2,movie,1943,2,agent,2,validation,0
movie:1943:3,movie,1943,3,user,3,validation,1
movie:1943:4,movie,1943,4,agent,2,validation,0
movie:1943:5,movie,1943,5,user,3,validation,1
movie:1943:6,movie,1943,6,agent,2,validation,1
movie:1944:1,movie,1944,1,user,3,train,1
movie:1944:2,movie,1944,2,agent,3,train,1
movie:1944:3,movie,1944,3,user,2,train,0
movie:1944:4,movie,1944,4,agent,2,train,0
movie:1944:5,movie,1944,5,user,2,train,0
movie:1944:6,movie,1944,6,agent,2,train,0
movie:1944:7,movie,1944,7,user,3,train,1
movie:1944:8,movie,1944,8,agent,2,train,0
movie:1944:9,movie,1944,9,user,3,train,0
movie:1945:1,movie,1945,1,user,3,train,0
movie:1945:2,movie,1945,2,agent,2,train,1
movie:1945:3,movie,1945,3,user,2,train,1
movie:1945:4,movie,1945,4,agent,2,train,0
movie:1945:5,movie,1945,5,user,2,train,1
movie:1946:1,movie,1946,1,user,3,train,0
movie:1946:2,movie,1946,2,agent,3,train,1
movie:1946:3,movie,1946,3,user,0,train,0
movie:1946:4,movie,1946,4,agent,2,train,1
movie:1946:5,movie,1946,5,user,3,train,0
movie:1946:6,movie,1946,6,agent,2,train,0
movie:1946:7,movie,1946,7,user,3,train,0
movie:1946:8,movie,1946,8,agent,2,train,1
movie:1946:9,movie,1946,9,user,3,train,0
movie:1947:1,movie,1947,1,user,1,train,0
movie:1947:2,movie,1947,2,agent,1,train,0
movie:1947:3,movie,1947,3,user,0,train,0
movie:1947:4,movie,1947,4,agent,1,train,0
movie:1947:5,movie,1947,5,user,2,train,1
movie:1947:6,movie,1947,6,agent,2,train,0
movie:1948:1,movie,1948,1,user,1,train,1
movie:1948:2,movie,1948,2,agent,3,train,1
movie:1948:3,movie,1948,3,user,2,train,0
movie:1948:4,movie,1948,4,agent,2,train,0
movie:1948:5,movie,1948,5,user,0,train,0
movie:1948:6,movie,1948,6,agent,3,train,1
movie:1948:7,movie,1948,7,user,0,train,1
movie:1948:8,movie,1948,8,agent,2,train,1
movie:1948:9,movie,1948,9,user,0,train,1
movie:1948:10,movie,1948,10,agent,1,train,1
movie:1948:11,movie,1948,11,user,0,train,1
movie:1948:12,movie,1948,12,agent,2,train,0
movie:1949:1,movie,1949,1,user,3,train,1
movie:1949:2,movie,1949,2,agent,2,train,0
movie:1949:3,movie,1949,3,user,0,train,0
movie:1949:4,movie,1949,4,agent,3,train,1
movie:1949:5,movie,1949,5,user,0,train,1
movie:1949:6,movie,1949,6,agent,2,train,0
movie:1949:7,movie,1949,7,user,2,train,1
movie:1949:8,movie,1949,8,agent,2,train,0
movie:1949:9,movie,1949,9,user,3,train,0
movie:1949:10,movie,1949,10,agent,2,train,0
movie:1950:1,movie,1950,1,user,1,train,1
movie:1950:2,movie,1950,2,agent,1,train,0
movie:1950:3,movie,1950,3,user,0,train,0
movie:1950:4,movie,1950,4,agent,2,train,0
movie:1951:1,movie,1951,1,user,3,train,1
movie:1951:2,movie,1951,2,agent,2,train,1
movie:1951:3,movie,1951,3,user,1,train,1
movie:1951:4,movie,1951,4,agent,2,train,0
movie:1951:5,movie,1951,5,user,3,train,0
movie:1951:6,movie,1951,6,agent,2,train,0
movie:1951:7,movie,1951,7,user,3,train,0
movie:1951:8,movie,1951,8,agent,2,train,0
movie:1951:9,movie,1951,9,user,3,train,1
movie:1952:1,movie,1952,1,user,2,test,0
movie:1952:2,movie,1952,2,agent,2,test,0
movie:1952:3,movie,1952,3,user,2,test,0
movie:1952:4,movie,1952,4,agent,2,test,0
movie:1952:5,movie,1952,5,user,3,test,0
movie:1952:6,movie,1952,6,agent,1,test,0
movie:1952:7,movie,1952,7,user,2,test,0
movie:1952:8,movie,1952,8,agent,2,test,0
movie:1953:1,movie,1953,1,user,3,test,1
movie:1953:2,movie,1953,2,agent,0,test,0
movie:1953:3,movie,1953,3,user,0,test,1
movie:1953:4,movie,1953,4,agent,2,test,0
movie:1954:1,movie,1954,1,user,1,train,1
movie:1954:2,movie,1954,2,agent,2,train,0
movie:1954:3,movie,1954,3,user,2,train,0
movie:1955:1,movie,1955,1,user,3,train,1
movie:1955:2,movie,1955,2,agent,3,train,1
movie:1955:3,movie,1955,3,user,3,train,1
movie:1955:4,movie,1955,4,agent,2,train,1
movie:1955:5,movie,1955,5,user,2,train,0
movie:1955:6,movie,1955,6,agent,2,train,1
movie:1955:7,movie,1955,7,user,3,train,1
movie:1955:8,movie,1955,8,agent,2,train,0
movie:1956:1,movie,1956,1,user,1,train,0
movie:1956:2,movie,1956,2,agent,2,train,0
movie:1956:3,movie,1956,3,user,1,train,1
movie:1956:4,movie,1956,4,agent,1,train,0
movie:1957:1,movie,1957,1,user,3,train,1
movie:1957:2,movie,1957,2,agent,3,train,1
movie:1957:3,movie,1957,3,user,1,train,0
movie:1957:4,movie,1957,4,agent,2,train,1
movie:1957:5,movie,1957,5,user,3,train,1
movie:1957:6,movie,1957,6,agent,2,train,0
movie:1957:7,movie,1957,7,user,0,train,0
movie:1957:8,movie,1957,8,agent,2,train,0
movie:1957:9,movie,1957,9,user,2,train,0
movie:1957:10,movie,1957,10,agent,2,train,0
movie:1957:11,movie,1957,11,user,3,train,0
movie:1957:12,movie,1957,12,agent,2,train,0
movie:1957:13,movie,1957,13,user,3,train,1
movie:1958:1,movie,1958,1,user,3,train,1
movie:1958:2,movie,1958,2,agent,1,train,0
movie:1958:3,movie,1958,3,user,2,train,0
movie:1958:4,movie,1958,4,agent,2,train,0
movie:1958:5,movie,1958,5,user,3,train,0
movie:1958:6,movie,1958,6,agent,2,train,0
movie:1958:7,movie,1958,7,user,3,train,0
movie:1959:1,movie,1959,1,user,3,train,1
movie:1959:2,movie,1959,2,agent,2,train,0
movie:1959:3,movie,1959,3,user,3,train,1
movie:1959:4,movie,1959,4,agent,2,train,1
movie:1959:5,movie,1959,5,user,3,train,1
movie:1959:6,movie,1959,6,agent,2,train,0
movie:1960:1,movie,1960,1,user,1,test,1
movie:1960:2,movie,1960,2,agent,2,test,0
movie:1960:3,movie,1960,3,user,0,test,0
movie:1960:4,movie,1960,4,agent,2,test,0
movie:1960:5,movie,1960,5,user,2,test,0
movie:1960:6,movie,1960,6,agent,2,test,0
movie:1961:1,movie,1961,1,user,3,train,0
movie:1961:2,movie,1961,2,agent,2,train,0
movie:1961:3,movie,1961,3,user,3,train,0
movie:1961:4,movie,1961,4,agent,2,train,0
movie:1961:5,movie,1961,5,user,3,train,0
movie:1961:6,movie,1961,6,agent,2,train,0
movie:1961:7,movie,1961,7,user,3,train,0
movie:1961:8,movie,1961,8,agent,2,train,1
movie:1961:9,movie,1961,9,user,3,train,1
movie:1962:1,movie,1962,1,user,3,train,0
movie:1962:2,movie,1962,2,agent,2,train,1
movie:1962:3,movie,1962,3,user,0,train,0
movie:1962:4,movie,1962,4,agent,2,train,0
movie:1962:5,movie,1962,5,user,3,train,0
movie:1962:6,movie,1962,6,agent,2,train,0
movie:1962:7,movie,1962,7,agent,2,train,0
movie:1962:8,movie,1962,8,user,3,train,1
movie:1963:1,movie,1963,1,user,1,train,0
movie:1963:2,movie,1963,2,agent,0,train,0
movie:1963:3,movie,1963,3,user,0,train,0
movie:1963:4,movie,1963,4,agent,2,train,0
movie:1963:5,movie,1963,5,user,3,train,1
movie:1963:6,movie,1963,6,agent,2,train,0
movie:1964:1,movie,1964,1,user,3,train,1
movie:1964:2,movie,1964,2,agent,0,train,1
movie:1964:3,movie,1964,3,user,0,train,1
movie:1964:4,movie,1964,4,agent,2,train,1
movie:1964:5,movie,1964,5,user,3,train,1
movie:1965:1,movie,1965,1,user,3,validation,1
movie:1965:2,movie,1965,2,agent,2,validation,0
movie:1965:3,movie,1965,3,user,3,validation,0
movie:1965:4,movie,1965,4,agent,2,validation,0
movie:1965:5,movie,1965,5,user,3,validation,1
movie:1965:6,movie,1965,6,agent,2,validation,0
movie:1965:7,movie,1965,7,user,3,validation,1
movie:1966:1,movie,1966,1,user,2,train,0
movie:1966:2,movie,1966,2,agent,3,train,0
movie:1966:3,movie,1966,3,user,2,train,0
movie:1966:4,movie,1966,4,agent,2,train,1
movie:1966:5,movie,1966,5,user,3,train,1
movie:1966:6,movie,1966,6,agent,2,train,0
movie:1966:7,movie,1966,7,user,3,train,1
movie:1967:1,movie,1967,1,user,1,test,0
movie:1967:2,movie,1967,2,agent,2,test,1
movie:1967:3,movie,1967,3,user,0,test,0
movie:1967:4,movie,1967,4,agent,2,test,0
movie:1968:1,movie,1968,1,user,3,train,1
movie:1968:2,movie,1968,2,agent,3,train,1
movie:1968:3,movie,1968,3,user,2,train,0
movie:1968:4,movie,1968,4,agent,2,train,0
movie:1968:5,movie,1968,5,user,3,train,0
movie:1968:6,movie,1968,6,agent,2,train,1
movie:1969:1,movie,1969,1,user,3,train,0
movie:1969:2,movie,1969,2,agent,3,train,1
movie:1969:3,movie,1969,3,user,2,train,0
movie:1969:4,movie,1969,4,agent,3,train,1
movie:1969:5,movie,1969,5,user,3,train,1
movie:1969:6,movie,1969,6,agent,2,train,0
movie:1970:1,movie,1970,1,user,2,train,0
movie:1970:2,movie,1970,2,agent,2,train,0
movie:1970:3,movie,1970,3,user,0,train,0
movie:1970:4,movie,1970,4,agent,2,train,0
movie:1971:1,movie,1971,1,user,3,train,1
movie:1971:2,movie,1971,2,agent,2,train,0
movie:1971:3,movie,1971,3,user,3,train,0
movie:1971:4,movie,1971,4,agent,2,train,0
movie:1971:5,movie,1971,5,user,3,train,1
movie:1971:6,movie,1971,6,agent,1,train,0
movie:1971:7,movie,1971,7,user,2,train,0
movie:1971:8,movie,1971,8,agent,2,train,1
movie:1972:1,movie,1972,1,user,3,train,0
movie:1972:2,movie,1972,2,agent,2,train,0
movie:1972:3,movie,1972,3,user,3,train,1
movie:1972:4,movie,1972,4,agent,3,train,1
movie:1972:5,movie,1972,5,user,2,train,0
movie:1972:6,movie,1972,6,agent,2,train,1
movie:1972:7,movie,1972,7,user,2,train,0
movie:1972:8,movie,1972,8,agent,2,train,1
movie:1972:9,movie,1972,9,user,3,train,1
movie:1972:10,movie,1972,10,agent,2,train,1
movie:1972:11,movie,1972,11,user,3,train,0
movie:1973:1,movie,1973,1,user,2,test,0
movie:1973:2,movie,1973,2,agent,1,test,0
movie:1973:3,movie,1973,3,user,0,test,0
movie:1973:4,movie,1973,4,agent,2,test,0
movie:1974:1,movie,1974,1,user,1,train,0
movie:1974:2,movie,1974,2,agent,2,train,1
movie:1974:3,movie,1974,3,user,1,train,0
movie:1974:4,movie,1974,4,agent,2,train,0
movie:1974:5,movie,1974,5,user,3,train,0
movie:1974:6,movie,1974,6,agent,2,train,0
movie:1974:7,movie,1974,7,user,3,train,0
movie:1974:8,movie,1974,8,agent,2,train,1
movie:1974:9,movie,1974,9,user,3,train,1
movie:1975:1,movie,1975,1,user,3,validation,0
movie:1975:2,movie,1975,2,agent,0,validation,1
movie:1975:3,movie,1975,3,user,0,validation,0
movie:1975:4,movie,1975,4,agent,2,validation,0
movie:1975:5,movie,1975,5,user,2,validation,0
movie:1975:6,movie,1975,6,agent,1,validation,0
movie:1975:7,movie,1975,7,user,2,validation,0
movie:1975:8,movie,1975,8,agent,1,validation,0
movie:1975:9,movie,1975,9,user,3,validation,0
movie:1975:10,movie,1975,10,agent,2,validation,0
movie:1975:11,movie,1975,11,user,3,validation,1
movie:1976:1,movie,1976,1,user,1,train,0
movie:1976:2,movie,1976,2,agent,2,train,0
movie:1976:3,movie,1976,3,user,2,train,0
movie:1976:4,movie,1976,4,agent,2,train,0
movie:1976:5,movie,1976,5,user,2,train,0
movie:1976:6,movie,1976,6,agent,2,train,1
movie:1976:7,movie,1976,7,user,2,train,1
movie:1976:8,movie,1976,8,agent,2,train,0
movie:1977:1,movie,1977,1,user,3,train,0
movie:1977:2,movie,1977,2,agent,2,train,1
movie:1977:3,movie,1977,3,user,1,train,0
movie:1977:4,movie,1977,4,agent,2,train,0
movie:1977:5,movie,1977,5,user,3,train,1
movie:1977:6,movie,1977,6,agent,2,train,1
movie:1977:7,movie,1977,7,user,2,train,0
movie:1977:8,movie,1977,8,agent,2,train,1
movie:1977:9,movie,1977,9,user,3,train,1
movie:1978:1,movie,1978,1,user,1,train,0
movie:1978:2,movie,1978,2,agent,3,train,0
movie:1978:3,movie,1978,3,user,3,train,1
movie:1978:4,movie,1978,4,agent,2,train,0
movie:1978:5,movie,1978,5,user,2,train,0
movie:1978:6,movie,1978,6,agent,2,train,1
movie:1978:7,movie,1978,7,user,3,train,1
movie:1978:8,movie,1978,8,agent,3,train,0
movie:1978:9,movie,1978,9,user,3,train,1
movie:1978:10,movie,1978,10,agent,2,train,0
movie:1978:11,movie,1978,11,user,3,train,1
movie:1979:1,movie,1979,1,user,3,test,0
movie:1979:2,movie,1979,2,agent,0,test,1
movie:1979:3,movie,1979,3,user,0,test,0
movie:1980:1,movie,1980,1,user,3,train,1
movie:1980:2,movie,1980,2,agent,0,train,0
movie:1980:3,movie,1980,3,user,0,train,0
movie:1980:4,movie,1980,4,agent,1,train,0
movie:1980:5,movie,1980,5,user,0,train,0
movie:1980:6,movie,1980,6,agent,0,train,0
movie:1980:7,movie,1980,7,user,0,train,1
movie:1980:8,movie,1980,8,agent,1,train,0
movie:1980:9,movie,1980,9,user,3,train,0
movie:1980:10,movie,1980,10,agent,1,train,1
movie:1980:11,movie,1980,11,user,0,train,1
movie:1980:12,movie,1980,12,agent,0,train,1
movie:1980:13,movie,1980,13,user,3,train,1
movie:1980:14,movie,1980,14,agent,2,train,0
movie:1980:15,movie,1980,15,user,3,train,1
movie:1980:16,movie,1980,16,agent,0,train,0
movie:1980:17,movie,1980,17,user,0,train,0
movie:1980:18,movie,1980,18,agent,2,train,0
movie:1980:19,movie,1980,19,user,3,train,0
movie:1980:20,movie,1980,20,agent,2,train,0
movie:1981:1,movie,1981,1,user,3,test,1
movie:1981:2,movie,1981,2,agent,3,test,0
movie:1981:3,movie,1981,3,user,0,test,0
movie:1981:4,movie,1981,4,agent,3,test,1
movie:1981:5,movie,1981,5,user,2,test,1
movie:1981:6,movie,1981,6,agent,2,test,0
movie:1981:7,movie,1981,7,user,3,test,0
movie:1981:8,movie,1981,8,agent,2,test,1
movie:1981:9,movie,1981,9,user,3,test,1
movie:1981:10,movie,1981,10,agent,2,test,0
movie:1981:11,movie,1981,11,user,3,test,1
movie:1981:12,movie,1981,12,agent,2,test,0
movie:1981:13,movie,1981,13,user,3,test,1
movie:1982:1,movie,1982,1,user,1,train,0
movie:1982:2,movie,1982,2,agent,1,train,0
movie:1982:3,movie,1982,3,user,2,train,1
movie:1982:4,movie,1982,4,agent,1,train,0
movie:1982:5,movie,1982,5,user,3,train,1
movie:1982:6,movie,1982,6,agent,2,train,0
movie:1983:1,movie,1983,1,user,3,test,1
movie:1983:2,movie,1983,2,agent,0,test,1
movie:1983:3,movie,1983,3,user,0,test,0
movie:1983:4,movie,1983,4,agent,2,test,0
movie:1983:5,movie,1983,5,agent,1,test,0
movie:1983:6,movie,1983,6,user,2,test,1
movie:1984:1,movie,1984,1,user,1,test,0
movie:1984:2,movie,1984,2,agent,0,test,0
movie:1984:3,movie,1984,3,user,3,test,0
movie:1984:4,movie,1984,4,agent,1,test,0
movie:1984:5,movie,1984,5,user,3,test,0
movie:1984:6,movie,1984,6,agent,3,test,0
movie:1984:7,movie,1984,7,user,3,test,1
movie:1984:8,movie,1984,8,agent,3,test,0
movie:1984:9,movie,1984,9,user,3,test,0
movie:1984:10,movie,1984,10,agent,2,test,0
movie:1985:1,movie,1985,1,user,3,test,0
movie:1985:2,movie,1985,2,agent,2,test,0
movie:1985:3,movie,1985,3,user,2,test,0
movie:1985:4,movie,1985,4,agent,2,test,0
movie:1985:5,movie,1985,5,user,3,test,0
movie:1985:6,movie,1985,6,agent,2,test,0
movie:1985:7,movie,1985,7,user,3,test,0
movie:1986:1,movie,1986,1,user,3,train,1
movie:1986:2,movie,1986,2,agent,0,train,1
movie:1986:3,movie,1986,3,user,3,train,1
movie:1986:4,movie,1986,4,agent,2,train,0
movie:1986:5,movie,1986,5,user,3,train,1
movie:1986:6,movie,1986,6,agent,2,train,1
movie:1986:7,movie,1986,7,user,3,train,0
movie:1986:8,movie,1986,8,agent,3,train,0
movie:1987:1,movie,1987,1,user,3,train,0
movie:1987:2,movie,1987,2,agent,3,train,1
movie:1987:3,movie,1987,3,user,3,train,0
movie:1987:4,movie,1987,4,agent,2,train,0
movie:1987:5,movie,1987,5,user,0,train,0
movie:1987:6,movie,1987,6,agent,2,train,1
movie:1987:7,movie,1987,7,user,2,train,0
movie:1987:8,movie,1987,8,agent,3,train,1
movie:1987:9,movie,1987,9,user,3,train,0
movie:1987:10,movie,1987,10,agent,2,train,1
movie:1987:11,movie,1987,11,user,3,train,1
movie:1987:12,movie,1987,12,agent,2,train,0
movie:1987:13,movie,1987,13,user,2,train,0
movie:1987:14,movie,1987,14,agent,2,train,0
movie:1988:1,movie,1988,1,user,1,train,1
movie:1988:2,movie,1988,2,agent,0,train,0
movie:1988:3,movie,1988,3,user,1,train,0
movie:1988:4,movie,1988,4,agent,2,train,0
movie:1988:5,movie,1988,5,user,2,train,0
movie:1988:6,movie,1988,6,agent,1,train,0
movie:1988:7,movie,1988,7,user,3,train,0
movie:1988:8,movie,1988,8,agent,2,train,0
movie:1988:9,movie,1988,9,user,2,train,0
movie:1988:10,movie,1988,10,agent,2,train,0
movie:1989:1,movie,1989,1,user,1,test,0
movie:1989:2,movie,1989,2,agent,2,test,0
movie:1989:3,movie,1989,3,user,3,test,0
movie:1989:4,movie,1989,4,agent,1,test,0
movie:1989:5,movie,1989,5,user,3,test,0
movie:1989:6,movie,1989,6,agent,2,test,1
movie:1989:7,movie,1989,7,user,3,test,1
movie:1989:8,movie,1989,8,agent,2,test,0
movie:1989:9,movie,1989,9,user,2,test,0
movie:1989:10,movie,1989,10,agent,2,test,0
movie:1989:11,movie,1989,11,user,3,test,0
movie:1990:1,movie,1990,1,user,3,train,0
movie:1990:2,movie,1990,2,agent,2,train,0
movie:1990:3,movie,1990,3,user,0,train,0
movie:1990:4,movie,1990,4,agent,2,train,0
movie:1990:5,movie,1990,5,user,2,train,0
movie:1990:6,movie,1990,6,agent,2,train,0
movie:1990:7,movie,1990,7,user,3,train,1
movie:1990:8,movie,1990,8,agent,1,train,1
movie:1990:9,movie,1990,9,user,2,train,1
movie:1990:10,movie,1990,10,agent,2,train,1
movie:1990:11,movie,1990,11,user,3,train,0
movie:1990:12,movie,1990,12,agent,3,train,1
movie:1991:1,movie,1991,1,user,1,train,0
movie:1991:2,movie,1991,2,agent,1,train,1
movie:1991:3,movie,1991,3,user,0,train,0
movie:1991:4,movie,1991,4,agent,1,train,0
movie:1991:5,movie,1991,5,agent,2,train,0
movie:1992:1,movie,1992,1,user,1,train,0
movie:1992:2,movie,1992,2,agent,1,train,0
movie:1992:3,movie,1992,3,user,1,train,0
movie:1992:4,movie,1992,4,agent,1,train,1
movie:1992:5,movie,1992,5,user,0,train,0
movie:1992:6,movie,1992,6,agent,1,train,0
movie:1993:1,movie,1993,1,user,1,train,1
movie:1993:2,movie,1993,2,agent,1,train,0
movie:1993:3,movie,1993,3,user,2,train,1
movie:1993:4,movie,1993,4,agent,1,train,0
movie:1993:5,movie,1993,5,user,3,train,0
movie:1993:6,movie,1993,6,agent,2,train,0
movie:1993:7,movie,1993,7,user,0,train,0
movie:1994:1,movie,1994,1,user,3,train,1
movie:1994:2,movie,1994,2,agent,2,train,0
movie:1994:3,movie,1994,3,user,3,train,1
movie:1994:4,movie,1994,4,agent,1,train,1
movie:1994:5,movie,1994,5,user,0,train,1
movie:1994:6,movie,1994,6,agent,2,train,0
movie:1994:7,movie,1994,7,user,0,train,1
movie:1994:8,movie,1994,8,agent,2,train,0
movie:1995:1,movie,1995,1,user,1,test,0
movie:1995:2,movie,1995,2,agent,2,test,1
movie:1995:3,movie,1995,3,user,0,test,0
movie:1995:4,movie,1995,4,agent,1,test,0
movie:1995:5,movie,1995,5,user,2,test,0
movie:1995:6,movie,1995,6,agent,1,test,0
movie:1996:1,movie,1996,1,user,2,train,1
movie:1996:2,movie,1996,2,agent,2,train,1
movie:1996:3,movie,1996,3,user,0,train,0
movie:1996:4,movie,1996,4,agent,2,train,1
movie:1996:5,movie,1996,5,user,2,train,1
movie:1996:6,movie,1996,6,agent,0,train,1
movie:1996:7,movie,1996,7,user,3,train,1
movie:1996:8,movie,1996,8,agent,2,train,0
movie:1996:9,movie,1996,9,user,3,train,1
movie:1997:1,movie,1997,1,user,2,train,1
movie:1997:2,movie,1997,2,agent,3,train,1
movie:1997:3,movie,1997,3,user,2,train,1
movie:1998:1,movie,1998,1,user,1,train,1
movie:1998:2,movie,1998,2,agent,1,train,0
movie:1998:3,movie,1998,3,user,0,train,0
movie:1998:4,movie,1998,4,agent,0,train,1
movie:1998:5,movie,1998,5,user,0,train,0
movie:1999:1,movie,1999,1,user,1,validation,1
movie:1999:2,movie,1999,2,agent,0,validation,1
movie:1999:3,movie,1999,3,user,2,validation,0
movie:1999:4,movie,1999,4,agent,2,validation,0
movie:1999:5,movie,1999,5,user,0,validation,1
movie:1999:6,movie,1999,6,agent,0,validation,0
movie:1999:7,movie,1999,7,user,3,validation,0
movie:1999:8,movie,1999,8,agent,2,validation,0
movie:1999:9,movie,1999,9,user,2,validation,1
movie:1999:10,movie,1999,10,agent,2,validation,0
movie:2000:1,movie,2000,1,user,2,train,1
movie:2000:2,movie,2000,2,agent,2,train,1
movie:2000:3,movie,2000,3,user,0,train,0
movie:2000:4,movie,2000,4,agent,1,train,1
movie:2000:5,movie,2000,5,user,0,train,0
movie:2000:6,movie,2000,6,user,3,train,1
movie:2000:7,movie,2000,7,agent,1,train,1
movie:2000:8,movie,2000,8,user,2,train,0
movie:2000:9,movie,2000,9,agent,2,train,0
movie:2000:10,movie,2000,10,user,3,train,1
movie:2001:1,movie,2001,1,user,1,test,0
movie:2001:2,movie,2001,2,agent,1,test,1
movie:2001:3,movie,2001,3,user,3,test,0
movie:2001:4,movie,2001,4,agent,1,test,0
movie:2001:5,movie,2001,5,user,3,test,1
movie:2001:6,movie,2001,6,agent,2,test,0
movie:2002:1,movie,2002,1,user,2,train,1
movie:2002:2,movie,2002,2,agent,2,train,0
movie:2002:3,movie,2002,3,user,0,train,0
movie:2002:4,movie,2002,4,agent,2,train,0
movie:2002:5,movie,2002,5,user,3,train,1
movie:2003:1,movie,2003,1,user,2,validation,0
movie:2003:2,movie,2003,2,agent,0,validation,0
movie:2003:3,movie,2003,3,user,2,validation,0
movie:2003:4,movie,2003,4,agent,2,validation,0
movie:2003:5,movie,2003,5,user,3,validation,0
movie:2003:6,movie,2003,6,agent,2,validation,0
movie:2004:1,movie,2004,1,user,3,train,1
movie:2004:2,movie,2004,2,agent,2,train,1
movie:2004:3,movie,2004,3,user,2,train,0
movie:2004:4,movie,2004,4,agent,2,train,0
movie:2004:5,movie,2004,5,user,3,train,0
movie:2004:6,movie,2004,6,agent,2,train,0
movie:2004:7,movie,2004,7,user,2,train,0
movie:2004:8,movie,2004,8,agent,2,train,1
movie:2004:9,movie,2004,9,user,3,train,0
movie:2005:1,movie,2005,1,user,3,train,0
movie:2005:2,movie,2005,2,agent,2,train,0
movie:2005:3,movie,2005,3,user,0,train,1
movie:2005:4,movie,2005,4,agent,2,train,0
movie:2005:5,movie,2005,5,user,2,train,0
movie:2005:6,movie,2005,6,agent,1,train,0
movie:2005:7,movie,2005,7,user,0,train,1
movie:2005:8,movie,2005,8,agent,2,train,0
movie:2005:9,movie,2005,9,user,3,train,1
movie:2006:1,movie,2006,1,user,3,train,1
movie:2006:2,movie,2006,2,agent,2,train,1
movie:2006:3,movie,2006,3,user,2,train,0
movie:2006:4,movie,2006,4,agent,2,train,1
movie:2006:5,movie,2006,5,user,2,train,1
movie:2006:6,movie,2006,6,agent,1,train,0
movie:2006:7,movie,2006,7,user,3,train,0
movie:2006:8,movie,2006,8,agent,2,train,0
movie:2006:9,movie,2006,9,user,3,train,1
movie:2007:1,movie,2007,1,user,1,train,0
movie:2007:2,movie,2007,2,agent,2,train,0
movie:2007:3,movie,2007,3,user,0,train,0
movie:2007:4,movie,2007,4,agent,2,train,0
movie:2007:5,movie,2007,5,user,3,train,1
movie:2008:1,movie,2008,1,user,3,train,1
movie:2008:2,movie,2008,2,agent,1,train,0
movie:2008:3,movie,2008,3,user,2,train,0
movie:2008:4,movie,2008,4,agent,2,train,0
movie:2008:5,movie,2008,5,user,3,train,0
movie:2008:6,movie,2008,6,agent,2,train,0
movie:2008:7,movie,2008,7,user,3,train,1
movie:2009:1,movie,2009,1,user,3,test,0
movie:2009:2,movie,2009,2,agent,2,test,0
movie:2009:3,movie,2009,3,user,3,test,0
movie:2009:4,movie,2009,4,agent,2,test,0
movie:2009:5,movie,2009,5,user,3,test,0
movie:2009:6,movie,2009,6,agent,2,test,0
movie:2009:7,movie,2009,7,user,3,test,1
movie:2009:8,movie,2009,8,agent,2,test,0
movie:2009:9,movie,2009,9,user,3,test,0
movie:2010:1,movie,2010,1,user,1,train,1
movie:2010:2,movie,2010,2,agent,2,train,0
movie:2010:3,movie,2010,3,user,2,train,1
movie:2010:4,movie,2010,4,agent,2,train,0
movie:2010:5,movie,2010,5,user,3,train,1
movie:2011:1,movie,2011,1,user,1,train,0
movie:2011:2,movie,2011,2,agent,3,train,1
movie:2011:3,movie,2011,3,user,3,train,0
movie:2011:4,movie,2011,4,agent,2,train,1
movie:2011:5,movie,2011,5,user,3,train,1
movie:2011:6,movie,2011,6,agent,2,train,1
movie:2012:1,movie,2012,1,user,3,train,1
movie:2012:2,movie,2012,2,agent,2,train,1
movie:2012:3,movie,2012,3,user,2,train,0
movie:2012:4,movie,2012,4,agent,2,train,0
movie:2012:5,movie,2012,5,user,2,train,0
movie:2012:6,movie,2012,6,agent,2,train,0
movie:2012:7,movie,2012,7,user,3,train,1
movie:2012:8,movie,2012,8,agent,2,train,0
movie:2012:9,movie,2012,9,user,3,train,1
movie:2013:1,movie,2013,1,user,3,train,0
movie:2013:2,movie,2013,2,agent,2,train,0
movie:2013:3,movie,2013,3,user,2,train,0
movie:2013:4,movie,2013,4,agent,1,train,1
movie:2013:5,movie,2013,5,user,3,train,1
movie:2013:6,movie,2013,6,agent,2,train,0
movie:2013:7,movie,2013,7,user,3,train,1
movie:2013:8,movie,2013,8,agent,2,train,0
movie:2013:9,movie,2013,9,user,3,train,0
movie:2014:1,movie,2014,1,user,3,train,1
movie:2014:2,movie,2014,2,agent,1,train,0
movie:2014:3,movie,2014,3,user,0,train,1
movie:2014:4,movie,2014,4,agent,1,train,0
movie:2014:5,movie,2014,5,user,0,train,0
movie:2014:6,movie,2014,6,agent,2,train,0
movie:2014:7,movie,2014,7,user,0,train,0
movie:2014:8,movie,2014,8,agent,1,train,0
movie:2014:9,movie,2014,9,user,2,train,1
movie:2014:10,movie,2014,10,agent,2,train,0
movie:2015:1,movie,2015,1,user,3,train,0
movie:2015:2,movie,2015,2,agent,2,train,0
movie:2015:3,movie,2015,3,user,2,train,0
movie:2015:4,movie,2015,4,agent,2,train,0
movie:2015:5,movie,2015,5,user,3,train,1
movie:2015:6,movie,2015,6,agent,2,train,0
movie:2015:7,movie,2015,7,user,3,train,1
movie:2016:1,movie,2016,1,user,3,train,0
movie:2016:2,movie,2016,2,agent,0,train,1
movie:2016:3,movie,2016,3,user,2,train,0
movie:2016:4,movie,2016,4,agent,1,train,0
movie:2016:5,movie,2016,5,user,3,train,0
movie:2016:6,movie,2016,6,agent,2,train,0
movie:2016:7,movie,2016,7,user,3,train,0
movie:2017:1,movie,2017,1,user,3,train,1
movie:2017:2,movie,2017,2,agent,2,train,0
movie:2017:3,movie,2017,3,user,2,train,0
movie:2017:4,movie,2017,4,agent,2,train,0
movie:2017:5,movie,2017,5,user,2,train,0
movie:2017:6,movie,2017,6,agent,2,train,1
movie:2017:7,movie,2017,7,user,3,train,1
movie:2017:8,movie,2017,8,agent,2,train,0
movie:2017:9,movie,2017,9,user,3,train,1
movie:2018:1,movie,2018,1,user,3,train,1
movie:2018:2,movie,2018,2,agent,1,train,0
movie:2018:3,movie,2018,3,user,2,train,0
movie:2018:4,movie,2018,4,agent,2,train,0
movie:2018:5,movie,2018,5,user,3,train,1
movie:2018:6,movie,2018,6,agent,2,train,0
movie:2018:7,movie,2018,7,user,3,train,1
movie:2018:8,movie,2018,8,agent,2,train,1
movie:2018:9,movie,2018,9,user,3,train,0
movie:2019:1,movie,2019,1,user,3,train,1
movie:2019:2,movie,2019,2,agent,2,train,1
movie:2019:3,movie,2019,3,agent,1,train,0
movie:2019:4,movie,2019,4,user,3,train,1
movie:2019:5,movie,2019,5,agent,2,train,0
movie:2019:6,movie,2019,6,user,3,train,1
movie:2020:1,movie,2020,1,user,3,train,1
movie:2020:2,movie,2020,2,agent,1,train,0
movie:2020:3,movie,2020,3,user,2,train,1
movie:2020:4,movie,2020,4,agent,2,train,0
movie:2020:5,movie,2020,5,user,3,train,0
movie:2020:6,movie,2020,6,agent,2,train,0
movie:2020:7,movie,2020,7,user,3,train,1
movie:2021:1,movie,2021,1,user,3,train,1
movie:2021:2,movie,2021,2,agent,0,train,1
movie:2021:3,movie,2021,3,user,2,train,0
movie:2021:4,movie,2021,4,agent,2,train,0
movie:2021:5,movie,2021,5,user,2,train,1
movie:2021:6,movie,2021,6,agent,2,train,0
movie:2021:7,movie,2021,7,user,3,train,1
movie:2021:8,movie,2021,8,agent,2,train,1
movie:2021:9,movie,2021,9,user,3,train,1
movie:2022:1,movie,2022,1,user,3,test,1
movie:2022:2,movie,2022,2,agent,0,test,0
movie:2022:3,movie,2022,3,user,2,test,0
movie:2022:4,movie,2022,4,agent,2,test,0
movie:2022:5,movie,2022,5,user,2,test,1
movie:2022:6,movie,2022,6,agent,2,test,0
movie:2022:7,movie,2022,7,user,3,test,1
movie:2022:8,movie,2022,8,agent,2,test,0
movie:2022:9,movie,2022,9,user,3,test,1
movie:2023:1,movie,2023,1,user,3,train,0
movie:2023:2,movie,2023,2,agent,0,train,0
movie:2023:3,movie,2023,3,user,2,train,1
movie:2023:4,movie,2023,4,agent,0,train,0
movie:2023:5,movie,2023,5,user,2,train,0
movie:2023:6,movie,2023,6,agent,2,train,0
movie:2023:7,movie,2023,7,user,2,train,1
movie:2023:8,movie,2023,8,agent,2,train,0
movie:2023:9,movie,2023,9,user,3,train,0
movie:2023:10,movie,2023,10,agent,2,train,0
movie:2023:11,movie,2023,11,user,3,train,0
movie:2024:1,movie,2024,1,user,3,train,1
movie:2024:2,movie,2024,2,agent,0,train,0
movie:2024:3,movie,2024,3,user,2,train,0
movie:2024:4,movie,2024,4,agent,2,train,0
movie:2024:5,movie,2024,5,user,0,train,0
movie:2024:6,movie,2024,6,agent,1,train,1
movie:2024:7,movie,2024,7,user,0,train,1
movie:2024:8,movie,2024,8,agent,2,train,0
movie:2024:9,movie,2024,9,user,0,train,0
movie:2024:10,movie,2024,10,agent,2,train,0
movie:2024:11,movie,2024,11,user,3,train,1
movie:2024:12,movie,2024,12,agent,2,train,1
movie:2024:13,movie,2024,13,user,3,train,0
movie:2025:1,movie,2025,1,user,3,train,0
movie:2025:2,movie,2025,2,agent,1,train,0
movie:2025:3,movie,2025,3,user,3,train,1
movie:2025:4,movie,2025,4,agent,2,train,0
movie:2025:5,movie,2025,5,user,3,train,0
movie:2025:6,movie,2025,6,agent,2,train,0
movie:2026:1,movie,2026,1,user,3,train,1
movie:2026:2,movie,2026,2,agent,0,train,0
movie:2026:3,movie,2026,3,user,2,train,1
movie:2026:4,movie,2026,4,agent,2,train,0
movie:2026:5,movie,2026,5,user,3,train,0
movie:2026:6,movie,2026,6,agent,2,train,0
movie:2026:7,movie,2026,7,user,3,train,0
movie:2027:1,movie,2027,1,user,3,test,0
movie:2027:2,movie,2027,2,agent,1,test,0
movie:2027:3,movie,2027,3,user,2,test,1
movie:2027:4,movie,2027,4,agent,2,test,0
movie:2027:5,movie,2027,5,user,3,test,1
movie:2027:6,movie,2027,6,agent,2,test,0
movie:2027:7,movie,2027,7,user,3,test,1
movie:2028:1,movie,2028,1,user,3,train,0
movie:2028:2,movie,2028,2,agent,2,train,0
movie:2028:3,movie,2028,3,user,2,train,0
movie:2028:4,movie,2028,4,agent,1,train,0
movie:2028:5,movie,2028,5,user,2,train,1
movie:2028:6,movie,2028,6,agent,2,train,0
movie:2028:7,movie,2028,7,user,3,train,1
movie:2028:8,movie,2028,8,agent,2,train,0
movie:2029:1,movie,2029,1,user,3,validation,1
movie:2029:2,movie,2029,2,agent,0,validation,1
movie:2029:3,movie,2029,3,user,2,validation,0
movie:2029:4,movie,2029,4,agent,1,validation,0
movie:2029:5,movie,2029,5,user,2,validation,0
movie:2029:6,movie,2029,6,agent,2,validation,1
movie:2029:7,movie,2029,7,user,3,validation,1
movie:2029:8,movie,2029,8,agent,2,validation,0
movie:2029:9,movie,2029,9,user,3,validation,0
movie:2030:1,movie,2030,1,user,3,train,0
movie:2030:2,movie,2030,2,agent,1,train,0
movie:2030:3,movie,2030,3,user,2,train,1
movie:2030:4,movie,2030,4,agent,3,train,1
movie:2030:5,movie,2030,5,user,1,train,0
movie:2030:6,movie,2030,6,agent,2,train,0
movie:2030:7,movie,2030,7,user,3,train,0
movie:2030:8,movie,2030,8,agent,2,train,0
movie:2030:9,movie,2030,9,user,3,train,0
movie:2031:1,movie,2031,1,user,3,test,0
movie:2031:2,movie,2031,2,agent,2,test,0
movie:2031:3,movie,2031,3,user,2,test,0
movie:2031:4,movie,2031,4,user,0,test,1
movie:2031:5,movie,2031,5,agent,2,test,1
movie:2032:1,movie,2032,1,user,3,train,1
movie:2032:2,movie,2032,2,agent,2,train,1
movie:2032:3,movie,2032,3,user,2,train,0
movie:2032:4,movie,2032,4,agent,3,train,1
movie:2032:5,movie,2032,5,user,3,train,1
movie:2032:6,movie,2032,6,agent,2,train,0
movie:2032:7,movie,2032,7,user,3,train,1
movie:2033:1,movie,2033,1,user,3,train,1
movie:2033:2,movie,2033,2,agent,1,train,0
movie:2033:3,movie,2033,3,user,2,train,1
movie:2033:4,movie,2033,4,agent,2,train,0
movie:2033:5,movie,2033,5,user,3,train,1
movie:2033:6,movie,2033,6,agent,2,train,1
movie:2033:7,movie,2033,7,user,3,train,1
movie:2033:8,movie,2033,8,agent,2,train,0
movie:2033:9,movie,2033,9,user,3,train,0
movie:2034:1,movie,2034,1,user,3,train,0
movie:2034:2,movie,2034,2,agent,1,train,0
movie:2034:3,movie,2034,3,user,2,train,0
movie:2034:4,movie,2034,4,agent,2,train,0
movie:2034:5,movie,2034,5,user,3,train,1
movie:2034:6,movie,2034,6,agent,2,train,0
movie:2034:7,movie,2034,7,user,3,train,1
movie:2035:1,movie,2035,1,user,3,train,0
movie:2035:2,movie,2035,2,agent,0,train,0
movie:2035:3,movie,2035,3,user,2,train,0
movie:2035:4,movie,2035,4,agent,2,train,1
movie:2035:5,movie,2035,5,user,2,train,0
movie:2035:6,movie,2035,6,agent,2,train,0
movie:2035:7,movie,2035,7,user,3,train,1
movie:2035:8,movie,2035,8,agent,2,train,1
movie:2035:9,movie,2035,9,user,3,train,1
movie:2036:1,movie,2036,1,user,3,test,1
movie:2036:2,movie,2036,2,agent,0,test,0
movie:2036:3,movie,2036,3,user,2,test,0
movie:2036:4,movie,2036,4,agent,2,test,0
movie:2036:5,movie,2036,5,user,2,test,0
movie:2036:6,movie,2036,6,agent,2,test,0
movie:2036:7,movie,2036,7,user,0,test,1
movie:2036:8,movie,2036,8,user,3,test,1
movie:2036:9,movie,2036,9,agent,2,test,1
movie:2036:10,movie,2036,10,user,3,test,1
movie:2037:1,movie,2037,1,user,2,train,0
movie:2037:2,movie,2037,2,agent,2,train,0
movie:2037:3,movie,2037,3,user,0,train,0
movie:2037:4,movie,2037,4,agent,2,train,1
movie:2037:5,movie,2037,5,user,3,train,1
movie:2037:6,movie,2037,6,agent,2,train,1
movie:2037:7,movie,2037,7,user,3,train,1
movie:2038:1,movie,2038,1,user,3,train,0
movie:2038:2,movie,2038,2,agent,1,train,1
movie:2038:3,movie,2038,3,user,2,train,0
movie:2038:4,movie,2038,4,agent,2,train,0
movie:2038:5,movie,2038,5,user,3,train,0
movie:2038:6,movie,2038,6,agent,2,train,0
movie:2038:7,movie,2038,7,user,3,train,1
movie:2039:1,movie,2039,1,user,3,train,0
movie:2039:2,movie,2039,2,agent,0,train,0
movie:2039:3,movie,2039,3,user,2,train,0
movie:2039:4,movie,2039,4,agent,2,train,0
movie:2039:5,movie,2039,5,user,1,train,0
movie:2039:6,movie,2039,6,agent,2,train,0
movie:2039:7,movie,2039,7,user,3,train,1
movie:2039:8,movie,2039,8,agent,2,train,0
movie:2039:9,movie,2039,9,user,3,train,1
movie:2040:1,movie,2040,1,user,3,train,1
movie:2040:2,movie,2040,2,agent,2,train,0
movie:2040:3,movie,2040,3,user,3,train,1
movie:2040:4,movie,2040,4,agent,2,train,0
movie:2040:5,movie,2040,5,user,2,train,0
movie:2040:6,movie,2040,6,agent,2,train,0
movie:2040:7,movie,2040,7,user,3,train,1
movie:2040:8,movie,2040,8,agent,2,train,0
movie:2040:9,movie,2040,9,user,3,train,0
movie:2041:1,movie,2041,1,user,3,test,1
movie:2041:2,movie,2041,2,agent,2,test,0
movie:2041:3,movie,2041,3,user,2,test,0
movie:2041:4,movie,2041,4,agent,2,test,1
movie:2042:1,movie,2042,1,user,3,train,0
movie:2042:2,movie,2042,2,agent,1,train,0
movie:2042:3,movie,2042,3,user,2,train,0
movie:2042:4,movie,2042,4,agent,1,train,0
movie:2042:5,movie,2042,5,user,2,train,0
movie:2042:6,movie,2042,6,agent,1,train,0
movie:2042:7,movie,2042,7,user,3,train,1
movie:2042:8,movie,2042,8,agent,2,train,0
movie:2042:9,movie,2042,9,user,3,train,1
movie:2043:1,movie,2043,1,user,1,train,1
movie:2043:2,movie,2043,2,agent,2,train,0
movie:2043:3,movie,2043,3,user,0,train,1
movie:2043:4,movie,2043,4,agent,2,train,0
movie:2043:5,movie,2043,5,user,2,train,0
movie:2043:6,movie,2043,6,agent,2,train,1
movie:2043:7,movie,2043,7,user,2,train,1
movie:2043:8,movie,2043,8,agent,2,train,1
movie:2043:9,movie,2043,9,user,3,train,0
movie:2043:10,movie,2043,10,agent,3,train,1
movie:2044:1,movie,2044,1,user,3,train,0
movie:2044:2,movie,2044,2,agent,0,train,0
movie:2044:3,movie,2044,3,user,2,train,1
movie:2044:4,movie,2044,4,agent,2,train,0
movie:2044:5,movie,2044,5,user,3,train,0
movie:2044:6,movie,2044,6,agent,2,train,0
movie:2044:7,movie,2044,7,user,3,train,1
movie:2045:1,movie,2045,1,user,1,train,0
movie:2045:2,movie,2045,2,agent,2,train,1
movie:2045:3,movie,2045,3,user,2,train,1
movie:2045:4,movie,2045,4,agent,2,train,0
movie:2045:5,movie,2045,5,user,3,train,1
movie:2046:1,movie,2046,1,user,3,train,1
movie:2046:2,movie,2046,2,agent,1,train,0
movie:2046:3,movie,2046,3,user,2,train,0
movie:2046:4,movie,2046,4,agent,2,train,0
movie:2046:5,movie,2046,5,user,3,train,0
movie:2046:6,movie,2046,6,agent,2,train,1
movie:2046:7,movie,2046,7,user,3,train,1
movie:2047:1,movie,2047,1,user,3,train,0
movie:2047:2,movie,2047,2,agent,2,train,0
movie:2047:3,movie,2047,3,user,2,train,0
movie:2047:4,movie,2047,4,agent,2,train,0
movie:2047:5,movie,2047,5,user,2,train,1
movie:2047:6,movie,2047,6,agent,1,train,0
movie:2047:7,movie,2047,7,user,3,train,1
movie:2048:1,movie,2048,1,user,3,train,1
movie:2048:2,movie,2048,2,agent,2,train,1
movie:2048:3,movie,2048,3,user,2,train,0
movie:2048:4,movie,2048,4,agent,2,train,1
movie:2048:5,movie,2048,5,user,3,train,1
movie:2048:6,movie,2048,6,agent,2,train,1
movie:2048:7,movie,2048,7,user,3,train,1
movie:2048:8,movie,2048,8,agent,2,train,0
movie:2048:9,movie,2048,9,user,3,train,0
movie:2049:1,movie,2049,1,user,1,train,1
movie:2049:2,movie,2049,2,agent,2,train,0
movie:2049:3,movie,2049,3,user,0,train,1
movie:2049:4,movie,2049,4,agent,2,train,0
movie:2049:5,movie,2049,5,user,3,train,1
movie:2049:6,movie,2049,6,agent,2,train,0
movie:2049:7,movie,2049,7,user,3,train,0
movie:2050:1,movie,2050,1,user,3,train,1
movie:2050:2,movie,2050,2,agent,1,train,0
movie:2050:3,movie,2050,3,user,2,train,0
movie:2050:4,movie,2050,4,agent,1,train,0
movie:2050:5,movie,2050,5,user,2,train,0
movie:2050:6,movie,2050,6,agent,1,train,0
movie:2050:7,movie,2050,7,user,3,train,0
movie:2050:8,movie,2050,8,agent,2,train,1
movie:2051:1,movie,2051,1,user,3,train,1
movie:2051:2,movie,2051,2,agent,2,train,1
movie:2051:3,movie,2051,3,user,3,train,0
movie:2051:4,movie,2051,4,agent,1,train,0
movie:2051:5,movie,2051,5,user,2,train,0
movie:2051:6,movie,2051,6,agent,1,train,1
movie:2051:7,movie,2051,7,user,2,train,0
movie:2051:8,movie,2051,8,agent,3,train,0
movie:2051:9,movie,2051,9,user,3,train,0
movie:2052:1,movie,2052,1,user,3,validation,0
movie:2052:2,movie,2052,2,agent,0,validation,1
movie:2052:3,movie,2052,3,user,2,validation,1
movie:2052:4,movie,2052,4,agent,2,validation,1
movie:2052:5,movie,2052,5,user,2,validation,0
movie:2052:6,movie,2052,6,agent,2,validation,0
movie:2052:7,movie,2052,7,user,3,validation,1
movie:2052:8,movie,2052,8,agent,2,validation,0
movie:2052:9,movie,2052,9,user,3,validation,1
movie:2053:1,movie,2053,1,user,3,train,0
movie:2053:2,movie,2053,2,agent,0,train,0
movie:2053:3,movie,2053,3,user,2,train,0
movie:2053:4,movie,2053,4,agent,2,train,0
movie:2053:5,movie,2053,5,user,3,train,0
movie:2053:6,movie,2053,6,agent,2,train,0
movie:2053:7,movie,2053,7,user,3,train,1
movie:2053:8,movie,2053,8,agent,2,train,0
movie:2053:9,movie,2053,9,user,3,train,1
movie:2054:1,movie,2054,1,user,3,test,0
movie:2054:2,movie,2054,2,agent,3,test,1
movie:2054:3,movie,2054,3,user,0,test,1
movie:2054:4,movie,2054,4,agent,2,test,0
movie:2054:5,movie,2054,5,user,0,test,1
movie:2054:6,movie,2054,6,agent,2,test,1
movie:2054:7,movie,2054,7,user,0,test,1
movie:2054:8,movie,2054,8,agent,2,test,0
movie:2054:9,movie,2054,9,user,3,test,1
movie:2055:1,movie,2055,1,user,1,train,0
movie:2055:2,movie,2055,2,agent,2,train,0
movie:2055:3,movie,2055,3,user,2,train,1
movie:2055:4,movie,2055,4,agent,2,train,0
movie:2055:5,movie,2055,5,user,3,train,1
movie:2056:1,movie,2056,1,user,3,test,0
movie:2056:2,movie,2056,2,agent,1,test,0
movie:2056:3,movie,2056,3,user,2,test,0
movie:2056:4,movie,2056,4,agent,2,test,0
movie:2056:5,movie,2056,5,user,1,test,0
movie:2056:6,movie,2056,6,agent,2,test,0
movie:2056:7,movie,2056,7,user,3,test,1
movie:2056:8,movie,2056,8,agent,2,test,0
movie:2056:9,movie,2056,9,user,3,test,1
movie:2057:1,movie,2057,1,user,3,validation,1
movie:2057:2,movie,2057,2,agent,0,validation,0
movie:2057:3,movie,2057,3,user,2,validation,0
movie:2057:4,movie,2057,4,agent,2,validation,1
movie:2057:5,movie,2057,5,user,3,validation,0
movie:2057:6,movie,2057,6,agent,1,validation,0
movie:2057:7,movie,2057,7,user,3,validation,1
movie:2057:8,movie,2057,8,user,3,validation,0
movie:2057:9,movie,2057,9,agent,2,validation,0
movie:2057:10,movie,2057,10,user,3,validation,0
movie:2058:1,movie,2058,1,user,3,train,0
movie:2058:2,movie,2058,2,agent,1,train,0
movie:2058:3,movie,2058,3,user,2,train,0
movie:2058:4,movie,2058,4,agent,2,train,1
movie:2058:5,movie,2058,5,user,1,train,0
movie:2058:6,movie,2058,6,agent,2,train,1
movie:2058:7,movie,2058,7,user,3,train,1
movie:2058:8,movie,2058,8,agent,2,train,1
movie:2058:9,movie,2058,9,user,3,train,1
movie:2059:1,movie,2059,1,user,1,train,0
movie:2059:2,movie,2059,2,agent,3,train,1
movie:2059:3,movie,2059,3,user,2,train,1
movie:2059:4,movie,2059,4,agent,2,train,1
movie:2059:5,movie,2059,5,user,0,train,0
movie:2059:6,movie,2059,6,agent,1,train,0
movie:2059:7,movie,2059,7,user,2,train,0
movie:2059:8,movie,2059,8,agent,2,train,0
movie:2059:9,movie,2059,9,user,2,train,0
movie:2059:10,movie,2059,10,agent,2,train,0
movie:2059:11,movie,2059,11,user,3,train,1
movie:2060:1,movie,2060,1,user,2,test,1
movie:2060:2,movie,2060,2,agent,2,test,0
movie:2060:3,movie,2060,3,user,2,test,0
movie:2060:4,movie,2060,4,agent,2,test,0
movie:2061:1,movie,2061,1,user,3,train,1
movie:2061:2,movie,2061,2,agent,0,train,0
movie:2061:3,movie,2061,3,user,2,train,0
movie:2061:4,movie,2061,4,agent,2,train,0
movie:2061:5,movie,2061,5,user,3,train,1
movie:2061:6,movie,2061,6,agent,2,train,1
movie:2061:7,movie,2061,7,user,3,train,0
movie:2062:1,movie,2062,1,user,3,train,1
movie:2062:2,movie,2062,2,agent,0,train,1
movie:2062:3,movie,2062,3,user,2,train,0
movie:2062:4,movie,2062,4,agent,2,train,0
movie:2062:5,movie,2062,5,agent,1,train,0
movie:2062:6,movie,2062,6,user,2,train,0
movie:2062:7,movie,2062,7,agent,2,train,0
movie:2062:8,movie,2062,8,user,3,train,1
movie:2062:9,movie,2062,9,agent,2,train,1
movie:2062:10,movie,2062,10,user,3,train,1
movie:2063:1,movie,2063,1,user,3,validation,1
movie:2063:2,movie,2063,2,agent,0,validation,0
movie:2063:3,movie,2063,3,user,2,validation,1
movie:2063:4,movie,2063,4,agent,2,validation,1
movie:2063:5,movie,2063,5,user,2,validation,1
movie:2063:6,movie,2063,6,agent,2,validation,0
movie:2063:7,movie,2063,7,user,3,validation,0
movie:2063:8,movie,2063,8,agent,2,validation,0
movie:2063:9,movie,2063,9,user,3,validation,0
movie:2064:1,movie,2064,1,user,3,train,1
movie:2064:2,movie,2064,2,agent,0,train,0
movie:2064:3,movie,2064,3,user,2,train,0
movie:2064:4,movie,2064,4,agent,2,train,0
movie:2064:5,movie,2064,5,user,3,train,0
movie:2064:6,movie,2064,6,agent,2,train,0
movie:2065:1,movie,2065,1,user,2,train,0
movie:2065:2,movie,2065,2,agent,2,train,0
movie:2065:3,movie,2065,3,user,0,train,0
movie:2065:4,movie,2065,4,agent,1,train,0
movie:2065:5,movie,2065,5,user,0,train,0
movie:2065:6,movie,2065,6,agent,2,train,0
movie:2065:7,movie,2065,7,user,2,train,0
movie:2065:8,movie,2065,8,agent,2,train,0
movie:2066:1,movie,2066,1,user,3,train,1
movie:2066:2,movie,2066,2,agent,0,train,0
movie:2066:3,movie,2066,3,user,2,train,1
movie:2066:4,movie,2066,4,agent,1,train,1
movie:2066:5,movie,2066,5,user,2,train,1
movie:2066:6,movie,2066,6,agent,2,train,0
movie:2066:7,movie,2066,7,user,3,train,1
movie:2067:1,movie,2067,1,user,3,train,0
movie:2067:2,movie,2067,2,agent,1,train,0
movie:2067:3,movie,2067,3,user,2,train,0
movie:2067:4,movie,2067,4,agent,1,train,0
movie:2067:5,movie,2067,5,user,0,train,0
movie:2067:6,movie,2067,6,agent,1,train,0
movie:2067:7,movie,2067,7,user,3,train,0
movie:2067:8,movie,2067,8,agent,2,train,0
movie:2067:9,movie,2067,9,user,3,train,1
movie:2068:1,movie,2068,1,user,3,validation,1
movie:2068:2,movie,2068,2,agent,1,validation,0
movie:2068:3,movie,2068,3,user,2,validation,0
movie:2068:4,movie,2068,4,agent,1,validation,0
movie:2068:5,movie,2068,5,user,3,validation,0
movie:2068:6,movie,2068,6,agent,2,validation,0
movie:2068:7,movie,2068,7,user,3,validation,1
movie:2069:1,movie,2069,1,user,3,train,1
movie:2069:2,movie,2069,2,agent,1,train,0
movie:2069:3,movie,2069,3,user,2,train,0
movie:2069:4,movie,2069,4,agent,1,train,0
movie:2069:5,movie,2069,5,user,3,train,1
movie:2069:6,movie,2069,6,agent,2,train,0
movie:2070:1,movie,2070,1,user,3,validation,0
movie:2070:2,movie,2070,2,agent,3,validation,1
movie:2070:3,movie,2070,3,user,2,validation,0
movie:2070:4,movie,2070,4,agent,2,validation,0
movie:2070:5,movie,2070,5,user,0,validation,1
movie:2070:6,movie,2070,6,agent,1,validation,0
movie:2070:7,movie,2070,7,user,3,validation,0
movie:2070:8,movie,2070,8,agent,2,validation,1
movie:2071:1,movie,2071,1,user,1,validation,1
movie:2071:2,movie,2071,2,agent,2,validation,0
movie:2071:3,movie,2071,3,user,0,validation,0
movie:2071:4,movie,2071,4,agent,1,validation,0
movie:2071:5,movie,2071,5,user,2,validation,0
movie:2071:6,movie,2071,6,agent,2,validation,0
movie:2071:7,movie,2071,7,user,3,validation,1
movie:2071:8,movie,2071,8,agent,2,validation,0
movie:2071:9,movie,2071,9,user,2,validation,1
movie:2071:10,movie,2071,10,agent,1,validation,0
movie:2071:11,movie,2071,11,user,0,validation,1
movie:2071:12,movie,2071,12,agent,2,validation,0
movie:2071:13,movie,2071,13,user,3,validation,0
movie:2072:1,movie,2072,1,user,3,test,1
movie:2072:2,movie,2072,2,agent,1,test,0
movie:2072:3,movie,2072,3,user,2,test,0
movie:2072:4,movie,2072,4,agent,2,test,0
movie:2072:5,movie,2072,5,agent,1,test,0
movie:2072:6,movie,2072,6,user,3,test,1
movie:2073:1,movie,2073,1,user,3,train,0
movie:2073:2,movie,2073,2,agent,1,train,0
movie:2073:3,movie,2073,3,user,2,train,0
movie:2073:4,movie,2073,4,agent,1,train,0
movie:2073:5,movie,2073,5,user,3,train,1
movie:2073:6,movie,2073,6,agent,2,train,0
movie:2073:7,movie,2073,7,user,3,train,1
movie:2074:1,movie,2074,1,user,3,validation,0
movie:2074:2,movie,2074,2,agent,0,validation,0
movie:2074:3,movie,2074,3,user,2,validation,0
movie:2074:4,movie,2074,4,agent,1,validation,0
movie:2074:5,movie,2074,5,user,2,validation,1
movie:2074:6,movie,2074,6,agent,2,validation,1
movie:2074:7,movie,2074,7,user,3,validation,0
movie:2075:1,movie,2075,1,user,1,train,0
movie:2075:2,movie,2075,2,agent,0,train,0
movie:2075:3,movie,2075,3,user,0,train,1
movie:2075:4,movie,2075,4,agent,2,train,0
movie:2075:5,movie,2075,5,user,0,train,1
movie:2075:6,movie,2075,6,agent,2,train,1
movie:2075:7,movie,2075,7,user,2,train,1
movie:2075:8,movie,2075,8,agent,2,train,1
movie:2076:1,movie,2076,1,user,1,train,0
movie:2076:2,movie,2076,2,agent,2,train,0
movie:2076:3,movie,2076,3,user,0,train,0
movie:2076:4,movie,2076,4,agent,2,train,0
movie:2077:1,movie,2077,1,user,1,validation,0
movie:2077:2,movie,2077,2,agent,2,validation,1
movie:2077:3,movie,2077,3,user,2,validation,0
movie:2077:4,movie,2077,4,agent,2,validation,1
movie:2077:5,movie,2077,5,user,3,validation,0
movie:2078:1,movie,2078,1,user,3,train,1
movie:2078:2,movie,2078,2,agent,1,train,0
movie:2078:3,movie,2078,3,user,2,train,0
movie:2078:4,movie,2078,4,agent,2,train,0
movie:2078:5,movie,2078,5,user,3,train,0
movie:2079:1,movie,2079,1,user,1,train,1
movie:2079:2,movie,2079,2,agent,2,train,0
movie:2079:3,movie,2079,3,user,3,train,1
movie:2079:4,movie,2079,4,agent,1,train,1
movie:2079:5,movie,2079,5,user,2,train,0
movie:2079:6,movie,2079,6,agent,1,train,0
movie:2079:7,movie,2079,7,user,0,train,0
movie:2079:8,movie,2079,8,agent,2,train,0
movie:2079:9,movie,2079,9,user,3,train,0
movie:2079:10,movie,2079,10,agent,2,train,0
movie:2079:11,movie,2079,11,user,3,train,1
movie:2080:1,movie,2080,1,user,2,train,0
movie:2080:2,movie,2080,2,agent,0,train,1
movie:2080:3,movie,2080,3,user,0,train,0
movie:2080:4,movie,2080,4,agent,2,train,1
movie:2080:5,movie,2080,5,user,2,train,1
movie:2080:6,movie,2080,6,agent,2,train,1
movie:2081:1,movie,2081,1,user,1,train,0
movie:2081:2,movie,2081,2,agent,1,train,0
movie:2081:3,movie,2081,3,agent,1,train,0
movie:2081:4,movie,2081,4,user,3,train,1
movie:2081:5,movie,2081,5,agent,2,train,0
movie:2081:6,movie,2081,6,user,0,train,1
movie:2081:7,movie,2081,7,agent,2,train,1
movie:2081:8,movie,2081,8,user,2,train,0
movie:2081:9,movie,2081,9,agent,2,train,1
movie:2081:10,movie,2081,10,user,2,train,0
movie:2081:11,movie,2081,11,agent,2,train,1
movie:2081:12,movie,2081,12,user,3,train,1
movie:2082:1,movie,2082,1,user,3,train,1
movie:2082:2,movie,2082,2,agent,1,train,1
movie:2082:3,movie,2082,3,user,2,train,0
movie:2082:4,movie,2082,4,agent,2,train,1
movie:2082:5,movie,2082,5,user,3,train,1
movie:2082:6,movie,2082,6,agent,2,train,0
movie:2082:7,movie,2082,7,user,2,train,0
movie:2082:8,movie,2082,8,agent,2,train,1
movie:2082:9,movie,2082,9,user,3,train,0
movie:2083:1,movie,2083,1,user,1,train,0
movie:2083:2,movie,2083,2,agent,2,train,0
movie:2083:3,movie,2083,3,user,0,train,0
movie:2083:4,movie,2083,4,agent,2,train,0
movie:2084:1,movie,2084,1,user,3,test,1
movie:2084:2,movie,2084,2,agent,0,test,0
movie:2084:3,movie,2084,3,user,2,test,1
movie:2084:4,movie,2084,4,agent,1,test,0
movie:2084:5,movie,2084,5,user,2,test,0
movie:2084:6,movie,2084,6,agent,2,test,0
movie:2084:7,movie,2084,7,user,3,test,1
movie:2084:8,movie,2084,8,agent,2,test,0
movie:2084:9,movie,2084,9,user,3,test,1
movie:2085:1,movie,2085,1,user,3,test,0
movie:2085:2,movie,2085,2,agent,0,test,0
movie:2085:3,movie,2085,3,user,2,test,0
movie:2085:4,movie,2085,4,agent,1,test,0
movie:2085:5,movie,2085,5,user,2,test,1
movie:2085:6,movie,2085,6,agent,2,test,0
movie:2085:7,movie,2085,7,user,3,test,0
movie:2086:1,movie,2086,1,user,3,train,0
movie:2086:2,movie,2086,2,agent,1,train,0
movie:2086:3,movie,2086,3,user,2,train,0
movie:2086:4,movie,2086,4,agent,1,train,1
movie:2086:5,movie,2086,5,user,3,train,0
movie:2086:6,movie,2086,6,agent,2,train,0
movie:2086:7,movie,2086,7,user,3,train,1
movie:2087:1,movie,2087,1,user,1,train,1
movie:2087:2,movie,2087,2,agent,2,train,0
movie:2087:3,movie,2087,3,user,0,train,0
movie:2087:4,movie,2087,4,agent,2,train,0
movie:2087:5,movie,2087,5,user,2,train,0
movie:2087:6,movie,2087,6,agent,2,train,0
movie:2087:7,movie,2087,7,user,0,train,1
movie:2087:8,movie,2087,8,agent,2,train,1
movie:2087:9,movie,2087,9,user,2,train,0
movie:2087:10,movie,2087,10,agent,1,train,0
movie:2087:11,movie,2087,11,user,0,train,0
movie:2087:12,movie,2087,12,agent,2,train,0
movie:2087:13,movie,2087,13,user,3,train,1
movie:2088:1,movie,2088,1,user,3,train,1
movie:2088:2,movie,2088,2,agent,2,train,0
movie:2088:3,movie,2088,3,user,0,train,1
movie:2088:4,movie,2088,4,agent,2,train,0
movie:2088:5,movie,2088,5,user,3,train,1
movie:2088:6,movie,2088,6,agent,2,train,0
movie:2088:7,movie,2088,7,user,3,train,1
movie:2089:1,movie,2089,1,user,2,test,0
movie:2089:2,movie,2089,2,agent,1,test,0
movie:2089:3,movie,2089,3,user,0,test,1
movie:2089:4,movie,2089,4,agent,2,test,0
movie:2089:5,movie,2089,5,user,3,test,0
movie:2090:1,movie,2090,1,user,2,train,0
movie:2090:2,movie,2090,2,agent,2,train,0
movie:2090:3,movie,2090,3,user,0,train,1
movie:2090:4,movie,2090,4,agent,2,train,0
movie:2090:5,movie,2090,5,user,2,train,0
movie:2090:6,movie,2090,6,agent,2,train,0
movie:2091:1,movie,2091,1,user,1,train,0
movie:2091:2,movie,2091,2,agent,2,train,1
movie:2091:3,movie,2091,3,user,0,train,0
movie:2091:4,movie,2091,4,agent,2,train,1
movie:2091:5,movie,2091,5,user,2,train,0
movie:2091:6,movie,2091,6,agent,1,train,0
movie:2091:7,movie,2091,7,user,0,train,1
movie:2091:8,movie,2091,8,agent,2,train,0
movie:2091:9,movie,2091,9,user,3,train,1
movie:2092:1,movie,2092,1,user,1,train,0
movie:2092:2,movie,2092,2,agent,2,train,0
movie:2092:3,movie,2092,3,user,0,train,1
movie:2092:4,movie,2092,4,agent,2,train,1
movie:2092:5,movie,2092,5,user,0,train,1
movie:2092:6,movie,2092,6,agent,2,train,0
movie:2093:1,movie,2093,1,user,2,train,0
movie:2093:2,movie,2093,2,agent,1,train,1
movie:2093:3,movie,2093,3,user,0,train,0
movie:2093:4,movie,2093,4,agent,2,train,0
movie:2093:5,movie,2093,5,user,0,train,0
movie:2093:6,movie,2093,6,agent,2,train,0
movie:2094:1,movie,2094,1,user,1,train,0
movie:2094:2,movie,2094,2,agent,2,train,0
movie:2094:3,movie,2094,3,user,2,train,0
movie:2094:4,movie,2094,4,agent,2,train,0
movie:2094:5,movie,2094,5,user,0,train,0
movie:2094:6,movie,2094,6,agent,2,train,0
movie:2094:7,movie,2094,7,agent,2,train,1
movie:2094:8,movie,2094,8,user,0,train,1
movie:2094:9,movie,2094,9,agent,2,train,0
movie:2095:1,movie,2095,1,user,3,train,0
movie:2095:2,movie,2095,2,agent,0,train,1
movie:2095:3,movie,2095,3,user,2,train,0
movie:2095:4,movie,2095,4,agent,1,train,0
movie:2095:5,movie,2095,5,user,2,train,1
movie:2095:6,movie,2095,6,agent,2,train,0
movie:2095:7,movie,2095,7,user,3,train,0
movie:2096:1,movie,2096,1,user,1,train,0
movie:2096:2,movie,2096,2,agent,2,train,0
movie:2096:3,movie,2096,3,user,0,train,0
movie:2096:4,movie,2096,4,agent,2,train,0
movie:2096:5,movie,2096,5,user,2,train,0
movie:2096:6,movie,2096,6,agent,2,train,0
movie:2096:7,movie,2096,7,user,2,train,0
movie:2096:8,movie,2096,8,agent,2,train,0
movie:2096:9,movie,2096,9,user,3,train,1
movie:2097:1,movie,2097,1,user,1,validation,1
movie:2097:2,movie,2097,2,agent,1,validation,0
movie:2097:3,movie,2097,3,user,2,validation,1
movie:2097:4,movie,2097,4,agent,2,validation,0
movie:2097:5,movie,2097,5,agent,1,validation,0
movie:2097:6,movie,2097,6,user,0,validation,0
movie:2097:7,movie,2097,7,agent,2,validation,1
movie:2097:8,movie,2097,8,user,0,validation,1
movie:2097:9,movie,2097,9,agent,2,validation,0
movie:2097:10,movie,2097,10,user,0,validation,1
movie:2097:11,movie,2097,11,agent,2,validation,0
movie:2098:1,movie,2098,1,user,2,train,0
movie:2098:2,movie,2098,2,agent,2,train,0
movie:2098:3,movie,2098,3,user,0,train,0
movie:2098:4,movie,2098,4,agent,2,train,0
movie:2098:5,movie,2098,5,user,3,train,1
movie:2098:6,movie,2098,6,agent,2,train,1
movie:2098:7,movie,2098,7,user,2,train,0
movie:2098:8,movie,2098,8,agent,1,train,0
movie:2098:9,movie,2098,9,user,0,train,0
movie:2098:10,movie,2098,10,agent,2,train,0
movie:2098:11,movie,2098,11,user,3,train,1
movie:2099:1,movie,2099,1,user,3,train,0
movie:2099:2,movie,2099,2,agent,1,train,0
movie:2099:3,movie,2099,3,user,2,train,0
movie:2099:4,movie,2099,4,agent,2,train,0
movie:2099:5,movie,2099,5,user,3,train,1
movie:2099:6,movie,2099,6,agent,2,train,1
movie:2099:7,movie,2099,7,user,3,train,0
movie:2099:8,movie,2099,8,agent,2,train,0
movie:2099:9,movie,2099,9,user,3,train,0
movie:2100:1,movie,2100,1,user,3,validation,1
movie:2100:2,movie,2100,2,agent,0,validation,0
movie:2100:3,movie,2100,3,user,2,validation,0
movie:2100:4,movie,2100,4,agent,1,validation,0
movie:2100:5,movie,2100,5,user,3,validation,1
movie:2100:6,movie,2100,6,agent,2,validation,0
movie:2100:7,movie,2100,7,user,3,validation,1
movie:2101:1,movie,2101,1,user,3,validation,1
movie:2101:2,movie,2101,2,agent,0,validation,0
movie:2101:3,movie,2101,3,user,2,validation,0
movie:2101:4,movie,2101,4,agent,1,validation,0
movie:2101:5,movie,2101,5,user,2,validation,0
movie:2101:6,movie,2101,6,agent,2,validation,0
movie:2101:7,movie,2101,7,user,3,validation,0
movie:2101:8,movie,2101,8,agent,2,validation,0
movie:2101:9,movie,2101,9,user,3,validation,0
movie:2102:1,movie,2102,1,user,3,test,1
movie:2102:2,movie,2102,2,agent,0,test,0
movie:2102:3,movie,2102,3,user,2,test,1
movie:2102:4,movie,2102,4,agent,0,test,0
movie:2102:5,movie,2102,5,user,3,test,0
movie:2103:1,movie,2103,1,user,2,train,0
movie:2103:2,movie,2103,2,agent,2,train,0
movie:2103:3,movie,2103,3,user,2,train,0
movie:2103:4,movie,2103,4,agent,2,train,0
movie:2104:1,movie,2104,1,user,1,train,0
movie:2104:2,movie,2104,2,agent,2,train,1
movie:2104:3,movie,2104,3,user,0,train,1
movie:2104:4,movie,2104,4,agent,0,train,0
movie:2104:5,movie,2104,5,user,2,train,0
movie:2104:6,movie,2104,6,agent,0,train,0
movie:2104:7,movie,2104,7,user,0,train,0
movie:2104:8,movie,2104,8,agent,2,train,0
movie:2104:9,movie,2104,9,user,2,train,0
movie:2104:10,movie,2104,10,agent,2,train,0
movie:2104:11,movie,2104,11,user,3,train,1
movie:2105:1,movie,2105,1,user,2,train,1
movie:2105:2,movie,2105,2,agent,1,train,0
movie:2105:3,movie,2105,3,user,0,train,0
movie:2105:4,movie,2105,4,agent,2,train,0
movie:2105:5,movie,2105,5,user,2,train,1
movie:2105:6,movie,2105,6,agent,2,train,0
movie:2105:7,movie,2105,7,user,0,train,0
movie:2105:8,movie,2105,8,agent,1,train,0
movie:2105:9,movie,2105,9,user,0,train,0
movie:2105:10,movie,2105,10,agent,2,train,0
movie:2106:1,movie,2106,1,user,2,test,0
movie:2106:2,movie,2106,2,agent,1,test,0
movie:2106:3,movie,2106,3,user,2,test,1
movie:2107:1,movie,2107,1,user,3,test,0
movie:2107:2,movie,2107,2,agent,2,test,0
movie:2107:3,movie,2107,3,user,0,test,1
movie:2107:4,movie,2107,4,agent,2,test,0
movie:2107:5,movie,2107,5,user,3,test,0
movie:2107:6,movie,2107,6,agent,2,test,0
movie:2107:7,movie,2107,7,user,2,test,1
movie:2107:8,movie,2107,8,agent,2,test,0
movie:2107:9,movie,2107,9,user,3,test,0
movie:2108:1,movie,2108,1,user,3,train,0
movie:2108:2,movie,2108,2,agent,0,train,0
movie:2108:3,movie,2108,3,user,2,train,0
movie:2108:4,movie,2108,4,agent,1,train,1
movie:2108:5,movie,2108,5,user,3,train,0
movie:2108:6,movie,2108,6,agent,2,train,1
movie:2108:7,movie,2108,7,user,3,train,1
movie:2109:1,movie,2109,1,user,3,train,1
movie:2109:2,movie,2109,2,agent,0,train,0
movie:2109:3,movie,2109,3,user,2,train,1
movie:2109:4,movie,2109,4,agent,1,train,0
movie:2109:5,movie,2109,5,user,3,train,1
movie:2109:6,movie,2109,6,agent,2,train,0
movie:2109:7,movie,2109,7,user,3,train,1
movie:2110:1,movie,2110,1,user,3,validation,1
movie:2110:2,movie,2110,2,agent,2,validation,0
movie:2110:3,movie,2110,3,user,3,validation,1
movie:2110:4,movie,2110,4,agent,2,validation,0
movie:2110:5,movie,2110,5,user,3,validation,1
movie:2110:6,movie,2110,6,agent,2,validation,0
movie:2110:7,movie,2110,7,user,0,validation,0
movie:2110:8,movie,2110,8,agent,2,validation,0
movie:2110:9,movie,2110,9,user,3,validation,1
movie:2111:1,movie,2111,1,user,0,test,0
movie:2111:2,movie,2111,2,agent,3,test,1
movie:2111:3,movie,2111,3,agent,2,test,0
movie:2111:4,movie,2111,4,user,0,test,0
movie:2111:5,movie,2111,5,agent,3,test,1
movie:2111:6,movie,2111,6,user,0,test,0
movie:2111:7,movie,2111,7,agent,3,test,1
movie:2112:1,movie,2112,1,user,0,train,0
movie:2112:2,movie,2112,2,agent,2,train,0
movie:2112:3,movie,2112,3,user,2,train,0
movie:2112:4,movie,2112,4,agent,1,train,1
movie:2112:5,movie,2112,5,user,2,train,0
movie:2112:6,movie,2112,6,agent,0,train,0
movie:2112:7,movie,2112,7,user,0,train,1
movie:2112:8,movie,2112,8,agent,2,train,0
movie:2112:9,movie,2112,9,user,0,train,0
movie:2112:10,movie,2112,10,agent,2,train,1
movie:2112:11,movie,2112,11,user,3,train,1
movie:2113:1,movie,2113,1,user,1,train,1
movie:2113:2,movie,2113,2,agent,1,train,0
movie:2113:3,movie,2113,3,user,0,train,0
movie:2113:4,movie,2113,4,agent,0,train,0
movie:2113:5,movie,2113,5,user,0,train,1
movie:2113:6,movie,2113,6,agent,2,train,0
movie:2113:7,movie,2113,7,user,2,train,0
movie:2113:8,movie,2113,8,agent,2,train,1
movie:2114:1,movie,2114,1,user,3,train,1
movie:2114:2,movie,2114,2,agent,0,train,0
movie:2114:3,movie,2114,3,user,2,train,1
movie:2114:4,movie,2114,4,agent,1,train,0
movie:2114:5,movie,2114,5,user,2,train,1
movie:2114:6,movie,2114,6,agent,2,train,1
movie:2114:7,movie,2114,7,user,3,train,1
movie:2115:1,movie,2115,1,user,3,train,0
movie:2115:2,movie,2115,2,agent,0,train,1
movie:2115:3,movie,2115,3,user,2,train,0
movie:2115:4,movie,2115,4,agent,1,train,0
movie:2115:5,movie,2115,5,user,3,train,1
movie:2115:6,movie,2115,6,agent,2,train,0
movie:2115:7,movie,2115,7,user,3,train,1
movie:2116:1,movie,2116,1,user,1,train,0
movie:2116:2,movie,2116,2,agent,1,train,0
movie:2116:3,movie,2116,3,user,2,train,0
movie:2116:4,movie,2116,4,agent,2,train,0
movie:2116:5,movie,2116,5,user,3,train,0
movie:2116:6,movie,2116,6,agent,2,train,1
movie:2116:7,movie,2116,7,user,2,train,0
movie:2116:8,movie,2116,8,agent,2,train,0
movie:2117:1,movie,2117,1,user,3,train,0
movie:2117:2,movie,2117,2,agent,0,train,0
movie:2117:3,movie,2117,3,user,2,train,0
movie:2117:4,movie,2117,4,agent,1,train,1
movie:2117:5,movie,2117,5,user,3,train,0
movie:2117:6,movie,2117,6,agent,2,train,1
movie:2117:7,movie,2117,7,user,3,train,1
movie:2118:1,movie,2118,1,user,3,train,1
movie:2118:2,movie,2118,2,agent,0,train,1
movie:2118:3,movie,2118,3,user,2,train,0
movie:2118:4,movie,2118,4,agent,1,train,0
movie:2118:5,movie,2118,5,user,2,train,0
movie:2118:6,movie,2118,6,agent,2,train,1
movie:2118:7,movie,2118,7,user,3,train,1
movie:2119:1,movie,2119,1,user,1,test,1
movie:2119:2,movie,2119,2,agent,2,test,1
movie:2119:3,movie,2119,3,user,3,test,1
movie:2119:4,movie,2119,4,agent,2,test,1
movie:2119:5,movie,2119,5,user,2,test,0
movie:2119:6,movie,2119,6,agent,1,test,0
movie:2119:7,movie,2119,7,user,0,test,1
movie:2119:8,movie,2119,8,agent,2,test,0
movie:2119:9,movie,2119,9,user,2,test,0
movie:2119:10,movie,2119,10,agent,1,test,0
movie:2119:11,movie,2119,11,user,0,test,1
movie:2119:12,movie,2119,12,agent,2,test,0
movie:2119:13,movie,2119,13,user,3,test,0
movie:2120:1,movie,2120,1,user,0,train,1
movie:2120:2,movie,2120,2,agent,2,train,0
movie:2120:3,movie,2120,3,user,0,train,0
movie:2120:4,movie,2120,4,agent,2,train,0
movie:2120:5,movie,2120,5,user,3,train,1
movie:2120:6,movie,2120,6,agent,2,train,0
movie:2120:7,movie,2120,7,user,2,train,0
movie:2120:8,movie,2120,8,agent,2,train,1
movie:2121:1,movie,2121,1,user,3,train,0
movie:2121:2,movie,2121,2,agent,3,train,1
movie:2121:3,movie,2121,3,user,2,train,1
movie:2121:4,movie,2121,4,agent,2,train,0
movie:2121:5,movie,2121,5,user,0,train,0
movie:2121:6,movie,2121,6,agent,2,train,0
movie:2121:7,movie,2121,7,user,0,train,0
movie:2121:8,movie,2121,8,agent,2,train,0
movie:2121:9,movie,2121,9,user,0,train,0
movie:2121:10,movie,2121,10,agent,2,train,0
movie:2121:11,movie,2121,11,user,3,train,1
movie:2122:1,movie,2122,1,user,1,validation,0
movie:2122:2,movie,2122,2,agent,2,validation,0
movie:2122:3,movie,2122,3,user,0,validation,1
movie:2122:4,movie,2122,4,agent,2,validation,0
movie:2122:5,movie,2122,5,user,2,validation,0
movie:2122:6,movie,2122,6,agent,2,validation,0
movie:2122:7,movie,2122,7,user,3,validation,0
movie:2123:1,movie,2123,1,user,3,train,1
movie:2123:2,movie,2123,2,agent,2,train,0
movie:2123:3,movie,2123,3,user,3,train,1
movie:2123:4,movie,2123,4,agent,2,train,0
movie:2123:5,movie,2123,5,user,3,train,0
movie:2123:6,movie,2123,6,agent,2,train,0
movie:2124:1,movie,2124,1,user,3,train,1
movie:2124:2,movie,2124,2,agent,2,train,0
movie:2124:3,movie,2124,3,user,3,train,1
movie:2124:4,movie,2124,4,agent,2,train,0
movie:2125:1,movie,2125,1,user,2,validation,0
movie:2125:2,movie,2125,2,agent,2,validation,0
movie:2125:3,movie,2125,3,user,3,validation,1
movie:2125:4,movie,2125,4,agent,2,validation,0
movie:2125:5,movie,2125,5,user,3,validation,1
movie:2126:1,movie,2126,1,user,3,train,1
movie:2126:2,movie,2126,2,agent,2,train,1
movie:2126:3,movie,2126,3,user,3,train,0
movie:2126:4,movie,2126,4,agent,2,train,1
movie:2126:5,movie,2126,5,user,3,train,1
movie:2127:1,movie,2127,1,user,1,train,0
movie:2127:2,movie,2127,2,agent,2,train,0
movie:2127:3,movie,2127,3,user,2,train,0
movie:2127:4,movie,2127,4,agent,2,train,0
movie:2128:1,movie,2128,1,user,1,train,1
movie:2128:2,movie,2128,2,agent,2,train,0
movie:2128:3,movie,2128,3,user,2,train,1
movie:2128:4,movie,2128,4,agent,1,train,0
movie:2128:5,movie,2128,5,user,0,train,0
movie:2128:6,movie,2128,6,agent,2,train,0
movie:2129:1,movie,2129,1,user,1,train,0
movie:2129:2,movie,2129,2,agent,2,train,0
movie:2129:3,movie,2129,3,user,2,train,0
movie:2129:4,movie,2129,4,agent,2,train,1
movie:2129:5,movie,2129,5,user,3,train,1
movie:2129:6,movie,2129,6,agent,2,train,0
movie:2129:7,movie,2129,7,user,3,train,1
movie:2129:8,movie,2129,8,agent,3,train,0
movie:2129:9,movie,2129,9,user,3,train,1
movie:2129:10,movie,2129,10,agent,2,train,1
movie:2130:1,movie,2130,1,user,1,validation,0
movie:2130:2,movie,2130,2,agent,2,validation,0
movie:2130:3,movie,2130,3,user,0,validation,1
movie:2130:4,movie,2130,4,agent,2,validation,0
movie:2130:5,movie,2130,5,user,3,validation,1
movie:2130:6,movie,2130,6,agent,2,validation,1
movie:2131:1,movie,2131,1,user,2,train,1
movie:2131:2,movie,2131,2,agent,2,train,0
movie:2131:3,movie,2131,3,user,0,train,1
movie:2131:4,movie,2131,4,agent,2,train,0
movie:2132:1,movie,2132,1,user,2,train,0
movie:2132:2,movie,2132,2,agent,2,train,0
movie:2132:3,movie,2132,3,user,3,train,1
movie:2132:4,movie,2132,4,agent,2,train,0
movie:2132:5,movie,2132,5,user,3,train,0
movie:2133:1,movie,2133,1,user,1,test,0
movie:2133:2,movie,2133,2,agent,2,test,1
movie:2133:3,movie,2133,3,user,2,test,0
movie:2133:4,movie,2133,4,agent,2,test,0
movie:2133:5,movie,2133,5,user,3,test,0
movie:2133:6,movie,2133,6,agent,2,test,0
movie:2134:1,movie,2134,1,user,2,train,0
movie:2134:2,movie,2134,2,agent,2,train,1
movie:2134:3,movie,2134,3,user,0,train,0
movie:2134:4,movie,2134,4,agent,2,train,1
movie:2135:1,movie,2135,1,user,2,train,1
movie:2135:2,movie,2135,2,agent,2,train,1
movie:2135:3,movie,2135,3,user,2,train,0
movie:2135:4,movie,2135,4,agent,2,train,0
movie:2136:1,movie,2136,1,user,3,train,1
movie:2136:2,movie,2136,2,agent,0,train,0
movie:2136:3,movie,2136,3,user,0,train,1
movie:2136:4,movie,2136,4,agent,2,train,0
movie:2136:5,movie,2136,5,user,2,train,1
movie:2136:6,movie,2136,6,agent,2,train,0
movie:2136:7,movie,2136,7,user,2,train,0
movie:2136:8,movie,2136,8,agent,2,train,0
movie:2136:9,movie,2136,9,user,3,train,1
movie:2136:10,movie,2136,10,agent,2,train,0
movie:2136:11,movie,2136,11,user,3,train,1
movie:2137:1,movie,2137,1,user,1,train,0
movie:2137:2,movie,2137,2,agent,2,train,1
movie:2137:3,movie,2137,3,user,0,train,0
movie:2137:4,movie,2137,4,agent,2,train,0
movie:2137:5,movie,2137,5,user,2,train,0
movie:2137:6,movie,2137,6,agent,2,train,0
movie:2138:1,movie,2138,1,user,1,train,0
movie:2138:2,movie,2138,2,agent,2,train,0
movie:2138:3,movie,2138,3,user,0,train,1
movie:2138:4,movie,2138,4,agent,2,train,0
movie:2138:5,movie,2138,5,user,2,train,1
movie:2138:6,movie,2138,6,agent,2,train,0
movie:2139:1,movie,2139,1,user,1,train,0
movie:2139:2,movie,2139,2,agent,2,train,1
movie:2139:3,movie,2139,3,user,2,train,0
movie:2139:4,movie,2139,4,agent,2,train,0
movie:2140:1,movie,2140,1,user,3,train,1
movie:2140:2,movie,2140,2,agent,2,train,0
movie:2140:3,movie,2140,3,user,3,train,1
movie:2140:4,movie,2140,4,agent,2,train,0
movie:2140:5,movie,2140,5,user,2,train,0
movie:2140:6,movie,2140,6,agent,2,train,1
movie:2140:7,movie,2140,7,agent,1,train,0
movie:2140:8,movie,2140,8,user,3,train,1
movie:2140:9,movie,2140,9,agent,2,train,0
movie:2140:10,movie,2140,10,user,3,train,0
movie:2141:1,movie,2141,1,user,3,train,1
movie:2141:2,movie,2141,2,agent,2,train,0
movie:2141:3,movie,2141,3,user,0,train,0
movie:2141:4,movie,2141,4,agent,2,train,0
movie:2141:5,movie,2141,5,user,0,train,0
movie:2141:6,movie,2141,6,agent,2,train,0
movie:2142:1,movie,2142,1,user,1,test,0
movie:2142:2,movie,2142,2,agent,2,test,0
movie:2142:3,movie,2142,3,user,0,test,0
movie:2142:4,movie,2142,4,agent,2,test,0
movie:2143:1,movie,2143,1,user,1,train,0
movie:2143:2,movie,2143,2,agent,2,train,0
movie:2143:3,movie,2143,3,user,0,train,1
movie:2143:4,movie,2143,4,agent,2,train,1
movie:2144:1,movie,2144,1,user,3,train,1
movie:2144:2,movie,2144,2,agent,0,train,0
movie:2144:3,movie,2144,3,user,0,train,1
movie:2144:4,movie,2144,4,agent,1,train,0
movie:2144:5,movie,2144,5,user,0,train,1
movie:2144:6,movie,2144,6,agent,2,train,1
movie:2144:7,movie,2144,7,user,2,train,0
movie:2144:8,movie,2144,8,agent,2,train,1
movie:2144:9,movie,2144,9,user,3,train,1
movie:2145:1,movie,2145,1,user,1,test,0
movie:2145:2,movie,2145,2,agent,2,test,1
movie:2145:3,movie,2145,3,user,2,test,0
movie:2145:4,movie,2145,4,agent,2,test,1
movie:2146:1,movie,2146,1,user,3,train,1
movie:2146:2,movie,2146,2,agent,2,train,0
movie:2146:3,movie,2146,3,user,3,train,0
movie:2146:4,movie,2146,4,agent,2,train,0
movie:2146:5,movie,2146,5,user,3,train,1
movie:2147:1,movie,2147,1,user,2,train,0
movie:2147:2,movie,2147,2,agent,2,train,0
movie:2147:3,movie,2147,3,user,0,train,0
movie:2147:4,movie,2147,4,agent,2,train,0
movie:2148:1,movie,2148,1,user,1,train,0
movie:2148:2,movie,2148,2,agent,1,train,0
movie:2148:3,movie,2148,3,user,0,train,1
movie:2148:4,movie,2148,4,agent,1,train,0
movie:2148:5,movie,2148,5,user,0,train,0
movie:2148:6,movie,2148,6,agent,2,train,1
movie:2148:7,movie,2148,7,user,2,train,1
movie:2148:8,movie,2148,8,agent,2,train,1
movie:2148:9,movie,2148,9,user,2,train,0
movie:2148:10,movie,2148,10,agent,2,train,1
movie:2149:1,movie,2149,1,user,1,validation,0
movie:2149:2,movie,2149,2,agent,2,validation,1
movie:2149:3,movie,2149,3,user,0,validation,0
movie:2149:4,movie,2149,4,agent,1,validation,0
movie:2149:5,movie,2149,5,user,0,validation,0
movie:2149:6,movie,2149,6,agent,2,validation,0
movie:2150:1,movie,2150,1,user,2,train,0
movie:2150:2,movie,2150,2,agent,2,train,1
movie:2150:3,movie,2150,3,user,3,train,0
movie:2150:4,movie,2150,4,agent,2,train,1
movie:2150:5,movie,2150,5,user,3,train,0
movie:2151:1,movie,2151,1,user,2,validation,0
movie:2151:2,movie,2151,2,agent,3,validation,0
movie:2151:3,movie,2151,3,user,2,validation,0
movie:2151:4,movie,2151,4,user,3,validation,1
movie:2151:5,movie,2151,5,agent,1,validation,0
movie:2152:1,movie,2152,1,user,3,validation,0
movie:2152:2,movie,2152,2,agent,0,validation,0
movie:2152:3,movie,2152,3,user,2,validation,1
movie:2152:4,movie,2152,4,user,3,validation,1
movie:2152:5,movie,2152,5,agent,3,validation,1
movie:2153:1,movie,2153,1,user,2,train,1
movie:2153:2,movie,2153,2,agent,3,train,1
movie:2153:3,movie,2153,3,user,2,train,0
movie:2153:4,movie,2153,4,agent,2,train,0
movie:2153:5,movie,2153,5,user,3,train,1
movie:2153:6,movie,2153,6,agent,2,train,1
movie:2153:7,movie,2153,7,user,2,train,0
movie:2153:8,movie,2153,8,user,0,train,0
movie:2154:1,movie,2154,1,user,3,train,0
movie:2154:2,movie,2154,2,agent,0,train,0
movie:2154:3,movie,2154,3,user,3,train,0
movie:2154:4,movie,2154,4,agent,1,train,0
movie:2154:5,movie,2154,5,user,0,train,1
movie:2154:6,movie,2154,6,agent,1,train,0
movie:2154:7,movie,2154,7,user,0,train,0
movie:2154:8,movie,2154,8,agent,2,train,0
movie:2154:9,movie,2154,9,user,2,train,0
movie:2154:10,movie,2154,10,agent,1,train,0
movie:2154:11,movie,2154,11,user,2,train,1
movie:2154:12,movie,2154,12,agent,1,train,0
movie:2154:13,movie,2154,13,user,0,train,0
movie:2154:14,movie,2154,14,agent,2,train,0
movie:2154:15,movie,2154,15,user,0,train,0
movie:2154:16,movie,2154,16,agent,1,train,0
movie:2154:17,movie,2154,17,agent,2,train,0
movie:2154:18,movie,2154,18,user,2,train,0
movie:2154:19,movie,2154,19,user,2,train,0
movie:2154:20,movie,2154,20,agent,2,train,1
movie:2154:21,movie,2154,21,agent,2,train,0
movie:2154:22,movie,2154,22,user,3,train,0
movie:2154:23,movie,2154,23,agent,2,train,0
movie:2154:24,movie,2154,24,user,3,train,1
movie:2154:25,movie,2154,25,agent,2,train,0
movie:2155:1,movie,2155,1,user,1,train,0
movie:2155:2,movie,2155,2,agent,1,train,0
movie:2155:3,movie,2155,3,user,0,train,0
movie:2155:4,movie,2155,4,agent,2,train,1
movie:2155:5,movie,2155,5,user,0,train,0
movie:2155:6,movie,2155,6,user,0,train,0
movie:2155:7,movie,2155,7,agent,2,train,0
movie:2156:1,movie,2156,1,user,3,train,0
movie:2156:2,movie,2156,2,agent,0,train,1
movie:2156:3,movie,2156,3,user,2,train,1
movie:2156:4,movie,2156,4,agent,1,train,0
movie:2156:5,movie,2156,5,user,2,train,1
movie:2156:6,movie,2156,6,agent,1,train,0
movie:2156:7,movie,2156,7,user,3,train,0
movie:2156:8,movie,2156,8,agent,1,train,0
movie:2156:9,movie,2156,9,user,2,train,1
movie:2156:10,movie,2156,10,agent,3,train,1
movie:2156:11,movie,2156,11,user,0,train,0
movie:2156:12,movie,2156,12,agent,3,train,1
movie:2156:13,movie,2156,13,user,2,train,0
movie:2156:14,movie,2156,14,user,3,train,1
movie:2156:15,movie,2156,15,agent,3,train,1
movie:2156:16,movie,2156,16,user,2,train,0
movie:2157:1,movie,2157,1,user,1,train,0
movie:2157:2,movie,2157,2,user,3,train,0
movie:2157:3,movie,2157,3,agent,2,train,0
movie:2157:4,movie,2157,4,user,0,train,1
movie:2157:5,movie,2157,5,agent,1,train,0
movie:2157:6,movie,2157,6,user,2,train,0
movie:2158:1,movie,2158,1,user,3,train,1
movie:2158:2,movie,2158,2,agent,3,train,0
movie:2158:3,movie,2158,3,user,1,train,0
movie:2158:4,movie,2158,4,agent,2,train,0
movie:2158:5,movie,2158,5,user,3,train,0
movie:2158:6,movie,2158,6,agent,2,train,0
movie:2158:7,movie,2158,7,user,3,train,1
movie:2158:8,movie,2158,8,agent,0,train,0
movie:2158:9,movie,2158,9,agent,2,train,0
movie:2158:10,movie,2158,10,user,3,train,1
movie:2158:11,movie,2158,11,agent,2,train,0
movie:2158:12,movie,2158,12,user,3,train,1
movie:2159:1,movie,2159,1,user,3,train,1
movie:2159:2,movie,2159,2,agent,3,train,1
movie:2159:3,movie,2159,3,user,3,train,0
movie:2159:4,movie,2159,4,agent,2,train,1
movie:2159:5,movie,2159,5,user,3,train,0
movie:2159:6,movie,2159,6,agent,2,train,0
movie:2159:7,movie,2159,7,user,3,train,0
movie:2159:8,movie,2159,8,agent,3,train,0
movie:2159:9,movie,2159,9,agent,1,train,0
movie:2159:10,movie,2159,10,user,3,train,0
movie:2159:11,movie,2159,11,agent,2,train,0
movie:2159:12,movie,2159,12,user,3,train,1
movie:2160:1,movie,2160,1,user,3,train,1
movie:2160:2,movie,2160,2,agent,2,train,1
movie:2160:3,movie,2160,3,user,3,train,0
movie:2160:4,movie,2160,4,agent,2,train,0
movie:2160:5,movie,2160,5,user,2,train,0
movie:2160:6,movie,2160,6,agent,3,train,1
movie:2160:7,movie,2160,7,user,3,train,0
movie:2160:8,movie,2160,8,agent,2,train,0
movie:2160:9,movie,2160,9,user,2,train,0
movie:2160:10,movie,2160,10,agent,2,train,0
movie:2160:11,movie,2160,11,agent,3,train,0
movie:2160:12,movie,2160,12,user,2,train,0
movie:2160:13,movie,2160,13,agent,2,train,0
movie:2160:14,movie,2160,14,user,3,train,1
movie:2161:1,movie,2161,1,user,1,train,0
movie:2161:2,movie,2161,2,agent,0,train,0
movie:2161:3,movie,2161,3,user,2,train,0
movie:2161:4,movie,2161,4,agent,2,train,0
movie:2161:5,movie,2161,5,user,3,train,1
movie:2162:1,movie,2162,1,user,3,test,0
movie:2162:2,movie,2162,2,agent,1,test,0
movie:2162:3,movie,2162,3,user,0,test,1
movie:2162:4,movie,2162,4,agent,2,test,1
movie:2162:5,movie,2162,5,user,2,test,0
movie:2162:6,movie,2162,6,agent,1,test,0
movie:2162:7,movie,2162,7,user,2,test,0
movie:2162:8,movie,2162,8,agent,2,test,1
movie:2162:9,movie,2162,9,user,3,test,0
movie:2163:1,movie,2163,1,user,3,validation,0
movie:2163:2,movie,2163,2,agent,0,validation,1
movie:2163:3,movie,2163,3,user,2,validation,0
movie:2163:4,movie,2163,4,agent,1,validation,0
movie:2163:5,movie,2163,5,user,2,validation,0
movie:2163:6,movie,2163,6,agent,1,validation,0
movie:2163:7,movie,2163,7,user,3,validation,1
movie:2163:8,movie,2163,8,agent,2,validation,0
movie:2163:9,movie,2163,9,user,3,validation,0
movie:2164:1,movie,2164,1,user,3,train,0
movie:2164:2,movie,2164,2,agent,2,train,1
movie:2164:3,movie,2164,3,user,3,train,0
movie:2164:4,movie,2164,4,agent,2,train,0
movie:2164:5,movie,2164,5,user,3,train,0
movie:2164:6,movie,2164,6,agent,2,train,0
movie:2164:7,movie,2164,7,user,3,train,1
movie:2165:1,movie,2165,1,user,1,train,0
movie:2165:2,movie,2165,2,agent,2,train,1
movie:2165:3,movie,2165,3,user,2,train,0
movie:2165:4,movie,2165,4,agent,2,train,1
movie:2165:5,movie,2165,5,user,3,train,0
movie:2166:1,movie,2166,1,user,3,train,1
movie:2166:2,movie,2166,2,agent,1,train,0
movie:2166:3,movie,2166,3,user,2,train,1
movie:2166:4,movie,2166,4,agent,1,train,0
movie:2166:5,movie,2166,5,user,2,train,0
movie:2166:6,movie,2166,6,agent,2,train,1
movie:2166:7,movie,2166,7,user,3,train,0
movie:2167:1,movie,2167,1,user,3,train,0
movie:2167:2,movie,2167,2,agent,3,train,0
movie:2167:3,movie,2167,3,user,3,train,0
movie:2167:4,movie,2167,4,agent,3,train,0
movie:2167:5,movie,2167,5,user,3,train,0
movie:2167:6,movie,2167,6,agent,2,train,0
movie:2168:1,movie,2168,1,user,3,train,1
movie:2168:2,movie,2168,2,agent,2,train,0
movie:2168:3,movie,2168,3,user,2,train,0
movie:2168:4,movie,2168,4,agent,1,train,0
movie:2168:5,movie,2168,5,user,3,train,1
movie:2169:1,movie,2169,1,user,3,train,1
movie:2169:2,movie,2169,2,agent,2,train,0
movie:2169:3,movie,2169,3,user,2,train,0
movie:2169:4,movie,2169,4,agent,2,train,0
movie:2169:5,movie,2169,5,user,3,train,1
movie:2169:6,movie,2169,6,agent,2,train,1
movie:2169:7,movie,2169,7,user,3,train,1
movie:2169:8,movie,2169,8,agent,2,train,0
movie:2169:9,movie,2169,9,user,3,train,1
movie:2170:1,movie,2170,1,user,1,train,0
movie:2170:2,movie,2170,2,agent,2,train,1
movie:2170:3,movie,2170,3,user,0,train,0
movie:2170:4,movie,2170,4,agent,2,train,1
movie:2170:5,movie,2170,5,user,0,train,0
movie:2170:6,movie,2170,6,agent,2,train,1
movie:2170:7,movie,2170,7,user,3,train,0
movie:2171:1,movie,2171,1,user,3,train,0
movie:2171:2,movie,2171,2,agent,1,train,0
movie:2171:3,movie,2171,3,user,2,train,1
movie:2171:4,movie,2171,4,agent,0,train,1
movie:2171:5,movie,2171,5,user,3,train,0
movie:2171:6,movie,2171,6,agent,1,train,0
movie:2171:7,movie,2171,7,user,3,train,0
movie:2171:8,movie,2171,8,agent,2,train,0
movie:2172:1,movie,2172,1,user,2,validation,0
movie:2172:2,movie,2172,2,agent,2,validation,0
movie:2172:3,movie,2172,3,user,2,validation,0
movie:2172:4,movie,2172,4,agent,2,validation,0
movie:2173:1,movie,2173,1,user,1,train,0
movie:2173:2,movie,2173,2,agent,2,train,0
movie:2173:3,movie,2173,3,user,2,train,1
movie:2173:4,movie,2173,4,agent,2,train,1
movie:2173:5,movie,2173,5,user,3,train,1
movie:2174:1,movie,2174,1,user,2,train,1
movie:2174:2,movie,2174,2,agent,3,train,0
movie:2174:3,movie,2174,3,user,0,train,0
movie:2174:4,movie,2174,4,agent,2,train,1
movie:2174:5,movie,2174,5,user,3,train,1
movie:2175:1,movie,2175,1,user,1,train,0
movie:2175:2,movie,2175,2,agent,2,train,0
movie:2175:3,movie,2175,3,user,0,train,0
movie:2175:4,movie,2175,4,agent,2,train,1
movie:2176:1,movie,2176,1,user,3,train,1
movie:2176:2,movie,2176,2,agent,1,train,0
movie:2176:3,movie,2176,3,user,2,train,0
movie:2176:4,movie,2176,4,agent,2,train,0
movie:2176:5,movie,2176,5,user,2,train,0
movie:2176:6,movie,2176,6,agent,2,train,0
movie:2176:7,movie,2176,7,user,3,train,1
movie:2176:8,movie,2176,8,agent,2,train,1
movie:2176:9,movie,2176,9,user,3,train,0
movie:2177:1,movie,2177,1,user,1,validation,0
movie:2177:2,movie,2177,2,agent,2,validation,0
movie:2177:3,movie,2177,3,user,0,validation,0
movie:2177:4,movie,2177,4,agent,2,validation,0
movie:2177:5,movie,2177,5,user,3,validation,0
movie:2178:1,movie,2178,1,user,2,train,0
movie:2178:2,movie,2178,2,agent,2,train,0
movie:2178:3,movie,2178,3,user,0,train,1
movie:2178:4,movie,2178,4,agent,2,train,0
movie:2178:5,movie,2178,5,user,3,train,0
movie:2179:1,movie,2179,1,user,3,train,0
movie:2179:2,movie,2179,2,agent,2,train,0
movie:2179:3,movie,2179,3,user,3,train,1
movie:2179:4,movie,2179,4,agent,2,train,0
movie:2179:5,movie,2179,5,user,3,train,1
movie:2179:6,movie,2179,6,agent,2,train,0
movie:2179:7,movie,2179,7,user,3,train,0
movie:2180:1,movie,2180,1,user,1,train,0
movie:2180:2,movie,2180,2,agent,2,train,1
movie:2180:3,movie,2180,3,user,2,train,1
movie:2180:4,movie,2180,4,agent,3,train,0
movie:2180:5,movie,2180,5,user,2,train,1
movie:2180:6,movie,2180,6,agent,2,train,0
movie:2180:7,movie,2180,7,user,3,train,0
movie:2181:1,movie,2181,1,user,3,train,1
movie:2181:2,movie,2181,2,agent,2,train,0
movie:2181:3,movie,2181,3,user,0,train,0
movie:2181:4,movie,2181,4,agent,1,train,0
movie:2181:5,movie,2181,5,user,0,train,0
movie:2181:6,movie,2181,6,agent,2,train,0
movie:2181:7,movie,2181,7,user,3,train,1
movie:2181:8,movie,2181,8,agent,1,train,0
movie:2181:9,movie,2181,9,user,0,train,0
movie:2181:10,movie,2181,10,agent,3,train,1
movie:2181:11,movie,2181,11,user,3,train,1
movie:2181:12,movie,2181,12,agent,3,train,0
movie:2182:1,movie,2182,1,user,2,train,0
movie:2182:2,movie,2182,2,agent,2,train,0
movie:2182:3,movie,2182,3,user,2,train,0
movie:2182:4,movie,2182,4,agent,2,train,0
movie:2183:1,movie,2183,1,user,1,train,0
movie:2183:2,movie,2183,2,agent,2,train,1
movie:2183:3,movie,2183,3,user,2,train,0
movie:2183:4,movie,2183,4,agent,2,train,0
movie:2184:1,movie,2184,1,user,3,train,0
movie:2184:2,movie,2184,2,agent,2,train,0
movie:2184:3,movie,2184,3,user,2,train,0
movie:2184:4,movie,2184,4,agent,1,train,0
movie:2184:5,movie,2184,5,user,2,train,0
movie:2184:6,movie,2184,6,agent,1,train,1
movie:2184:7,movie,2184,7,user,3,train,0
movie:2184:8,movie,2184,8,agent,2,train,0
movie:2184:9,movie,2184,9,user,3,train,0
movie:2185:1,movie,2185,1,user,2,test,0
movie:2185:2,movie,2185,2,agent,2,test,1
movie:2185:3,movie,2185,3,user,2,test,1
movie:2185:4,movie,2185,4,agent,2,test,0
movie:2185:5,movie,2185,5,user,3,test,0
movie:2186:1,movie,2186,1,user,3,train,1
movie:2186:2,movie,2186,2,agent,1,train,0
movie:2186:3,movie,2186,3,user,2,train,0
movie:2186:4,movie,2186,4,agent,2,train,0
movie:2186:5,movie,2186,5,user,2,train,0
movie:2186:6,movie,2186,6,agent,2,train,0
movie:2186:7,movie,2186,7,user,3,train,0
movie:2186:8,movie,2186,8,agent,2,train,0
movie:2186:9,movie,2186,9,user,3,train,0
movie:2187:1,movie,2187,1,user,1,train,0
movie:2187:2,movie,2187,2,agent,2,train,0
movie:2187:3,movie,2187,3,user,0,train,1
movie:2187:4,movie,2187,4,agent,1,train,0
movie:2187:5,movie,2187,5,user,0,train,0
movie:2187:6,movie,2187,6,agent,2,train,0
movie:2187:7,movie,2187,7,user,3,train,1
movie:2188:1,movie,2188,1,user,2,test,0
movie:2188:2,movie,2188,2,agent,2,test,0
movie:2188:3,movie,2188,3,user,2,test,0
movie:2188:4,movie,2188,4,agent,2,test,0
movie:2189:1,movie,2189,1,user,1,train,0
movie:2189:2,movie,2189,2,agent,2,train,1
movie:2189:3,movie,2189,3,user,3,train,0
movie:2189:4,movie,2189,4,agent,2,train,0
movie:2190:1,movie,2190,1,user,2,train,1
movie:2190:2,movie,2190,2,agent,2,train,0
movie:2190:3,movie,2190,3,user,2,train,0
movie:2190:4,movie,2190,4,agent,2,train,0
movie:2190:5,movie,2190,5,user,0,train,1
movie:2190:6,movie,2190,6,agent,2,train,0
movie:2190:7,movie,2190,7,user,3,train,1
movie:2191:1,movie,2191,1,user,2,train,0
movie:2191:2,movie,2191,2,agent,2,train,0
movie:2191:3,movie,2191,3,user,0,train,0
movie:2191:4,movie,2191,4,agent,2,train,1
movie:2191:5,movie,2191,5,user,3,train,1
movie:2192:1,movie,2192,1,user,3,train,1
movie:2192:2,movie,2192,2,agent,2,train,0
movie:2192:3,movie,2192,3,user,0,train,0
movie:2192:4,movie,2192,4,agent,2,train,0
movie:2192:5,movie,2192,5,user,3,train,1
movie:2192:6,movie,2192,6,agent,1,train,0
movie:2192:7,movie,2192,7,user,3,train,1
movie:2192:8,movie,2192,8,agent,2,train,0
movie:2192:9,movie,2192,9,user,3,train,0
movie:2193:1,movie,2193,1,user,2,train,1
movie:2193:2,movie,2193,2,agent,3,train,1
movie:2193:3,movie,2193,3,user,2,train,1
movie:2193:4,movie,2193,4,agent,2,train,0
movie:2193:5,movie,2193,5,user,3,train,1
movie:2194:1,movie,2194,1,user,3,validation,1
movie:2194:2,movie,2194,2,agent,2,validation,0
movie:2194:3,movie,2194,3,user,3,validation,0
movie:2194:4,movie,2194,4,agent,2,validation,0
movie:2194:5,movie,2194,5,user,0,validation,0
movie:2194:6,movie,2194,6,agent,2,validation,0
movie:2194:7,movie,2194,7,user,0,validation,0
movie:2194:8,movie,2194,8,agent,1,validation,1
movie:2194:9,movie,2194,9,user,0,validation,0
movie:2194:10,movie,2194,10,agent,2,validation,1
movie:2194:11,movie,2194,11,user,0,validation,0
movie:2194:12,movie,2194,12,agent,2,validation,0
movie:2194:13,movie,2194,13,user,2,validation,0
movie:2194:14,movie,2194,14,agent,2,validation,0
movie:2194:15,movie,2194,15,user,3,validation,0
movie:2195:1,movie,2195,1,user,2,validation,1
movie:2195:2,movie,2195,2,agent,2,validation,0
movie:2195:3,movie,2195,3,user,2,validation,0
movie:2195:4,movie,2195,4,agent,2,validation,0
movie:2196:1,movie,2196,1,user,3,train,1
movie:2196:2,movie,2196,2,agent,2,train,0
movie:2196:3,movie,2196,3,user,3,train,0
movie:2196:4,movie,2196,4,agent,3,train,0
movie:2196:5,movie,2196,5,user,3,train,1
movie:2196:6,movie,2196,6,agent,3,train,0
movie:2196:7,movie,2196,7,agent,2,train,0
movie:2196:8,movie,2196,8,user,3,train,1
movie:2196:9,movie,2196,9,agent,2,train,0
movie:2197:1,movie,2197,1,user,2,train,0
movie:2197:2,movie,2197,2,agent,2,train,1
movie:2197:3,movie,2197,3,user,2,train,0
movie:2197:4,movie,2197,4,agent,2,train,0
movie:2198:1,movie,2198,1,user,2,train,1
movie:2198:2,movie,2198,2,agent,2,train,1
movie:2198:3,movie,2198,3,user,0,train,1
movie:2198:4,movie,2198,4,agent,2,train,0
movie:2199:1,movie,2199,1,user,1,train,0
movie:2199:2,movie,2199,2,agent,2,train,1
movie:2199:3,movie,2199,3,user,0,train,0
movie:2199:4,movie,2199,4,agent,1,train,0
movie:2199:5,movie,2199,5,user,0,train,0
movie:2199:6,movie,2199,6,agent,2,train,1
movie:2199:7,movie,2199,7,user,2,train,0
movie:2199:8,movie,2199,8,agent,1,train,0
movie:2199:9,movie,2199,9,user,2,train,0
movie:2199:10,movie,2199,10,agent,2,train,0
movie:2199:11,movie,2199,11,user,3,train,0
movie:2200:1,movie,2200,1,user,0,test,0
movie:2200:2,movie,2200,2,agent,1,test,0
movie:2200:3,movie,2200,3,user,1,test,0
movie:2200:4,movie,2200,4,agent,2,test,0
movie:2200:5,movie,2200,5,user,2,test,0
movie:2200:6,movie,2200,6,agent,2,test,0
movie:2201:1,movie,2201,1,user,1,train,0
movie:2201:2,movie,2201,2,agent,2,train,0
movie:2201:3,movie,2201,3,user,0,train,1
movie:2201:4,movie,2201,4,agent,2,train,0
movie:2202:1,movie,2202,1,user,0,train,1
movie:2202:2,movie,2202,2,agent,1,train,0
movie:2202:3,movie,2202,3,user,0,train,1
movie:2202:4,movie,2202,4,agent,2,train,1
movie:2202:5,movie,2202,5,user,3,train,1
movie:2202:6,movie,2202,6,agent,2,train,0
movie:2202:7,movie,2202,7,user,0,train,0
movie:2202:8,movie,2202,8,agent,2,train,1
movie:2202:9,movie,2202,9,user,2,train,1
movie:2202:10,movie,2202,10,agent,2,train,0
movie:2203:1,movie,2203,1,user,3,train,0
movie:2203:2,movie,2203,2,agent,2,train,0
movie:2203:3,movie,2203,3,user,0,train,0
movie:2203:4,movie,2203,4,agent,2,train,0
movie:2203:5,movie,2203,5,user,2,train,0
movie:2203:6,movie,2203,6,agent,1,train,1
movie:2203:7,movie,2203,7,user,0,train,0
movie:2203:8,movie,2203,8,agent,2,train,0
movie:2203:9,movie,2203,9,user,3,train,0
movie:2204:1,movie,2204,1,user,2,validation,0
movie:2204:2,movie,2204,2,agent,2,validation,1
movie:2204:3,movie,2204,3,user,0,validation,1
movie:2204:4,movie,2204,4,agent,2,validation,0
movie:2204:5,movie,2204,5,user,0,validation,0
movie:2204:6,movie,2204,6,agent,2,validation,1
movie:2205:1,movie,2205,1,user,1,train,0
movie:2205:2,movie,2205,2,agent,2,train,0
movie:2205:3,movie,2205,3,user,2,train,1
movie:2205:4,movie,2205,4,agent,2,train,1
movie:2206:1,movie,2206,1,user,1,validation,0
movie:2206:2,movie,2206,2,agent,0,validation,0
movie:2206:3,movie,2206,3,user,2,validation,0
movie:2207:1,movie,2207,1,user,3,train,0
movie:2207:2,movie,2207,2,agent,2,train,0
movie:2207:3,movie,2207,3,user,3,train,1
movie:2207:4,movie,2207,4,agent,2,train,0
movie:2208:1,movie,2208,1,user,1,train,0
movie:2208:2,movie,2208,2,agent,2,train,1
movie:2208:3,movie,2208,3,user,2,train,0
movie:2208:4,movie,2208,4,agent,2,train,0
movie:2208:5,movie,2208,5,user,3,train,1
movie:2208:6,movie,2208,6,agent,1,train,0
movie:2208:7,movie,2208,7,user,0,train,0
movie:2208:8,movie,2208,8,agent,2,train,0
movie:2208:9,movie,2208,9,user,0,train,0
movie:2208:10,movie,2208,10,agent,2,train,0
movie:2209:1,movie,2209,1,user,1,train,0
movie:2209:2,movie,2209,2,agent,1,train,0
movie:2209:3,movie,2209,3,user,0,train,0
movie:2209:4,movie,2209,4,agent,1,train,0
movie:2209:5,movie,2209,5,user,0,train,0
movie:2209:6,movie,2209,6,agent,2,train,0
movie:2209:7,movie,2209,7,user,2,train,1
movie:2209:8,movie,2209,8,agent,2,train,0
movie:2210:1,movie,2210,1,user,1,train,1
movie:2210:2,movie,2210,2,agent,0,train,1
movie:2210:3,movie,2210,3,user,0,train,1
movie:2210:4,movie,2210,4,agent,2,train,1
movie:2210:5,movie,2210,5,user,0,train,0
movie:2210:6,movie,2210,6,agent,2,train,0
movie:2211:1,movie,2211,1,user,3,train,0
movie:2211:2,movie,2211,2,agent,0,train,0
movie:2211:3,movie,2211,3,user,2,train,0
movie:2211:4,movie,2211,4,agent,1,train,0
movie:2211:5,movie,2211,5,user,2,train,0
movie:2211:6,movie,2211,6,agent,2,train,1
movie:2211:7,movie,2211,7,user,3,train,0
movie:2211:8,movie,2211,8,agent,2,train,0
movie:2211:9,movie,2211,9,user,3,train,0
movie:2212:1,movie,2212,1,user,2,train,0
movie:2212:2,movie,2212,2,agent,1,train,0
movie:2212:3,movie,2212,3,user,2,train,0
movie:2212:4,movie,2212,4,agent,2,train,0
movie:2212:5,movie,2212,5,user,3,train,1
movie:2212:6,movie,2212,6,agent,2,train,1
movie:2213:1,movie,2213,1,user,3,train,0
movie:2213:2,movie,2213,2,agent,1,train,0
movie:2213:3,movie,2213,3,user,2,train,0
movie:2213:4,movie,2213,4,agent,2,train,0
movie:2213:5,movie,2213,5,user,3,train,1
movie:2213:6,movie,2213,6,agent,2,train,1
movie:2214:1,movie,2214,1,user,0,validation,1
movie:2214:2,movie,2214,2,agent,2,validation,0
movie:2214:3,movie,2214,3,user,0,validation,0
movie:2214:4,movie,2214,4,agent,2,validation,0
movie:2215:1,movie,2215,1,user,3,train,1
movie:2215:2,movie,2215,2,agent,1,train,0
movie:2215:3,movie,2215,3,user,0,train,0
movie:2215:4,movie,2215,4,agent,2,train,0
movie:2215:5,movie,2215,5,user,2,train,1
movie:2215:6,movie,2215,6,agent,2,train,0
movie:2215:7,movie,2215,7,user,3,train,0
movie:2215:8,movie,2215,8,agent,2,train,0
movie:2215:9,movie,2215,9,user,3,train,1
movie:2215:10,movie,2215,10,agent,2,train,0
movie:2215:11,movie,2215,11,user,3,train,1
movie:2215:12,movie,2215,12,agent,1,train,0
movie:2215:13,movie,2215,13,user,2,train,0
movie:2215:14,movie,2215,14,agent,2,train,0
movie:2215:15,movie,2215,15,user,3,train,0
movie:2216:1,movie,2216,1,user,2,train,1
movie:2216:2,movie,2216,2,agent,2,train,0
movie:2216:3,movie,2216,3,user,3,train,1
movie:2216:4,movie,2216,4,agent,2,train,0
movie:2216:5,movie,2216,5,user,2,train,0
movie:2216:6,movie,2216,6,agent,3,train,0
movie:2216:7,movie,2216,7,user,0,train,1
movie:2216:8,movie,2216,8,agent,2,train,0
movie:2216:9,movie,2216,9,user,0,train,1
movie:2216:10,movie,2216,10,agent,2,train,0
movie:2217:1,movie,2217,1,user,3,train,1
movie:2217:2,movie,2217,2,agent,2,train,0
movie:2217:3,movie,2217,3,user,1,train,0
movie:2217:4,movie,2217,4,agent,2,train,0
movie:2217:5,movie,2217,5,user,3,train,0
movie:2217:6,movie,2217,6,agent,1,train,0
movie:2217:7,movie,2217,7,user,0,train,0
movie:2217:8,movie,2217,8,agent,2,train,0
movie:2217:9,movie,2217,9,user,3,train,1
movie:2218:1,movie,2218,1,user,3,train,1
movie:2218:2,movie,2218,2,agent,2,train,0
movie:2218:3,movie,2218,3,user,3,train,1
movie:2218:4,movie,2218,4,agent,2,train,0
movie:2218:5,movie,2218,5,user,2,train,1
movie:2218:6,movie,2218,6,agent,3,train,1
movie:2218:7,movie,2218,7,user,3,train,1
movie:2219:1,movie,2219,1,user,2,train,1
movie:2219:2,movie,2219,2,agent,2,train,0
movie:2219:3,movie,2219,3,user,3,train,1
movie:2219:4,movie,2219,4,agent,2,train,0
movie:2219:5,movie,2219,5,user,3,train,1
movie:2220:1,movie,2220,1,user,2,train,0
movie:2220:2,movie,2220,2,agent,0,train,1
movie:2220:3,movie,2220,3,user,2,train,0
movie:2220:4,movie,2220,4,agent,2,train,0
movie:2220:5,movie,2220,5,user,2,train,1
movie:2220:6,movie,2220,6,agent,2,train,1
movie:2220:7,movie,2220,7,user,2,train,1
movie:2220:8,movie,2220,8,agent,2,train,1
movie:2220:9,movie,2220,9,user,3,train,1
movie:2221:1,movie,2221,1,user,2,train,1
movie:2221:2,movie,2221,2,agent,3,train,0
movie:2221:3,movie,2221,3,user,2,train,0
movie:2221:4,movie,2221,4,agent,2,train,0
movie:2222:1,movie,2222,1,user,2,test,0
movie:2222:2,movie,2222,2,agent,2,test,0
movie:2222:3,movie,2222,3,user,3,test,1
movie:2222:4,movie,2222,4,agent,2,test,0
movie:2222:5,movie,2222,5,user,3,test,0
movie:2222:6,movie,2222,6,agent,2,test,0
movie:2223:1,movie,2223,1,user,1,train,0
movie:2223:2,movie,2223,2,agent,2,train,1
movie:2223:3,movie,2223,3,user,2,train,1
movie:2223:4,movie,2223,4,agent,2,train,0
movie:2224:1,movie,2224,1,user,2,train,0
movie:2224:2,movie,2224,2,agent,1,train,1
movie:2224:3,movie,2224,3,user,0,train,0
movie:2224:4,movie,2224,4,agent,1,train,0
movie:2224:5,movie,2224,5,user,0,train,0
movie:2224:6,movie,2224,6,agent,2,train,0
movie:2225:1,movie,2225,1,user,1,validation,0
movie:2225:2,movie,2225,2,agent,2,validation,0
movie:2225:3,movie,2225,3,user,0,validation,0
movie:2225:4,movie,2225,4,agent,2,validation,1
movie:2225:5,movie,2225,5,user,2,validation,0
movie:2225:6,movie,2225,6,agent,1,validation,0
movie:2225:7,movie,2225,7,user,0,validation,0
movie:2225:8,movie,2225,8,agent,2,validation,0
movie:2225:9,movie,2225,9,user,3,validation,0
movie:2226:1,movie,2226,1,user,2,train,0
movie:2226:2,movie,2226,2,agent,2,train,0
movie:2226:3,movie,2226,3,user,2,train,0
movie:2226:4,movie,2226,4,agent,2,train,0
movie:2227:1,movie,2227,1,user,1,train,1
movie:2227:2,movie,2227,2,agent,2,train,1
movie:2227:3,movie,2227,3,user,0,train,1
movie:2227:4,movie,2227,4,agent,2,train,0
movie:2227:5,movie,2227,5,user,0,train,1
movie:2227:6,movie,2227,6,agent,2,train,0
movie:2227:7,movie,2227,7,user,2,train,0
movie:2227:8,movie,2227,8,agent,2,train,0
movie:2228:1,movie,2228,1,user,2,train,0
movie:2228:2,movie,2228,2,agent,2,train,1
movie:2228:3,movie,2228,3,user,0,train,1
movie:2228:4,movie,2228,4,agent,2,train,0
movie:2228:5,movie,2228,5,user,2,train,1
movie:2228:6,movie,2228,6,agent,2,train,0
movie:2229:1,movie,2229,1,user,1,train,0
movie:2229:2,movie,2229,2,agent,1,train,0
movie:2229:3,movie,2229,3,user,1,train,1
movie:2229:4,movie,2229,4,agent,2,train,0
movie:2229:5,movie,2229,5,user,3,train,0
movie:2229:6,movie,2229,6,agent,2,train,1
movie:2229:7,movie,2229,7,user,2,train,0
movie:2229:8,movie,2229,8,agent,2,train,0
movie:2229:9,movie,2229,9,user,3,train,0
movie:2230:1,movie,2230,1,user,3,train,1
movie:2230:2,movie,2230,2,agent,3,train,1
movie:2230:3,movie,2230,3,user,3,train,0
movie:2230:4,movie,2230,4,agent,2,train,1
movie:2230:5,movie,2230,5,user,3,train,0
movie:2230:6,movie,2230,6,agent,2,train,0
movie:2230:7,movie,2230,7,user,3,train,1
movie:2230:8,movie,2230,8,agent,2,train,0
movie:2230:9,movie,2230,9,user,3,train,0
movie:2231:1,movie,2231,1,user,2,train,1
movie:2231:2,movie,2231,2,agent,2,train,0
movie:2231:3,movie,2231,3,user,2,train,0
movie:2231:4,movie,2231,4,agent,2,train,1
movie:2231:5,movie,2231,5,user,3,train,1
movie:2231:6,movie,2231,6,agent,2,train,1
movie:2231:7,movie,2231,7,user,3,train,0
movie:2232:1,movie,2232,1,user,3,test,0
movie:2232:2,movie,2232,2,agent,3,test,1
movie:2232:3,movie,2232,3,user,3,test,0
movie:2232:4,movie,2232,4,agent,2,test,0
movie:2232:5,movie,2232,5,user,3,test,0
movie:2232:6,movie,2232,6,agent,2,test,0
movie:2233:1,movie,2233,1,user,3,train,0
movie:2233:2,movie,2233,2,agent,3,train,1
movie:2233:3,movie,2233,3,user,0,train,0
movie:2233:4,movie,2233,4,agent,2,train,0
movie:2233:5,movie,2233,5,user,3,train,0
movie:2233:6,movie,2233,6,agent,2,train,0
movie:2234:1,movie,2234,1,user,2,train,0
movie:2234:2,movie,2234,2,agent,2,train,1
movie:2234:3,movie,2234,3,user,2,train,0
movie:2234:4,movie,2234,4,user,0,train,1
movie:2234:5,movie,2234,5,agent,2,train,0
movie:2235:1,movie,2235,1,user,1,train,0
movie:2235:2,movie,2235,2,agent,2,train,0
movie:2235:3,movie,2235,3,user,0,train,0
movie:2235:4,movie,2235,4,agent,2,train,0
movie:2236:1,movie,2236,1,user,2,train,0
movie:2236:2,movie,2236,2,agent,2,train,0
movie:2236:3,movie,2236,3,user,0,train,1
movie:2236:4,movie,2236,4,agent,2,train,0
movie:2236:5,movie,2236,5,user,0,train,0
movie:2236:6,movie,2236,6,agent,2,train,0
movie:2237:1,movie,2237,1,user,2,train,1
movie:2237:2,movie,2237,2,agent,3,train,1
movie:2237:3,movie,2237,3,user,0,train,1
movie:2237:4,movie,2237,4,agent,2,train,0
movie:2237:5,movie,2237,5,user,2,train,1
movie:2237:6,movie,2237,6,agent,2,train,0
movie:2238:1,movie,2238,1,user,2,validation,1
movie:2238:2,movie,2238,2,agent,2,validation,0
movie:2238:3,movie,2238,3,user,2,validation,1
movie:2238:4,movie,2238,4,agent,2,validation,0
movie:2238:5,movie,2238,5,user,2,validation,1
movie:2238:6,movie,2238,6,agent,2,validation,0
movie:2239:1,movie,2239,1,user,3,train,0
movie:2239:2,movie,2239,2,agent,2,train,1
movie:2239:3,movie,2239,3,user,3,train,1
movie:2239:4,movie,2239,4,agent,2,train,1
movie:2240:1,movie,2240,1,user,3,train,0
movie:2240:2,movie,2240,2,agent,2,train,1
movie:2240:3,movie,2240,3,user,3,train,0
movie:2240:4,movie,2240,4,agent,2,train,0
movie:2240:5,movie,2240,5,user,2,train,1
movie:2240:6,movie,2240,6,agent,2,train,0
movie:2240:7,movie,2240,7,user,3,train,1
movie:2240:8,movie,2240,8,agent,2,train,1
movie:2240:9,movie,2240,9,user,2,train,1
movie:2240:10,movie,2240,10,agent,2,train,0
movie:2240:11,movie,2240,11,user,3,train,1
movie:2241:1,movie,2241,1,user,1,train,1
movie:2241:2,movie,2241,2,agent,1,train,0
movie:2241:3,movie,2241,3,user,3,train,0
movie:2241:4,movie,2241,4,agent,2,train,1
movie:2241:5,movie,2241,5,user,3,train,0
movie:2241:6,movie,2241,6,agent,2,train,1
movie:2242:1,movie,2242,1,user,3,train,1
movie:2242:2,movie,2242,2,agent,2,train,0
movie:2242:3,movie,2242,3,user,3,train,1
movie:2242:4,movie,2242,4,agent,2,train,0
movie:2243:1,movie,2243,1,user,3,test,0
movie:2243:2,movie,2243,2,agent,2,test,0
movie:2243:3,movie,2243,3,user,3,test,0
movie:2243:4,movie,2243,4,agent,2,test,0
movie:2243:5,movie,2243,5,user,3,test,1
movie:2244:1,movie,2244,1,user,2,train,0
movie:2244:2,movie,2244,2,agent,2,train,0
movie:2244:3,movie,2244,3,user,2,train,0
movie:2244:4,movie,2244,4,agent,2,train,0
movie:2245:1,movie,2245,1,user,1,train,0
movie:2245:2,movie,2245,2,agent,2,train,0
movie:2245:3,movie,2245,3,user,3,train,0
movie:2245:4,movie,2245,4,agent,2,train,0
movie:2246:1,movie,2246,1,user,2,train,0
movie:2246:2,movie,2246,2,agent,2,train,0
movie:2246:3,movie,2246,3,user,2,train,0
movie:2246:4,movie,2246,4,agent,2,train,0
movie:2247:1,movie,2247,1,user,2,train,1
movie:2247:2,movie,2247,2,agent,2,train,0
movie:2247:3,movie,2247,3,user,3,train,0
movie:2247:4,movie,2247,4,agent,2,train,0
movie:2247:5,movie,2247,5,user,3,train,1
movie:2248:1,movie,2248,1,user,1,train,0
movie:2248:2,movie,2248,2,agent,2,train,1
movie:2248:3,movie,2248,3,user,0,train,0
movie:2248:4,movie,2248,4,agent,2,train,0
movie:2248:5,movie,2248,5,user,3,train,1
movie:2249:1,movie,2249,1,user,1,train,0
movie:2249:2,movie,2249,2,agent,1,train,0
movie:2249:3,movie,2249,3,agent,2,train,0
movie:2249:4,movie,2249,4,user,2,train,0
movie:2249:5,movie,2249,5,agent,2,train,0
movie:2250:1,movie,2250,1,user,3,train,0
movie:2250:2,movie,2250,2,agent,2,train,0
movie:2250:3,movie,2250,3,user,0,train,0
movie:2250:4,movie,2250,4,agent,2,train,0
movie:2250:5,movie,2250,5,user,2,train,1
movie:2250:6,movie,2250,6,agent,1,train,0
movie:2250:7,movie,2250,7,user,2,train,0
movie:2250:8,movie,2250,8,agent,2,train,1
movie:2250:9,movie,2250,9,user,3,train,1
movie:2251:1,movie,2251,1,user,3,train,1
movie:2251:2,movie,2251,2,agent,2,train,0
movie:2251:3,movie,2251,3,user,3,train,0
movie:2251:4,movie,2251,4,agent,2,train,0
movie:2251:5,movie,2251,5,user,2,train,0
movie:2251:6,movie,2251,6,agent,3,train,1
movie:2251:7,movie,2251,7,user,2,train,0
movie:2251:8,movie,2251,8,agent,2,train,0
movie:2251:9,movie,2251,9,user,3,train,1
movie:2251:10,movie,2251,10,agent,2,train,0
movie:2251:11,movie,2251,11,user,3,train,1
movie:2252:1,movie,2252,1,user,3,test,1
movie:2252:2,movie,2252,2,agent,2,test,0
movie:2252:3,movie,2252,3,user,3,test,0
movie:2252:4,movie,2252,4,agent,2,test,0
movie:2252:5,movie,2252,5,user,3,test,0
movie:2252:6,movie,2252,6,agent,2,test,0
movie:2252:7,movie,2252,7,user,2,test,0
movie:2252:8,movie,2252,8,agent,2,test,0
movie:2253:1,movie,2253,1,user,3,train,0
movie:2253:2,movie,2253,2,agent,2,train,0
movie:2253:3,movie,2253,3,user,3,train,0
movie:2253:4,movie,2253,4,agent,2,train,0
movie:2253:5,movie,2253,5,user,3,train,0
movie:2254:1,movie,2254,1,user,3,train,1
movie:2254:2,movie,2254,2,agent,2,train,1
movie:2254:3,movie,2254,3,user,3,train,1
movie:2254:4,movie,2254,4,agent,2,train,0
movie:2255:1,movie,2255,1,user,3,train,0
movie:2255:2,movie,2255,2,agent,1,train,1
movie:2255:3,movie,2255,3,user,0,train,0
movie:2255:4,movie,2255,4,agent,2,train,0
movie:2255:5,movie,2255,5,user,2,train,0
movie:2255:6,movie,2255,6,agent,2,train,0
movie:2255:7,movie,2255,7,user,3,train,1
movie:2255:8,movie,2255,8,agent,2,train,0
movie:2256:1,movie,2256,1,user,3,train,0
movie:2256:2,movie,2256,2,agent,3,train,1
movie:2256:3,movie,2256,3,user,2,train,0
movie:2256:4,movie,2256,4,agent,2,train,0
movie:2257:1,movie,2257,1,user,1,train,0
movie:2257:2,movie,2257,2,agent,2,train,0
movie:2257:3,movie,2257,3,user,3,train,0
movie:2257:4,movie,2257,4,agent,2,train,0
movie:2257:5,movie,2257,5,user,3,train,0
movie:2258:1,movie,2258,1,user,0,train,0
movie:2258:2,movie,2258,2,agent,1,train,1
movie:2258:3,movie,2258,3,user,3,train,1
movie:2258:4,movie,2258,4,agent,2,train,0
movie:2259:1,movie,2259,1,user,1,train,0
movie:2259:2,movie,2259,2,agent,2,train,0
movie:2259:3,movie,2259,3,user,0,train,0
movie:2259:4,movie,2259,4,agent,2,train,0
movie:2259:5,movie,2259,5,user,3,train,0
movie:2259:6,movie,2259,6,agent,2,train,0
movie:2259:7,movie,2259,7,user,3,train,1
movie:2260:1,movie,2260,1,user,1,train,0
movie:2260:2,movie,2260,2,agent,2,train,0
movie:2260:3,movie,2260,3,user,0,train,0
movie:2260:4,movie,2260,4,agent,2,train,1
movie:2260:5,movie,2260,5,user,0,train,1
movie:2260:6,movie,2260,6,agent,2,train,0
movie:2260:7,movie,2260,7,user,2,train,0
movie:2260:8,movie,2260,8,agent,2,train,0
movie:2261:1,movie,2261,1,user,3,validation,0
movie:2261:2,movie,2261,2,agent,3,validation,1
movie:2261:3,movie,2261,3,user,3,validation,0
movie:2261:4,movie,2261,4,agent,2,validation,0
movie:2261:5,movie,2261,5,user,3,validation,1
movie:2261:6,movie,2261,6,agent,2,validation,1
movie:2261:7,movie,2261,7,user,2,validation,0
movie:2261:8,movie,2261,8,agent,2,validation,0
movie:2261:9,movie,2261,9,user,3,validation,0
movie:2262:1,movie,2262,1,user,2,test,1
movie:2262:2,movie,2262,2,agent,2,test,0
movie:2262:3,movie,2262,3,user,0,test,0
movie:2262:4,movie,2262,4,agent,1,test,0
movie:2262:5,movie,2262,5,user,0,test,1
movie:2262:6,movie,2262,6,agent,2,test,0
movie:2263:1,movie,2263,1,user,2,train,0
movie:2263:2,movie,2263,2,agent,2,train,0
movie:2263:3,movie,2263,3,user,2,train,0
movie:2263:4,movie,2263,4,agent,2,train,0
movie:2264:1,movie,2264,1,user,2,validation,0
movie:2264:2,movie,2264,2,agent,2,validation,0
movie:2264:3,movie,2264,3,user,2,validation,1
movie:2264:4,movie,2264,4,agent,2,validation,0
movie:2264:5,movie,2264,5,user,0,validation,1
movie:2264:6,movie,2264,6,agent,2,validation,0
movie:2265:1,movie,2265,1,user,1,train,1
movie:2265:2,movie,2265,2,agent,2,train,1
movie:2265:3,movie,2265,3,user,3,train,0
movie:2265:4,movie,2265,4,agent,2,train,0
movie:2265:5,movie,2265,5,user,3,train,1
movie:2265:6,movie,2265,6,agent,2,train,0
movie:2265:7,movie,2265,7,user,3,train,1
movie:2265:8,movie,2265,8,agent,2,train,0
movie:2266:1,movie,2266,1,user,3,train,0
movie:2266:2,movie,2266,2,agent,2,train,1
movie:2266:3,movie,2266,3,user,3,train,1
movie:2266:4,movie,2266,4,agent,2,train,0
movie:2266:5,movie,2266,5,user,3,train,1
movie:2266:6,movie,2266,6,agent,2,train,0
movie:2266:7,movie,2266,7,user,3,train,0
movie:2266:8,movie,2266,8,agent,2,train,0
movie:2266:9,movie,2266,9,user,3,train,0
movie:2267:1,movie,2267,1,user,1,test,0
movie:2267:2,movie,2267,2,agent,2,test,0
movie:2267:3,movie,2267,3,user,2,test,0
movie:2267:4,movie,2267,4,agent,2,test,1
movie:2268:1,movie,2268,1,user,0,train,0
movie:2268:2,movie,2268,2,agent,2,train,0
movie:2268:3,movie,2268,3,user,3,train,1
movie:2268:4,movie,2268,4,agent,2,train,0
movie:2268:5,movie,2268,5,user,3,train,1
movie:2268:6,movie,2268,6,agent,2,train,0
movie:2269:1,movie,2269,1,user,3,test,1
movie:2269:2,movie,2269,2,agent,2,test,1
movie:2269:3,movie,2269,3,user,3,test,1
movie:2269:4,movie,2269,4,agent,2,test,0
movie:2270:1,movie,2270,1,user,1,test,1
movie:2270:2,movie,2270,2,agent,2,test,0
movie:2270:3,movie,2270,3,user,2,test,0
movie:2270:4,movie,2270,4,agent,2,test,1
movie:2270:5,movie,2270,5,user,2,test,1
movie:2270:6,movie,2270,6,agent,2,test,0
movie:2270:7,movie,2270,7,user,3,test,1
movie:2271:1,movie,2271,1,user,1,test,0
movie:2271:2,movie,2271,2,agent,2,test,1
movie:2271:3,movie,2271,3,user,3,test,1
movie:2271:4,movie,2271,4,agent,1,test,1
movie:2271:5,movie,2271,5,user,2,test,0
movie:2271:6,movie,2271,6,agent,2,test,0
movie:2271:7,movie,2271,7,user,3,test,0
movie:2271:8,movie,2271,8,agent,2,test,0
movie:2272:1,movie,2272,1,user,2,validation,0
movie:2272:2,movie,2272,2,agent,2,validation,1
movie:2272:3,movie,2272,3,user,3,validation,1
movie:2272:4,movie,2272,4,agent,2,validation,0
movie:2272:5,movie,2272,5,user,3,validation,0
movie:2273:1,movie,2273,1,user,1,train,1
movie:2273:2,movie,2273,2,agent,3,train,1
movie:2273:3,movie,2273,3,user,3,train,1
movie:2273:4,movie,2273,4,agent,2,train,0
movie:2273:5,movie,2273,5,user,2,train,0
movie:2273:6,movie,2273,6,agent,2,train,0
movie:2274:1,movie,2274,1,user,2,train,0
movie:2274:2,movie,2274,2,agent,2,train,0
movie:2274:3,movie,2274,3,user,0,train,1
movie:2274:4,movie,2274,4,agent,2,train,0
movie:2275:1,movie,2275,1,user,3,test,0
movie:2275:2,movie,2275,2,agent,2,test,1
movie:2275:3,movie,2275,3,user,2,test,1
movie:2275:4,movie,2275,4,agent,2,test,0
movie:2275:5,movie,2275,5,user,3,test,1
movie:2275:6,movie,2275,6,agent,2,test,0
movie:2276:1,movie,2276,1,user,3,train,0
movie:2276:2,movie,2276,2,agent,2,train,0
movie:2276:3,movie,2276,3,user,3,train,0
movie:2276:4,movie,2276,4,agent,1,train,0
movie:2276:5,movie,2276,5,user,3,train,1
movie:2276:6,movie,2276,6,agent,2,train,1
movie:2276:7,movie,2276,7,user,3,train,1
movie:2277:1,movie,2277,1,user,3,train,1
movie:2277:2,movie,2277,2,agent,1,train,0
movie:2277:3,movie,2277,3,user,2,train,0
movie:2277:4,movie,2277,4,agent,2,train,0
movie:2277:5,movie,2277,5,user,3,train,1
movie:2277:6,movie,2277,6,agent,2,train,0
movie:2277:7,movie,2277,7,user,3,train,0
movie:2278:1,movie,2278,1,user,2,train,0
movie:2278:2,movie,2278,2,agent,2,train,0
movie:2278:3,movie,2278,3,user,0,train,0
movie:2278:4,movie,2278,4,agent,2,train,0
movie:2278:5,movie,2278,5,user,2,train,0
movie:2278:6,movie,2278,6,agent,2,train,0
movie:2279:1,movie,2279,1,user,1,train,0
movie:2279:2,movie,2279,2,agent,2,train,0
movie:2279:3,movie,2279,3,user,0,train,1
movie:2279:4,movie,2279,4,agent,2,train,0
movie:2279:5,movie,2279,5,user,2,train,1
movie:2279:6,movie,2279,6,agent,1,train,0
movie:2279:7,movie,2279,7,user,2,train,0
movie:2279:8,movie,2279,8,agent,2,train,0
movie:2279:9,movie,2279,9,agent,3,train,1
movie:2280:1,movie,2280,1,user,3,train,1
movie:2280:2,movie,2280,2,agent,0,train,1
movie:2280:3,movie,2280,3,user,0,train,0
movie:2280:4,movie,2280,4,agent,2,train,0
movie:2280:5,movie,2280,5,user,2,train,0
movie:2280:6,movie,2280,6,agent,2,train,0
movie:2280:7,movie,2280,7,user,2,train,0
movie:2280:8,movie,2280,8,agent,1,train,1
movie:2280:9,movie,2280,9,user,2,train,1
movie:2280:10,movie,2280,10,agent,2,train,1
movie:2280:11,movie,2280,11,user,2,train,1
movie:2280:12,movie,2280,12,agent,1,train,0
movie:2280:13,movie,2280,13,user,2,train,0
movie:2280:14,movie,2280,14,agent,2,train,0
movie:2280:15,movie,2280,15,user,3,train,1
movie:2281:1,movie,2281,1,user,3,train,0
movie:2281:2,movie,2281,2,agent,2,train,0
movie:2281:3,movie,2281,3,user,3,train,0
movie:2281:4,movie,2281,4,agent,2,train,0
movie:2281:5,movie,2281,5,user,3,train,0
movie:2282:1,movie,2282,1,user,1,train,0
movie:2282:2,movie,2282,2,agent,1,train,0
movie:2282:3,movie,2282,3,user,3,train,1
movie:2282:4,movie,2282,4,agent,1,train,0
movie:2282:5,movie,2282,5,user,0,train,0
movie:2282:6,movie,2282,6,agent,2,train,0
movie:2282:7,movie,2282,7,agent,2,train,0
movie:2282:8,movie,2282,8,user,3,train,0
movie:2283:1,movie,2283,1,user,1,train,0
movie:2283:2,movie,2283,2,agent,2,train,0
movie:2283:3,movie,2283,3,user,1,train,0
movie:2283:4,movie,2283,4,agent,2,train,0
movie:2283:5,movie,2283,5,user,2,train,1
movie:2283:6,movie,2283,6,agent,2,train,0
movie:2283:7,movie,2283,7,user,3,train,1
movie:2283:8,movie,2283,8,agent,1,train,1
movie:2283:9,movie,2283,9,user,2,train,1
movie:2283:10,movie,2283,10,agent,2,train,0
movie:2283:11,movie,2283,11,user,3,train,1
movie:2283:12,movie,2283,12,agent,2,train,1
movie:2283:13,movie,2283,13,user,3,train,1
movie:2284:1,movie,2284,1,user,1,train,0
movie:2284:2,movie,2284,2,agent,2,train,1
movie:2284:3,movie,2284,3,user,0,train,0
movie:2284:4,movie,2284,4,agent,2,train,0
movie:2285:1,movie,2285,1,user,1,train,0
movie:2285:2,movie,2285,2,agent,1,train,1
movie:2285:3,movie,2285,3,user,3,train,1
movie:2285:4,movie,2285,4,agent,3,train,0
movie:2285:5,movie,2285,5,user,3,train,1
movie:2285:6,movie,2285,6,agent,2,train,1
movie:2285:7,movie,2285,7,user,3,train,1
movie:2285:8,movie,2285,8,agent,2,train,0
movie:2285:9,movie,2285,9,user,2,train,0
movie:2285:10,movie,2285,10,agent,2,train,0
movie:2285:11,movie,2285,11,user,2,train,1
movie:2285:12,movie,2285,12,agent,2,train,0
movie:2286:1,movie,2286,1,user,1,train,0
movie:2286:2,movie,2286,2,agent,2,train,1
movie:2286:3,movie,2286,3,user,2,train,1
movie:2287:1,movie,2287,1,user,1,validation,0
movie:2287:2,movie,2287,2,agent,2,validation,0
movie:2287:3,movie,2287,3,user,1,validation,0
movie:2287:4,movie,2287,4,agent,2,validation,0
movie:2287:5,movie,2287,5,user,2,validation,0
movie:2287:6,movie,2287,6,agent,1,validation,0
movie:2287:7,movie,2287,7,user,2,validation,0
movie:2287:8,movie,2287,8,agent,2,validation,0
movie:2288:1,movie,2288,1,user,1,train,0
movie:2288:2,movie,2288,2,agent,2,train,0
movie:2288:3,movie,2288,3,user,2,train,0
movie:2288:4,movie,2288,4,agent,2,train,0
movie:2288:5,movie,2288,5,user,2,train,1
movie:2289:1,movie,2289,1,user,2,train,0
movie:2289:2,movie,2289,2,agent,2,train,0
movie:2289:3,movie,2289,3,user,2,train,0
movie:2289:4,movie,2289,4,agent,1,train,0
movie:2289:5,movie,2289,5,user,2,train,0
movie:2289:6,movie,2289,6,agent,2,train,0
movie:2290:1,movie,2290,1,user,1,test,1
movie:2290:2,movie,2290,2,agent,2,test,0
movie:2290:3,movie,2290,3,user,3,test,0
movie:2290:4,movie,2290,4,agent,3,test,1
movie:2290:5,movie,2290,5,user,3,test,1
movie:2290:6,movie,2290,6,agent,2,test,0
movie:2291:1,movie,2291,1,user,3,train,1
movie:2291:2,movie,2291,2,agent,2,train,1
movie:2291:3,movie,2291,3,user,1,train,1
movie:2291:4,movie,2291,4,agent,2,train,0
movie:2291:5,movie,2291,5,user,3,train,0
movie:2291:6,movie,2291,6,agent,2,train,1
movie:2291:7,movie,2291,7,user,2,train,0
movie:2291:8,movie,2291,8,agent,2,train,0
movie:2291:9,movie,2291,9,user,3,train,1
movie:2291:10,movie,2291,10,agent,1,train,0
movie:2291:11,movie,2291,11,user,2,train,1
movie:2291:12,movie,2291,12,agent,2,train,0
movie:2291:13,movie,2291,13,user,3,train,1
movie:2292:1,movie,2292,1,user,2,train,0
movie:2292:2,movie,2292,2,agent,2,train,0
movie:2292:3,movie,2292,3,user,0,train,1
movie:2292:4,movie,2292,4,agent,2,train,0
movie:2292:5,movie,2292,5,user,2,train,0
movie:2293:1,movie,2293,1,user,3,train,0
movie:2293:2,movie,2293,2,agent,1,train,1
movie:2293:3,movie,2293,3,user,2,train,0
movie:2293:4,movie,2293,4,agent,2,train,1
movie:2293:5,movie,2293,5,user,3,train,1
movie:2293:6,movie,2293,6,agent,1,train,0
movie:2293:7,movie,2293,7,user,2,train,0
movie:2293:8,movie,2293,8,agent,2,train,0
movie:2293:9,movie,2293,9,agent,3,train,1
movie:2294:1,movie,2294,1,user,1,train,0
movie:2294:2,movie,2294,2,agent,2,train,0
movie:2294:3,movie,2294,3,user,3,train,1
movie:2294:4,movie,2294,4,agent,2,train,0
movie:2294:5,movie,2294,5,user,3,train,1
movie:2295:1,movie,2295,1,user,1,train,0
movie:2295:2,movie,2295,2,agent,2,train,0
movie:2295:3,movie,2295,3,user,0,train,0
movie:2295:4,movie,2295,4,agent,1,train,0
movie:2295:5,movie,2295,5,user,2,train,1
movie:2295:6,movie,2295,6,agent,2,train,1
movie:2295:7,movie,2295,7,user,3,train,1
movie:2295:8,movie,2295,8,agent,1,train,0
movie:2295:9,movie,2295,9,user,2,train,1
movie:2295:10,movie,2295,10,agent,2,train,0
movie:2295:11,movie,2295,11,user,3,train,1
movie:2296:1,movie,2296,1,user,2,train,1
movie:2296:2,movie,2296,2,agent,2,train,0
movie:2296:3,movie,2296,3,user,2,train,0
movie:2296:4,movie,2296,4,agent,2,train,1
movie:2297:1,movie,2297,1,user,3,train,1
movie:2297:2,movie,2297,2,agent,3,train,1
movie:2297:3,movie,2297,3,user,3,train,0
movie:2297:4,movie,2297,4,agent,2,train,0
movie:2297:5,movie,2297,5,user,0,train,1
movie:2297:6,movie,2297,6,agent,2,train,0
movie:2297:7,movie,2297,7,user,0,train,0
movie:2297:8,movie,2297,8,agent,2,train,0
movie:2297:9,movie,2297,9,user,3,train,1
movie:2297:10,movie,2297,10,agent,2,train,0
movie:2297:11,movie,2297,11,user,0,train,1
movie:2297:12,movie,2297,12,agent,2,train,0
movie:2297:13,movie,2297,13,user,3,train,1
movie:2298:1,movie,2298,1,user,3,train,1
movie:2298:2,movie,2298,2,agent,3,train,1
movie:2298:3,movie,2298,3,user,3,train,0
movie:2298:4,movie,2298,4,agent,2,train,0
movie:2298:5,movie,2298,5,user,0,train,0
movie:2298:6,movie,2298,6,agent,2,train,0
movie:2298:7,movie,2298,7,user,0,train,0
movie:2298:8,movie,2298,8,agent,2,train,0
movie:2298:9,movie,2298,9,user,3,train,0
movie:2298:10,movie,2298,10,agent,2,train,0
movie:2298:11,movie,2298,11,user,0,train,1
movie:2298:12,movie,2298,12,agent,2,train,0
movie:2298:13,movie,2298,13,user,3,train,1
movie:2299:1,movie,2299,1,user,1,validation,1
movie:2299:2,movie,2299,2,agent,3,validation,0
movie:2299:3,movie,2299,3,user,3,validation,0
movie:2299:4,movie,2299,4,agent,2,validation,0
movie:2299:5,movie,2299,5,user,3,validation,1
movie:2300:1,movie,2300,1,user,1,train,0
movie:2300:2,movie,2300,2,agent,1,train,1
movie:2300:3,movie,2300,3,agent,1,train,0
movie:2300:4,movie,2300,4,user,2,train,0
movie:2301:1,movie,2301,1,user,2,train,0
movie:2301:2,movie,2301,2,agent,2,train,0
movie:2301:3,movie,2301,3,user,3,train,0
movie:2301:4,movie,2301,4,agent,1,train,0
movie:2301:5,movie,2301,5,agent,2,train,1
movie:2301:6,movie,2301,6,user,3,train,1
movie:2302:1,movie,2302,1,user,3,train,1
movie:2302:2,movie,2302,2,agent,2,train,0
movie:2302:3,movie,2302,3,user,3,train,1
movie:2302:4,movie,2302,4,agent,2,train,0
movie:2302:5,movie,2302,5,user,3,train,1
movie:2303:1,movie,2303,1,user,1,train,0
movie:2303:2,movie,2303,2,agent,1,train,0
movie:2303:3,movie,2303,3,agent,1,train,0
movie:2303:4,movie,2303,4,user,2,train,0
movie:2304:1,movie,2304,1,user,3,test,1
movie:2304:2,movie,2304,2,agent,2,test,0
movie:2304:3,movie,2304,3,user,3,test,0
movie:2304:4,movie,2304,4,agent,2,test,0
movie:2304:5,movie,2304,5,user,3,test,0
movie:2304:6,movie,2304,6,agent,3,test,0
movie:2304:7,movie,2304,7,user,3,test,0
movie:2305:1,movie,2305,1,user,1,test,1
movie:2305:2,movie,2305,2,agent,2,test,0
movie:2305:3,movie,2305,3,user,2,test,0
movie:2305:4,movie,2305,4,agent,2,test,1
movie:2305:5,movie,2305,5,user,3,test,1
movie:2305:6,movie,2305,6,agent,2,test,0
movie:2305:7,movie,2305,7,user,3,test,0
movie:2306:1,movie,2306,1,user,3,validation,1
movie:2306:2,movie,2306,2,agent,2,validation,0
movie:2306:3,movie,2306,3,user,2,validation,0
movie:2306:4,movie,2306,4,agent,2,validation,0
movie:2306:5,movie,2306,5,user,3,validation,1
movie:2306:6,movie,2306,6,agent,2,validation,0
movie:2306:7,movie,2306,7,user,3,validation,0
movie:2307:1,movie,2307,1,user,1,test,0
movie:2307:2,movie,2307,2,agent,3,test,1
movie:2307:3,movie,2307,3,user,0,test,0
movie:2307:4,movie,2307,4,agent,2,test,0
movie:2307:5,movie,2307,5,user,3,test,1
movie:2307:6,movie,2307,6,agent,2,test,0
movie:2307:7,movie,2307,7,user,3,test,1
movie:2307:8,movie,2307,8,agent,2,test,1
movie:2308:1,movie,2308,1,user,0,train,0
movie:2308:2,movie,2308,2,agent,2,train,0
movie:2308:3,movie,2308,3,user,3,train,0
movie:2308:4,movie,2308,4,user,0,train,0
movie:2308:5,movie,2308,5,agent,2,train,0
movie:2308:6,movie,2308,6,user,3,train,0
movie:2308:7,movie,2308,7,agent,2,train,1
movie:2308:8,movie,2308,8,user,3,train,0
movie:2309:1,movie,2309,1,user,3,train,0
movie:2309:2,movie,2309,2,agent,0,train,0
movie:2309:3,movie,2309,3,user,3,train,1
movie:2309:4,movie,2309,4,agent,1,train,0
movie:2309:5,movie,2309,5,agent,1,train,1
movie:2309:6,movie,2309,6,agent,1,train,0
movie:2309:7,movie,2309,7,user,3,train,1
movie:2309:8,movie,2309,8,agent,2,train,0
movie:2309:9,movie,2309,9,user,3,train,0
movie:2310:1,movie,2310,1,user,0,train,0
movie:2310:2,movie,2310,2,agent,1,train,0
movie:2310:3,movie,2310,3,user,0,train,0
movie:2310:4,movie,2310,4,agent,2,train,0
movie:2310:5,movie,2310,5,user,2,train,1
movie:2310:6,movie,2310,6,agent,2,train,1
movie:2310:7,movie,2310,7,user,3,train,0
movie:2310:8,movie,2310,8,agent,2,train,1
movie:2310:9,movie,2310,9,user,3,train,1
movie:2311:1,movie,2311,1,user,2,train,0
movie:2311:2,movie,2311,2,agent,3,train,1
movie:2311:3,movie,2311,3,user,0,train,0
movie:2311:4,movie,2311,4,agent,2,train,0
movie:2311:5,movie,2311,5,user,3,train,0
movie:2311:6,movie,2311,6,agent,2,train,1
movie:2311:7,movie,2311,7,user,3,train,0
movie:2311:8,movie,2311,8,agent,2,train,0
movie:2311:9,movie,2311,9,user,0,train,0
movie:2311:10,movie,2311,10,agent,2,train,1
movie:2311:11,movie,2311,11,user,3,train,1
movie:2312:1,movie,2312,1,user,3,train,1
movie:2312:2,movie,2312,2,agent,2,train,0
movie:2312:3,movie,2312,3,user,2,train,0
movie:2312:4,movie,2312,4,agent,2,train,0
movie:2312:5,movie,2312,5,user,3,train,0
movie:2312:6,movie,2312,6,agent,2,train,1
movie:2312:7,movie,2312,7,user,3,train,0
movie:2313:1,movie,2313,1,user,3,test,0
movie:2313:2,movie,2313,2,agent,3,test,1
movie:2313:3,movie,2313,3,user,2,test,0
movie:2313:4,movie,2313,4,agent,2,test,0
movie:2313:5,movie,2313,5,user,2,test,1
movie:2313:6,movie,2313,6,agent,1,test,1
movie:2313:7,movie,2313,7,user,3,test,1
movie:2313:8,movie,2313,8,agent,2,test,0
movie:2313:9,movie,2313,9,user,3,test,0
movie:2313:10,movie,2313,10,agent,3,test,0
movie:2314:1,movie,2314,1,user,1,train,0
movie:2314:2,movie,2314,2,agent,2,train,0
movie:2314:3,movie,2314,3,user,0,train,0
movie:2314:4,movie,2314,4,agent,1,train,0
movie:2314:5,movie,2314,5,user,3,train,0
movie:2314:6,movie,2314,6,agent,1,train,0
movie:2314:7,movie,2314,7,user,0,train,0
movie:2314:8,movie,2314,8,user,1,train,0
movie:2314:9,movie,2314,9,agent,0,train,0
movie:2314:10,movie,2314,10,user,2,train,1
movie:2314:11,movie,2314,11,agent,2,train,0
movie:2314:12,movie,2314,12,user,3,train,1
movie:2315:1,movie,2315,1,user,3,train,1
movie:2315:2,movie,2315,2,agent,0,train,0
movie:2315:3,movie,2315,3,user,2,train,0
movie:2315:4,movie,2315,4,agent,3,train,0
movie:2315:5,movie,2315,5,user,0,train,0
movie:2315:6,movie,2315,6,agent,3,train,0
movie:2315:7,movie,2315,7,user,0,train,0
movie:2315:8,movie,2315,8,agent,2,train,1
movie:2315:9,movie,2315,9,user,3,train,0
movie:2315:10,movie,2315,10,agent,2,train,0
movie:2315:11,movie,2315,11,user,3,train,0
movie:2315:12,movie,2315,12,agent,2,train,0
movie:2315:13,movie,2315,13,user,3,train,0
movie:2316:1,movie,2316,1,user,0,train,1
movie:2316:2,movie,2316,2,agent,1,train,1
movie:2316:3,movie,2316,3,agent,1,train,0
movie:2316:4,movie,2316,4,user,3,train,0
movie:2316:5,movie,2316,5,agent,2,train,0
movie:2316:6,movie,2316,6,agent,2,train,0
movie:2316:7,movie,2316,7,user,0,train,0
movie:2316:8,movie,2316,8,agent,2,train,0
movie:2316:9,movie,2316,9,user,3,train,0
movie:2316:10,movie,2316,10,agent,2,train,0
movie:2316:11,movie,2316,11,user,2,train,0
movie:2316:12,movie,2316,12,agent,2,train,0
movie:2316:13,movie,2316,13,user,3,train,1
movie:2316:14,movie,2316,14,agent,3,train,0
movie:2316:15,movie,2316,15,user,2,train,0
movie:2316:16,movie,2316,16,agent,2,train,1
movie:2316:17,movie,2316,17,user,3,train,0
movie:2317:1,movie,2317,1,user,3,train,1
movie:2317:2,movie,2317,2,agent,2,train,0
movie:2317:3,movie,2317,3,user,2,train,0
movie:2317:4,movie,2317,4,agent,1,train,0
movie:2317:5,movie,2317,5,user,3,train,0
movie:2317:6,movie,2317,6,agent,2,train,0
movie:2317:7,movie,2317,7,user,3,train,0
movie:2318:1,movie,2318,1,user,2,train,0
movie:2318:2,movie,2318,2,agent,2,train,0
movie:2318:3,movie,2318,3,user,3,train,1
movie:2318:4,movie,2318,4,agent,2,train,0
movie:2318:5,movie,2318,5,user,0,train,0
movie:2318:6,movie,2318,6,agent,2,train,1
movie:2318:7,movie,2318,7,user,3,train,1
movie:2318:8,movie,2318,8,agent,2,train,0
movie:2318:9,movie,2318,9,user,0,train,0
movie:2318:10,movie,2318,10,agent,2,train,1
movie:2318:11,movie,2318,11,user,3,train,0
movie:2319:1,movie,2319,1,user,1,train,1
movie:2319:2,movie,2319,2,agent,0,train,0
movie:2319:3,movie,2319,3,user,2,train,0
movie:2319:4,movie,2319,4,agent,2,train,0
movie:2319:5,movie,2319,5,user,3,train,1
movie:2319:6,movie,2319,6,agent,2,train,0
movie:2319:7,movie,2319,7,user,3,train,1
movie:2320:1,movie,2320,1,user,2,train,0
movie:2320:2,movie,2320,2,agent,2,train,0
movie:2320:3,movie,2320,3,user,3,train,1
movie:2320:4,movie,2320,4,agent,2,train,0
movie:2320:5,movie,2320,5,user,0,train,1
movie:2320:6,movie,2320,6,agent,2,train,1
movie:2320:7,movie,2320,7,user,3,train,1
movie:2321:1,movie,2321,1,user,3,train,1
movie:2321:2,movie,2321,2,agent,2,train,0
movie:2321:3,movie,2321,3,user,2,train,1
movie:2321:4,movie,2321,4,agent,3,train,0
movie:2321:5,movie,2321,5,user,2,train,0
movie:2321:6,movie,2321,6,agent,2,train,1
movie:2321:7,movie,2321,7,user,3,train,0
movie:2322:1,movie,2322,1,user,1,test,0
movie:2322:2,movie,2322,2,agent,2,test,0
movie:2322:3,movie,2322,3,user,3,test,1
movie:2322:4,movie,2322,4,agent,2,test,0
movie:2323:1,movie,2323,1,user,1,train,0
movie:2323:2,movie,2323,2,agent,3,train,1
movie:2323:3,movie,2323,3,user,2,train,1
movie:2323:4,movie,2323,4,agent,2,train,0
movie:2323:5,movie,2323,5,user,3,train,1
movie:2323:6,movie,2323,6,agent,2,train,0
movie:2324:1,movie,2324,1,user,3,train,1
movie:2324:2,movie,2324,2,agent,3,train,0
movie:2324:3,movie,2324,3,user,3,train,0
movie:2324:4,movie,2324,4,agent,2,train,0
movie:2324:5,movie,2324,5,user,0,train,0
movie:2324:6,movie,2324,6,agent,2,train,1
movie:2324:7,movie,2324,7,user,3,train,0
movie:2325:1,movie,2325,1,user,1,train,0
movie:2325:2,movie,2325,2,agent,2,train,1
movie:2325:3,movie,2325,3,user,0,train,0
movie:2325:4,movie,2325,4,agent,2,train,1
movie:2325:5,movie,2325,5,user,3,train,0
movie:2326:1,movie,2326,1,user,1,train,1
movie:2326:2,movie,2326,2,agent,2,train,0
movie:2326:3,movie,2326,3,user,0,train,0
movie:2326:4,movie,2326,4,agent,2,train,0
movie:2327:1,movie,2327,1,user,3,train,1
movie:2327:2,movie,2327,2,agent,2,train,0
movie:2327:3,movie,2327,3,user,3,train,1
movie:2327:4,movie,2327,4,agent,1,train,1
movie:2327:5,movie,2327,5,user,3,train,1
movie:2327:6,movie,2327,6,agent,2,train,0
movie:2327:7,movie,2327,7,user,3,train,1
movie:2327:8,movie,2327,8,agent,3,train,0
movie:2328:1,movie,2328,1,user,3,train,0
movie:2328:2,movie,2328,2,agent,2,train,1
movie:2328:3,movie,2328,3,user,2,train,0
movie:2328:4,movie,2328,4,agent,2,train,0
movie:2328:5,movie,2328,5,user,3,train,0
movie:2329:1,movie,2329,1,user,2,train,1
movie:2329:2,movie,2329,2,agent,2,train,0
movie:2329:3,movie,2329,3,user,3,train,1
movie:2329:4,movie,2329,4,agent,2,train,0
movie:2329:5,movie,2329,5,user,3,train,1
movie:2329:6,movie,2329,6,agent,2,train,0
movie:2329:7,movie,2329,7,user,3,train,0
movie:2330:1,movie,2330,1,user,3,validation,1
movie:2330:2,movie,2330,2,agent,1,validation,0
movie:2330:3,movie,2330,3,user,0,validation,1
movie:2330:4,movie,2330,4,agent,2,validation,0
movie:2330:5,movie,2330,5,user,2,validation,0
movie:2330:6,movie,2330,6,agent,2,validation,0
movie:2330:7,movie,2330,7,user,0,validation,1
movie:2330:8,movie,2330,8,agent,2,validation,0
movie:2330:9,movie,2330,9,user,2,validation,0
movie:2330:10,movie,2330,10,agent,2,validation,0
movie:2330:11,movie,2330,11,user,3,validation,1
movie:2331:1,movie,2331,1,user,3,train,1
movie:2331:2,movie,2331,2,user,3,train,0
movie:2331:3,movie,2331,3,agent,1,train,0
movie:2331:4,movie,2331,4,user,0,train,0
movie:2331:5,movie,2331,5,agent,1,train,1
movie:2331:6,movie,2331,6,user,1,train,0
movie:2331:7,movie,2331,7,agent,1,train,0
movie:2331:8,movie,2331,8,user,3,train,0
movie:2331:9,movie,2331,9,agent,1,train,0
movie:2331:10,movie,2331,10,user,3,train,0
movie:2331:11,movie,2331,11,agent,2,train,1
movie:2331:12,movie,2331,12,user,3,train,1
movie:2332:1,movie,2332,1,user,3,test,1
movie:2332:2,movie,2332,2,agent,1,test,0
movie:2332:3,movie,2332,3,user,0,test,0
movie:2332:4,movie,2332,4,agent,1,test,0
movie:2332:5,movie,2332,5,user,2,test,1
movie:2332:6,movie,2332,6,agent,2,test,1
movie:2333:1,movie,2333,1,user,3,validation,1
movie:2333:2,movie,2333,2,agent,2,validation,0
movie:2333:3,movie,2333,3,user,0,validation,0
movie:2333:4,movie,2333,4,agent,2,validation,0
movie:2333:5,movie,2333,5,user,3,validation,1
movie:2333:6,movie,2333,6,agent,2,validation,0
movie:2333:7,movie,2333,7,user,0,validation,0
movie:2333:8,movie,2333,8,agent,2,validation,0
movie:2333:9,movie,2333,9,user,3,validation,0
movie:2334:1,movie,2334,1,user,1,train,0
movie:2334:2,movie,2334,2,agent,0,train,1
movie:2334:3,movie,2334,3,agent,0,train,0
movie:2334:4,movie,2334,4,agent,0,train,0
movie:2334:5,movie,2334,5,user,0,train,1
movie:2334:6,movie,2334,6,agent,1,train,1
movie:2334:7,movie,2334,7,user,2,train,0
movie:2334:8,movie,2334,8,agent,3,train,1
movie:2334:9,movie,2334,9,user,3,train,0
movie:2334:10,movie,2334,10,agent,2,train,1
movie:2334:11,movie,2334,11,user,3,train,0
movie:2335:1,movie,2335,1,user,3,train,0
movie:2335:2,movie,2335,2,agent,2,train,0
movie:2335:3,movie,2335,3,user,3,train,1
movie:2335:4,movie,2335,4,agent,1,train,0
movie:2335:5,movie,2335,5,user,3,train,1
movie:2335:6,movie,2335,6,agent,2,train,0
movie:2335:7,movie,2335,7,agent,3,train,0
movie:2336:1,movie,2336,1,user,3,test,1
movie:2336:2,movie,2336,2,agent,2,test,1
movie:2336:3,movie,2336,3,user,2,test,0
movie:2336:4,movie,2336,4,agent,2,test,0
movie:2336:5,movie,2336,5,user,3,test,1
movie:2336:6,movie,2336,6,agent,3,test,0
movie:2337:1,movie,2337,1,user,1,train,0
movie:2337:2,movie,2337,2,agent,2,train,1
movie:2337:3,movie,2337,3,user,0,train,0
movie:2337:4,movie,2337,4,agent,2,train,0
movie:2337:5,movie,2337,5,user,3,train,1
movie:2337:6,movie,2337,6,agent,2,train,0
movie:2337:7,movie,2337,7,user,3,train,0
movie:2337:8,movie,2337,8,agent,2,train,1
movie:2337:9,movie,2337,9,user,3,train,1
movie:2338:1,movie,2338,1,user,3,train,1
movie:2338:2,movie,2338,2,agent,2,train,0
movie:2338:3,movie,2338,3,user,3,train,1
movie:2338:4,movie,2338,4,agent,2,train,0
movie:2338:5,movie,2338,5,user,3,train,1
movie:2338:6,movie,2338,6,agent,2,train,0
movie:2338:7,movie,2338,7,user,3,train,1
movie:2338:8,movie,2338,8,agent,2,train,0
movie:2338:9,movie,2338,9,user,3,train,1
movie:2339:1,movie,2339,1,user,3,train,0
movie:2339:2,movie,2339,2,agent,2,train,0
movie:2339:3,movie,2339,3,user,3,train,1
movie:2339:4,movie,2339,4,agent,1,train,0
movie:2339:5,movie,2339,5,user,2,train,0
movie:2339:6,movie,2339,6,agent,2,train,0
movie:2339:7,movie,2339,7,user,3,train,0
movie:2339:8,movie,2339,8,agent,2,train,0
movie:2340:1,movie,2340,1,user,1,test,0
movie:2340:2,movie,2340,2,agent,1,test,0
movie:2340:3,movie,2340,3,user,2,test,0
movie:2340:4,movie,2340,4,agent,2,test,0
movie:2340:5,movie,2340,5,user,2,test,0
movie:2340:6,movie,2340,6,agent,2,test,0
movie:2340:7,movie,2340,7,user,3,test,1
movie:2341:1,movie,2341,1,user,2,validation,0
movie:2341:2,movie,2341,2,agent,2,validation,0
movie:2341:3,movie,2341,3,user,3,validation,0
movie:2341:4,movie,2341,4,agent,1,validation,0
movie:2341:5,movie,2341,5,user,2,validation,0
movie:2341:6,movie,2341,6,agent,1,validation,0
movie:2341:7,movie,2341,7,user,2,validation,0
movie:2341:8,movie,2341,8,agent,1,validation,0
movie:2341:9,movie,2341,9,user,3,validation,0
movie:2341:10,movie,2341,10,agent,2,validation,0
movie:2341:11,movie,2341,11,user,3,validation,0
movie:2342:1,movie,2342,1,user,1,test,0
movie:2342:2,movie,2342,2,agent,2,test,1
movie:2342:3,movie,2342,3,user,1,test,0
movie:2342:4,movie,2342,4,agent,2,test,0
movie:2342:5,movie,2342,5,user,2,test,1
movie:2342:6,movie,2342,6,agent,2,test,1
movie:2342:7,movie,2342,7,user,3,test,0
movie:2342:8,movie,2342,8,agent,2,test,0
movie:2342:9,movie,2342,9,user,3,test,0
movie:2343:1,movie,2343,1,user,3,validation,1
movie:2343:2,movie,2343,2,agent,2,validation,0
movie:2343:3,movie,2343,3,user,1,validation,0
movie:2343:4,movie,2343,4,agent,2,validation,0
movie:2343:5,movie,2343,5,user,2,validation,0
movie:2343:6,movie,2343,6,agent,2,validation,0
movie:2343:7,movie,2343,7,user,3,validation,0
movie:2344:1,movie,2344,1,user,1,test,1
movie:2344:2,movie,2344,2,agent,2,test,0
movie:2344:3,movie,2344,3,user,0,test,1
movie:2344:4,movie,2344,4,agent,2,test,1
movie:2344:5,movie,2344,5,user,0,test,0
movie:2344:6,movie,2344,6,agent,2,test,0
movie:2344:7,movie,2344,7,user,2,test,0
movie:2344:8,movie,2344,8,agent,1,test,0
movie:2344:9,movie,2344,9,user,3,test,0
movie:2344:10,movie,2344,10,agent,2,test,0
movie:2344:11,movie,2344,11,user,3,test,0
movie:2345:1,movie,2345,1,user,2,train,0
movie:2345:2,movie,2345,2,agent,0,train,0
movie:2345:3,movie,2345,3,user,0,train,0
movie:2345:4,movie,2345,4,agent,2,train,0
movie:2345:5,movie,2345,5,user,3,train,1
movie:2345:6,movie,2345,6,agent,1,train,1
movie:2345:7,movie,2345,7,user,0,train,1
movie:2345:8,movie,2345,8,agent,2,train,1
movie:2345:9,movie,2345,9,user,3,train,0
movie:2346:1,movie,2346,1,user,3,train,1
movie:2346:2,movie,2346,2,agent,1,train,0
movie:2346:3,movie,2346,3,user,2,train,0
movie:2346:4,movie,2346,4,agent,2,train,0
movie:2346:5,movie,2346,5,user,3,train,0
movie:2347:1,movie,2347,1,user,2,test,0
movie:2347:2,movie,2347,2,agent,2,test,1
movie:2347:3,movie,2347,3,user,2,test,0
movie:2347:4,movie,2347,4,agent,2,test,0
movie:2347:5,movie,2347,5,user,2,test,1
movie:2347:6,movie,2347,6,agent,2,test,0
movie:2347:7,movie,2347,7,user,2,test,1
movie:2347:8,movie,2347,8,agent,1,test,1
movie:2347:9,movie,2347,9,user,3,test,0
movie:2347:10,movie,2347,10,agent,2,test,0
movie:2347:11,movie,2347,11,user,3,test,1
movie:2348:1,movie,2348,1,user,3,train,0
movie:2348:2,movie,2348,2,agent,1,train,0
movie:2348:3,movie,2348,3,user,2,train,1
movie:2348:4,movie,2348,4,agent,2,train,0
movie:2348:5,movie,2348,5,user,0,train,0
movie:2348:6,movie,2348,6,agent,2,train,0
movie:2348:7,movie,2348,7,user,3,train,0
movie:2348:8,movie,2348,8,agent,2,train,0
movie:2348:9,movie,2348,9,user,2,train,0
movie:2348:10,movie,2348,10,agent,1,train,0
movie:2348:11,movie,2348,11,user,2,train,0
movie:2348:12,movie,2348,12,agent,2,train,0
movie:2348:13,movie,2348,13,user,3,train,1
movie:2349:1,movie,2349,1,user,1,train,0
movie:2349:2,movie,2349,2,agent,2,train,0
movie:2349:3,movie,2349,3,user,2,train,0
movie:2349:4,movie,2349,4,agent,1,train,0
movie:2349:5,movie,2349,5,user,2,train,0
movie:2349:6,movie,2349,6,agent,2,train,0
movie:2349:7,movie,2349,7,user,3,train,1
movie:2349:8,movie,2349,8,agent,1,train,0
movie:2349:9,movie,2349,9,user,3,train,0
movie:2349:10,movie,2349,10,agent,2,train,0
movie:2349:11,movie,2349,11,user,3,train,0
movie:2349:12,movie,2349,12,agent,2,train,0
movie:2349:13,movie,2349,13,user,3,train,0
movie:2350:1,movie,2350,1,user,2,train,0
movie:2350:2,movie,2350,2,agent,1,train,0
movie:2350:3,movie,2350,3,agent,2,train,0
movie:2350:4,movie,2350,4,user,3,train,0
movie:2350:5,movie,2350,5,agent,2,train,0
movie:2350:6,movie,2350,6,user,3,train,0
movie:2351:1,movie,2351,1,user,3,validation,1
movie:2351:2,movie,2351,2,agent,2,validation,0
movie:2351:3,movie,2351,3,user,0,validation,1
movie:2351:4,movie,2351,4,agent,2,validation,0
movie:2351:5,movie,2351,5,user,3,validation,1
movie:2351:6,movie,2351,6,user,3,validation,1
movie:2351:7,movie,2351,7,user,3,validation,1
movie:2351:8,movie,2351,8,agent,2,validation,1
movie:2351:9,movie,2351,9,user,3,validation,1
movie:2351:10,movie,2351,10,agent,2,validation,0
movie:2351:11,movie,2351,11,user,0,validation,0
movie:2351:12,movie,2351,12,agent,2,validation,0
movie:2352:1,movie,2352,1,user,3,test,1
movie:2352:2,movie,2352,2,agent,2,test,0
movie:2352:3,movie,2352,3,user,3,test,1
movie:2352:4,movie,2352,4,agent,2,test,0
movie:2352:5,movie,2352,5,user,3,test,1
movie:2352:6,movie,2352,6,agent,3,test,0
movie:2353:1,movie,2353,1,user,2,train,0
movie:2353:2,movie,2353,2,agent,2,train,1
movie:2353:3,movie,2353,3,user,0,train,0
movie:2353:4,movie,2353,4,agent,2,train,1
movie:2353:5,movie,2353,5,user,2,train,0
movie:2353:6,movie,2353,6,agent,2,train,0
movie:2353:7,movie,2353,7,user,3,train,0
movie:2354:1,movie,2354,1,user,2,train,1
movie:2354:2,movie,2354,2,agent,1,train,0
movie:2354:3,movie,2354,3,user,0,train,1
movie:2354:4,movie,2354,4,agent,2,train,0
movie:2354:5,movie,2354,5,user,2,train,0
movie:2354:6,movie,2354,6,agent,2,train,0
movie:2354:7,movie,2354,7,user,3,train,1
movie:2355:1,movie,2355,1,user,3,train,0
movie:2355:2,movie,2355,2,agent,2,train,0
movie:2355:3,movie,2355,3,user,2,train,1
movie:2355:4,movie,2355,4,agent,2,train,0
movie:2355:5,movie,2355,5,user,3,train,1
movie:2355:6,movie,2355,6,agent,2,train,0
movie:2356:1,movie,2356,1,user,1,train,0
movie:2356:2,movie,2356,2,agent,1,train,0
movie:2356:3,movie,2356,3,agent,1,train,1
movie:2356:4,movie,2356,4,user,3,train,1
movie:2356:5,movie,2356,5,agent,2,train,0
movie:2356:6,movie,2356,6,user,0,train,0
movie:2356:7,movie,2356,7,agent,2,train,0
movie:2356:8,movie,2356,8,user,2,train,0
movie:2356:9,movie,2356,9,agent,2,train,0
movie:2356:10,movie,2356,10,user,3,train,0
movie:2357:1,movie,2357,1,user,1,train,0
movie:2357:2,movie,2357,2,agent,1,train,0
movie:2357:3,movie,2357,3,user,3,train,1
movie:2358:1,movie,2358,1,user,2,train,0
movie:2358:2,movie,2358,2,agent,0,train,0
movie:2358:3,movie,2358,3,user,0,train,0
movie:2358:4,movie,2358,4,agent,1,train,0
movie:2358:5,movie,2358,5,agent,1,train,0
movie:2358:6,movie,2358,6,user,3,train,1
movie:2358:7,movie,2358,7,agent,2,train,1
movie:2358:8,movie,2358,8,user,2,train,0
movie:2358:9,movie,2358,9,agent,2,train,0
movie:2358:10,movie,2358,10,user,3,train,1
movie:2359:1,movie,2359,1,user,3,train,0
movie:2359:2,movie,2359,2,agent,1,train,0
movie:2359:3,movie,2359,3,user,2,train,0
movie:2359:4,movie,2359,4,agent,1,train,0
movie:2359:5,movie,2359,5,user,3,train,1
movie:2359:6,movie,2359,6,agent,2,train,0
movie:2359:7,movie,2359,7,user,3,train,1
movie:2359:8,movie,2359,8,agent,2,train,0
movie:2359:9,movie,2359,9,user,3,train,1
movie:2360:1,movie,2360,1,user,2,test,0
movie:2360:2,movie,2360,2,agent,2,test,0
movie:2360:3,movie,2360,3,user,2,test,1
movie:2360:4,movie,2360,4,agent,3,test,0
movie:2360:5,movie,2360,5,user,2,test,0
movie:2360:6,movie,2360,6,agent,2,test,1
movie:2360:7,movie,2360,7,user,2,test,0
movie:2360:8,movie,2360,8,agent,2,test,1
movie:2360:9,movie,2360,9,user,2,test,0
movie:2360:10,movie,2360,10,agent,3,test,0
movie:2360:11,movie,2360,11,user,3,test,0
movie:2361:1,movie,2361,1,user,1,train,1
movie:2361:2,movie,2361,2,agent,1,train,1
movie:2361:3,movie,2361,3,user,3,train,0
movie:2361:4,movie,2361,4,agent,2,train,0
movie:2361:5,movie,2361,5,user,0,train,0
movie:2361:6,movie,2361,6,agent,1,train,0
movie:2361:7,movie,2361,7,user,0,train,0
movie:2361:8,movie,2361,8,agent,2,train,0
movie:2361:9,movie,2361,9,user,0,train,0
movie:2361:10,movie,2361,10,agent,2,train,0
movie:2361:11,movie,2361,11,user,3,train,0
movie:2362:1,movie,2362,1,user,1,validation,0
movie:2362:2,movie,2362,2,agent,2,validation,0
movie:2362:3,movie,2362,3,user,0,validation,1
movie:2363:1,movie,2363,1,user,1,train,0
movie:2363:2,movie,2363,2,agent,2,train,0
movie:2363:3,movie,2363,3,user,0,train,0
movie:2364:1,movie,2364,1,user,1,train,1
movie:2364:2,movie,2364,2,agent,2,train,0
movie:2364:3,movie,2364,3,user,3,train,0
movie:2364:4,movie,2364,4,agent,2,train,0
movie:2365:1,movie,2365,1,user,3,train,0
movie:2365:2,movie,2365,2,agent,2,train,0
movie:2365:3,movie,2365,3,user,3,train,0
movie:2366:1,movie,2366,1,user,3,train,1
movie:2366:2,movie,2366,2,agent,2,train,0
movie:2366:3,movie,2366,3,user,3,train,1
movie:2366:4,movie,2366,4,agent,2,train,0
movie:2366:5,movie,2366,5,user,3,train,1
movie:2366:6,movie,2366,6,agent,2,train,0
movie:2366:7,movie,2366,7,user,3,train,1
movie:2366:8,movie,2366,8,agent,2,train,0
movie:2366:9,movie,2366,9,user,3,train,0
movie:2366:10,movie,2366,10,agent,3,train,0
movie:2367:1,movie,2367,1,user,2,train,0
movie:2367:2,movie,2367,2,agent,2,train,0
movie:2367:3,movie,2367,3,user,0,train,0
movie:2367:4,movie,2367,4,agent,1,train,0
movie:2367:5,movie,2367,5,user,0,train,1
movie:2367:6,movie,2367,6,agent,2,train,0
movie:2368:1,movie,2368,1,user,3,test,0
movie:2368:2,movie,2368,2,agent,1,test,0
movie:2368:3,movie,2368,3,user,3,test,1
movie:2368:4,movie,2368,4,agent,2,test,0
movie:2368:5,movie,2368,5,user,3,test,1
movie:2368:6,movie,2368,6,agent,2,test,0
movie:2368:7,movie,2368,7,user,3,test,1
movie:2369:1,movie,2369,1,user,3,test,0
movie:2369:2,movie,2369,2,agent,3,test,0
movie:2369:3,movie,2369,3,user,3,test,1
movie:2369:4,movie,2369,4,agent,1,test,0
movie:2369:5,movie,2369,5,user,2,test,1
movie:2369:6,movie,2369,6,agent,2,test,0
movie:2369:7,movie,2369,7,user,3,test,1
movie:2369:8,movie,2369,8,agent,2,test,0
movie:2369:9,movie,2369,9,user,3,test,0
movie:2370:1,movie,2370,1,user,3,train,1
movie:2370:2,movie,2370,2,agent,2,train,0
movie:2370:3,movie,2370,3,user,3,train,1
movie:2370:4,movie,2370,4,agent,2,train,0
movie:2370:5,movie,2370,5,user,3,train,1
movie:2370:6,movie,2370,6,agent,2,train,0
movie:2370:7,movie,2370,7,user,3,train,1
movie:2371:1,movie,2371,1,user,2,train,0
movie:2371:2,movie,2371,2,agent,2,train,0
movie:2371:3,movie,2371,3,user,2,train,0
movie:2371:4,movie,2371,4,agent,1,train,0
movie:2371:5,movie,2371,5,user,0,train,1
movie:2371:6,movie,2371,6,agent,2,train,0
movie:2371:7,movie,2371,7,user,3,train,1
movie:2371:8,movie,2371,8,agent,2,train,1
movie:2371:9,movie,2371,9,user,3,train,0
movie:2371:10,movie,2371,10,agent,2,train,0
movie:2372:1,movie,2372,1,user,3,train,1
movie:2372:2,movie,2372,2,agent,2,train,0
movie:2372:3,movie,2372,3,user,3,train,1
movie:2372:4,movie,2372,4,agent,2,train,0
movie:2373:1,movie,2373,1,user,2,train,0
movie:2373:2,movie,2373,2,agent,2,train,1
movie:2373:3,movie,2373,3,user,3,train,0
movie:2373:4,movie,2373,4,agent,2,train,0
movie:2373:5,movie,2373,5,user,3,train,1
movie:2373:6,movie,2373,6,agent,2,train,1
movie:2373:7,movie,2373,7,user,3,train,1
movie:2374:1,movie,2374,1,user,1,train,0
movie:2374:2,movie,2374,2,agent,2,train,0
movie:2374:3,movie,2374,3,user,3,train,1
movie:2374:4,movie,2374,4,agent,1,train,0
movie:2374:5,movie,2374,5,user,2,train,0
movie:2374:6,movie,2374,6,agent,2,train,0
movie:2374:7,movie,2374,7,user,3,train,0
movie:2375:1,movie,2375,1,user,3,test,1
movie:2375:2,movie,2375,2,agent,2,test,0
movie:2375:3,movie,2375,3,user,3,test,1
movie:2376:1,movie,2376,1,user,3,train,1
movie:2376:2,movie,2376,2,agent,2,train,1
movie:2376:3,movie,2376,3,user,3,train,1
movie:2376:4,movie,2376,4,agent,3,train,0
movie:2377:1,movie,2377,1,user,3,validation,1
movie:2377:2,movie,2377,2,agent,2,validation,0
movie:2377:3,movie,2377,3,user,2,validation,0
movie:2377:4,movie,2377,4,agent,2,validation,0
movie:2377:5,movie,2377,5,user,3,validation,0
movie:2377:6,movie,2377,6,agent,2,validation,0
movie:2377:7,movie,2377,7,user,3,validation,1
movie:2378:1,movie,2378,1,user,1,train,0
movie:2378:2,movie,2378,2,agent,2,train,0
movie:2378:3,movie,2378,3,user,2,train,0
movie:2378:4,movie,2378,4,agent,2,train,0
movie:2378:5,movie,2378,5,user,3,train,1
movie:2378:6,movie,2378,6,agent,2,train,0
movie:2378:7,movie,2378,7,user,2,train,0
movie:2378:8,movie,2378,8,agent,1,train,0
movie:2378:9,movie,2378,9,user,3,train,1
movie:2378:10,movie,2378,10,agent,1,train,0
movie:2378:11,movie,2378,11,user,2,train,1
movie:2378:12,movie,2378,12,agent,1,train,1
movie:2378:13,movie,2378,13,user,2,train,0
movie:2378:14,movie,2378,14,agent,1,train,0
movie:2378:15,movie,2378,15,user,3,train,0
movie:2378:16,movie,2378,16,agent,3,train,0
movie:2378:17,movie,2378,17,user,2,train,0
movie:2378:18,movie,2378,18,agent,2,train,1
movie:2378:19,movie,2378,19,user,2,train,1
movie:2378:20,movie,2378,20,agent,2,train,0
movie:2378:21,movie,2378,21,user,3,train,1
movie:2379:1,movie,2379,1,user,2,train,0
movie:2379:2,movie,2379,2,agent,2,train,0
movie:2379:3,movie,2379,3,user,3,train,0
movie:2379:4,movie,2379,4,agent,2,train,1
movie:2379:5,movie,2379,5,user,0,train,1
movie:2379:6,movie,2379,6,agent,2,train,0
movie:2380:1,movie,2380,1,user,3,test,0
movie:2380:2,movie,2380,2,agent,2,test,0
movie:2380:3,movie,2380,3,user,3,test,0
movie:2380:4,movie,2380,4,agent,2,test,1
movie:2380:5,movie,2380,5,user,3,test,1
movie:2380:6,movie,2380,6,agent,2,test,0
movie:2380:7,movie,2380,7,user,3,test,1
movie:2381:1,movie,2381,1,user,3,test,1
movie:2381:2,movie,2381,2,agent,2,test,0
movie:2381:3,movie,2381,3,user,0,test,1
movie:2381:4,movie,2381,4,agent,2,test,0
movie:2381:5,movie,2381,5,user,0,test,1
movie:2381:6,movie,2381,6,agent,2,test,0
movie:2381:7,movie,2381,7,user,3,test,0
movie:2381:8,movie,2381,8,agent,2,test,0
movie:2381:9,movie,2381,9,user,3,test,1
movie:2382:1,movie,2382,1,user,3,train,1
movie:2382:2,movie,2382,2,agent,1,train,0
movie:2382:3,movie,2382,3,user,3,train,0
movie:2382:4,movie,2382,4,agent,2,train,0
movie:2382:5,movie,2382,5,user,3,train,0
movie:2382:6,movie,2382,6,agent,2,train,1
movie:2382:7,movie,2382,7,user,3,train,1
movie:2383:1,movie,2383,1,user,2,train,0
movie:2383:2,movie,2383,2,agent,2,train,0
movie:2383:3,movie,2383,3,user,3,train,1
movie:2383:4,movie,2383,4,agent,2,train,1
movie:2383:5,movie,2383,5,user,3,train,1
movie:2383:6,movie,2383,6,agent,2,train,1
movie:2383:7,movie,2383,7,user,3,train,1
movie:2384:1,movie,2384,1,user,3,validation,1
movie:2384:2,movie,2384,2,agent,2,validation,0
movie:2384:3,movie,2384,3,user,2,validation,1
movie:2385:1,movie,2385,1,user,3,train,1
movie:2385:2,movie,2385,2,agent,2,train,0
movie:2385:3,movie,2385,3,user,0,train,1
movie:2385:4,movie,2385,4,agent,2,train,1
movie:2385:5,movie,2385,5,user,0,train,0
movie:2385:6,movie,2385,6,agent,1,train,0
movie:2385:7,movie,2385,7,user,0,train,0
movie:2385:8,movie,2385,8,agent,2,train,1
movie:2386:1,movie,2386,1,user,3,train,1
movie:2386:2,movie,2386,2,agent,2,train,0
movie:2386:3,movie,2386,3,user,3,train,0
movie:2387:1,movie,2387,1,agent,2,train,0
movie:2387:2,movie,2387,2,agent,2,train,0
movie:2387:3,movie,2387,3,user,1,train,0
movie:2387:4,movie,2387,4,agent,1,train,0
movie:2387:5,movie,2387,5,user,2,train,0
movie:2387:6,movie,2387,6,agent,2,train,0
movie:2388:1,movie,2388,1,user,3,test,0
movie:2388:2,movie,2388,2,agent,2,test,0
movie:2388:3,movie,2388,3,user,3,test,1
movie:2388:4,movie,2388,4,agent,2,test,0
movie:2388:5,movie,2388,5,user,3,test,0
movie:2388:6,movie,2388,6,agent,2,test,0
movie:2389:1,movie,2389,1,user,0,validation,0
movie:2389:2,movie,2389,2,agent,3,validation,0
movie:2390:1,movie,2390,1,user,1,train,0
movie:2390:2,movie,2390,2,agent,2,train,0
movie:2390:3,movie,2390,3,user,3,train,1
movie:2390:4,movie,2390,4,agent,2,train,0
movie:2390:5,movie,2390,5,user,3,train,1
movie:2390:6,movie,2390,6,agent,2,train,0
movie:2390:7,movie,2390,7,user,3,train,0
movie:2390:8,movie,2390,8,agent,3,train,0
movie:2390:9,movie,2390,9,user,3,train,1
movie:2391:1,movie,2391,1,user,3,train,0
movie:2391:2,movie,2391,2,agent,2,train,1
movie:2391:3,movie,2391,3,user,3,train,0
movie:2391:4,movie,2391,4,agent,2,train,0
movie:2391:5,movie,2391,5,user,3,train,1
movie:2391:6,movie,2391,6,agent,1,train,1
movie:2391:7,movie,2391,7,user,3,train,1
movie:2391:8,movie,2391,8,agent,2,train,0
movie:2391:9,movie,2391,9,user,3,train,0
movie:2392:1,movie,2392,1,user,3,train,1
movie:2392:2,movie,2392,2,agent,1,train,0
movie:2392:3,movie,2392,3,user,3,train,0
movie:2392:4,movie,2392,4,agent,2,train,0
movie:2392:5,movie,2392,5,user,2,train,0
movie:2392:6,movie,2392,6,agent,2,train,1
movie:2392:7,movie,2392,7,user,3,train,0
movie:2392:8,movie,2392,8,agent,2,train,0
movie:2392:9,movie,2392,9,user,3,train,1
movie:2393:1,movie,2393,1,user,1,train,0
movie:2393:2,movie,2393,2,agent,2,train,0
movie:2393:3,movie,2393,3,user,2,train,0
movie:2393:4,movie,2393,4,agent,2,train,1
movie:2393:5,movie,2393,5,user,3,train,1
movie:2393:6,movie,2393,6,agent,2,train,0
movie:2393:7,movie,2393,7,user,3,train,1
movie:2394:1,movie,2394,1,user,3,train,1
movie:2394:2,movie,2394,2,agent,0,train,0
movie:2394:3,movie,2394,3,user,2,train,1
movie:2394:4,movie,2394,4,agent,2,train,1
movie:2394:5,movie,2394,5,user,2,train,0
movie:2394:6,movie,2394,6,agent,2,train,0
movie:2394:7,movie,2394,7,user,3,train,0
movie:2395:1,movie,2395,1,user,1,train,0
movie:2395:2,movie,2395,2,agent,2,train,0
movie:2395:3,movie,2395,3,user,2,train,0
movie:2395:4,movie,2395,4,agent,3,train,1
movie:2395:5,movie,2395,5,user,3,train,1
movie:2395:6,movie,2395,6,agent,2,train,0
movie:2395:7,movie,2395,7,user,3,train,1
movie:2396:1,movie,2396,1,user,3,test,1
movie:2396:2,movie,2396,2,agent,2,test,0
movie:2396:3,movie,2396,3,user,3,test,1
movie:2396:4,movie,2396,4,agent,2,test,0
movie:2397:1,movie,2397,1,user,1,train,0
movie:2397:2,movie,2397,2,agent,2,train,0
movie:2397:3,movie,2397,3,user,3,train,0
movie:2397:4,movie,2397,4,agent,2,train,0
movie:2397:5,movie,2397,5,user,3,train,1
movie:2397:6,movie,2397,6,agent,2,train,0
movie:2397:7,movie,2397,7,user,3,train,0
movie:2398:1,movie,2398,1,user,2,train,0
movie:2398:2,movie,2398,2,agent,3,train,0
movie:2398:3,movie,2398,3,user,0,train,0
movie:2399:1,movie,2399,1,user,2,validation,1
movie:2399:2,movie,2399,2,agent,2,validation,1
movie:2399:3,movie,2399,3,user,2,validation,1
movie:2399:4,movie,2399,4,agent,2,validation,0
movie:2400:1,movie,2400,1,user,3,train,0
movie:2400:2,movie,2400,2,agent,2,train,1
movie:2400:3,movie,2400,3,user,2,train,0
movie:2400:4,movie,2400,4,agent,2,train,0
movie:2400:5,movie,2400,5,user,3,train,1
movie:2400:6,movie,2400,6,agent,2,train,1
movie:2400:7,movie,2400,7,user,2,train,1
movie:2400:8,movie,2400,8,agent,2,train,1
movie:2400:9,movie,2400,9,user,3,train,1
movie:2401:1,movie,2401,1,agent,1,train,0
movie:2401:2,movie,2401,2,user,2,train,0
movie:2401:3,movie,2401,3,user,3,train,1
movie:2401:4,movie,2401,4,agent,1,train,1
movie:2401:5,movie,2401,5,user,2,train,0
movie:2401:6,movie,2401,6,agent,2,train,0
movie:2401:7,movie,2401,7,user,3,train,0
movie:2402:1,movie,2402,1,user,1,test,1
movie:2402:2,movie,2402,2,agent,1,test,0
movie:2402:3,movie,2402,3,user,1,test,0
movie:2402:4,movie,2402,4,agent,2,test,1
movie:2402:5,movie,2402,5,user,3,test,1
movie:2402:6,movie,2402,6,agent,2,test,1
movie:2402:7,movie,2402,7,user,3,test,1
movie:2402:8,movie,2402,8,agent,2,test,0
movie:2403:1,movie,2403,1,user,3,test,1
movie:2403:2,movie,2403,2,agent,2,test,0
movie:2403:3,movie,2403,3,user,0,test,0
movie:2403:4,movie,2403,4,agent,2,test,0
movie:2404:1,movie,2404,1,user,1,train,0
movie:2404:2,movie,2404,2,agent,1,train,0
movie:2404:3,movie,2404,3,user,2,train,0
movie:2404:4,movie,2404,4,agent,2,train,0
movie:2404:5,movie,2404,5,user,2,train,1
movie:2404:6,movie,2404,6,agent,2,train,0
movie:2405:1,movie,2405,1,user,3,test,0
movie:2405:2,movie,2405,2,agent,0,test,0
movie:2405:3,movie,2405,3,user,0,test,0
movie:2405:4,movie,2405,4,agent,0,test,1
movie:2405:5,movie,2405,5,user,0,test,0
movie:2405:6,movie,2405,6,agent,1,test,0
movie:2405:7,movie,2405,7,user,2,test,0
movie:2405:8,movie,2405,8,agent,1,test,0
movie:2405:9,movie,2405,9,user,3,test,1
movie:2405:10,movie,2405,10,agent,1,test,0
movie:2405:11,movie,2405,11,agent,1,test,0
movie:2405:12,movie,2405,12,user,3,test,1
movie:2405:13,movie,2405,13,agent,2,test,0
movie:2405:14,movie,2405,14,user,3,test,1
movie:2406:1,movie,2406,1,user,1,train,0
movie:2406:2,movie,2406,2,agent,0,train,0
movie:2406:3,movie,2406,3,user,0,train,1
movie:2406:4,movie,2406,4,agent,0,train,1
movie:2406:5,movie,2406,5,user,0,train,1
movie:2406:6,movie,2406,6,agent,2,train,0
movie:2406:7,movie,2406,7,user,2,train,0
movie:2406:8,movie,2406,8,agent,2,train,0
movie:2406:9,movie,2406,9,user,3,train,0
movie:2407:1,movie,2407,1,user,3,train,1
movie:2407:2,movie,2407,2,agent,2,train,1
movie:2407:3,movie,2407,3,user,3,train,1
movie:2407:4,movie,2407,4,agent,2,train,0
movie:2407:5,movie,2407,5,user,3,train,1
movie:2407:6,movie,2407,6,agent,2,train,0
movie:2408:1,movie,2408,1,user,1,train,0
movie:2408:2,movie,2408,2,agent,1,train,0
movie:2408:3,movie,2408,3,user,3,train,1
movie:2408:4,movie,2408,4,agent,1,train,0
movie:2408:5,movie,2408,5,user,2,train,1
movie:2408:6,movie,2408,6,agent,1,train,1
movie:2408:7,movie,2408,7,user,3,train,0
movie:2408:8,movie,2408,8,agent,2,train,0
movie:2408:9,movie,2408,9,user,3,train,1
movie:2409:1,movie,2409,1,user,2,train,1
movie:2409:2,movie,2409,2,agent,2,train,0
movie:2409:3,movie,2409,3,user,0,train,0
movie:2409:4,movie,2409,4,agent,2,train,0
movie:2409:5,movie,2409,5,user,2,train,0
movie:2409:6,movie,2409,6,agent,2,train,1
movie:2410:1,movie,2410,1,user,2,train,0
movie:2410:2,movie,2410,2,agent,2,train,0
movie:2410:3,movie,2410,3,user,2,train,0
movie:2410:4,movie,2410,4,agent,2,train,0
movie:2410:5,movie,2410,5,user,2,train,1
movie:2410:6,movie,2410,6,agent,2,train,1
movie:2410:7,movie,2410,7,user,3,train,0
movie:2411:1,movie,2411,1,user,3,train,1
movie:2411:2,movie,2411,2,agent,2,train,1
movie:2411:3,movie,2411,3,user,3,train,0
movie:2411:4,movie,2411,4,agent,2,train,1
movie:2412:1,movie,2412,1,user,3,train,1
movie:2412:2,movie,2412,2,agent,3,train,1
movie:2412:3,movie,2412,3,user,3,train,0
movie:2412:4,movie,2412,4,agent,2,train,1
movie:2412:5,movie,2412,5,user,2,train,0
movie:2412:6,movie,2412,6,agent,2,train,0
movie:2412:7,movie,2412,7,user,3,train,0
movie:2413:1,movie,2413,1,user,3,train,1
movie:2413:2,movie,2413,2,agent,2,train,0
movie:2413:3,movie,2413,3,user,3,train,0
movie:2413:4,movie,2413,4,agent,3,train,1
movie:2413:5,movie,2413,5,user,3,train,0
movie:2413:6,movie,2413,6,agent,2,train,0
movie:2414:1,movie,2414,1,user,2,train,0
movie:2414:2,movie,2414,2,agent,1,train,0
movie:2414:3,movie,2414,3,user,2,train,0
movie:2414:4,movie,2414,4,agent,2,train,0
movie:2414:5,movie,2414,5,user,3,train,1
movie:2414:6,movie,2414,6,agent,2,train,0
movie:2414:7,movie,2414,7,user,3,train,0
movie:2415:1,movie,2415,1,user,3,train,1
movie:2415:2,movie,2415,2,agent,2,train,0
movie:2415:3,movie,2415,3,user,3,train,0
movie:2415:4,movie,2415,4,agent,1,train,0
movie:2415:5,movie,2415,5,user,2,train,0
movie:2415:6,movie,2415,6,agent,2,train,1
movie:2415:7,movie,2415,7,user,3,train,1
movie:2416:1,movie,2416,1,user,3,train,1
movie:2416:2,movie,2416,2,agent,1,train,1
movie:2416:3,movie,2416,3,user,0,train,1
movie:2416:4,movie,2416,4,agent,3,train,1
movie:2416:5,movie,2416,5,user,0,train,0
movie:2416:6,movie,2416,6,agent,1,train,0
movie:2416:7,movie,2416,7,user,0,train,0
movie:2416:8,movie,2416,8,agent,2,train,0
movie:2416:9,movie,2416,9,user,2,train,1
movie:2416:10,movie,2416,10,agent,2,train,0
movie:2416:11,movie,2416,11,user,3,train,0
movie:2416:12,movie,2416,12,agent,2,train,1
movie:2416:13,movie,2416,13,user,2,train,0
movie:2416:14,movie,2416,14,agent,2,train,0
movie:2416:15,movie,2416,15,user,3,train,0
movie:2417:1,movie,2417,1,user,3,train,1
movie:2417:2,movie,2417,2,agent,2,train,1
movie:2417:3,movie,2417,3,user,0,train,0
movie:2417:4,movie,2417,4,agent,1,train,1
movie:2417:5,movie,2417,5,user,0,train,0
movie:2417:6,movie,2417,6,agent,2,train,0
movie:2417:7,movie,2417,7,user,3,train,0
movie:2417:8,movie,2417,8,agent,2,train,0
movie:2417:9,movie,2417,9,user,3,train,0
movie:2418:1,movie,2418,1,user,3,train,0
movie:2418:2,movie,2418,2,agent,3,train,1
movie:2418:3,movie,2418,3,user,3,train,1
movie:2418:4,movie,2418,4,agent,3,train,0
movie:2418:5,movie,2418,5,user,2,train,1
movie:2418:6,movie,2418,6,agent,2,train,0
movie:2418:7,movie,2418,7,user,3,train,0
movie:2418:8,movie,2418,8,agent,2,train,0
movie:2418:9,movie,2418,9,user,3,train,1
movie:2419:1,movie,2419,1,user,3,train,1
movie:2419:2,movie,2419,2,agent,3,train,1
movie:2419:3,movie,2419,3,user,3,train,0
movie:2419:4,movie,2419,4,agent,1,train,1
movie:2419:5,movie,2419,5,user,2,train,0
movie:2419:6,movie,2419,6,agent,2,train,0
movie:2419:7,movie,2419,7,user,3,train,0
movie:2419:8,movie,2419,8,agent,2,train,0
movie:2419:9,movie,2419,9,user,3,train,0
movie:2420:1,movie,2420,1,user,3,train,1
movie:2420:2,movie,2420,2,agent,2,train,1
movie:2420:3,movie,2420,3,user,3,train,0
movie:2420:4,movie,2420,4,agent,2,train,1
movie:2420:5,movie,2420,5,user,2,train,1
movie:2420:6,movie,2420,6,agent,2,train,0
movie:2420:7,movie,2420,7,user,3,train,0
movie:2420:8,movie,2420,8,agent,2,train,0
movie:2420:9,movie,2420,9,user,3,train,1
movie:2420:10,movie,2420,10,agent,2,train,1
movie:2420:11,movie,2420,11,user,3,train,0
movie:2421:1,movie,2421,1,user,3,train,1
movie:2421:2,movie,2421,2,agent,2,train,0
movie:2421:3,movie,2421,3,user,0,train,0
movie:2421:4,movie,2421,4,agent,2,train,0
movie:2421:5,movie,2421,5,user,0,train,0
movie:2421:6,movie,2421,6,agent,2,train,1
movie:2421:7,movie,2421,7,user,3,train,0
movie:2422:1,movie,2422,1,user,0,train,0
movie:2422:2,movie,2422,2,agent,2,train,0
movie:2422:3,movie,2422,3,user,0,train,0
movie:2422:4,movie,2422,4,agent,1,train,0
movie:2422:5,movie,2422,5,user,0,train,0
movie:2422:6,movie,2422,6,agent,2,train,0
movie:2422:7,movie,2422,7,user,2,train,0
movie:2422:8,movie,2422,8,agent,2,train,0
movie:2423:1,movie,2423,1,user,3,train,1
movie:2423:2,movie,2423,2,agent,2,train,0
movie:2423:3,movie,2423,3,user,1,train,0
movie:2423:4,movie,2423,4,agent,2,train,0
movie:2423:5,movie,2423,5,user,3,train,1
movie:2423:6,movie,2423,6,agent,2,train,0
movie:2423:7,movie,2423,7,user,3,train,0
movie:2423:8,movie,2423,8,agent,2,train,0
movie:2424:1,movie,2424,1,user,3,train,1
movie:2424:2,movie,2424,2,agent,1,train,0
movie:2424:3,movie,2424,3,user,2,train,0
movie:2424:4,movie,2424,4,agent,2,train,0
movie:2424:5,movie,2424,5,user,2,train,1
movie:2424:6,movie,2424,6,agent,2,train,0
movie:2424:7,movie,2424,7,user,3,train,0
movie:2425:1,movie,2425,1,user,3,train,0
movie:2425:2,movie,2425,2,agent,3,train,0
movie:2425:3,movie,2425,3,user,0,train,1
movie:2425:4,movie,2425,4,agent,2,train,0
movie:2425:5,movie,2425,5,user,2,train,0
movie:2425:6,movie,2425,6,agent,2,train,1
movie:2426:1,movie,2426,1,user,2,train,1
movie:2426:2,movie,2426,2,agent,2,train,0
movie:2426:3,movie,2426,3,user,0,train,0
movie:2426:4,movie,2426,4,agent,2,train,0
movie:2426:5,movie,2426,5,user,3,train,0
movie:2427:1,movie,2427,1,user,2,train,0
movie:2427:2,movie,2427,2,agent,2,train,0
movie:2427:3,movie,2427,3,user,0,train,1
movie:2427:4,movie,2427,4,agent,2,train,0
movie:2427:5,movie,2427,5,user,3,train,1
movie:2427:6,movie,2427,6,agent,2,train,0
movie:2427:7,movie,2427,7,user,0,train,1
movie:2427:8,movie,2427,8,agent,2,train,1
movie:2427:9,movie,2427,9,user,3,train,0
movie:2428:1,movie,2428,1,user,1,validation,0
movie:2428:2,movie,2428,2,agent,2,validation,0
movie:2428:3,movie,2428,3,user,0,validation,0
movie:2428:4,movie,2428,4,agent,2,validation,1
movie:2429:1,movie,2429,1,user,2,test,0
movie:2429:2,movie,2429,2,agent,2,test,0
movie:2429:3,movie,2429,3,user,3,test,0
movie:2430:1,movie,2430,1,user,3,test,0
movie:2430:2,movie,2430,2,agent,2,test,1
movie:2430:3,movie,2430,3,user,2,test,0
movie:2430:4,movie,2430,4,agent,2,test,1
movie:2430:5,movie,2430,5,user,0,test,0
movie:2430:6,movie,2430,6,agent,2,test,1
movie:2430:7,movie,2430,7,user,3,test,0
movie:2430:8,movie,2430,8,agent,2,test,0
movie:2430:9,movie,2430,9,user,3,test,0
movie:2431:1,movie,2431,1,user,2,train,0
movie:2431:2,movie,2431,2,agent,3,train,1
movie:2431:3,movie,2431,3,user,3,train,0
movie:2431:4,movie,2431,4,agent,2,train,1
movie:2431:5,movie,2431,5,user,3,train,1
movie:2431:6,movie,2431,6,agent,2,train,0
movie:2432:1,movie,2432,1,user,1,validation,0
movie:2432:2,movie,2432,2,agent,2,validation,0
movie:2432:3,movie,2432,3,user,0,validation,0
movie:2432:4,movie,2432,4,agent,2,validation,0
movie:2433:1,movie,2433,1,user,0,train,0
movie:2433:2,movie,2433,2,agent,2,train,0
movie:2433:3,movie,2433,3,user,0,train,0
movie:2433:4,movie,2433,4,agent,2,train,0
movie:2434:1,movie,2434,1,user,3,validation,0
movie:2434:2,movie,2434,2,agent,2,validation,0
movie:2434:3,movie,2434,3,user,3,validation,1
movie:2434:4,movie,2434,4,agent,2,validation,0
movie:2434:5,movie,2434,5,user,3,validation,1
movie:2435:1,movie,2435,1,user,1,train,0
movie:2435:2,movie,2435,2,agent,2,train,1
movie:2435:3,movie,2435,3,user,2,train,0
movie:2435:4,movie,2435,4,agent,2,train,0
movie:2435:5,movie,2435,5,user,3,train,1
movie:2435:6,movie,2435,6,agent,1,train,0
movie:2435:7,movie,2435,7,user,3,train,0
movie:2435:8,movie,2435,8,agent,2,train,0
movie:2435:9,movie,2435,9,user,3,train,1
movie:2436:1,movie,2436,1,user,2,train,1
movie:2436:2,movie,2436,2,agent,2,train,0
movie:2436:3,movie,2436,3,user,2,train,1
movie:2436:4,movie,2436,4,agent,2,train,1
movie:2436:5,movie,2436,5,user,3,train,1
movie:2436:6,movie,2436,6,agent,2,train,0
movie:2436:7,movie,2436,7,user,3,train,1
movie:2437:1,movie,2437,1,user,3,validation,0
movie:2437:2,movie,2437,2,agent,2,validation,0
movie:2437:3,movie,2437,3,user,0,validation,1
movie:2437:4,movie,2437,4,agent,1,validation,1
movie:2437:5,movie,2437,5,user,2,validation,0
movie:2437:6,movie,2437,6,agent,2,validation,1
movie:2437:7,movie,2437,7,user,3,validation,0
movie:2437:8,movie,2437,8,agent,1,validation,0
movie:2437:9,movie,2437,9,user,0,validation,0
movie:2437:10,movie,2437,10,agent,2,validation,0
movie:2437:11,movie,2437,11,user,3,validation,0
movie:2438:1,movie,2438,1,user,1,train,0
movie:2438:2,movie,2438,2,agent,2,train,1
movie:2438:3,movie,2438,3,user,2,train,0
movie:2438:4,movie,2438,4,agent,1,train,0
movie:2438:5,movie,2438,5,user,3,train,0
movie:2438:6,movie,2438,6,agent,2,train,0
movie:2439:1,movie,2439,1,user,3,test,1
movie:2439:2,movie,2439,2,agent,3,test,1
movie:2439:3,movie,2439,3,user,0,test,0
movie:2439:4,movie,2439,4,agent,2,test,1
movie:2439:5,movie,2439,5,user,2,test,0
movie:2439:6,movie,2439,6,agent,2,test,0
movie:2439:7,movie,2439,7,user,3,test,1
movie:2439:8,movie,2439,8,agent,2,test,1
movie:2439:9,movie,2439,9,user,2,test,0
movie:2439:10,movie,2439,10,agent,2,test,1
movie:2439:11,movie,2439,11,agent,3,test,1
movie:2439:12,movie,2439,12,agent,3,test,0
movie:2439:13,movie,2439,13,user,3,test,1
movie:2440:1,movie,2440,1,user,3,validation,1
movie:2440:2,movie,2440,2,agent,3,validation,1
movie:2440:3,movie,2440,3,user,3,validation,0
movie:2440:4,movie,2440,4,agent,2,validation,0
movie:2440:5,movie,2440,5,user,2,validation,0
movie:2440:6,movie,2440,6,agent,2,validation,0
movie:2440:7,movie,2440,7,user,3,validation,1
movie:2440:8,movie,2440,8,agent,2,validation,0
movie:2440:9,movie,2440,9,user,3,validation,1
movie:2441:1,movie,2441,1,user,3,train,0
movie:2441:2,movie,2441,2,agent,2,train,0
movie:2441:3,movie,2441,3,user,2,train,0
movie:2441:4,movie,2441,4,agent,2,train,1
movie:2441:5,movie,2441,5,user,3,train,1
movie:2442:1,movie,2442,1,user,3,test,0
movie:2442:2,movie,2442,2,agent,2,test,0
movie:2442:3,movie,2442,3,user,2,test,0
movie:2442:4,movie,2442,4,agent,2,test,0
movie:2443:1,movie,2443,1,user,3,train,1
movie:2443:2,movie,2443,2,agent,2,train,0
movie:2443:3,movie,2443,3,user,2,train,0
movie:2443:4,movie,2443,4,agent,2,train,0
movie:2444:1,movie,2444,1,user,0,test,0
movie:2445:1,movie,2445,1,user,3,train,0
movie:2445:2,movie,2445,2,agent,3,train,0
movie:2446:1,movie,2446,1,user,3,train,1
movie:2446:2,movie,2446,2,agent,3,train,1
movie:2446:3,movie,2446,3,user,2,train,0
movie:2446:4,movie,2446,4,agent,2,train,0
movie:2446:5,movie,2446,5,user,3,train,1
movie:2446:6,movie,2446,6,agent,3,train,0
movie:2446:7,movie,2446,7,user,3,train,0
movie:2447:1,movie,2447,1,user,1,train,0
movie:2447:2,movie,2447,2,agent,2,train,0
movie:2447:3,movie,2447,3,user,0,train,1
movie:2447:4,movie,2447,4,agent,2,train,0
movie:2447:5,movie,2447,5,user,2,train,1
movie:2447:6,movie,2447,6,agent,1,train,0
movie:2447:7,movie,2447,7,user,0,train,0
movie:2447:8,movie,2447,8,agent,2,train,0
movie:2447:9,movie,2447,9,user,3,train,0
movie:2448:1,movie,2448,1,user,2,validation,0
movie:2448:2,movie,2448,2,agent,2,validation,0
movie:2448:3,movie,2448,3,user,3,validation,1
movie:2448:4,movie,2448,4,agent,2,validation,1
movie:2449:1,movie,2449,1,user,2,train,0
movie:2449:2,movie,2449,2,agent,2,train,1
movie:2449:3,movie,2449,3,user,0,train,1
movie:2450:1,movie,2450,1,user,0,test,0
movie:2450:2,movie,2450,2,agent,1,test,0
movie:2450:3,movie,2450,3,user,2,test,1
movie:2450:4,movie,2450,4,agent,2,test,0
movie:2450:5,movie,2450,5,user,3,test,0
movie:2450:6,movie,2450,6,agent,3,test,1
movie:2450:7,movie,2450,7,agent,1,test,1
movie:2450:8,movie,2450,8,agent,2,test,0
movie:2450:9,movie,2450,9,user,3,test,1
movie:2450:10,movie,2450,10,agent,0,test,0
movie:2450:11,movie,2450,11,user,3,test,0
movie:2450:12,movie,2450,12,agent,2,test,1
movie:2450:13,movie,2450,13,user,3,test,0
movie:2450:14,movie,2450,14,agent,2,test,0
movie:2451:1,movie,2451,1,user,3,train,1
movie:2451:2,movie,2451,2,agent,2,train,0
movie:2451:3,movie,2451,3,user,0,train,0
movie:2451:4,movie,2451,4,agent,2,train,1
movie:2451:5,movie,2451,5,user,2,train,0
movie:2451:6,movie,2451,6,agent,2,train,0
movie:2451:7,movie,2451,7,user,0,train,0
movie:2451:8,movie,2451,8,agent,2,train,1
movie:2452:1,movie,2452,1,user,2,train,0
movie:2452:2,movie,2452,2,agent,2,train,0
movie:2452:3,movie,2452,3,user,2,train,0
movie:2452:4,movie,2452,4,agent,2,train,0
movie:2453:1,movie,2453,1,user,0,train,1
movie:2453:2,movie,2453,2,agent,1,train,0
movie:2453:3,movie,2453,3,user,1,train,0
movie:2453:4,movie,2453,4,agent,2,train,0
movie:2453:5,movie,2453,5,user,3,train,1
movie:2453:6,movie,2453,6,agent,2,train,0
movie:2454:1,movie,2454,1,user,1,train,0
movie:2454:2,movie,2454,2,agent,2,train,0
movie:2454:3,movie,2454,3,user,3,train,0
movie:2454:4,movie,2454,4,agent,2,train,0
movie:2454:5,movie,2454,5,user,3,train,0
movie:2454:6,movie,2454,6,agent,2,train,0
movie:2454:7,movie,2454,7,user,3,train,1
movie:2455:1,movie,2455,1,user,1,train,0
movie:2455:2,movie,2455,2,agent,2,train,0
movie:2455:3,movie,2455,3,user,3,train,1
movie:2455:4,movie,2455,4,agent,2,train,0
movie:2455:5,movie,2455,5,user,3,train,0
movie:2456:1,movie,2456,1,user,2,test,0
movie:2456:2,movie,2456,2,agent,2,test,0
movie:2456:3,movie,2456,3,user,3,test,0
movie:2456:4,movie,2456,4,agent,2,test,1
movie:2456:5,movie,2456,5,user,3,test,0
movie:2457:1,movie,2457,1,user,3,test,1
movie:2457:2,movie,2457,2,agent,0,test,1
movie:2457:3,movie,2457,3,user,3,test,1
movie:2457:4,movie,2457,4,agent,2,test,0
movie:2457:5,movie,2457,5,user,2,test,0
movie:2457:6,movie,2457,6,agent,2,test,1
movie:2457:7,movie,2457,7,user,3,test,1
movie:2457:8,movie,2457,8,agent,2,test,0
movie:2457:9,movie,2457,9,user,3,test,1
movie:2458:1,movie,2458,1,user,3,test,0
movie:2458:2,movie,2458,2,agent,2,test,0
movie:2458:3,movie,2458,3,user,0,test,1
movie:2458:4,movie,2458,4,agent,2,test,1
movie:2459:1,movie,2459,1,user,3,train,1
movie:2459:2,movie,2459,2,agent,1,train,0
movie:2459:3,movie,2459,3,user,2,train,0
movie:2459:4,movie,2459,4,agent,2,train,1
movie:2459:5,movie,2459,5,user,2,train,0
movie:2459:6,movie,2459,6,agent,2,train,0
movie:2459:7,movie,2459,7,user,3,train,0
movie:2460:1,movie,2460,1,user,2,validation,0
movie:2460:2,movie,2460,2,agent,2,validation,1
movie:2460:3,movie,2460,3,user,3,validation,0
movie:2460:4,movie,2460,4,agent,1,validation,0
movie:2460:5,movie,2460,5,user,0,validation,0
movie:2460:6,movie,2460,6,agent,2,validation,0
movie:2461:1,movie,2461,1,user,3,train,0
movie:2461:2,movie,2461,2,agent,1,train,0
movie:2461:3,movie,2461,3,user,2,train,0
movie:2461:4,movie,2461,4,agent,2,train,0
movie:2462:1,movie,2462,1,user,2,validation,1
movie:2462:2,movie,2462,2,agent,1,validation,0
movie:2462:3,movie,2462,3,user,2,validation,0
movie:2462:4,movie,2462,4,agent,2,validation,1
movie:2462:5,movie,2462,5,user,2,validation,0
movie:2462:6,movie,2462,6,agent,2,validation,0
movie:2462:7,movie,2462,7,user,2,validation,0
movie:2462:8,movie,2462,8,agent,2,validation,0
movie:2463:1,movie,2463,1,user,2,train,0
movie:2463:2,movie,2463,2,agent,2,train,1
movie:2463:3,movie,2463,3,user,3,train,0
movie:2463:4,movie,2463,4,agent,2,train,0
movie:2463:5,movie,2463,5,user,2,train,1
movie:2463:6,movie,2463,6,agent,2,train,0
movie:2464:1,movie,2464,1,user,3,train,1
movie:2464:2,movie,2464,2,agent,3,train,0
movie:2464:3,movie,2464,3,user,0,train,1
movie:2464:4,movie,2464,4,agent,2,train,1
movie:2464:5,movie,2464,5,user,3,train,1
movie:2464:6,movie,2464,6,agent,2,train,0
movie:2464:7,movie,2464,7,user,3,train,1
movie:2465:1,movie,2465,1,user,3,train,0
movie:2465:2,movie,2465,2,agent,2,train,1
movie:2465:3,movie,2465,3,user,2,train,0
movie:2465:4,movie,2465,4,agent,2,train,0
movie:2465:5,movie,2465,5,user,3,train,1
movie:2466:1,movie,2466,1,user,1,train,0
movie:2466:2,movie,2466,2,agent,2,train,0
movie:2466:3,movie,2466,3,agent,2,train,1
movie:2466:4,movie,2466,4,user,0,train,0
movie:2466:5,movie,2466,5,agent,3,train,0
movie:2466:6,movie,2466,6,user,0,train,1
movie:2466:7,movie,2466,7,agent,2,train,0
movie:2466:8,movie,2466,8,user,0,train,0
movie:2466:9,movie,2466,9,agent,2,train,0
movie:2466:10,movie,2466,10,agent,2,train,1
movie:2467:1,movie,2467,1,user,1,train,0
movie:2467:2,movie,2467,2,agent,2,train,0
movie:2467:3,movie,2467,3,user,3,train,0
movie:2467:4,movie,2467,4,agent,0,train,0
movie:2467:5,movie,2467,5,user,0,train,0
movie:2467:6,movie,2467,6,agent,1,train,0
movie:2467:7,movie,2467,7,user,0,train,0
movie:2467:8,movie,2467,8,agent,2,train,1
movie:2467:9,movie,2467,9,user,3,train,0
movie:2467:10,movie,2467,10,agent,2,train,0
movie:2467:11,movie,2467,11,user,2,train,0
movie:2467:12,movie,2467,12,agent,2,train,0
movie:2468:1,movie,2468,1,user,3,validation,1
movie:2468:2,movie,2468,2,agent,1,validation,0
movie:2468:3,movie,2468,3,user,1,validation,0
movie:2468:4,movie,2468,4,agent,1,validation,1
movie:2468:5,movie,2468,5,user,2,validation,0
movie:2468:6,movie,2468,6,agent,2,validation,0
movie:2468:7,movie,2468,7,user,3,validation,1
movie:2469:1,movie,2469,1,user,1,test,0
movie:2469:2,movie,2469,2,agent,2,test,1
movie:2469:3,movie,2469,3,user,1,test,0
movie:2469:4,movie,2469,4,agent,0,test,1
movie:2469:5,movie,2469,5,user,0,test,0
movie:2469:6,movie,2469,6,agent,0,test,0
movie:2469:7,movie,2469,7,agent,1,test,0
movie:2469:8,movie,2469,8,user,0,test,1
movie:2469:9,movie,2469,9,agent,2,test,0
movie:2469:10,movie,2469,10,user,2,test,0
movie:2469:11,movie,2469,11,agent,1,test,0
movie:2469:12,movie,2469,12,user,0,test,0
movie:2469:13,movie,2469,13,agent,2,test,0
movie:2469:14,movie,2469,14,user,3,test,0
movie:2470:1,movie,2470,1,user,3,test,1
movie:2470:2,movie,2470,2,agent,2,test,1
movie:2470:3,movie,2470,3,user,3,test,1
movie:2470:4,movie,2470,4,agent,2,test,0
movie:2470:5,movie,2470,5,user,3,test,0
movie:2470:6,movie,2470,6,agent,2,test,0
movie:2470:7,movie,2470,7,user,3,test,1
movie:2471:1,movie,2471,1,user,3,test,1
movie:2471:2,movie,2471,2,agent,3,test,1
movie:2471:3,movie,2471,3,user,3,test,1
movie:2471:4,movie,2471,4,agent,2,test,0
movie:2471:5,movie,2471,5,user,0,test,1
movie:2471:6,movie,2471,6,agent,1,test,0
movie:2471:7,movie,2471,7,user,0,test,0
movie:2471:8,movie,2471,8,agent,2,test,1
movie:2471:9,movie,2471,9,user,3,test,0
movie:2471:10,movie,2471,10,agent,2,test,0
movie:2471:11,movie,2471,11,user,3,test,1
movie:2472:1,movie,2472,1,user,2,test,0
movie:2472:2,movie,2472,2,agent,2,test,0
movie:2472:3,movie,2472,3,user,3,test,1
movie:2472:4,movie,2472,4,agent,2,test,1
movie:2472:5,movie,2472,5,user,3,test,1
movie:2473:1,movie,2473,1,user,2,train,0
movie:2473:2,movie,2473,2,agent,2,train,1
movie:2473:3,movie,2473,3,user,2,train,0
movie:2473:4,movie,2473,4,agent,2,train,1
movie:2473:5,movie,2473,5,user,3,train,1
movie:2473:6,movie,2473,6,agent,2,train,0
movie:2473:7,movie,2473,7,user,3,train,0
movie:2474:1,movie,2474,1,user,3,test,1
movie:2474:2,movie,2474,2,agent,1,test,0
movie:2474:3,movie,2474,3,user,2,test,0
movie:2474:4,movie,2474,4,agent,2,test,0
movie:2474:5,movie,2474,5,user,3,test,1
movie:2474:6,movie,2474,6,agent,2,test,0
movie:2474:7,movie,2474,7,user,3,test,1
movie:2475:1,movie,2475,1,user,1,train,0
movie:2475:2,movie,2475,2,agent,2,train,1
movie:2475:3,movie,2475,3,user,3,train,1
movie:2475:4,movie,2475,4,agent,1,train,1
movie:2475:5,movie,2475,5,user,0,train,0
movie:2475:6,movie,2475,6,agent,2,train,0
movie:2476:1,movie,2476,1,user,1,test,0
movie:2476:2,movie,2476,2,agent,2,test,0
movie:2476:3,movie,2476,3,user,3,test,0
movie:2476:4,movie,2476,4,agent,2,test,0
movie:2477:1,movie,2477,1,user,2,train,1
movie:2477:2,movie,2477,2,agent,2,train,1
movie:2477:3,movie,2477,3,user,3,train,1
movie:2477:4,movie,2477,4,agent,2,train,1
movie:2478:1,movie,2478,1,user,3,test,1
movie:2478:2,movie,2478,2,agent,3,test,0
movie:2478:3,movie,2478,3,user,3,test,1
movie:2478:4,movie,2478,4,agent,1,test,1
movie:2478:5,movie,2478,5,user,0,test,0
movie:2478:6,movie,2478,6,agent,2,test,1
movie:2478:7,movie,2478,7,user,2,test,1
movie:2478:8,movie,2478,8,agent,2,test,0
movie:2478:9,movie,2478,9,user,3,test,1
movie:2479:1,movie,2479,1,user,1,validation,0
movie:2479:2,movie,2479,2,agent,2,validation,0
movie:2479:3,movie,2479,3,user,3,validation,1
movie:2479:4,movie,2479,4,agent,2,validation,0
movie:2479:5,movie,2479,5,user,3,validation,0
movie:2480:1,movie,2480,1,user,1,train,1
movie:2480:2,movie,2480,2,agent,2,train,0
movie:2480:3,movie,2480,3,user,3,train,0
movie:2480:4,movie,2480,4,agent,2,train,0
movie:2481:1,movie,2481,1,user,1,train,0
movie:2481:2,movie,2481,2,agent,2,train,0
movie:2481:3,movie,2481,3,user,3,train,1
movie:2481:4,movie,2481,4,agent,2,train,0
movie:2482:1,movie,2482,1,user,1,train,0
movie:2482:2,movie,2482,2,agent,1,train,0
movie:2482:3,movie,2482,3,user,3,train,1
movie:2482:4,movie,2482,4,agent,2,train,0
movie:2482:5,movie,2482,5,user,3,train,0
movie:2483:1,movie,2483,1,user,3,train,1
movie:2483:2,movie,2483,2,agent,0,train,0
movie:2483:3,movie,2483,3,agent,2,train,0
movie:2483:4,movie,2483,4,user,0,train,0
movie:2483:5,movie,2483,5,agent,0,train,1
movie:2483:6,movie,2483,6,user,0,train,1
movie:2483:7,movie,2483,7,agent,1,train,0
movie:2483:8,movie,2483,8,user,0,train,0
movie:2483:9,movie,2483,9,agent,2,train,0
movie:2483:10,movie,2483,10,user,3,train,0
movie:2484:1,movie,2484,1,user,2,train,0
movie:2484:2,movie,2484,2,agent,0,train,1
movie:2484:3,movie,2484,3,user,1,train,0
movie:2484:4,movie,2484,4,agent,1,train,1
movie:2484:5,movie,2484,5,user,1,train,1
movie:2484:6,movie,2484,6,agent,1,train,1
movie:2484:7,movie,2484,7,user,0,train,0
movie:2484:8,movie,2484,8,agent,0,train,1
movie:2484:9,movie,2484,9,agent,0,train,1
movie:2484:10,movie,2484,10,user,3,train,0
movie:2484:11,movie,2484,11,agent,2,train,0
movie:2485:1,movie,2485,1,user,2,train,0
movie:2485:2,movie,2485,2,agent,2,train,0
movie:2485:3,movie,2485,3,user,3,train,0
movie:2485:4,movie,2485,4,agent,2,train,1
movie:2486:1,movie,2486,1,user,1,train,0
movie:2486:2,movie,2486,2,agent,2,train,0
movie:2486:3,movie,2486,3,user,2,train,0
movie:2486:4,movie,2486,4,agent,2,train,1
movie:2487:1,movie,2487,1,user,1,train,0
movie:2487:2,movie,2487,2,agent,1,train,1
movie:2487:3,movie,2487,3,agent,1,train,1
movie:2487:4,movie,2487,4,user,3,train,1
movie:2487:5,movie,2487,5,agent,1,train,0
movie:2488:1,movie,2488,1,user,2,test,0
movie:2488:2,movie,2488,2,agent,1,test,0
movie:2488:3,movie,2488,3,user,0,test,1
movie:2488:4,movie,2488,4,agent,0,test,0
movie:2488:5,movie,2488,5,agent,2,test,0
movie:2488:6,movie,2488,6,user,3,test,1
movie:2488:7,movie,2488,7,agent,1,test,0
movie:2488:8,movie,2488,8,user,2,test,0
movie:2488:9,movie,2488,9,agent,2,test,1
movie:2488:10,movie,2488,10,user,3,test,1
movie:2489:1,movie,2489,1,user,1,train,0
movie:2489:2,movie,2489,2,agent,2,train,0
movie:2489:3,movie,2489,3,user,2,train,0
movie:2489:4,movie,2489,4,agent,2,train,0
movie:2490:1,movie,2490,1,user,1,train,1
movie:2490:2,movie,2490,2,agent,2,train,1
movie:2490:3,movie,2490,3,user,3,train,1
movie:2490:4,movie,2490,4,agent,2,train,0
movie:2491:1,movie,2491,1,user,3,train,0
movie:2491:2,movie,2491,2,agent,2,train,0
movie:2491:3,movie,2491,3,user,0,train,0
movie:2491:4,movie,2491,4,agent,1,train,0
movie:2491:5,movie,2491,5,user,0,train,1
movie:2491:6,movie,2491,6,agent,0,train,1
movie:2491:7,movie,2491,7,user,0,train,0
movie:2491:8,movie,2491,8,agent,2,train,1
movie:2491:9,movie,2491,9,user,3,train,0
movie:2491:10,movie,2491,10,agent,2,train,0
movie:2492:1,movie,2492,1,user,3,train,0
movie:2492:2,movie,2492,2,agent,0,train,0
movie:2492:3,movie,2492,3,user,1,train,0
movie:2492:4,movie,2492,4,agent,2,train,0
movie:2492:5,movie,2492,5,user,0,train,1
movie:2492:6,movie,2492,6,agent,1,train,0
movie:2492:7,movie,2492,7,user,3,train,1
movie:2492:8,movie,2492,8,agent,2,train,0
movie:2493:1,movie,2493,1,user,2,test,0
movie:2493:2,movie,2493,2,agent,2,test,1
movie:2493:3,movie,2493,3,user,3,test,1
movie:2493:4,movie,2493,4,agent,2,test,0
movie:2493:5,movie,2493,5,user,3,test,1
movie:2494:1,movie,2494,1,user,3,test,0
movie:2494:2,movie,2494,2,agent,0,test,0
movie:2494:3,movie,2494,3,user,0,test,0
movie:2494:4,movie,2494,4,agent,1,test,0
movie:2494:5,movie,2494,5,user,2,test,0
movie:2494:6,movie,2494,6,agent,1,test,0
movie:2494:7,movie,2494,7,user,3,test,0
movie:2494:8,movie,2494,8,agent,2,test,0
movie:2494:9,movie,2494,9,user,3,test,1
movie:2495:1,movie,2495,1,user,3,train,0
movie:2495:2,movie,2495,2,agent,0,train,0
movie:2495:3,movie,2495,3,user,0,train,0
movie:2495:4,movie,2495,4,agent,1,train,0
movie:2495:5,movie,2495,5,user,2,train,0
movie:2495:6,movie,2495,6,agent,2,train,0
movie:2495:7,movie,2495,7,user,3,train,0
movie:2496:1,movie,2496,1,user,3,train,1
movie:2496:2,movie,2496,2,agent,1,train,0
movie:2496:3,movie,2496,3,user,3,train,1
movie:2496:4,movie,2496,4,agent,1,train,0
movie:2496:5,movie,2496,5,user,2,train,0
movie:2496:6,movie,2496,6,agent,2,train,1
movie:2496:7,movie,2496,7,user,3,train,1
movie:2497:1,movie,2497,1,user,1,train,0
movie:2497:2,movie,2497,2,agent,2,train,0
movie:2497:3,movie,2497,3,user,2,train,0
movie:2497:4,movie,2497,4,agent,2,train,0
movie:2497:5,movie,2497,5,user,2,train,0
movie:2497:6,movie,2497,6,agent,2,train,0
movie:2497:7,movie,2497,7,user,3,train,0
movie:2498:1,movie,2498,1,user,3,train,1
movie:2498:2,movie,2498,2,agent,3,train,0
movie:2498:3,movie,2498,3,user,0,train,0
movie:2498:4,movie,2498,4,agent,2,train,0
movie:2498:5,movie,2498,5,user,3,train,1
movie:2498:6,movie,2498,6,agent,2,train,1
movie:2498:7,movie,2498,7,user,3,train,1
movie:2499:1,movie,2499,1,user,1,train,1
movie:2499:2,movie,2499,2,agent,0,train,0
movie:2499:3,movie,2499,3,user,1,train,0
movie:2499:4,movie,2499,4,agent,1,train,0
movie:2499:5,movie,2499,5,user,0,train,0
movie:2499:6,movie,2499,6,agent,1,train,0
movie:2499:7,movie,2499,7,user,3,train,1
movie:2499:8,movie,2499,8,agent,2,train,1
movie:2500:1,movie,2500,1,user,3,train,1
movie:2500:2,movie,2500,2,agent,3,train,0
movie:2500:3,movie,2500,3,user,2,train,0
movie:2500:4,movie,2500,4,agent,2,train,1
movie:2500:5,movie,2500,5,user,3,train,0
movie:2500:6,movie,2500,6,agent,2,train,0
movie:2500:7,movie,2500,7,user,3,train,0
movie:2501:1,movie,2501,1,user,2,train,1
movie:2501:2,movie,2501,2,agent,1,train,0
movie:2501:3,movie,2501,3,user,0,train,0
movie:2501:4,movie,2501,4,agent,2,train,0
movie:2501:5,movie,2501,5,user,2,train,0
movie:2501:6,movie,2501,6,agent,2,train,0
movie:2501:7,movie,2501,7,user,2,train,1
movie:2501:8,movie,2501,8,agent,2,train,0
movie:2502:1,movie,2502,1,user,1,validation,1
movie:2502:2,movie,2502,2,agent,2,validation,1
movie:2502:3,movie,2502,3,user,3,validation,1
movie:2502:4,movie,2502,4,agent,2,validation,1
movie:2502:5,movie,2502,5,user,2,validation,0
movie:2502:6,movie,2502,6,agent,1,validation,1
movie:2503:1,movie,2503,1,user,3,train,1
movie:2503:2,movie,2503,2,agent,2,train,1
movie:2503:3,movie,2503,3,user,3,train,1
movie:2503:4,movie,2503,4,agent,1,train,0
movie:2503:5,movie,2503,5,user,3,train,1
movie:2503:6,movie,2503,6,agent,2,train,0
movie:2503:7,movie,2503,7,user,3,train,0
movie:2504:1,movie,2504,1,user,3,test,1
movie:2504:2,movie,2504,2,agent,1,test,1
movie:2504:3,movie,2504,3,agent,0,test,0
movie:2504:4,movie,2504,4,user,0,test,1
movie:2504:5,movie,2504,5,agent,0,test,0
movie:2504:6,movie,2504,6,user,0,test,0
movie:2504:7,movie,2504,7,agent,1,test,0
movie:2504:8,movie,2504,8,user,3,test,1
movie:2504:9,movie,2504,9,agent,2,test,1
movie:2504:10,movie,2504,10,user,3,test,0
movie:2505:1,movie,2505,1,user,2,train,0
movie:2505:2,movie,2505,2,agent,2,train,0
movie:2505:3,movie,2505,3,user,2,train,0
movie:2505:4,movie,2505,4,agent,1,train,0
movie:2505:5,movie,2505,5,user,2,train,0
movie:2505:6,movie,2505,6,agent,2,train,0
movie:2505:7,movie,2505,7,user,3,train,1
movie:2506:1,movie,2506,1,user,1,test,0
movie:2506:2,movie,2506,2,agent,1,test,0
movie:2506:3,movie,2506,3,user,3,test,0
movie:2506:4,movie,2506,4,agent,2,test,1
movie:2506:5,movie,2506,5,user,3,test,0
movie:2507:1,movie,2507,1,user,1,train,0
movie:2507:2,movie,2507,2,agent,2,train,0
movie:2507:3,movie,2507,3,user,3,train,0
movie:2507:4,movie,2507,4,agent,1,train,0
movie:2507:5,movie,2507,5,user,2,train,0
movie:2507:6,movie,2507,6,agent,2,train,0
movie:2507:7,movie,2507,7,user,3,train,1
movie:2508:1,movie,2508,1,user,3,train,0
movie:2508:2,movie,2508,2,agent,2,train,1
movie:2508:3,movie,2508,3,user,3,train,0
movie:2508:4,movie,2508,4,agent,1,train,0
movie:2508:5,movie,2508,5,user,2,train,0
movie:2508:6,movie,2508,6,agent,2,train,0
movie:2508:7,movie,2508,7,user,3,train,0
movie:2509:1,movie,2509,1,user,3,train,1
movie:2509:2,movie,2509,2,agent,2,train,0
movie:2509:3,movie,2509,3,user,0,train,1
movie:2509:4,movie,2509,4,agent,0,train,0
movie:2509:5,movie,2509,5,user,2,train,0
movie:2509:6,movie,2509,6,agent,2,train,0
movie:2509:7,movie,2509,7,user,2,train,0
movie:2509:8,movie,2509,8,agent,2,train,1
movie:2509:9,movie,2509,9,user,3,train,0
movie:2510:1,movie,2510,1,user,1,train,0
movie:2510:2,movie,2510,2,agent,2,train,0
movie:2510:3,movie,2510,3,user,3,train,0
movie:2510:4,movie,2510,4,agent,3,train,1
movie:2510:5,movie,2510,5,user,2,train,0
movie:2510:6,movie,2510,6,agent,2,train,0
movie:2510:7,movie,2510,7,user,3,train,1
movie:2510:8,movie,2510,8,agent,2,train,0
movie:2511:1,movie,2511,1,user,2,train,0
movie:2511:2,movie,2511,2,agent,1,train,0
movie:2511:3,movie,2511,3,user,0,train,1
movie:2511:4,movie,2511,4,agent,2,train,1
movie:2511:5,movie,2511,5,user,0,train,0
movie:2511:6,movie,2511,6,agent,2,train,1
movie:2511:7,movie,2511,7,user,2,train,1
movie:2511:8,movie,2511,8,agent,2,train,0
movie:2511:9,movie,2511,9,user,2,train,0
movie:2511:10,movie,2511,10,agent,2,train,1
movie:2511:11,movie,2511,11,user,2,train,0
movie:2511:12,movie,2511,12,agent,2,train,1
movie:2512:1,movie,2512,1,user,3,train,1
movie:2512:2,movie,2512,2,agent,1,train,0
movie:2512:3,movie,2512,3,user,2,train,1
movie:2512:4,movie,2512,4,agent,2,train,0
movie:2512:5,movie,2512,5,user,0,train,0
movie:2512:6,movie,2512,6,agent,1,train,0
movie:2512:7,movie,2512,7,user,2,train,1
movie:2512:8,movie,2512,8,agent,2,train,0
movie:2512:9,movie,2512,9,user,0,train,0
movie:2512:10,movie,2512,10,agent,2,train,0
movie:2512:11,movie,2512,11,user,3,train,0
movie:2512:12,movie,2512,12,user,3,train,0
movie:2513:1,movie,2513,1,user,3,test,0
movie:2513:2,movie,2513,2,agent,2,test,0
movie:2513:3,movie,2513,3,user,0,test,0
movie:2513:4,movie,2513,4,agent,1,test,0
movie:2513:5,movie,2513,5,user,0,test,1
movie:2513:6,movie,2513,6,agent,2,test,0
movie:2513:7,movie,2513,7,user,3,test,0
movie:2513:8,movie,2513,8,agent,2,test,1
movie:2513:9,movie,2513,9,user,3,test,1
movie:2514:1,movie,2514,1,user,2,train,0
movie:2514:2,movie,2514,2,agent,2,train,0
movie:2514:3,movie,2514,3,user,0,train,0
movie:2514:4,movie,2514,4,agent,2,train,0
movie:2515:1,movie,2515,1,user,3,train,1
movie:2515:2,movie,2515,2,agent,2,train,1
movie:2515:3,movie,2515,3,user,0,train,0
movie:2515:4,movie,2515,4,agent,2,train,0
movie:2515:5,movie,2515,5,user,0,train,0
movie:2515:6,movie,2515,6,agent,1,train,0
movie:2515:7,movie,2515,7,user,0,train,0
movie:2515:8,movie,2515,8,agent,2,train,1
movie:2515:9,movie,2515,9,user,3,train,0
movie:2516:1,movie,2516,1,user,1,train,0
movie:2516:2,movie,2516,2,agent,2,train,0
movie:2516:3,movie,2516,3,user,2,train,0
movie:2516:4,movie,2516,4,agent,1,train,0
movie:2516:5,movie,2516,5,user,0,train,0
movie:2516:6,movie,2516,6,agent,2,train,1
movie:2516:7,movie,2516,7,user,3,train,0
movie:2517:1,movie,2517,1,user,2,train,0
movie:2517:2,movie,2517,2,agent,2,train,0
movie:2517:3,movie,2517,3,user,0,train,1
movie:2517:4,movie,2517,4,agent,2,train,0
movie:2518:1,movie,2518,1,user,1,validation,0
movie:2518:2,movie,2518,2,agent,2,validation,0
movie:2518:3,movie,2518,3,user,0,validation,0
movie:2518:4,movie,2518,4,agent,2,validation,1
movie:2518:5,movie,2518,5,user,2,validation,0
movie:2518:6,movie,2518,6,agent,2,validation,0
movie:2518:7,movie,2518,7,user,0,validation,0
movie:2518:8,movie,2518,8,agent,2,validation,0
movie:2518:9,movie,2518,9,user,0,validation,0
movie:2518:10,movie,2518,10,agent,1,validation,0
movie:2518:11,movie,2518,11,user,0,validation,1
movie:2518:12,movie,2518,12,agent,2,validation,1
movie:2518:13,movie,2518,13,user,3,validation,1
movie:2519:1,movie,2519,1,user,2,train,0
movie:2519:2,movie,2519,2,agent,2,train,1
movie:2519:3,movie,2519,3,user,0,train,0
movie:2519:4,movie,2519,4,agent,2,train,0
movie:2519:5,movie,2519,5,user,3,train,0
movie:2519:6,movie,2519,6,agent,3,train,0
movie:2520:1,movie,2520,1,user,2,test,1
movie:2520:2,movie,2520,2,agent,2,test,1
movie:2520:3,movie,2520,3,user,0,test,0
movie:2520:4,movie,2520,4,agent,1,test,1
movie:2520:5,movie,2520,5,user,0,test,0
movie:2520:6,movie,2520,6,agent,1,test,1
movie:2520:7,movie,2520,7,user,0,test,0
movie:2520:8,movie,2520,8,agent,2,test,0
movie:2520:9,movie,2520,9,user,0,test,1
movie:2520:10,movie,2520,10,agent,2,test,0
movie:2521:1,movie,2521,1,user,1,train,0
movie:2521:2,movie,2521,2,agent,2,train,0
movie:2521:3,movie,2521,3,user,2,train,0
movie:2521:4,movie,2521,4,agent,2,train,0
movie:2521:5,movie,2521,5,user,3,train,0
movie:2522:1,movie,2522,1,user,1,train,0
movie:2522:2,movie,2522,2,agent,0,train,0
movie:2522:3,movie,2522,3,user,0,train,1
movie:2522:4,movie,2522,4,agent,2,train,0
movie:2522:5,movie,2522,5,user,2,train,0
movie:2522:6,movie,2522,6,agent,2,train,0
movie:2523:1,movie,2523,1,user,3,train,0
movie:2523:2,movie,2523,2,agent,2,train,0
movie:2523:3,movie,2523,3,user,3,train,1
movie:2523:4,movie,2523,4,agent,2,train,0
movie:2523:5,movie,2523,5,user,0,train,0
movie:2523:6,movie,2523,6,agent,2,train,0
movie:2523:7,movie,2523,7,user,0,train,1
movie:2523:8,movie,2523,8,agent,2,train,0
movie:2523:9,movie,2523,9,user,3,train,0
movie:2523:10,movie,2523,10,agent,1,train,0
movie:2523:11,movie,2523,11,user,0,train,1
movie:2523:12,movie,2523,12,agent,2,train,0
movie:2523:13,movie,2523,13,user,3,train,1
movie:2524:1,movie,2524,1,user,0,train,0
movie:2524:2,movie,2524,2,agent,2,train,0
movie:2524:3,movie,2524,3,user,3,train,1
movie:2524:4,movie,2524,4,agent,2,train,0
movie:2524:5,movie,2524,5,user,3,train,0
movie:2524:6,movie,2524,6,agent,2,train,1
movie:2524:7,movie,2524,7,user,0,train,0
movie:2524:8,movie,2524,8,agent,2,train,1
movie:2525:1,movie,2525,1,user,1,train,0
movie:2525:2,movie,2525,2,agent,0,train,0
movie:2525:3,movie,2525,3,user,0,train,1
movie:2525:4,movie,2525,4,agent,2,train,0
movie:2525:5,movie,2525,5,user,3,train,1
movie:2525:6,movie,2525,6,agent,2,train,1
movie:2526:1,movie,2526,1,user,3,train,1
movie:2526:2,movie,2526,2,agent,2,train,0
movie:2526:3,movie,2526,3,user,0,train,0
movie:2526:4,movie,2526,4,agent,2,train,0
movie:2526:5,movie,2526,5,user,0,train,0
movie:2526:6,movie,2526,6,agent,2,train,1
movie:2526:7,movie,2526,7,user,2,train,0
movie:2526:8,movie,2526,8,agent,2,train,0
movie:2526:9,movie,2526,9,user,3,train,1
movie:2527:1,movie,2527,1,user,1,validation,0
movie:2527:2,movie,2527,2,agent,0,validation,0
movie:2527:3,movie,2527,3,user,0,validation,1
movie:2527:4,movie,2527,4,agent,2,validation,1
movie:2527:5,movie,2527,5,user,2,validation,0
movie:2527:6,movie,2527,6,agent,2,validation,1
movie:2528:1,movie,2528,1,user,3,validation,0
movie:2528:2,movie,2528,2,agent,1,validation,0
movie:2528:3,movie,2528,3,user,2,validation,0
movie:2528:4,movie,2528,4,agent,2,validation,0
movie:2529:1,movie,2529,1,user,3,train,1
movie:2529:2,movie,2529,2,agent,2,train,0
movie:2529:3,movie,2529,3,user,2,train,0
movie:2529:4,movie,2529,4,agent,2,train,0
movie:2530:1,movie,2530,1,user,3,test,0
movie:2530:2,movie,2530,2,agent,2,test,0
movie:2530:3,movie,2530,3,user,3,test,0
movie:2530:4,movie,2530,4,agent,2,test,0
movie:2530:5,movie,2530,5,user,2,test,0
movie:2530:6,movie,2530,6,agent,2,test,0
movie:2531:1,movie,2531,1,user,3,train,1
movie:2531:2,movie,2531,2,agent,2,train,1
movie:2531:3,movie,2531,3,user,2,train,0
movie:2531:4,movie,2531,4,agent,2,train,0
movie:2531:5,movie,2531,5,user,3,train,1
movie:2532:1,movie,2532,1,user,3,train,1
movie:2532:2,movie,2532,2,agent,2,train,0
movie:2532:3,movie,2532,3,user,3,train,0
movie:2532:4,movie,2532,4,agent,2,train,0
movie:2532:5,movie,2532,5,user,2,train,0
movie:2532:6,movie,2532,6,agent,2,train,1
movie:2532:7,movie,2532,7,user,3,train,0
movie:2532:8,movie,2532,8,agent,3,train,1
movie:2533:1,movie,2533,1,user,1,train,0
movie:2533:2,movie,2533,2,agent,2,train,0
movie:2533:3,movie,2533,3,user,2,train,1
movie:2533:4,movie,2533,4,agent,2,train,0
movie:2534:1,movie,2534,1,user,3,train,0
movie:2534:2,movie,2534,2,agent,1,train,0
movie:2534:3,movie,2534,3,user,0,train,1
movie:2534:4,movie,2534,4,agent,1,train,0
movie:2534:5,movie,2534,5,user,0,train,0
movie:2534:6,movie,2534,6,agent,2,train,0
movie:2534:7,movie,2534,7,user,3,train,1
movie:2534:8,movie,2534,8,agent,3,train,0
movie:2535:1,movie,2535,1,user,3,train,0
movie:2535:2,movie,2535,2,agent,0,train,0
movie:2535:3,movie,2535,3,user,0,train,1
movie:2535:4,movie,2535,4,agent,2,train,1
movie:2535:5,movie,2535,5,user,2,train,1
movie:2535:6,movie,2535,6,agent,2,train,0
movie:2536:1,movie,2536,1,user,0,test,1
movie:2536:2,movie,2536,2,agent,1,test,0
movie:2536:3,movie,2536,3,user,1,test,0
movie:2536:4,movie,2536,4,agent,1,test,0
movie:2536:5,movie,2536,5,user,3,test,1
movie:2536:6,movie,2536,6,agent,2,test,0
movie:2536:7,movie,2536,7,user,3,test,1
movie:2536:8,movie,2536,8,agent,2,test,0
movie:2537:1,movie,2537,1,user,3,train,1
movie:2537:2,movie,2537,2,agent,2,train,1
movie:2537:3,movie,2537,3,user,0,train,1
movie:2537:4,movie,2537,4,agent,2,train,0
movie:2537:5,movie,2537,5,user,0,train,0
movie:2537:6,movie,2537,6,agent,2,train,1
movie:2537:7,movie,2537,7,user,0,train,0
movie:2537:8,movie,2537,8,agent,2,train,0
movie:2537:9,movie,2537,9,user,0,train,1
movie:2537:10,movie,2537,10,agent,1,train,0
movie:2537:11,movie,2537,11,user,0,train,0
movie:2537:12,movie,2537,12,agent,2,train,0
movie:2537:13,movie,2537,13,user,3,train,1
movie:2538:1,movie,2538,1,user,3,train,1
movie:2538:2,movie,2538,2,agent,2,train,0
movie:2538:3,movie,2538,3,user,2,train,0
movie:2538:4,movie,2538,4,agent,2,train,0
movie:2538:5,movie,2538,5,user,2,train,0
movie:2538:6,movie,2538,6,agent,2,train,0
movie:2538:7,movie,2538,7,user,3,train,1
movie:2539:1,movie,2539,1,user,2,train,0
movie:2539:2,movie,2539,2,agent,2,train,0
movie:2539:3,movie,2539,3,user,3,train,1
movie:2539:4,movie,2539,4,agent,2,train,0
movie:2540:1,movie,2540,1,user,2,validation,1
movie:2540:2,movie,2540,2,agent,2,validation,0
movie:2540:3,movie,2540,3,user,3,validation,0
movie:2540:4,movie,2540,4,agent,2,validation,0
movie:2541:1,movie,2541,1,user,1,test,1
movie:2541:2,movie,2541,2,agent,0,test,1
movie:2541:3,movie,2541,3,user,0,test,0
movie:2541:4,movie,2541,4,agent,2,test,0
movie:2541:5,movie,2541,5,user,2,test,1
movie:2541:6,movie,2541,6,agent,2,test,0
movie:2542:1,movie,2542,1,user,2,test,0
movie:2542:2,movie,2542,2,agent,2,test,0
movie:2542:3,movie,2542,3,user,0,test,0
movie:2542:4,movie,2542,4,agent,1,test,0
movie:2542:5,movie,2542,5,user,0,test,1
movie:2542:6,movie,2542,6,agent,2,test,0
movie:2542:7,movie,2542,7,user,0,test,0
movie:2542:8,movie,2542,8,agent,2,test,0
movie:2542:9,movie,2542,9,user,3,test,0
movie:2543:1,movie,2543,1,user,2,test,0
movie:2543:2,movie,2543,2,agent,2,test,0
movie:2543:3,movie,2543,3,user,0,test,0
movie:2543:4,movie,2543,4,agent,2,test,0
movie:2544:1,movie,2544,1,user,2,validation,1
movie:2544:2,movie,2544,2,agent,1,validation,0
movie:2544:3,movie,2544,3,user,2,validation,1
movie:2544:4,movie,2544,4,agent,1,validation,0
movie:2544:5,movie,2544,5,user,2,validation,1
movie:2544:6,movie,2544,6,agent,2,validation,1
movie:2544:7,movie,2544,7,user,2,validation,0
movie:2544:8,movie,2544,8,agent,2,validation,0
movie:2544:9,movie,2544,9,user,3,validation,1
movie:2545:1,movie,2545,1,user,3,train,1
movie:2545:2,movie,2545,2,agent,1,train,1
movie:2545:3,movie,2545,3,user,3,train,1
movie:2545:4,movie,2545,4,agent,2,train,1
movie:2545:5,movie,2545,5,user,0,train,0
movie:2545:6,movie,2545,6,agent,2,train,0
movie:2545:7,movie,2545,7,user,3,train,1
movie:2545:8,movie,2545,8,agent,1,train,0
movie:2545:9,movie,2545,9,user,0,train,0
movie:2545:10,movie,2545,10,agent,2,train,1
movie:2545:11,movie,2545,11,user,3,train,1
movie:2546:1,movie,2546,1,user,3,train,0
movie:2546:2,movie,2546,2,agent,2,train,0
movie:2546:3,movie,2546,3,user,2,train,1
movie:2546:4,movie,2546,4,agent,2,train,0
movie:2546:5,movie,2546,5,user,0,train,1
movie:2546:6,movie,2546,6,agent,1,train,0
movie:2546:7,movie,2546,7,user,3,train,1
movie:2546:8,movie,2546,8,agent,2,train,0
movie:2546:9,movie,2546,9,user,3,train,1
movie:2546:10,movie,2546,10,agent,1,train,0
movie:2546:11,movie,2546,11,user,0,train,0
movie:2546:12,movie,2546,12,agent,2,train,0
movie:2546:13,movie,2546,13,user,3,train,1
movie:2547:1,movie,2547,1,user,1,test,0
movie:2547:2,movie,2547,2,agent,2,test,0
movie:2547:3,movie,2547,3,user,3,test,1
movie:2547:4,movie,2547,4,agent,2,test,0
movie:2548:1,movie,2548,1,user,1,train,0
movie:2548:2,movie,2548,2,agent,0,train,0
movie:2548:3,movie,2548,3,user,0,train,1
movie:2548:4,movie,2548,4,agent,2,train,0
movie:2548:5,movie,2548,5,user,2,train,0
movie:2548:6,movie,2548,6,agent,2,train,1
movie:2549:1,movie,2549,1,user,2,train,0
movie:2549:2,movie,2549,2,agent,2,train,0
movie:2549:3,movie,2549,3,user,3,train,1
movie:2549:4,movie,2549,4,agent,2,train,0
movie:2549:5,movie,2549,5,user,3,train,1
movie:2550:1,movie,2550,1,user,3,train,0
movie:2550:2,movie,2550,2,agent,2,train,0
movie:2550:3,movie,2550,3,user,0,train,0
movie:2550:4,movie,2550,4,agent,2,train,0
movie:2550:5,movie,2550,5,user,0,train,0
movie:2550:6,movie,2550,6,agent,1,train,0
movie:2550:7,movie,2550,7,user,0,train,1
movie:2550:8,movie,2550,8,agent,2,train,0
movie:2551:1,movie,2551,1,user,1,test,0
movie:2551:2,movie,2551,2,agent,2,test,0
movie:2551:3,movie,2551,3,user,3,test,0
movie:2551:4,movie,2551,4,agent,3,test,1
movie:2551:5,movie,2551,5,user,3,test,0
movie:2551:6,movie,2551,6,agent,2,test,0
movie:2551:7,movie,2551,7,user,3,test,0
movie:2552:1,movie,2552,1,user,3,train,1
movie:2552:2,movie,2552,2,agent,2,train,0
movie:2552:3,movie,2552,3,user,2,train,1
movie:2552:4,movie,2552,4,agent,2,train,1
movie:2552:5,movie,2552,5,user,2,train,0
movie:2552:6,movie,2552,6,agent,2,train,0
movie:2552:7,movie,2552,7,user,3,train,1
movie:2553:1,movie,2553,1,user,3,validation,1
movie:2553:2,movie,2553,2,agent,2,validation,0
movie:2553:3,movie,2553,3,user,0,validation,1
movie:2553:4,movie,2553,4,agent,2,validation,1
movie:2553:5,movie,2553,5,user,0,validation,0
movie:2553:6,movie,2553,6,agent,2,validation,0
movie:2553:7,movie,2553,7,user,3,validation,0
movie:2554:1,movie,2554,1,user,0,train,0
movie:2554:2,movie,2554,2,agent,2,train,0
movie:2554:3,movie,2554,3,user,1,train,0
movie:2554:4,movie,2554,4,agent,2,train,0
movie:2554:5,movie,2554,5,user,0,train,1
movie:2554:6,movie,2554,6,agent,2,train,1
movie:2554:7,movie,2554,7,user,0,train,1
movie:2554:8,movie,2554,8,agent,2,train,1
movie:2554:9,movie,2554,9,user,3,train,1
movie:2554:10,movie,2554,10,agent,1,train,0
movie:2554:11,movie,2554,11,user,2,train,1
movie:2554:12,movie,2554,12,agent,2,train,0
movie:2554:13,movie,2554,13,user,3,train,0
movie:2555:1,movie,2555,1,user,1,train,0
movie:2555:2,movie,2555,2,agent,2,train,0
movie:2555:3,movie,2555,3,user,2,train,0
movie:2555:4,movie,2555,4,agent,2,train,0
movie:2556:1,movie,2556,1,user,3,train,1
movie:2556:2,movie,2556,2,agent,0,train,1
movie:2556:3,movie,2556,3,user,3,train,0
movie:2556:4,movie,2556,4,agent,2,train,1
movie:2556:5,movie,2556,5,user,2,train,0
movie:2556:6,movie,2556,6,agent,2,train,0
movie:2557:1,movie,2557,1,user,3,train,1
movie:2557:2,movie,2557,2,agent,2,train,0
movie:2557:3,movie,2557,3,user,0,train,0
movie:2557:4,movie,2557,4,agent,1,train,0
movie:2557:5,movie,2557,5,user,2,train,0
movie:2557:6,movie,2557,6,agent,2,train,0
movie:2557:7,movie,2557,7,user,3,train,0
movie:2557:8,movie,2557,8,agent,2,train,0
movie:2557:9,movie,2557,9,user,3,train,0
movie:2558:1,movie,2558,1,user,1,train,0
movie:2558:2,movie,2558,2,agent,1,train,0
movie:2558:3,movie,2558,3,user,2,train,1
movie:2558:4,movie,2558,4,agent,2,train,0
movie:2558:5,movie,2558,5,user,2,train,0
movie:2558:6,movie,2558,6,agent,2,train,1
movie:2558:7,movie,2558,7,user,3,train,0
movie:2559:1,movie,2559,1,user,1,train,0
movie:2559:2,movie,2559,2,agent,2,train,1
movie:2559:3,movie,2559,3,user,3,train,1
movie:2559:4,movie,2559,4,agent,2,train,0
movie:2559:5,movie,2559,5,user,3,train,1
movie:2560:1,movie,2560,1,user,2,validation,0
movie:2560:2,movie,2560,2,agent,1,validation,0
movie:2560:3,movie,2560,3,user,3,validation,1
movie:2560:4,movie,2560,4,agent,2,validation,0
movie:2560:5,movie,2560,5,user,3,validation,0
movie:2561:1,movie,2561,1,user,3,train,0
movie:2561:2,movie,2561,2,agent,2,train,0
movie:2561:3,movie,2561,3,user,2,train,1
movie:2561:4,movie,2561,4,agent,2,train,0
movie:2561:5,movie,2561,5,user,3,train,0
movie:2561:6,movie,2561,6,agent,3,train,1
movie:2562:1,movie,2562,1,user,3,train,0
movie:2562:2,movie,2562,2,agent,2,train,0
movie:2562:3,movie,2562,3,user,2,train,0
movie:2562:4,movie,2562,4,agent,2,train,0
movie:2562:5,movie,2562,5,user,2,train,0
movie:2562:6,movie,2562,6,agent,2,train,0
movie:2563:1,movie,2563,1,user,3,train,1
movie:2563:2,movie,2563,2,agent,2,train,1
movie:2563:3,movie,2563,3,user,0,train,0
movie:2563:4,movie,2563,4,agent,2,train,0
movie:2563:5,movie,2563,5,user,3,train,0
movie:2563:6,movie,2563,6,agent,2,train,0
movie:2563:7,movie,2563,7,user,3,train,1
movie:2564:1,movie,2564,1,user,2,test,1
movie:2564:2,movie,2564,2,agent,2,test,0
movie:2564:3,movie,2564,3,user,2,test,0
movie:2564:4,movie,2564,4,agent,2,test,0
movie:2564:5,movie,2564,5,user,3,test,1
movie:2564:6,movie,2564,6,agent,2,test,0
movie:2564:7,movie,2564,7,user,2,test,0
movie:2564:8,movie,2564,8,agent,2,test,0
movie:2565:1,movie,2565,1,user,1,validation,1
movie:2565:2,movie,2565,2,agent,0,validation,0
movie:2565:3,movie,2565,3,user,0,validation,1
movie:2565:4,movie,2565,4,agent,2,validation,1
movie:2565:5,movie,2565,5,user,0,validation,0
movie:2565:6,movie,2565,6,agent,1,validation,0
movie:2565:7,movie,2565,7,user,0,validation,0
movie:2565:8,movie,2565,8,agent,2,validation,1
movie:2566:1,movie,2566,1,user,3,train,1
movie:2566:2,movie,2566,2,agent,2,train,1
movie:2566:3,movie,2566,3,user,2,train,0
movie:2566:4,movie,2566,4,agent,2,train,0
movie:2566:5,movie,2566,5,user,2,train,1
movie:2566:6,movie,2566,6,agent,2,train,0
movie:2567:1,movie,2567,1,user,2,train,0
movie:2567:2,movie,2567,2,agent,2,train,1
movie:2567:3,movie,2567,3,user,3,train,1
movie:2567:4,movie,2567,4,agent,2,train,0
movie:2568:1,movie,2568,1,user,0,train,0
movie:2568:2,movie,2568,2,agent,1,train,1
movie:2568:3,movie,2568,3,user,3,train,0
movie:2568:4,movie,2568,4,agent,2,train,0
movie:2568:5,movie,2568,5,user,0,train,0
movie:2568:6,movie,2568,6,agent,2,train,0
movie:2568:7,movie,2568,7,user,2,train,1
movie:2568:8,movie,2568,8,agent,1,train,0
movie:2568:9,movie,2568,9,user,0,train,1
movie:2568:10,movie,2568,10,agent,2,train,0
movie:2569:1,movie,2569,1,user,1,train,0
movie:2569:2,movie,2569,2,agent,2,train,0
movie:2569:3,movie,2569,3,user,0,train,1
movie:2569:4,movie,2569,4,agent,2,train,0
movie:2569:5,movie,2569,5,user,0,train,1
movie:2569:6,movie,2569,6,agent,1,train,0
movie:2569:7,movie,2569,7,user,0,train,1
movie:2569:8,movie,2569,8,agent,2,train,0
movie:2569:9,movie,2569,9,user,0,train,1
movie:2569:10,movie,2569,10,agent,1,train,0
movie:2569:11,movie,2569,11,user,0,train,0
movie:2569:12,movie,2569,12,agent,2,train,0
movie:2570:1,movie,2570,1,user,2,validation,0
movie:2570:2,movie,2570,2,agent,2,validation,0
movie:2570:3,movie,2570,3,user,0,validation,1
movie:2570:4,movie,2570,4,agent,2,validation,0
movie:2570:5,movie,2570,5,user,3,validation,1
movie:2571:1,movie,2571,1,user,2,train,0
movie:2571:2,movie,2571,2,agent,2,train,0
movie:2571:3,movie,2571,3,user,0,train,0
movie:2571:4,movie,2571,4,agent,2,train,0
movie:2572:1,movie,2572,1,user,1,test,0
movie:2572:2,movie,2572,2,agent,0,test,0
movie:2572:3,movie,2572,3,user,0,test,0
movie:2572:4,movie,2572,4,agent,2,test,0
movie:2572:5,movie,2572,5,user,2,test,0
movie:2572:6,movie,2572,6,agent,2,test,0
movie:2573:1,movie,2573,1,user,1,train,0
movie:2573:2,movie,2573,2,agent,2,train,0
movie:2573:3,movie,2573,3,user,3,train,1
movie:2573:4,movie,2573,4,agent,1,train,0
movie:2573:5,movie,2573,5,user,2,train,0
movie:2573:6,movie,2573,6,agent,2,train,0
movie:2573:7,movie,2573,7,user,2,train,0
movie:2573:8,movie,2573,8,agent,2,train,0
movie:2573:9,movie,2573,9,user,3,train,0
movie:2574:1,movie,2574,1,user,2,train,0
movie:2574:2,movie,2574,2,agent,2,train,0
movie:2574:3,movie,2574,3,user,0,train,1
movie:2574:4,movie,2574,4,agent,2,train,0
movie:2574:5,movie,2574,5,user,0,train,1
movie:2574:6,movie,2574,6,agent,2,train,1
movie:2575:1,movie,2575,1,user,2,train,0
movie:2575:2,movie,2575,2,agent,2,train,0
movie:2575:3,movie,2575,3,user,0,train,1
movie:2575:4,movie,2575,4,agent,2,train,0
movie:2575:5,movie,2575,5,user,0,train,0
movie:2575:6,movie,2575,6,agent,1,train,0
movie:2575:7,movie,2575,7,user,0,train,1
movie:2575:8,movie,2575,8,agent,2,train,0
movie:2575:9,movie,2575,9,user,3,train,0
movie:2576:1,movie,2576,1,user,3,train,0
movie:2576:2,movie,2576,2,agent,1,train,0
movie:2576:3,movie,2576,3,agent,1,train,0
movie:2576:4,movie,2576,4,user,2,train,0
movie:2576:5,movie,2576,5,agent,2,train,0
movie:2576:6,movie,2576,6,user,3,train,0
movie:2577:1,movie,2577,1,user,1,test,0
movie:2577:2,movie,2577,2,agent,2,test,0
movie:2577:3,movie,2577,3,user,0,test,0
movie:2577:4,movie,2577,4,agent,2,test,1
movie:2577:5,movie,2577,5,user,2,test,1
movie:2577:6,movie,2577,6,agent,2,test,1
movie:2577:7,movie,2577,7,user,3,test,0
movie:2577:8,movie,2577,8,agent,1,test,1
movie:2577:9,movie,2577,9,user,0,test,0
movie:2577:10,movie,2577,10,agent,2,test,1
movie:2577:11,movie,2577,11,user,3,test,0
movie:2578:1,movie,2578,1,user,1,train,0
movie:2578:2,movie,2578,2,agent,3,train,1
movie:2578:3,movie,2578,3,user,3,train,1
movie:2578:4,movie,2578,4,agent,3,train,1
movie:2578:5,movie,2578,5,user,2,train,0
movie:2578:6,movie,2578,6,agent,2,train,0
movie:2579:1,movie,2579,1,user,2,train,0
movie:2579:2,movie,2579,2,agent,2,train,1
movie:2579:3,movie,2579,3,user,0,train,1
movie:2579:4,movie,2579,4,agent,2,train,0
movie:2580:1,movie,2580,1,user,0,train,0
movie:2580:2,movie,2580,2,agent,2,train,0
movie:2580:3,movie,2580,3,user,0,train,0
movie:2580:4,movie,2580,4,agent,1,train,0
movie:2580:5,movie,2580,5,user,0,train,0
movie:2580:6,movie,2580,6,agent,2,train,0
movie:2580:7,movie,2580,7,user,3,train,0
movie:2580:8,movie,2580,8,agent,1,train,0
movie:2580:9,movie,2580,9,user,0,train,0
movie:2580:10,movie,2580,10,agent,2,train,0
movie:2580:11,movie,2580,11,user,3,train,0
movie:2581:1,movie,2581,1,user,3,test,0
movie:2581:2,movie,2581,2,agent,2,test,0
movie:2581:3,movie,2581,3,user,0,test,1
movie:2581:4,movie,2581,4,agent,2,test,0
movie:2581:5,movie,2581,5,user,3,test,0
movie:2581:6,movie,2581,6,agent,1,test,0
movie:2581:7,movie,2581,7,user,0,test,0
movie:2581:8,movie,2581,8,agent,2,test,0
movie:2581:9,movie,2581,9,user,3,test,1
movie:2582:1,movie,2582,1,user,1,train,0
movie:2582:2,movie,2582,2,agent,2,train,0
movie:2582:3,movie,2582,3,user,3,train,0
movie:2582:4,movie,2582,4,agent,1,train,0
movie:2582:5,movie,2582,5,agent,2,train,1
movie:2582:6,movie,2582,6,user,3,train,0
movie:2582:7,movie,2582,7,agent,2,train,0
movie:2582:8,movie,2582,8,user,3,train,0
movie:2582:9,movie,2582,9,agent,3,train,1
movie:2582:10,movie,2582,10,user,3,train,1
movie:2582:11,movie,2582,11,agent,3,train,1
movie:2583:1,movie,2583,1,user,1,test,0
movie:2583:2,movie,2583,2,agent,2,test,0
movie:2583:3,movie,2583,3,user,3,test,1
movie:2583:4,movie,2583,4,agent,2,test,0
movie:2583:5,movie,2583,5,user,0,test,0
movie:2583:6,movie,2583,6,agent,1,test,0
movie:2583:7,movie,2583,7,user,2,test,0
movie:2583:8,movie,2583,8,agent,2,test,0
movie:2583:9,movie,2583,9,user,2,test,0
movie:2583:10,movie,2583,10,agent,1,test,0
movie:2583:11,movie,2583,11,user,0,test,1
movie:2583:12,movie,2583,12,agent,2,test,0
movie:2583:13,movie,2583,13,user,3,test,1
movie:2584:1,movie,2584,1,user,3,train,1
movie:2584:2,movie,2584,2,agent,1,train,0
movie:2584:3,movie,2584,3,user,0,train,0
movie:2584:4,movie,2584,4,agent,3,train,1
movie:2584:5,movie,2584,5,user,2,train,0
movie:2584:6,movie,2584,6,agent,2,train,0
movie:2584:7,movie,2584,7,user,3,train,0
movie:2585:1,movie,2585,1,user,2,test,0
movie:2585:2,movie,2585,2,agent,1,test,1
movie:2585:3,movie,2585,3,user,0,test,0
movie:2585:4,movie,2585,4,agent,2,test,0
movie:2586:1,movie,2586,1,user,2,test,0
movie:2586:2,movie,2586,2,agent,2,test,1
movie:2586:3,movie,2586,3,user,0,test,1
movie:2586:4,movie,2586,4,agent,1,test,0
movie:2586:5,movie,2586,5,user,0,test,0
movie:2586:6,movie,2586,6,agent,1,test,0
movie:2586:7,movie,2586,7,user,0,test,0
movie:2586:8,movie,2586,8,agent,2,test,1
movie:2586:9,movie,2586,9,user,3,test,1
movie:2586:10,movie,2586,10,agent,1,test,0
movie:2586:11,movie,2586,11,user,0,test,0
movie:2586:12,movie,2586,12,agent,2,test,0
movie:2586:13,movie,2586,13,user,3,test,1
movie:2587:1,movie,2587,1,user,1,test,0
movie:2587:2,movie,2587,2,agent,2,test,1
movie:2587:3,movie,2587,3,user,3,test,0
movie:2587:4,movie,2587,4,agent,2,test,0
movie:2587:5,movie,2587,5,user,2,test,0
movie:2587:6,movie,2587,6,agent,3,test,1
movie:2587:7,movie,2587,7,agent,2,test,0
movie:2587:8,movie,2587,8,user,2,test,1
movie:2587:9,movie,2587,9,agent,2,test,0
movie:2588:1,movie,2588,1,user,1,test,0
movie:2588:2,movie,2588,2,agent,2,test,1
movie:2588:3,movie,2588,3,user,3,test,1
movie:2588:4,movie,2588,4,agent,2,test,1
movie:2588:5,movie,2588,5,user,0,test,0
movie:2588:6,movie,2588,6,agent,2,test,1
movie:2588:7,movie,2588,7,user,2,test,1
movie:2588:8,movie,2588,8,agent,2,test,0
movie:2588:9,movie,2588,9,user,3,test,0
movie:2589:1,movie,2589,1,user,2,train,1
movie:2589:2,movie,2589,2,agent,1,train,0
movie:2589:3,movie,2589,3,user,3,train,0
movie:2589:4,movie,2589,4,agent,2,train,0
movie:2589:5,movie,2589,5,user,2,train,1
movie:2589:6,movie,2589,6,agent,2,train,0
movie:2589:7,movie,2589,7,user,3,train,0
movie:2590:1,movie,2590,1,user,3,train,0
movie:2590:2,movie,2590,2,agent,1,train,0
movie:2590:3,movie,2590,3,user,2,train,0
movie:2590:4,movie,2590,4,agent,1,train,1
movie:2590:5,movie,2590,5,user,3,train,1
movie:2590:6,movie,2590,6,agent,3,train,1
movie:2591:1,movie,2591,1,user,2,validation,1
movie:2591:2,movie,2591,2,agent,1,validation,0
movie:2591:3,movie,2591,3,user,0,validation,0
movie:2591:4,movie,2591,4,agent,2,validation,1
movie:2591:5,movie,2591,5,user,0,validation,0
movie:2591:6,movie,2591,6,agent,2,validation,1
movie:2591:7,movie,2591,7,user,3,validation,0
movie:2591:8,movie,2591,8,agent,1,validation,0
movie:2591:9,movie,2591,9,user,0,validation,0
movie:2591:10,movie,2591,10,agent,2,validation,0
movie:2591:11,movie,2591,11,user,3,validation,0
movie:2592:1,movie,2592,1,user,1,train,0
movie:2592:2,movie,2592,2,agent,2,train,1
movie:2592:3,movie,2592,3,user,0,train,0
movie:2592:4,movie,2592,4,agent,2,train,0
movie:2592:5,movie,2592,5,user,3,train,0
movie:2592:6,movie,2592,6,agent,2,train,0
movie:2593:1,movie,2593,1,user,1,train,0
movie:2593:2,movie,2593,2,agent,0,train,1
movie:2593:3,movie,2593,3,user,0,train,0
movie:2593:4,movie,2593,4,agent,2,train,0
movie:2593:5,movie,2593,5,user,3,train,1
movie:2593:6,movie,2593,6,agent,2,train,1
movie:2594:1,movie,2594,1,user,1,train,0
movie:2594:2,movie,2594,2,agent,2,train,0
movie:2594:3,movie,2594,3,user,2,train,1
movie:2594:4,movie,2594,4,agent,2,train,1
movie:2594:5,movie,2594,5,user,3,train,1
movie:2595:1,movie,2595,1,user,1,train,0
movie:2595:2,movie,2595,2,agent,2,train,0
movie:2595:3,movie,2595,3,user,0,train,1
movie:2595:4,movie,2595,4,agent,3,train,0
movie:2595:5,movie,2595,5,user,3,train,0
movie:2595:6,movie,2595,6,agent,2,train,0
movie:2595:7,movie,2595,7,user,3,train,0
movie:2595:8,movie,2595,8,agent,2,train,0
movie:2595:9,movie,2595,9,user,0,train,0
movie:2595:10,movie,2595,10,agent,2,train,0
movie:2596:1,movie,2596,1,user,3,validation,1
movie:2596:2,movie,2596,2,agent,2,validation,1
movie:2596:3,movie,2596,3,user,0,validation,0
movie:2596:4,movie,2596,4,agent,2,validation,0
movie:2596:5,movie,2596,5,user,3,validation,1
movie:2596:6,movie,2596,6,agent,2,validation,0
movie:2596:7,movie,2596,7,user,3,validation,0
movie:2596:8,movie,2596,8,agent,2,validation,0
movie:2596:9,movie,2596,9,user,3,validation,1
movie:2597:1,movie,2597,1,user,3,train,0
movie:2597:2,movie,2597,2,agent,2,train,0
movie:2597:3,movie,2597,3,user,2,train,1
movie:2597:4,movie,2597,4,agent,2,train,0
movie:2597:5,movie,2597,5,user,3,train,0
movie:2598:1,movie,2598,1,user,1,train,0
movie:2598:2,movie,2598,2,agent,2,train,0
movie:2598:3,movie,2598,3,user,1,train,0
movie:2598:4,movie,2598,4,agent,2,train,0
movie:2598:5,movie,2598,5,user,3,train,1
movie:2598:6,movie,2598,6,agent,2,train,0
movie:2599:1,movie,2599,1,user,1,train,0
movie:2599:2,movie,2599,2,agent,0,train,0
movie:2599:3,movie,2599,3,user,0,train,0
movie:2599:4,movie,2599,4,agent,2,train,0
movie:2599:5,movie,2599,5,user,3,train,0
movie:2599:6,movie,2599,6,agent,2,train,1
movie:2599:7,movie,2599,7,user,2,train,0
movie:2599:8,movie,2599,8,agent,2,train,0
movie:2599:9,movie,2599,9,user,3,train,1
movie:2600:1,movie,2600,1,user,3,train,0
movie:2600:2,movie,2600,2,agent,2,train,0
movie:2600:3,movie,2600,3,user,2,train,0
movie:2600:4,movie,2600,4,agent,2,train,1
movie:2600:5,movie,2600,5,user,2,train,0
movie:2600:6,movie,2600,6,agent,2,train,1
movie:2600:7,movie,2600,7,user,3,train,0
movie:2601:1,movie,2601,1,user,3,test,1
movie:2601:2,movie,2601,2,agent,1,test,1
movie:2601:3,movie,2601,3,user,2,test,0
movie:2602:1,movie,2602,1,user,3,train,1
movie:2602:2,movie,2602,2,agent,2,train,0
movie:2602:3,movie,2602,3,user,0,train,0
movie:2602:4,movie,2602,4,agent,2,train,0
movie:2602:5,movie,2602,5,user,2,train,1
movie:2603:1,movie,2603,1,user,1,validation,0
movie:2603:2,movie,2603,2,agent,2,validation,0
movie:2603:3,movie,2603,3,user,0,validation,1
movie:2603:4,movie,2603,4,agent,2,validation,0
movie:2603:5,movie,2603,5,user,0,validation,1
movie:2603:6,movie,2603,6,agent,2,validation,0
movie:2603:7,movie,2603,7,user,2,validation,1
movie:2603:8,movie,2603,8,agent,1,validation,0
movie:2603:9,movie,2603,9,user,0,validation,1
movie:2603:10,movie,2603,10,agent,2,validation,0
movie:2603:11,movie,2603,11,user,3,validation,1
movie:2604:1,movie,2604,1,user,3,test,1
movie:2604:2,movie,2604,2,agent,2,test,0
movie:2604:3,movie,2604,3,user,0,test,0
movie:2604:4,movie,2604,4,agent,3,test,1
movie:2604:5,movie,2604,5,user,3,test,0
movie:2604:6,movie,2604,6,agent,3,test,1
movie:2604:7,movie,2604,7,user,3,test,1
movie:2604:8,movie,2604,8,user,2,test,0
movie:2604:9,movie,2604,9,agent,2,test,0
movie:2604:10,movie,2604,10,user,3,test,0
movie:2604:11,movie,2604,11,agent,3,test,1
movie:2604:12,movie,2604,12,user,3,test,1
movie:2605:1,movie,2605,1,user,2,validation,0
movie:2605:2,movie,2605,2,agent,2,validation,0
movie:2605:3,movie,2605,3,user,3,validation,0
movie:2605:4,movie,2605,4,agent,2,validation,0
movie:2606:1,movie,2606,1,user,1,train,0
movie:2606:2,movie,2606,2,agent,2,train,1
movie:2606:3,movie,2606,3,user,3,train,0
movie:2606:4,movie,2606,4,agent,2,train,0
movie:2607:1,movie,2607,1,user,1,train,0
movie:2607:2,movie,2607,2,agent,2,train,0
movie:2607:3,movie,2607,3,user,0,train,1
movie:2607:4,movie,2607,4,agent,2,train,0
movie:2607:5,movie,2607,5,user,0,train,0
movie:2607:6,movie,2607,6,agent,1,train,0
movie:2607:7,movie,2607,7,user,0,train,0
movie:2607:8,movie,2607,8,agent,2,train,1
movie:2607:9,movie,2607,9,user,3,train,1
movie:2607:10,movie,2607,10,agent,3,train,1
movie:2608:1,movie,2608,1,user,2,train,1
movie:2608:2,movie,2608,2,agent,1,train,0
movie:2608:3,movie,2608,3,user,2,train,0
movie:2608:4,movie,2608,4,agent,2,train,0
movie:2609:1,movie,2609,1,user,3,train,0
movie:2609:2,movie,2609,2,agent,0,train,0
movie:2609:3,movie,2609,3,user,2,train,1
movie:2609:4,movie,2609,4,agent,2,train,0
movie:2609:5,movie,2609,5,user,2,train,0
movie:2609:6,movie,2609,6,agent,2,train,0
movie:2610:1,movie,2610,1,user,3,train,1
movie:2610:2,movie,2610,2,agent,2,train,0
movie:2610:3,movie,2610,3,user,3,train,0
movie:2610:4,movie,2610,4,agent,2,train,0
movie:2610:5,movie,2610,5,user,3,train,1
movie:2610:6,movie,2610,6,agent,2,train,1
movie:2611:1,movie,2611,1,user,2,train,0
movie:2611:2,movie,2611,2,agent,2,train,0
movie:2611:3,movie,2611,3,user,2,train,0
movie:2611:4,movie,2611,4,agent,2,train,0
movie:2612:1,movie,2612,1,user,3,train,1
movie:2612:2,movie,2612,2,agent,0,train,0
movie:2612:3,movie,2612,3,user,0,train,0
movie:2612:4,movie,2612,4,agent,2,train,1
movie:2612:5,movie,2612,5,user,3,train,0
movie:2612:6,movie,2612,6,agent,2,train,0
movie:2612:7,movie,2612,7,user,2,train,0
movie:2612:8,movie,2612,8,agent,2,train,0
movie:2612:9,movie,2612,9,user,3,train,0
movie:2612:10,movie,2612,10,agent,2,train,0
movie:2613:1,movie,2613,1,user,1,train,0
movie:2613:2,movie,2613,2,agent,2,train,0
movie:2613:3,movie,2613,3,user,2,train,1
movie:2613:4,movie,2613,4,agent,2,train,1
movie:2614:1,movie,2614,1,user,3,train,1
movie:2614:2,movie,2614,2,agent,2,train,1
movie:2614:3,movie,2614,3,user,0,train,0
movie:2614:4,movie,2614,4,agent,2,train,0
movie:2614:5,movie,2614,5,user,3,train,0
movie:2614:6,movie,2614,6,agent,2,train,1
movie:2614:7,movie,2614,7,user,3,train,0
movie:2614:8,movie,2614,8,agent,2,train,0
movie:2614:9,movie,2614,9,user,3,train,0
movie:2614:10,movie,2614,10,agent,1,train,0
movie:2614:11,movie,2614,11,user,0,train,0
movie:2614:12,movie,2614,12,agent,2,train,1
movie:2614:13,movie,2614,13,user,3,train,0
movie:2614:14,movie,2614,14,agent,2,train,1
movie:2614:15,movie,2614,15,user,3,train,1
movie:2615:1,movie,2615,1,user,1,train,0
movie:2615:2,movie,2615,2,agent,2,train,1
movie:2615:3,movie,2615,3,user,0,train,1
movie:2615:4,movie,2615,4,agent,1,train,0
movie:2615:5,movie,2615,5,user,0,train,0
movie:2615:6,movie,2615,6,agent,2,train,0
movie:2615:7,movie,2615,7,user,0,train,0
movie:2615:8,movie,2615,8,agent,1,train,1
movie:2615:9,movie,2615,9,user,0,train,0
movie:2615:10,movie,2615,10,agent,2,train,0
movie:2615:11,movie,2615,11,user,3,train,1
movie:2616:1,movie,2616,1,user,0,train,0
movie:2616:2,movie,2616,2,agent,1,train,0
movie:2616:3,movie,2616,3,user,1,train,0
movie:2616:4,movie,2616,4,agent,2,train,0
movie:2616:5,movie,2616,5,user,3,train,1
movie:2616:6,movie,2616,6,agent,2,train,1
movie:2616:7,movie,2616,7,user,3,train,1
movie:2617:1,movie,2617,1,user,3,test,1
movie:2617:2,movie,2617,2,agent,2,test,0
movie:2617:3,movie,2617,3,user,3,test,1
movie:2617:4,movie,2617,4,agent,1,test,0
movie:2617:5,movie,2617,5,user,3,test,1
movie:2617:6,movie,2617,6,agent,2,test,0
movie:2617:7,movie,2617,7,user,3,test,0
movie:2618:1,movie,2618,1,user,3,train,1
movie:2618:2,movie,2618,2,agent,1,train,0
movie:2618:3,movie,2618,3,user,3,train,0
movie:2618:4,movie,2618,4,agent,2,train,0
movie:2618:5,movie,2618,5,user,3,train,1
movie:2618:6,movie,2618,6,agent,2,train,0
movie:2618:7,movie,2618,7,user,3,train,0
movie:2619:1,movie,2619,1,user,0,train,0
movie:2619:2,movie,2619,2,agent,2,train,1
movie:2619:3,movie,2619,3,user,0,train,0
movie:2619:4,movie,2619,4,agent,2,train,1
movie:2619:5,movie,2619,5,user,2,train,0
movie:2619:6,movie,2619,6,user,0,train,0
movie:2619:7,movie,2619,7,agent,2,train,1
movie:2619:8,movie,2619,8,user,0,train,1
movie:2619:9,movie,2619,9,agent,2,train,0
movie:2619:10,movie,2619,10,user,3,train,0
movie:2619:11,movie,2619,11,agent,2,train,0
movie:2620:1,movie,2620,1,user,1,train,0
movie:2620:2,movie,2620,2,agent,2,train,1
movie:2620:3,movie,2620,3,user,3,train,0
movie:2620:4,movie,2620,4,agent,2,train,0
movie:2620:5,movie,2620,5,user,2,train,1
movie:2620:6,movie,2620,6,agent,2,train,0
movie:2620:7,movie,2620,7,user,3,train,0
movie:2621:1,movie,2621,1,user,2,train,0
movie:2621:2,movie,2621,2,agent,2,train,1
movie:2621:3,movie,2621,3,user,3,train,1
movie:2621:4,movie,2621,4,agent,2,train,0
movie:2622:1,movie,2622,1,user,1,test,0
movie:2622:2,movie,2622,2,agent,2,test,1
movie:2622:3,movie,2622,3,user,0,test,0
movie:2622:4,movie,2622,4,agent,2,test,1
movie:2622:5,movie,2622,5,user,2,test,0
movie:2622:6,movie,2622,6,agent,2,test,0
movie:2623:1,movie,2623,1,user,2,train,0
movie:2623:2,movie,2623,2,agent,2,train,0
movie:2623:3,movie,2623,3,user,0,train,0
movie:2623:4,movie,2623,4,agent,1,train,1
movie:2623:5,movie,2623,5,user,2,train,1
movie:2623:6,movie,2623,6,agent,2,train,1
movie:2623:7,movie,2623,7,user,3,train,1
movie:2623:8,movie,2623,8,agent,2,train,0
movie:2623:9,movie,2623,9,user,3,train,0
movie:2623:10,movie,2623,10,agent,2,train,0
movie:2623:11,movie,2623,11,user,0,train,0
movie:2623:12,movie,2623,12,agent,2,train,0
movie:2623:13,movie,2623,13,user,3,train,0
movie:2623:14,movie,2623,14,user,3,train,0
movie:2624:1,movie,2624,1,user,0,train,0
movie:2624:2,movie,2624,2,agent,2,train,0
movie:2624:3,movie,2624,3,user,0,train,1
movie:2624:4,movie,2624,4,agent,2,train,0
movie:2624:5,movie,2624,5,user,3,train,0
movie:2624:6,movie,2624,6,agent,2,train,1
movie:2625:1,movie,2625,1,user,3,train,1
movie:2625:2,movie,2625,2,agent,2,train,1
movie:2625:3,movie,2625,3,user,2,train,1
movie:2625:4,movie,2625,4,agent,2,train,1
movie:2625:5,movie,2625,5,user,2,train,0
movie:2625:6,movie,2625,6,agent,2,train,1
movie:2625:7,movie,2625,7,user,3,train,0
movie:2626:1,movie,2626,1,user,3,train,0
movie:2626:2,movie,2626,2,agent,2,train,1
movie:2626:3,movie,2626,3,user,2,train,0
movie:2626:4,movie,2626,4,agent,2,train,0
movie:2626:5,movie,2626,5,user,2,train,0
movie:2627:1,movie,2627,1,user,1,validation,0
movie:2627:2,movie,2627,2,agent,2,validation,0
movie:2627:3,movie,2627,3,user,0,validation,0
movie:2627:4,movie,2627,4,user,3,validation,0
movie:2627:5,movie,2627,5,agent,2,validation,0
movie:2627:6,movie,2627,6,user,3,validation,1
movie:2628:1,movie,2628,1,user,2,train,0
movie:2628:2,movie,2628,2,user,2,train,0
movie:2628:3,movie,2628,3,agent,2,train,0
movie:2628:4,movie,2628,4,agent,1,train,0
movie:2628:5,movie,2628,5,user,2,train,0
movie:2629:1,movie,2629,1,user,3,train,0
movie:2629:2,movie,2629,2,agent,2,train,0
movie:2629:3,movie,2629,3,user,3,train,0
movie:2629:4,movie,2629,4,agent,2,train,0
movie:2629:5,movie,2629,5,user,2,train,0
movie:2629:6,movie,2629,6,agent,2,train,1
movie:2629:7,movie,2629,7,user,3,train,0
movie:2629:8,movie,2629,8,agent,2,train,0
movie:2629:9,movie,2629,9,user,3,train,1
movie:2630:1,movie,2630,1,user,3,train,1
movie:2630:2,movie,2630,2,agent,2,train,0
movie:2630:3,movie,2630,3,user,2,train,0
movie:2630:4,movie,2630,4,agent,2,train,0
movie:2630:5,movie,2630,5,user,3,train,0
movie:2630:6,movie,2630,6,agent,2,train,0
movie:2630:7,movie,2630,7,user,0,train,0
movie:2630:8,movie,2630,8,agent,1,train,0
movie:2630:9,movie,2630,9,user,0,train,0
movie:2630:10,movie,2630,10,agent,2,train,0
movie:2630:11,movie,2630,11,user,3,train,1
movie:2631:1,movie,2631,1,user,2,train,0
movie:2631:2,movie,2631,2,agent,1,train,1
movie:2631:3,movie,2631,3,user,0,train,1
movie:2631:4,movie,2631,4,agent,1,train,0
movie:2631:5,movie,2631,5,user,3,train,0
movie:2631:6,movie,2631,6,agent,2,train,0
movie:2631:7,movie,2631,7,user,3,train,1
movie:2631:8,movie,2631,8,agent,3,train,0
movie:2632:1,movie,2632,1,user,3,train,0
movie:2632:2,movie,2632,2,agent,2,train,1
movie:2632:3,movie,2632,3,user,0,train,1
movie:2632:4,movie,2632,4,agent,2,train,0
movie:2632:5,movie,2632,5,user,3,train,1
movie:2632:6,movie,2632,6,agent,2,train,0
movie:2632:7,movie,2632,7,user,0,train,1
movie:2632:8,movie,2632,8,agent,1,train,1
movie:2632:9,movie,2632,9,user,0,train,1
movie:2632:10,movie,2632,10,agent,2,train,1
movie:2632:11,movie,2632,11,user,3,train,0
movie:2633:1,movie,2633,1,user,1,train,0
movie:2633:2,movie,2633,2,agent,2,train,0
movie:2633:3,movie,2633,3,user,0,train,1
movie:2633:4,movie,2633,4,agent,2,train,0
movie:2633:5,movie,2633,5,user,3,train,0
movie:2633:6,movie,2633,6,agent,2,train,0
movie:2633:7,movie,2633,7,user,3,train,1
movie:2633:8,movie,2633,8,user,2,train,0
movie:2634:1,movie,2634,1,user,1,test,0
movie:2634:2,movie,2634,2,agent,2,test,0
movie:2634:3,movie,2634,3,user,0,test,0
movie:2634:4,movie,2634,4,agent,2,test,0
movie:2635:1,movie,2635,1,user,2,train,0
movie:2635:2,movie,2635,2,agent,2,train,1
movie:2635:3,movie,2635,3,user,2,train,0
movie:2635:4,movie,2635,4,agent,2,train,0
movie:2636:1,movie,2636,1,user,3,train,1
movie:2636:2,movie,2636,2,agent,2,train,0
movie:2636:3,movie,2636,3,user,3,train,1
movie:2636:4,movie,2636,4,agent,2,train,1
movie:2636:5,movie,2636,5,user,3,train,0
movie:2636:6,movie,2636,6,agent,2,train,0
movie:2636:7,movie,2636,7,user,3,train,0
movie:2637:1,movie,2637,1,user,3,train,1
movie:2637:2,movie,2637,2,agent,2,train,1
movie:2637:3,movie,2637,3,user,0,train,0
movie:2637:4,movie,2637,4,agent,2,train,0
movie:2637:5,movie,2637,5,user,3,train,0
movie:2637:6,movie,2637,6,agent,2,train,0
movie:2637:7,movie,2637,7,user,3,train,1
movie:2638:1,movie,2638,1,user,2,train,1
movie:2638:2,movie,2638,2,agent,2,train,1
movie:2638:3,movie,2638,3,user,0,train,0
movie:2638:4,movie,2638,4,agent,2,train,0
movie:2638:5,movie,2638,5,user,3,train,1
movie:2639:1,movie,2639,1,user,1,train,0
movie:2639:2,movie,2639,2,agent,2,train,0
movie:2639:3,movie,2639,3,user,0,train,1
movie:2639:4,movie,2639,4,agent,2,train,0
movie:2639:5,movie,2639,5,user,0,train,0
movie:2639:6,movie,2639,6,agent,1,train,0
movie:2639:7,movie,2639,7,user,0,train,1
movie:2639:8,movie,2639,8,agent,3,train,0
movie:2639:9,movie,2639,9,user,2,train,0
movie:2639:10,movie,2639,10,agent,2,train,0
movie:2639:11,movie,2639,11,user,2,train,0
movie:2639:12,movie,2639,12,agent,2,train,0
movie:2639:13,movie,2639,13,user,0,train,1
movie:2639:14,movie,2639,14,agent,2,train,0
movie:2640:1,movie,2640,1,user,2,train,0
movie:2640:2,movie,2640,2,agent,2,train,0
movie:2640:3,movie,2640,3,user,1,train,0
movie:2640:4,movie,2640,4,agent,2,train,0
movie:2640:5,movie,2640,5,user,0,train,0
movie:2640:6,movie,2640,6,agent,2,train,0
movie:2641:1,movie,2641,1,user,2,train,0
movie:2641:2,movie,2641,2,agent,2,train,0
movie:2641:3,movie,2641,3,user,0,train,0
movie:2641:4,movie,2641,4,agent,3,train,1
movie:2641:5,movie,2641,5,user,1,train,0
movie:2641:6,movie,2641,6,agent,2,train,0
movie:2641:7,movie,2641,7,user,0,train,1
movie:2641:8,movie,2641,8,agent,1,train,0
movie:2641:9,movie,2641,9,user,2,train,0
movie:2641:10,movie,2641,10,agent,1,train,0
movie:2641:11,movie,2641,11,user,3,train,1
movie:2641:12,movie,2641,12,agent,2,train,0
movie:2642:1,movie,2642,1,user,2,train,0
movie:2642:2,movie,2642,2,agent,2,train,0
movie:2642:3,movie,2642,3,user,2,train,0
movie:2642:4,movie,2642,4,agent,2,train,0
movie:2643:1,movie,2643,1,user,0,train,0
movie:2643:2,movie,2643,2,agent,3,train,0
movie:2643:3,movie,2643,3,user,2,train,0
movie:2643:4,movie,2643,4,agent,2,train,0
movie:2643:5,movie,2643,5,user,3,train,1
movie:2643:6,movie,2643,6,agent,2,train,0
movie:2643:7,movie,2643,7,user,3,train,0
movie:2644:1,movie,2644,1,user,1,train,0
movie:2644:2,movie,2644,2,agent,1,train,0
movie:2644:3,movie,2644,3,user,0,train,1
movie:2644:4,movie,2644,4,agent,2,train,0
movie:2644:5,movie,2644,5,user,1,train,0
movie:2644:6,movie,2644,6,agent,1,train,0
movie:2644:7,movie,2644,7,user,0,train,1
movie:2644:8,movie,2644,8,agent,2,train,0
movie:2644:9,movie,2644,9,user,0,train,0
movie:2644:10,movie,2644,10,agent,3,train,0
movie:2644:11,movie,2644,11,user,3,train,0
movie:2644:12,movie,2644,12,agent,2,train,0
movie:2645:1,movie,2645,1,user,3,train,0
movie:2645:2,movie,2645,2,agent,2,train,1
movie:2645:3,movie,2645,3,user,3,train,0
movie:2645:4,movie,2645,4,agent,2,train,0
movie:2645:5,movie,2645,5,user,0,train,0
movie:2645:6,movie,2645,6,agent,2,train,0
movie:2645:7,movie,2645,7,user,3,train,1
movie:2646:1,movie,2646,1,user,1,train,0
movie:2646:2,movie,2646,2,agent,3,train,1
movie:2646:3,movie,2646,3,user,3,train,1
movie:2646:4,movie,2646,4,agent,2,train,0
movie:2647:1,movie,2647,1,user,1,train,0
movie:2647:2,movie,2647,2,agent,2,train,1
movie:2647:3,movie,2647,3,user,0,train,0
movie:2647:4,movie,2647,4,agent,1,train,1
movie:2647:5,movie,2647,5,agent,1,train,0
movie:2647:6,movie,2647,6,user,3,train,0
movie:2647:7,movie,2647,7,agent,2,train,1
movie:2647:8,movie,2647,8,user,2,train,0
movie:2647:9,movie,2647,9,agent,2,train,1
movie:2647:10,movie,2647,10,user,0,train,0
movie:2647:11,movie,2647,11,agent,2,train,0
movie:2647:12,movie,2647,12,user,3,train,1
movie:2648:1,movie,2648,1,user,0,train,0
movie:2648:2,movie,2648,2,agent,2,train,0
movie:2648:3,movie,2648,3,user,3,train,0
movie:2648:4,movie,2648,4,agent,2,train,0
movie:2648:5,movie,2648,5,user,0,train,0
movie:2648:6,movie,2648,6,agent,2,train,0
movie:2648:7,movie,2648,7,user,2,train,0
movie:2648:8,movie,2648,8,agent,2,train,1
movie:2648:9,movie,2648,9,user,3,train,0
movie:2649:1,movie,2649,1,user,1,test,1
movie:2649:2,movie,2649,2,agent,2,test,0
movie:2649:3,movie,2649,3,user,3,test,0
movie:2649:4,movie,2649,4,agent,2,test,0
movie:2649:5,movie,2649,5,user,0,test,0
movie:2649:6,movie,2649,6,agent,2,test,1
movie:2649:7,movie,2649,7,user,2,test,0
movie:2649:8,movie,2649,8,agent,1,test,0
movie:2649:9,movie,2649,9,user,0,test,1
movie:2649:10,movie,2649,10,agent,2,test,1
movie:2649:11,movie,2649,11,user,3,test,0
movie:2650:1,movie,2650,1,user,1,test,0
movie:2650:2,movie,2650,2,agent,2,test,0
movie:2650:3,movie,2650,3,user,3,test,0
movie:2650:4,movie,2650,4,agent,2,test,0
movie:2651:1,movie,2651,1,user,1,train,0
movie:2651:2,movie,2651,2,agent,2,train,0
movie:2651:3,movie,2651,3,user,3,train,0
movie:2651:4,movie,2651,4,agent,2,train,0
movie:2651:5,movie,2651,5,user,3,train,1
movie:2652:1,movie,2652,1,user,2,train,1
movie:2652:2,movie,2652,2,agent,2,train,0
movie:2652:3,movie,2652,3,agent,1,train,1
movie:2652:4,movie,2652,4,agent,1,train,0
movie:2652:5,movie,2652,5,agent,2,train,1
movie:2652:6,movie,2652,6,user,3,train,0
movie:2653:1,movie,2653,1,user,1,test,0
movie:2653:2,movie,2653,2,user,0,test,0
movie:2653:3,movie,2653,3,agent,1,test,0
movie:2653:4,movie,2653,4,user,3,test,1
movie:2653:5,movie,2653,5,agent,2,test,0
movie:2654:1,movie,2654,1,user,1,train,0
movie:2654:2,movie,2654,2,agent,2,train,1
movie:2654:3,movie,2654,3,user,3,train,1
movie:2654:4,movie,2654,4,agent,2,train,0
movie:2655:1,movie,2655,1,user,3,train,1
movie:2655:2,movie,2655,2,agent,2,train,1
movie:2655:3,movie,2655,3,user,0,train,1
movie:2655:4,movie,2655,4,agent,1,train,0
movie:2655:5,movie,2655,5,user,2,train,0
movie:2655:6,movie,2655,6,agent,2,train,0
movie:2655:7,movie,2655,7,user,3,train,0
movie:2656:1,movie,2656,1,user,3,train,1
movie:2656:2,movie,2656,2,agent,1,train,0
movie:2656:3,movie,2656,3,user,3,train,1
movie:2656:4,movie,2656,4,agent,2,train,0
movie:2656:5,movie,2656,5,user,2,train,0
movie:2656:6,movie,2656,6,agent,2,train,0
movie:2657:1,movie,2657,1,user,3,train,1
movie:2657:2,movie,2657,2,agent,1,train,0
movie:2657:3,movie,2657,3,user,3,train,0
movie:2657:4,movie,2657,4,agent,2,train,0
movie:2658:1,movie,2658,1,user,2,test,0
movie:2658:2,movie,2658,2,agent,2,test,0
movie:2658:3,movie,2658,3,user,2,test,1
movie:2658:4,movie,2658,4,agent,2,test,0
movie:2658:5,movie,2658,5,user,2,test,1
movie:2658:6,movie,2658,6,agent,1,test,0
movie:2658:7,movie,2658,7,user,0,test,1
movie:2658:8,movie,2658,8,agent,2,test,0
movie:2659:1,movie,2659,1,user,3,train,1
movie:2659:2,movie,2659,2,agent,2,train,0
movie:2659:3,movie,2659,3,user,3,train,1
movie:2659:4,movie,2659,4,agent,1,train,0
movie:2659:5,movie,2659,5,user,3,train,0
movie:2659:6,movie,2659,6,agent,2,train,0
movie:2659:7,movie,2659,7,user,3,train,1
movie:2659:8,movie,2659,8,agent,2,train,1
movie:2659:9,movie,2659,9,user,3,train,1
movie:2660:1,movie,2660,1,user,3,test,1
movie:2660:2,movie,2660,2,agent,1,test,0
movie:2660:3,movie,2660,3,user,3,test,1
movie:2660:4,movie,2660,4,agent,2,test,0
movie:2660:5,movie,2660,5,user,3,test,1
movie:2661:1,movie,2661,1,user,0,train,0
movie:2661:2,movie,2661,2,agent,2,train,1
movie:2661:3,movie,2661,3,user,2,train,0
movie:2661:4,movie,2661,4,agent,2,train,1
movie:2662:1,movie,2662,1,user,1,train,0
movie:2662:2,movie,2662,2,agent,2,train,1
movie:2662:3,movie,2662,3,user,0,train,0
movie:2662:4,movie,2662,4,agent,1,train,0
movie:2662:5,movie,2662,5,user,0,train,0
movie:2662:6,movie,2662,6,agent,1,train,0
movie:2662:7,movie,2662,7,user,3,train,0
movie:2662:8,movie,2662,8,agent,2,train,1
movie:2663:1,movie,2663,1,user,1,train,0
movie:2663:2,movie,2663,2,agent,1,train,0
movie:2663:3,movie,2663,3,user,3,train,0
movie:2663:4,movie,2663,4,agent,2,train,1
movie:2663:5,movie,2663,5,user,3,train,0
movie:2663:6,movie,2663,6,agent,2,train,0
movie:2663:7,movie,2663,7,user,3,train,1
movie:2664:1,movie,2664,1,user,3,train,0
movie:2664:2,movie,2664,2,agent,2,train,0
movie:2664:3,movie,2664,3,user,2,train,0
movie:2664:4,movie,2664,4,agent,2,train,0
movie:2665:1,movie,2665,1,user,1,train,1
movie:2665:2,movie,2665,2,agent,2,train,1
movie:2665:3,movie,2665,3,user,3,train,0
movie:2665:4,movie,2665,4,agent,1,train,0
movie:2665:5,movie,2665,5,user,1,train,0
movie:2665:6,movie,2665,6,agent,2,train,0
movie:2666:1,movie,2666,1,user,3,train,1
movie:2666:2,movie,2666,2,agent,2,train,0
movie:2666:3,movie,2666,3,user,2,train,0
movie:2666:4,movie,2666,4,agent,2,train,0
movie:2667:1,movie,2667,1,user,1,train,1
movie:2667:2,movie,2667,2,agent,1,train,0
movie:2667:3,movie,2667,3,user,2,train,1
movie:2667:4,movie,2667,4,agent,2,train,0
movie:2667:5,movie,2667,5,user,2,train,0
movie:2667:6,movie,2667,6,agent,2,train,0
movie:2667:7,movie,2667,7,user,3,train,1
movie:2668:1,movie,2668,1,user,3,test,0
movie:2668:2,movie,2668,2,agent,0,test,0
movie:2668:3,movie,2668,3,user,0,test,0
movie:2668:4,movie,2668,4,agent,0,test,1
movie:2668:5,movie,2668,5,user,0,test,0
movie:2668:6,movie,2668,6,agent,2,test,0
movie:2668:7,movie,2668,7,user,3,test,1
movie:2668:8,movie,2668,8,agent,2,test,0
movie:2668:9,movie,2668,9,user,3,test,0
movie:2669:1,movie,2669,1,user,1,train,0
movie:2669:2,movie,2669,2,agent,2,train,1
movie:2669:3,movie,2669,3,user,0,train,0
movie:2669:4,movie,2669,4,agent,2,train,0
movie:2669:5,movie,2669,5,user,3,train,0
movie:2670:1,movie,2670,1,user,1,train,0
movie:2670:2,movie,2670,2,agent,2,train,0
movie:2670:3,movie,2670,3,user,3,train,0
movie:2670:4,movie,2670,4,agent,1,train,0
movie:2670:5,movie,2670,5,user,2,train,0
movie:2670:6,movie,2670,6,agent,2,train,0
movie:2671:1,movie,2671,1,user,1,train,0
movie:2671:2,movie,2671,2,agent,1,train,0
movie:2671:3,movie,2671,3,user,3,train,0
movie:2671:4,movie,2671,4,agent,2,train,0
movie:2671:5,movie,2671,5,user,3,train,0
movie:2671:6,movie,2671,6,agent,2,train,0
movie:2671:7,movie,2671,7,user,2,train,0
movie:2671:8,movie,2671,8,agent,2,train,1
movie:2672:1,movie,2672,1,user,3,train,1
movie:2672:2,movie,2672,2,agent,1,train,0
movie:2672:3,movie,2672,3,user,3,train,1
movie:2672:4,movie,2672,4,agent,2,train,1
movie:2673:1,movie,2673,1,user,3,train,0
movie:2673:2,movie,2673,2,agent,1,train,0
movie:2673:3,movie,2673,3,user,3,train,1
movie:2673:4,movie,2673,4,agent,2,train,0
movie:2674:1,movie,2674,1,user,0,train,0
movie:2674:2,movie,2674,2,agent,1,train,0
movie:2674:3,movie,2674,3,user,3,train,1
movie:2674:4,movie,2674,4,agent,2,train,0
movie:2674:5,movie,2674,5,user,0,train,0
movie:2674:6,movie,2674,6,agent,1,train,0
movie:2674:7,movie,2674,7,user,0,train,0
movie:2674:8,movie,2674,8,agent,2,train,0
movie:2674:9,movie,2674,9,user,3,train,0
movie:2674:10,movie,2674,10,agent,2,train,0
movie:2675:1,movie,2675,1,user,1,train,0
movie:2675:2,movie,2675,2,agent,0,train,0
movie:2675:3,movie,2675,3,agent,3,train,0
movie:2675:4,movie,2675,4,user,3,train,0
movie:2675:5,movie,2675,5,agent,3,train,0
movie:2675:6,movie,2675,6,user,2,train,1
movie:2675:7,movie,2675,7,agent,2,train,0
movie:2675:8,movie,2675,8,user,2,train,0
movie:2675:9,movie,2675,9,agent,1,train,0
movie:2675:10,movie,2675,10,user,0,train,0
movie:2675:11,movie,2675,11,agent,2,train,0
movie:2676:1,movie,2676,1,user,2,train,0
movie:2676:2,movie,2676,2,agent,2,train,1
movie:2676:3,movie,2676,3,user,3,train,1
movie:2676:4,movie,2676,4,agent,2,train,1
movie:2677:1,movie,2677,1,user,3,train,1
movie:2677:2,movie,2677,2,agent,2,train,1
movie:2677:3,movie,2677,3,user,2,train,0
movie:2677:4,movie,2677,4,agent,2,train,1
movie:2677:5,movie,2677,5,user,3,train,1
movie:2677:6,movie,2677,6,agent,1,train,0
movie:2677:7,movie,2677,7,user,2,train,1
movie:2677:8,movie,2677,8,agent,2,train,0
movie:2677:9,movie,2677,9,user,3,train,1
movie:2678:1,movie,2678,1,user,3,test,1
movie:2678:2,movie,2678,2,agent,1,test,0
movie:2678:3,movie,2678,3,user,3,test,0
movie:2678:4,movie,2678,4,agent,2,test,0
movie:2679:1,movie,2679,1,user,2,train,1
movie:2679:2,movie,2679,2,agent,2,train,0
movie:2679:3,movie,2679,3,user,3,train,1
movie:2679:4,movie,2679,4,agent,2,train,1
movie:2679:5,movie,2679,5,user,0,train,0
movie:2679:6,movie,2679,6,agent,1,train,0
movie:2679:7,movie,2679,7,user,2,train,0
movie:2679:8,movie,2679,8,agent,1,train,0
movie:2679:9,movie,2679,9,user,3,train,1
movie:2679:10,movie,2679,10,agent,2,train,0
movie:2679:11,movie,2679,11,user,0,train,0
movie:2679:12,movie,2679,12,agent,2,train,1
movie:2680:1,movie,2680,1,user,2,train,0
movie:2680:2,movie,2680,2,agent,2,train,1
movie:2680:3,movie,2680,3,user,0,train,0
movie:2680:4,movie,2680,4,agent,2,train,1
movie:2681:1,movie,2681,1,user,3,train,1
movie:2681:2,movie,2681,2,agent,1,train,0
movie:2681:3,movie,2681,3,user,3,train,0
movie:2681:4,movie,2681,4,agent,2,train,0
movie:2681:5,movie,2681,5,user,3,train,1
movie:2681:6,movie,2681,6,agent,3,train,1
movie:2682:1,movie,2682,1,user,1,train,0
movie:2682:2,movie,2682,2,agent,2,train,0
movie:2682:3,movie,2682,3,user,0,train,0
movie:2682:4,movie,2682,4,agent,2,train,1
movie:2682:5,movie,2682,5,user,2,train,0
movie:2682:6,movie,2682,6,agent,1,train,0
movie:2682:7,movie,2682,7,user,0,train,1
movie:2682:8,movie,2682,8,agent,2,train,1
movie:2682:9,movie,2682,9,user,3,train,1
movie:2683:1,movie,2683,1,user,3,test,0
movie:2683:2,movie,2683,2,agent,3,test,0
movie:2683:3,movie,2683,3,user,3,test,1
movie:2683:4,movie,2683,4,user,1,test,0
movie:2683:5,movie,2683,5,agent,1,test,0
movie:2683:6,movie,2683,6,user,2,test,0
movie:2683:7,movie,2683,7,agent,1,test,0
movie:2683:8,movie,2683,8,user,2,test,0
movie:2683:9,movie,2683,9,agent,2,test,1
movie:2683:10,movie,2683,10,user,2,test,1
movie:2683:11,movie,2683,11,agent,2,test,0
movie:2683:12,movie,2683,12,user,3,test,1
movie:2683:13,movie,2683,13,agent,2,test,0
movie:2684:1,movie,2684,1,user,3,train,0
movie:2684:2,movie,2684,2,agent,3,train,1
movie:2684:3,movie,2684,3,user,3,train,0
movie:2684:4,movie,2684,4,agent,2,train,0
movie:2684:5,movie,2684,5,user,2,train,1
movie:2684:6,movie,2684,6,agent,1,train,0
movie:2684:7,movie,2684,7,user,0,train,0
movie:2684:8,movie,2684,8,agent,2,train,0
movie:2685:1,movie,2685,1,user,1,train,0
movie:2685:2,movie,2685,2,agent,0,train,0
movie:2685:3,movie,2685,3,user,3,train,1
movie:2685:4,movie,2685,4,agent,2,train,0
movie:2686:1,movie,2686,1,user,3,test,1
movie:2686:2,movie,2686,2,agent,1,test,0
movie:2686:3,movie,2686,3,user,0,test,0
movie:2686:4,movie,2686,4,agent,1,test,0
movie:2686:5,movie,2686,5,user,2,test,1
movie:2686:6,movie,2686,6,agent,1,test,0
movie:2686:7,movie,2686,7,user,3,test,1
movie:2686:8,movie,2686,8,agent,2,test,0
movie:2686:9,movie,2686,9,user,3,test,1
movie:2687:1,movie,2687,1,user,3,train,1
movie:2687:2,movie,2687,2,agent,2,train,0
movie:2687:3,movie,2687,3,user,2,train,0
movie:2687:4,movie,2687,4,agent,2,train,0
movie:2688:1,movie,2688,1,user,1,train,1
movie:2688:2,movie,2688,2,agent,2,train,0
movie:2688:3,movie,2688,3,user,3,train,0
movie:2688:4,movie,2688,4,user,2,train,0
movie:2688:5,movie,2688,5,agent,2,train,0
movie:2688:6,movie,2688,6,user,3,train,0
movie:2688:7,movie,2688,7,agent,2,train,1
movie:2688:8,movie,2688,8,user,3,train,0
movie:2689:1,movie,2689,1,user,2,train,1
movie:2689:2,movie,2689,2,agent,2,train,0
movie:2689:3,movie,2689,3,user,0,train,0
movie:2689:4,movie,2689,4,agent,2,train,1
movie:2689:5,movie,2689,5,user,3,train,1
movie:2689:6,movie,2689,6,agent,2,train,0
movie:2689:7,movie,2689,7,user,2,train,0
movie:2689:8,movie,2689,8,agent,2,train,0
movie:2690:1,movie,2690,1,user,2,train,0
movie:2690:2,movie,2690,2,agent,2,train,0
movie:2690:3,movie,2690,3,user,3,train,0
movie:2690:4,movie,2690,4,agent,2,train,1
movie:2691:1,movie,2691,1,user,1,train,0
movie:2691:2,movie,2691,2,agent,2,train,0
movie:2691:3,movie,2691,3,user,3,train,0
movie:2691:4,movie,2691,4,agent,2,train,0
movie:2692:1,movie,2692,1,user,2,train,0
movie:2692:2,movie,2692,2,agent,2,train,0
movie:2692:3,movie,2692,3,user,3,train,0
movie:2692:4,movie,2692,4,agent,2,train,0
movie:2693:1,movie,2693,1,user,2,test,1
movie:2693:2,movie,2693,2,agent,2,test,1
movie:2693:3,movie,2693,3,user,3,test,1
movie:2693:4,movie,2693,4,agent,2,test,0
movie:2694:1,movie,2694,1,user,2,train,1
movie:2694:2,movie,2694,2,agent,2,train,1
movie:2694:3,movie,2694,3,user,0,train,0
movie:2694:4,movie,2694,4,agent,2,train,0
movie:2695:1,movie,2695,1,user,3,validation,1
movie:2695:2,movie,2695,2,agent,2,validation,0
movie:2695:3,movie,2695,3,user,1,validation,0
movie:2695:4,movie,2695,4,agent,1,validation,0
movie:2695:5,movie,2695,5,user,2,validation,0
movie:2695:6,movie,2695,6,agent,2,validation,0
movie:2695:7,movie,2695,7,user,3,validation,1
movie:2695:8,movie,2695,8,agent,2,validation,1
movie:2695:9,movie,2695,9,user,3,validation,0
movie:2696:1,movie,2696,1,user,3,train,1
movie:2696:2,movie,2696,2,agent,0,train,0
movie:2696:3,movie,2696,3,user,2,train,0
movie:2696:4,movie,2696,4,agent,2,train,1
movie:2696:5,movie,2696,5,user,2,train,0
movie:2696:6,movie,2696,6,agent,1,train,0
movie:2696:7,movie,2696,7,user,2,train,0
movie:2696:8,movie,2696,8,agent,2,train,0
movie:2696:9,movie,2696,9,user,3,train,1
movie:2697:1,movie,2697,1,user,1,train,0
movie:2697:2,movie,2697,2,agent,1,train,0
movie:2697:3,movie,2697,3,user,1,train,0
movie:2697:4,movie,2697,4,agent,1,train,0
movie:2697:5,movie,2697,5,user,3,train,0
movie:2697:6,movie,2697,6,agent,1,train,0
movie:2697:7,movie,2697,7,user,3,train,1
movie:2697:8,movie,2697,8,agent,2,train,0
movie:2698:1,movie,2698,1,user,2,train,0
movie:2698:2,movie,2698,2,agent,2,train,0
movie:2698:3,movie,2698,3,user,0,train,0
movie:2698:4,movie,2698,4,agent,2,train,1
movie:2698:5,movie,2698,5,user,2,train,0
movie:2698:6,movie,2698,6,agent,2,train,1
movie:2699:1,movie,2699,1,user,1,train,0
movie:2699:2,movie,2699,2,agent,1,train,0
movie:2699:3,movie,2699,3,user,2,train,0
movie:2699:4,movie,2699,4,agent,2,train,0
movie:2700:1,movie,2700,1,user,2,validation,1
movie:2700:2,movie,2700,2,agent,2,validation,0
movie:2700:3,movie,2700,3,user,3,validation,0
movie:2700:4,movie,2700,4,agent,2,validation,1
movie:2700:5,movie,2700,5,user,2,validation,0
movie:2700:6,movie,2700,6,agent,2,validation,0
movie:2701:1,movie,2701,1,user,3,test,1
movie:2701:2,movie,2701,2,agent,2,test,0
movie:2701:3,movie,2701,3,user,3,test,1
movie:2701:4,movie,2701,4,agent,2,test,0
movie:2701:5,movie,2701,5,user,3,test,1
movie:2701:6,movie,2701,6,agent,2,test,1
movie:2702:1,movie,2702,1,user,2,train,1
movie:2702:2,movie,2702,2,agent,1,train,0
movie:2702:3,movie,2702,3,user,1,train,1
movie:2702:4,movie,2702,4,agent,1,train,0
movie:2702:5,movie,2702,5,user,2,train,0
movie:2702:6,movie,2702,6,agent,2,train,0
movie:2702:7,movie,2702,7,user,3,train,1
movie:2702:8,movie,2702,8,agent,2,train,1
movie:2702:9,movie,2702,9,user,3,train,1
movie:2703:1,movie,2703,1,user,1,test,0
movie:2703:2,movie,2703,2,agent,1,test,0
movie:2703:3,movie,2703,3,user,3,test,0
movie:2703:4,movie,2703,4,agent,2,test,0
movie:2703:5,movie,2703,5,user,2,test,0
movie:2703:6,movie,2703,6,agent,2,test,1
movie:2703:7,movie,2703,7,user,3,test,1
movie:2704:1,movie,2704,1,user,2,test,0
movie:2704:2,movie,2704,2,agent,2,test,0
movie:2704:3,movie,2704,3,user,2,test,0
movie:2704:4,movie,2704,4,agent,2,test,0
movie:2705:1,movie,2705,1,user,2,train,1
movie:2705:2,movie,2705,2,agent,2,train,0
movie:2705:3,movie,2705,3,user,3,train,0
movie:2705:4,movie,2705,4,agent,2,train,0
movie:2705:5,movie,2705,5,user,2,train,0
movie:2705:6,movie,2705,6,agent,2,train,1
movie:2706:1,movie,2706,1,user,2,validation,0
movie:2706:2,movie,2706,2,agent,2,validation,0
movie:2706:3,movie,2706,3,user,2,validation,1
movie:2706:4,movie,2706,4,agent,2,validation,0
movie:2707:1,movie,2707,1,user,2,train,0
movie:2707:2,movie,2707,2,agent,2,train,1
movie:2707:3,movie,2707,3,user,2,train,0
movie:2707:4,movie,2707,4,agent,2,train,1
movie:2707:5,movie,2707,5,user,3,train,1
movie:2708:1,movie,2708,1,user,2,train,0
movie:2708:2,movie,2708,2,agent,2,train,1
movie:2708:3,movie,2708,3,user,2,train,0
movie:2708:4,movie,2708,4,agent,2,train,1
movie:2708:5,movie,2708,5,user,0,train,0
movie:2709:1,movie,2709,1,user,3,train,1
movie:2709:2,movie,2709,2,agent,2,train,0
movie:2709:3,movie,2709,3,user,3,train,1
movie:2709:4,movie,2709,4,agent,1,train,0
movie:2709:5,movie,2709,5,user,0,train,0
movie:2709:6,movie,2709,6,agent,1,train,0
movie:2709:7,movie,2709,7,user,2,train,1
movie:2709:8,movie,2709,8,agent,2,train,1
movie:2709:9,movie,2709,9,user,3,train,1
movie:2709:10,movie,2709,10,agent,2,train,0
movie:2709:11,movie,2709,11,user,3,train,1
movie:2710:1,movie,2710,1,user,0,train,0
movie:2710:2,movie,2710,2,agent,2,train,0
movie:2710:3,movie,2710,3,user,0,train,0
movie:2710:4,movie,2710,4,agent,2,train,0
movie:2710:5,movie,2710,5,user,2,train,0
movie:2710:6,movie,2710,6,agent,2,train,1
movie:2711:1,movie,2711,1,user,1,validation,0
movie:2711:2,movie,2711,2,agent,2,validation,0
movie:2711:3,movie,2711,3,user,3,validation,0
movie:2711:4,movie,2711,4,agent,2,validation,1
movie:2712:1,movie,2712,1,user,1,validation,0
movie:2712:2,movie,2712,2,agent,2,validation,0
movie:2712:3,movie,2712,3,user,2,validation,0
movie:2712:4,movie,2712,4,agent,2,validation,0
movie:2713:1,movie,2713,1,user,2,test,0
movie:2713:2,movie,2713,2,agent,2,test,0
movie:2713:3,movie,2713,3,user,2,test,0
movie:2714:1,movie,2714,1,user,1,train,0
movie:2714:2,movie,2714,2,agent,1,train,0
movie:2714:3,movie,2714,3,user,2,train,1
movie:2714:4,movie,2714,4,agent,2,train,0
movie:2715:1,movie,2715,1,user,2,train,0
movie:2715:2,movie,2715,2,agent,0,train,0
movie:2715:3,movie,2715,3,user,0,train,0
movie:2715:4,movie,2715,4,agent,2,train,0
movie:2715:5,movie,2715,5,user,2,train,0
movie:2715:6,movie,2715,6,agent,2,train,0
movie:2715:7,movie,2715,7,user,3,train,1
movie:2715:8,movie,2715,8,agent,2,train,0
movie:2715:9,movie,2715,9,user,3,train,1
movie:2716:1,movie,2716,1,user,2,train,0
movie:2716:2,movie,2716,2,agent,2,train,1
movie:2716:3,movie,2716,3,user,3,train,1
movie:2716:4,movie,2716,4,agent,2,train,0
movie:2717:1,movie,2717,1,user,1,train,1
movie:2717:2,movie,2717,2,agent,0,train,0
movie:2717:3,movie,2717,3,user,0,train,1
movie:2717:4,movie,2717,4,agent,2,train,0
movie:2717:5,movie,2717,5,user,3,train,1
movie:2717:6,movie,2717,6,agent,1,train,0
movie:2717:7,movie,2717,7,user,3,train,0
movie:2717:8,movie,2717,8,agent,1,train,0
movie:2717:9,movie,2717,9,user,2,train,0
movie:2717:10,movie,2717,10,agent,1,train,1
movie:2717:11,movie,2717,11,user,2,train,0
movie:2717:12,movie,2717,12,agent,2,train,0
movie:2717:13,movie,2717,13,user,3,train,0
movie:2718:1,movie,2718,1,user,2,train,1
movie:2718:2,movie,2718,2,agent,2,train,1
movie:2718:3,movie,2718,3,user,2,train,0
movie:2718:4,movie,2718,4,agent,2,train,0
movie:2719:1,movie,2719,1,user,2,train,0
movie:2719:2,movie,2719,2,agent,2,train,1
movie:2719:3,movie,2719,3,user,0,train,0
movie:2719:4,movie,2719,4,agent,2,train,0
movie:2719:5,movie,2719,5,user,2,train,0
movie:2719:6,movie,2719,6,agent,2,train,0
movie:2719:7,movie,2719,7,user,3,train,0
movie:2720:1,movie,2720,1,user,2,test,1
movie:2720:2,movie,2720,2,agent,2,test,0
movie:2720:3,movie,2720,3,user,2,test,1
movie:2721:1,movie,2721,1,user,1,test,0
movie:2721:2,movie,2721,2,agent,2,test,0
movie:2721:3,movie,2721,3,user,0,test,1
movie:2721:4,movie,2721,4,agent,2,test,0
movie:2721:5,movie,2721,5,user,2,test,1
movie:2721:6,movie,2721,6,agent,2,test,1
movie:2722:1,movie,2722,1,user,2,train,0
movie:2722:2,movie,2722,2,agent,2,train,0
movie:2722:3,movie,2722,3,user,3,train,1
movie:2722:4,movie,2722,4,agent,2,train,0
movie:2723:1,movie,2723,1,user,2,train,0
movie:2723:2,movie,2723,2,agent,2,train,0
movie:2723:3,movie,2723,3,user,2,train,1
movie:2723:4,movie,2723,4,agent,1,train,0
movie:2723:5,movie,2723,5,user,2,train,0
movie:2723:6,movie,2723,6,agent,2,train,0
movie:2724:1,movie,2724,1,user,2,train,0
movie:2724:2,movie,2724,2,agent,2,train,0
movie:2724:3,movie,2724,3,user,2,train,0
movie:2724:4,movie,2724,4,agent,2,train,0
movie:2724:5,movie,2724,5,user,2,train,0
movie:2725:1,movie,2725,1,user,1,test,0
movie:2725:2,movie,2725,2,agent,2,test,0
movie:2725:3,movie,2725,3,user,0,test,1
movie:2725:4,movie,2725,4,agent,2,test,0
movie:2726:1,movie,2726,1,user,2,test,0
movie:2726:2,movie,2726,2,agent,2,test,0
movie:2726:3,movie,2726,3,user,2,test,0
movie:2726:4,movie,2726,4,agent,2,test,0
movie:2727:1,movie,2727,1,user,2,train,0
movie:2727:2,movie,2727,2,agent,2,train,0
movie:2727:3,movie,2727,3,user,3,train,0
movie:2728:1,movie,2728,1,user,2,train,0
movie:2728:2,movie,2728,2,agent,1,train,0
movie:2728:3,movie,2728,3,agent,1,train,0
movie:2728:4,movie,2728,4,user,3,train,1
movie:2728:5,movie,2728,5,agent,1,train,0
movie:2728:6,movie,2728,6,user,3,train,1
movie:2728:7,movie,2728,7,agent,2,train,1
movie:2728:8,movie,2728,8,user,0,train,0
movie:2728:9,movie,2728,9,agent,2,train,1
movie:2728:10,movie,2728,10,user,3,train,1
movie:2729:1,movie,2729,1,user,3,train,0
movie:2729:2,movie,2729,2,agent,0,train,0
movie:2729:3,movie,2729,3,user,0,train,0
movie:2729:4,movie,2729,4,agent,2,train,0
movie:2729:5,movie,2729,5,user,2,train,0
movie:2729:6,movie,2729,6,agent,2,train,0
movie:2729:7,movie,2729,7,agent,2,train,0
movie:2729:8,movie,2729,8,user,3,train,0
movie:2730:1,movie,2730,1,user,1,train,0
movie:2730:2,movie,2730,2,agent,1,train,0
movie:2730:3,movie,2730,3,user,3,train,1
movie:2730:4,movie,2730,4,agent,1,train,0
movie:2730:5,movie,2730,5,user,0,train,1
movie:2730:6,movie,2730,6,agent,2,train,1
movie:2730:7,movie,2730,7,user,2,train,0
movie:2730:8,movie,2730,8,agent,2,train,0
movie:2730:9,movie,2730,9,user,2,train,0
movie:2730:10,movie,2730,10,agent,2,train,0
movie:2731:1,movie,2731,1,user,2,train,0
movie:2731:2,movie,2731,2,agent,2,train,0
movie:2731:3,movie,2731,3,user,3,train,1
movie:2732:1,movie,2732,1,user,1,train,0
movie:2732:2,movie,2732,2,agent,2,train,0
movie:2732:3,movie,2732,3,agent,1,train,1
movie:2732:4,movie,2732,4,agent,1,train,0
movie:2732:5,movie,2732,5,user,2,train,0
movie:2732:6,movie,2732,6,agent,1,train,0
movie:2732:7,movie,2732,7,user,3,train,0
movie:2732:8,movie,2732,8,agent,1,train,0
movie:2732:9,movie,2732,9,user,0,train,0
movie:2732:10,movie,2732,10,agent,2,train,0
movie:2732:11,movie,2732,11,user,3,train,1
movie:2733:1,movie,2733,1,user,3,train,0
movie:2733:2,movie,2733,2,agent,1,train,0
movie:2733:3,movie,2733,3,user,3,train,1
movie:2733:4,movie,2733,4,agent,2,train,0
movie:2734:1,movie,2734,1,user,1,validation,0
movie:2734:2,movie,2734,2,agent,0,validation,0
movie:2734:3,movie,2734,3,user,0,validation,0
movie:2734:4,movie,2734,4,agent,2,validation,1
movie:2734:5,movie,2734,5,user,0,validation,1
movie:2734:6,movie,2734,6,agent,2,validation,0
movie:2735:1,movie,2735,1,user,1,validation,0
movie:2735:2,movie,2735,2,agent,2,validation,0
movie:2735:3,movie,2735,3,user,3,validation,1
movie:2735:4,movie,2735,4,agent,2,validation,0
movie:2735:5,movie,2735,5,user,0,validation,0
movie:2735:6,movie,2735,6,agent,2,validation,1
movie:2736:1,movie,2736,1,user,2,test,0
movie:2736:2,movie,2736,2,agent,2,test,0
movie:2736:3,movie,2736,3,user,3,test,1
movie:2736:4,movie,2736,4,agent,2,test,0
movie:2736:5,movie,2736,5,user,3,test,0
movie:2736:6,movie,2736,6,agent,2,test,0
movie:2736:7,movie,2736,7,user,3,test,1
movie:2737:1,movie,2737,1,user,3,test,0
movie:2737:2,movie,2737,2,agent,3,test,0
movie:2737:3,movie,2737,3,user,3,test,0
movie:2737:4,movie,2737,4,user,3,test,0
movie:2737:5,movie,2737,5,agent,1,test,0
movie:2737:6,movie,2737,6,user,3,test,1
movie:2737:7,movie,2737,7,agent,2,test,1
movie:2738:1,movie,2738,1,user,1,test,0
movie:2738:2,movie,2738,2,agent,2,test,0
movie:2738:3,movie,2738,3,user,0,test,0
movie:2738:4,movie,2738,4,agent,1,test,0
movie:2738:5,movie,2738,5,user,0,test,0
movie:2738:6,movie,2738,6,agent,2,test,0
movie:2739:1,movie,2739,1,user,2,train,1
movie:2739:2,movie,2739,2,agent,2,train,0
movie:2739:3,movie,2739,3,user,0,train,1
movie:2739:4,movie,2739,4,agent,1,train,1
movie:2739:5,movie,2739,5,user,2,train,0
movie:2739:6,movie,2739,6,agent,2,train,1
movie:2739:7,movie,2739,7,user,0,train,0
movie:2739:8,movie,2739,8,agent,1,train,0
movie:2739:9,movie,2739,9,user,2,train,1
movie:2739:10,movie,2739,10,agent,2,train,0
movie:2739:11,movie,2739,11,user,0,train,0
movie:2739:12,movie,2739,12,agent,2,train,0
movie:2739:13,movie,2739,13,user,3,train,0
movie:2740:1,movie,2740,1,user,2,train,0
movie:2740:2,movie,2740,2,agent,2,train,0
movie:2740:3,movie,2740,3,user,2,train,0
movie:2740:4,movie,2740,4,agent,2,train,0
movie:2741:1,movie,2741,1,user,2,validation,0
movie:2741:2,movie,2741,2,agent,2,validation,1
movie:2741:3,movie,2741,3,user,2,validation,0
movie:2741:4,movie,2741,4,agent,2,validation,0
movie:2742:1,movie,2742,1,user,2,train,0
movie:2742:2,movie,2742,2,agent,2,train,1
movie:2742:3,movie,2742,3,user,2,train,0
movie:2742:4,movie,2742,4,agent,2,train,0
movie:2743:1,movie,2743,1,user,3,train,1
movie:2743:2,movie,2743,2,agent,1,train,0
movie:2743:3,movie,2743,3,user,2,train,0
movie:2743:4,movie,2743,4,agent,1,train,0
movie:2743:5,movie,2743,5,user,0,train,1
movie:2743:6,movie,2743,6,agent,1,train,0
movie:2743:7,movie,2743,7,user,0,train,0
movie:2743:8,movie,2743,8,agent,2,train,0
movie:2743:9,movie,2743,9,user,3,train,1
movie:2743:10,movie,2743,10,agent,2,train,1
movie:2743:11,movie,2743,11,user,3,train,0
movie:2744:1,movie,2744,1,user,3,train,1
movie:2744:2,movie,2744,2,agent,0,train,0
movie:2744:3,movie,2744,3,user,2,train,1
movie:2744:4,movie,2744,4,agent,1,train,0
movie:2744:5,movie,2744,5,user,2,train,0
movie:2744:6,movie,2744,6,agent,2,train,1
movie:2745:1,movie,2745,1,user,1,train,1
movie:2745:2,movie,2745,2,agent,1,train,0
movie:2745:3,movie,2745,3,user,2,train,0
movie:2745:4,movie,2745,4,agent,2,train,1
movie:2745:5,movie,2745,5,user,0,train,0
movie:2745:6,movie,2745,6,agent,1,train,0
movie:2745:7,movie,2745,7,user,0,train,0
movie:2745:8,movie,2745,8,agent,2,train,0
movie:2746:1,movie,2746,1,user,2,train,1
movie:2746:2,movie,2746,2,agent,2,train,0
movie:2746:3,movie,2746,3,user,0,train,0
movie:2746:4,movie,2746,4,agent,2,train,1
movie:2747:1,movie,2747,1,user,3,validation,1
movie:2747:2,movie,2747,2,agent,2,validation,1
movie:2747:3,movie,2747,3,user,0,validation,0
movie:2747:4,movie,2747,4,agent,1,validation,0
movie:2747:5,movie,2747,5,user,2,validation,1
movie:2747:6,movie,2747,6,agent,2,validation,0
movie:2748:1,movie,2748,1,user,3,test,0
movie:2748:2,movie,2748,2,agent,2,test,0
movie:2748:3,movie,2748,3,user,2,test,0
movie:2748:4,movie,2748,4,agent,1,test,1
movie:2748:5,movie,2748,5,user,2,test,1
movie:2748:6,movie,2748,6,agent,2,test,0
movie:2748:7,movie,2748,7,user,3,test,0
movie:2748:8,movie,2748,8,agent,2,test,1
movie:2748:9,movie,2748,9,user,3,test,1
movie:2749:1,movie,2749,1,user,1,test,0
movie:2749:2,movie,2749,2,agent,1,test,0
movie:2749:3,movie,2749,3,user,3,test,0
movie:2749:4,movie,2749,4,agent,2,test,0
movie:2749:5,movie,2749,5,user,2,test,0
movie:2749:6,movie,2749,6,agent,2,test,1
movie:2749:7,movie,2749,7,user,3,test,1
movie:2749:8,movie,2749,8,agent,2,test,0
movie:2749:9,movie,2749,9,user,3,test,1
movie:2750:1,movie,2750,1,user,1,train,0
movie:2750:2,movie,2750,2,agent,2,train,0
movie:2750:3,movie,2750,3,user,0,train,0
movie:2750:4,movie,2750,4,agent,1,train,0
movie:2750:5,movie,2750,5,user,0,train,0
movie:2750:6,movie,2750,6,agent,2,train,1
movie:2751:1,movie,2751,1,user,2,train,0
movie:2751:2,movie,2751,2,agent,3,train,1
movie:2751:3,movie,2751,3,user,2,train,0
movie:2751:4,movie,2751,4,agent,2,train,0
movie:2751:5,movie,2751,5,user,2,train,0
movie:2751:6,movie,2751,6,agent,2,train,0
movie:2751:7,movie,2751,7,user,2,train,0
movie:2752:1,movie,2752,1,user,3,train,0
movie:2752:2,movie,2752,2,agent,2,train,0
movie:2752:3,movie,2752,3,user,0,train,1
movie:2752:4,movie,2752,4,agent,2,train,0
movie:2752:5,movie,2752,5,user,3,train,0
movie:2752:6,movie,2752,6,agent,2,train,0
movie:2752:7,movie,2752,7,user,3,train,1
movie:2752:8,movie,2752,8,agent,1,train,1
movie:2752:9,movie,2752,9,user,0,train,1
movie:2752:10,movie,2752,10,agent,2,train,0
movie:2752:11,movie,2752,11,user,3,train,1
movie:2753:1,movie,2753,1,user,1,test,0
movie:2753:2,movie,2753,2,agent,2,test,0
movie:2753:3,movie,2753,3,user,0,test,0
movie:2753:4,movie,2753,4,agent,2,test,0
movie:2753:5,movie,2753,5,user,0,test,0
movie:2753:6,movie,2753,6,agent,2,test,0
movie:2754:1,movie,2754,1,user,2,test,0
movie:2754:2,movie,2754,2,agent,2,test,0
movie:2754:3,movie,2754,3,user,2,test,0
movie:2754:4,movie,2754,4,agent,2,test,0
movie:2755:1,movie,2755,1,user,2,train,0
movie:2755:2,movie,2755,2,agent,2,train,0
movie:2755:3,movie,2755,3,user,2,train,0
movie:2755:4,movie,2755,4,agent,2,train,0
movie:2756:1,movie,2756,1,user,2,train,1
movie:2756:2,movie,2756,2,agent,2,train,0
movie:2756:3,movie,2756,3,user,2,train,0
movie:2756:4,movie,2756,4,agent,2,train,1
movie:2756:5,movie,2756,5,user,3,train,1
movie:2757:1,movie,2757,1,user,0,test,1
movie:2757:2,movie,2757,2,agent,1,test,0
movie:2757:3,movie,2757,3,user,3,test,0
movie:2757:4,movie,2757,4,agent,2,test,0
movie:2757:5,movie,2757,5,user,2,test,0
movie:2757:6,movie,2757,6,agent,2,test,0
movie:2757:7,movie,2757,7,user,0,test,0
movie:2757:8,movie,2757,8,agent,2,test,0
movie:2758:1,movie,2758,1,user,2,train,1
movie:2758:2,movie,2758,2,agent,1,train,0
movie:2758:3,movie,2758,3,user,0,train,0
movie:2758:4,movie,2758,4,agent,2,train,0
movie:2758:5,movie,2758,5,user,0,train,1
movie:2758:6,movie,2758,6,agent,2,train,0
movie:2759:1,movie,2759,1,user,1,validation,0
movie:2759:2,movie,2759,2,agent,2,validation,0
movie:2759:3,movie,2759,3,user,3,validation,0
movie:2759:4,movie,2759,4,agent,3,validation,1
movie:2760:1,movie,2760,1,user,2,test,1
movie:2760:2,movie,2760,2,agent,2,test,0
movie:2760:3,movie,2760,3,user,0,test,0
movie:2760:4,movie,2760,4,agent,1,test,0
movie:2760:5,movie,2760,5,user,0,test,0
movie:2760:6,movie,2760,6,agent,1,test,0
movie:2760:7,movie,2760,7,user,0,test,1
movie:2760:8,movie,2760,8,agent,2,test,0
movie:2761:1,movie,2761,1,user,1,train,0
movie:2761:2,movie,2761,2,agent,2,train,0
movie:2761:3,movie,2761,3,user,1,train,0
movie:2761:4,movie,2761,4,agent,2,train,1
movie:2761:5,movie,2761,5,user,0,train,0
movie:2762:1,movie,2762,1,user,1,test,1
movie:2762:2,movie,2762,2,agent,2,test,0
movie:2762:3,movie,2762,3,user,0,test,1
movie:2762:4,movie,2762,4,agent,2,test,0
movie:2762:5,movie,2762,5,user,3,test,1
movie:2763:1,movie,2763,1,user,2,test,0
movie:2763:2,movie,2763,2,agent,2,test,0
movie:2763:3,movie,2763,3,user,2,test,0
movie:2763:4,movie,2763,4,agent,2,test,0
movie:2763:5,movie,2763,5,user,0,test,1
movie:2763:6,movie,2763,6,agent,2,test,0
movie:2763:7,movie,2763,7,user,3,test,0
movie:2763:8,movie,2763,8,agent,2,test,0
movie:2763:9,movie,2763,9,user,3,test,1
movie:2764:1,movie,2764,1,user,2,train,0
movie:2764:2,movie,2764,2,agent,2,train,0
movie:2764:3,movie,2764,3,user,0,train,0
movie:2764:4,movie,2764,4,agent,2,train,0
movie:2765:1,movie,2765,1,user,2,validation,1
movie:2765:2,movie,2765,2,agent,2,validation,0
movie:2765:3,movie,2765,3,user,3,validation,1
movie:2765:4,movie,2765,4,agent,2,validation,0
movie:2765:5,movie,2765,5,user,0,validation,0
movie:2765:6,movie,2765,6,agent,1,validation,1
movie:2765:7,movie,2765,7,user,3,validation,1
movie:2765:8,movie,2765,8,agent,2,validation,0
movie:2765:9,movie,2765,9,user,3,validation,0
movie:2766:1,movie,2766,1,user,1,test,0
movie:2766:2,movie,2766,2,agent,2,test,0
movie:2766:3,movie,2766,3,user,0,test,0
movie:2766:4,movie,2766,4,agent,2,test,0
movie:2766:5,movie,2766,5,user,2,test,1
movie:2766:6,movie,2766,6,agent,2,test,1
movie:2767:1,movie,2767,1,user,1,test,0
movie:2767:2,movie,2767,2,agent,2,test,0
movie:2767:3,movie,2767,3,agent,0,test,1
movie:2767:4,movie,2767,4,user,0,test,0
movie:2767:5,movie,2767,5,agent,2,test,0
movie:2767:6,movie,2767,6,user,3,test,0
movie:2768:1,movie,2768,1,user,2,test,0
movie:2768:2,movie,2768,2,agent,3,test,1
movie:2768:3,movie,2768,3,user,2,test,0
movie:2768:4,movie,2768,4,agent,2,test,1
movie:2769:1,movie,2769,1,user,1,train,0
movie:2769:2,movie,2769,2,agent,2,train,0
movie:2769:3,movie,2769,3,user,0,train,0
movie:2769:4,movie,2769,4,agent,2,train,1
movie:2769:5,movie,2769,5,user,2,train,0
movie:2769:6,movie,2769,6,agent,1,train,0
movie:2769:7,movie,2769,7,user,0,train,0
movie:2769:8,movie,2769,8,agent,2,train,0
movie:2770:1,movie,2770,1,user,2,test,1
movie:2770:2,movie,2770,2,agent,2,test,0
movie:2770:3,movie,2770,3,user,3,test,0
movie:2770:4,movie,2770,4,agent,2,test,0
movie:2771:1,movie,2771,1,user,3,train,0
movie:2771:2,movie,2771,2,agent,0,train,0
movie:2771:3,movie,2771,3,user,0,train,0
movie:2771:4,movie,2771,4,agent,2,train,0
movie:2771:5,movie,2771,5,user,2,train,0
movie:2771:6,movie,2771,6,agent,2,train,0
movie:2772:1,movie,2772,1,user,2,test,1
movie:2772:2,movie,2772,2,agent,2,test,1
movie:2772:3,movie,2772,3,user,2,test,0
movie:2772:4,movie,2772,4,agent,2,test,1
movie:2773:1,movie,2773,1,user,2,validation,1
movie:2773:2,movie,2773,2,agent,2,validation,0
movie:2773:3,movie,2773,3,user,2,validation,1
movie:2773:4,movie,2773,4,agent,2,validation,0
movie:2774:1,movie,2774,1,user,2,train,1
movie:2774:2,movie,2774,2,agent,2,train,0
movie:2774:3,movie,2774,3,user,2,train,0
movie:2774:4,movie,2774,4,agent,2,train,0
movie:2775:1,movie,2775,1,user,2,train,0
movie:2775:2,movie,2775,2,agent,2,train,0
movie:2775:3,movie,2775,3,user,2,train,1
movie:2775:4,movie,2775,4,agent,2,train,0
movie:2775:5,movie,2775,5,user,2,train,1
movie:2775:6,movie,2775,6,agent,2,train,0
movie:2776:1,movie,2776,1,user,2,train,0
movie:2776:2,movie,2776,2,agent,2,train,0
movie:2776:3,movie,2776,3,user,0,train,0
movie:2776:4,movie,2776,4,agent,2,train,0
movie:2777:1,movie,2777,1,user,1,train,0
movie:2777:2,movie,2777,2,agent,2,train,0
movie:2777:3,movie,2777,3,user,0,train,1
movie:2777:4,movie,2777,4,agent,1,train,0
movie:2777:5,movie,2777,5,user,0,train,0
movie:2777:6,movie,2777,6,agent,2,train,0
movie:2778:1,movie,2778,1,user,3,train,0
movie:2778:2,movie,2778,2,agent,2,train,0
movie:2778:3,movie,2778,3,user,2,train,0
movie:2778:4,movie,2778,4,agent,2,train,0
movie:2779:1,movie,2779,1,user,1,train,1
movie:2779:2,movie,2779,2,agent,2,train,1
movie:2779:3,movie,2779,3,user,3,train,1
movie:2779:4,movie,2779,4,agent,2,train,0
movie:2780:1,movie,2780,1,user,1,test,0
movie:2780:2,movie,2780,2,agent,2,test,0
movie:2780:3,movie,2780,3,user,2,test,0
movie:2780:4,movie,2780,4,agent,2,test,1
movie:2780:5,movie,2780,5,user,0,test,0
movie:2780:6,movie,2780,6,agent,2,test,1
movie:2781:1,movie,2781,1,user,3,train,0
movie:2781:2,movie,2781,2,agent,1,train,0
movie:2781:3,movie,2781,3,user,0,train,0
movie:2781:4,movie,2781,4,agent,0,train,0
movie:2781:5,movie,2781,5,user,3,train,0
movie:2781:6,movie,2781,6,agent,2,train,0
movie:2781:7,movie,2781,7,user,3,train,0
movie:2782:1,movie,2782,1,user,2,test,1
movie:2782:2,movie,2782,2,agent,1,test,1
movie:2782:3,movie,2782,3,user,3,test,1
movie:2782:4,movie,2782,4,agent,2,test,1
movie:2782:5,movie,2782,5,user,0,test,0
movie:2782:6,movie,2782,6,agent,2,test,0
movie:2782:7,movie,2782,7,user,3,test,0
movie:2783:1,movie,2783,1,user,1,validation,0
movie:2783:2,movie,2783,2,agent,2,validation,0
movie:2783:3,movie,2783,3,user,2,validation,0
movie:2783:4,movie,2783,4,agent,2,validation,0
movie:2784:1,movie,2784,1,user,3,train,0
movie:2784:2,movie,2784,2,agent,1,train,0
movie:2784:3,movie,2784,3,user,2,train,0
movie:2784:4,movie,2784,4,agent,2,train,1
movie:2784:5,movie,2784,5,user,3,train,0
movie:2785:1,movie,2785,1,user,1,train,0
movie:2785:2,movie,2785,2,agent,2,train,0
movie:2785:3,movie,2785,3,user,0,train,1
movie:2785:4,movie,2785,4,agent,2,train,0
movie:2785:5,movie,2785,5,user,0,train,0
movie:2785:6,movie,2785,6,agent,1,train,0
movie:2785:7,movie,2785,7,user,0,train,0
movie:2785:8,movie,2785,8,agent,2,train,0
movie:2786:1,movie,2786,1,user,3,train,1
movie:2786:2,movie,2786,2,agent,1,train,0
movie:2786:3,movie,2786,3,user,3,train,0
movie:2786:4,movie,2786,4,agent,2,train,1
movie:2786:5,movie,2786,5,user,3,train,1
movie:2786:6,movie,2786,6,agent,2,train,0
movie:2787:1,movie,2787,1,user,2,test,0
movie:2787:2,movie,2787,2,agent,2,test,0
movie:2787:3,movie,2787,3,user,2,test,0
movie:2787:4,movie,2787,4,agent,2,test,0
movie:2787:5,movie,2787,5,user,2,test,0
movie:2788:1,movie,2788,1,user,3,validation,1
movie:2788:2,movie,2788,2,agent,1,validation,1
movie:2788:3,movie,2788,3,user,3,validation,1
movie:2788:4,movie,2788,4,agent,1,validation,0
movie:2788:5,movie,2788,5,user,0,validation,0
movie:2788:6,movie,2788,6,agent,2,validation,0
movie:2788:7,movie,2788,7,agent,2,validation,1
movie:2788:8,movie,2788,8,user,3,validation,0
movie:2788:9,movie,2788,9,agent,2,validation,0
movie:2788:10,movie,2788,10,user,3,validation,1
movie:2789:1,movie,2789,1,user,1,train,0
movie:2789:2,movie,2789,2,agent,2,train,0
movie:2789:3,movie,2789,3,user,0,train,0
movie:2789:4,movie,2789,4,agent,2,train,1
movie:2790:1,movie,2790,1,user,3,train,0
movie:2790:2,movie,2790,2,agent,2,train,0
movie:2790:3,movie,2790,3,user,0,train,0
movie:2790:4,movie,2790,4,agent,2,train,0
movie:2790:5,movie,2790,5,user,2,train,0
movie:2790:6,movie,2790,6,agent,2,train,0
movie:2790:7,movie,2790,7,user,3,train,0
movie:2791:1,movie,2791,1,user,1,train,1
movie:2791:2,movie,2791,2,agent,2,train,0
movie:2791:3,movie,2791,3,user,0,train,0
movie:2791:4,movie,2791,4,agent,2,train,0
movie:2792:1,movie,2792,1,user,1,test,0
movie:2792:2,movie,2792,2,agent,2,test,0
movie:2792:3,movie,2792,3,user,3,test,1
movie:2792:4,movie,2792,4,agent,2,test,0
movie:2792:5,movie,2792,5,user,3,test,1
movie:2793:1,movie,2793,1,user,3,train,1
movie:2793:2,movie,2793,2,agent,1,train,0
movie:2793:3,movie,2793,3,user,1,train,0
movie:2793:4,movie,2793,4,agent,1,train,0
movie:2793:5,movie,2793,5,user,3,train,0
movie:2793:6,movie,2793,6,agent,2,train,0
movie:2793:7,movie,2793,7,user,3,train,0
movie:2793:8,movie,2793,8,agent,2,train,1
movie:2793:9,movie,2793,9,user,0,train,0
movie:2793:10,movie,2793,10,agent,2,train,0
movie:2793:11,movie,2793,11,user,3,train,1
movie:2794:1,movie,2794,1,user,2,validation,0
movie:2794:2,movie,2794,2,agent,2,validation,0
movie:2794:3,movie,2794,3,user,2,validation,0
movie:2794:4,movie,2794,4,agent,2,validation,0
movie:2795:1,movie,2795,1,user,2,validation,1
movie:2795:2,movie,2795,2,agent,2,validation,0
movie:2795:3,movie,2795,3,user,2,validation,1
movie:2795:4,movie,2795,4,agent,2,validation,0
movie:2796:1,movie,2796,1,user,2,test,0
movie:2796:2,movie,2796,2,agent,2,test,1
movie:2796:3,movie,2796,3,user,2,test,0
movie:2796:4,movie,2796,4,agent,2,test,1
movie:2797:1,movie,2797,1,user,1,train,0
movie:2797:2,movie,2797,2,agent,2,train,1
movie:2797:3,movie,2797,3,user,3,train,0
movie:2797:4,movie,2797,4,agent,2,train,1
movie:2798:1,movie,2798,1,user,3,train,1
movie:2798:2,movie,2798,2,agent,2,train,0
movie:2798:3,movie,2798,3,user,3,train,0
movie:2798:4,movie,2798,4,agent,2,train,0
movie:2798:5,movie,2798,5,user,3,train,1
movie:2798:6,movie,2798,6,agent,2,train,0
movie:2798:7,movie,2798,7,user,3,train,1
movie:2799:1,movie,2799,1,user,2,train,0
movie:2799:2,movie,2799,2,agent,2,train,0
movie:2799:3,movie,2799,3,user,2,train,0
movie:2799:4,movie,2799,4,agent,2,train,0
movie:2800:1,movie,2800,1,user,2,train,1
movie:2800:2,movie,2800,2,agent,2,train,0
movie:2800:3,movie,2800,3,user,2,train,0
movie:2800:4,movie,2800,4,agent,2,train,0
movie:2801:1,movie,2801,1,user,1,test,0
movie:2801:2,movie,2801,2,agent,2,test,0
movie:2801:3,movie,2801,3,user,2,test,0
movie:2801:4,movie,2801,4,agent,2,test,0
movie:2802:1,movie,2802,1,user,2,train,1
movie:2802:2,movie,2802,2,agent,2,train,0
movie:2802:3,movie,2802,3,user,0,train,0
movie:2802:4,movie,2802,4,agent,2,train,0
movie:2803:1,movie,2803,1,user,1,test,0
movie:2803:2,movie,2803,2,agent,2,test,0
movie:2803:3,movie,2803,3,user,3,test,1
movie:2803:4,movie,2803,4,agent,2,test,0
movie:2803:5,movie,2803,5,user,2,test,1
movie:2803:6,movie,2803,6,agent,2,test,0
movie:2803:7,movie,2803,7,user,2,test,0
movie:2803:8,movie,2803,8,agent,2,test,1
movie:2803:9,movie,2803,9,user,3,test,0
movie:2804:1,movie,2804,1,user,3,test,0
movie:2804:2,movie,2804,2,agent,2,test,0
movie:2804:3,movie,2804,3,user,0,test,0
movie:2804:4,movie,2804,4,agent,2,test,0
movie:2804:5,movie,2804,5,user,0,test,0
movie:2804:6,movie,2804,6,agent,3,test,0
movie:2804:7,movie,2804,7,agent,2,test,1
movie:2804:8,movie,2804,8,user,0,test,1
movie:2804:9,movie,2804,9,agent,2,test,0
movie:2805:1,movie,2805,1,user,1,validation,0
movie:2805:2,movie,2805,2,agent,2,validation,0
movie:2805:3,movie,2805,3,user,3,validation,1
movie:2805:4,movie,2805,4,agent,2,validation,0
movie:2806:1,movie,2806,1,user,1,train,0
movie:2806:2,movie,2806,2,agent,2,train,0
movie:2806:3,movie,2806,3,user,2,train,0
movie:2806:4,movie,2806,4,agent,2,train,0
movie:2807:1,movie,2807,1,user,1,train,0
movie:2807:2,movie,2807,2,agent,1,train,0
movie:2807:3,movie,2807,3,user,3,train,1
movie:2807:4,movie,2807,4,agent,3,train,0
movie:2807:5,movie,2807,5,user,3,train,0
movie:2807:6,movie,2807,6,agent,2,train,0
movie:2807:7,movie,2807,7,user,0,train,0
movie:2807:8,movie,2807,8,agent,2,train,0
movie:2808:1,movie,2808,1,user,2,train,0
movie:2808:2,movie,2808,2,agent,2,train,0
movie:2808:3,movie,2808,3,user,3,train,0
movie:2808:4,movie,2808,4,agent,2,train,0
movie:2809:1,movie,2809,1,user,3,train,1
movie:2809:2,movie,2809,2,agent,2,train,1
movie:2809:3,movie,2809,3,user,0,train,0
movie:2809:4,movie,2809,4,agent,2,train,0
movie:2809:5,movie,2809,5,user,2,train,0
movie:2809:6,movie,2809,6,agent,1,train,0
movie:2809:7,movie,2809,7,user,0,train,0
movie:2809:8,movie,2809,8,agent,2,train,0
movie:2810:1,movie,2810,1,user,1,train,1
movie:2810:2,movie,2810,2,agent,1,train,0
movie:2810:3,movie,2810,3,user,0,train,0
movie:2810:4,movie,2810,4,agent,2,train,0
movie:2810:5,movie,2810,5,agent,2,train,1
movie:2810:6,movie,2810,6,user,2,train,1
movie:2810:7,movie,2810,7,agent,1,train,0
movie:2810:8,movie,2810,8,user,0,train,1
movie:2810:9,movie,2810,9,agent,2,train,0
movie:2810:10,movie,2810,10,user,3,train,0
movie:2811:1,movie,2811,1,user,2,train,1
movie:2811:2,movie,2811,2,agent,2,train,1
movie:2811:3,movie,2811,3,user,3,train,1
movie:2811:4,movie,2811,4,agent,2,train,0
movie:2812:1,movie,2812,1,user,3,train,0
movie:2812:2,movie,2812,2,agent,1,train,0
movie:2812:3,movie,2812,3,user,3,train,1
movie:2812:4,movie,2812,4,agent,1,train,0
movie:2812:5,movie,2812,5,user,3,train,1
movie:2812:6,movie,2812,6,agent,2,train,0
movie:2812:7,movie,2812,7,user,0,train,0
movie:2812:8,movie,2812,8,agent,2,train,0
movie:2813:1,movie,2813,1,user,3,validation,1
movie:2813:2,movie,2813,2,agent,0,validation,0
movie:2813:3,movie,2813,3,agent,2,validation,0
movie:2813:4,movie,2813,4,user,3,validation,1
movie:2813:5,movie,2813,5,agent,2,validation,0
movie:2813:6,movie,2813,6,user,2,validation,0
movie:2813:7,movie,2813,7,agent,2,validation,0
movie:2813:8,movie,2813,8,user,3,validation,1
movie:2814:1,movie,2814,1,user,2,train,0
movie:2814:2,movie,2814,2,agent,2,train,0
movie:2814:3,movie,2814,3,user,2,train,0
movie:2814:4,movie,2814,4,agent,2,train,0
movie:2815:1,movie,2815,1,user,3,test,1
movie:2815:2,movie,2815,2,agent,2,test,0
movie:2815:3,movie,2815,3,user,3,test,1
movie:2815:4,movie,2815,4,agent,1,test,0
movie:2815:5,movie,2815,5,user,3,test,0
movie:2815:6,movie,2815,6,agent,2,test,0
movie:2815:7,movie,2815,7,user,3,test,0
movie:2816:1,movie,2816,1,user,3,train,0
movie:2816:2,movie,2816,2,agent,2,train,0
movie:2816:3,movie,2816,3,user,0,train,1
movie:2816:4,movie,2816,4,agent,2,train,0
movie:2816:5,movie,2816,5,user,2,train,1
movie:2816:6,movie,2816,6,agent,2,train,0
movie:2816:7,movie,2816,7,user,2,train,0
movie:2816:8,movie,2816,8,agent,2,train,0
movie:2816:9,movie,2816,9,user,3,train,1
movie:2817:1,movie,2817,1,user,2,train,1
movie:2817:2,movie,2817,2,agent,2,train,0
movie:2817:3,movie,2817,3,user,2,train,0
movie:2817:4,movie,2817,4,agent,2,train,0
movie:2818:1,movie,2818,1,user,2,train,1
movie:2818:2,movie,2818,2,agent,2,train,0
movie:2818:3,movie,2818,3,user,2,train,0
movie:2818:4,movie,2818,4,agent,2,train,0
movie:2819:1,movie,2819,1,user,1,train,0
movie:2819:2,movie,2819,2,agent,2,train,0
movie:2819:3,movie,2819,3,user,2,train,1
movie:2819:4,movie,2819,4,agent,2,train,1
movie:2819:5,movie,2819,5,user,2,train,0
movie:2819:6,movie,2819,6,agent,2,train,0
movie:2820:1,movie,2820,1,user,2,train,1
movie:2820:2,movie,2820,2,agent,2,train,0
movie:2820:3,movie,2820,3,user,2,train,0
movie:2821:1,movie,2821,1,user,3,train,1
movie:2821:2,movie,2821,2,agent,1,train,1
movie:2821:3,movie,2821,3,user,0,train,1
movie:2821:4,movie,2821,4,agent,1,train,0
movie:2821:5,movie,2821,5,agent,2,train,0
movie:2821:6,movie,2821,6,user,2,train,0
movie:2821:7,movie,2821,7,agent,1,train,0
movie:2821:8,movie,2821,8,user,3,train,0
movie:2821:9,movie,2821,9,agent,2,train,0
movie:2821:10,movie,2821,10,user,3,train,1
movie:2822:1,movie,2822,1,user,3,train,0
movie:2822:2,movie,2822,2,user,1,train,0
movie:2822:3,movie,2822,3,agent,0,train,0
movie:2822:4,movie,2822,4,user,0,train,1
movie:2822:5,movie,2822,5,agent,2,train,1
movie:2822:6,movie,2822,6,user,2,train,1
movie:2822:7,movie,2822,7,agent,3,train,1
movie:2822:8,movie,2822,8,user,3,train,1
movie:2823:1,movie,2823,1,user,3,train,1
movie:2823:2,movie,2823,2,agent,2,train,1
movie:2823:3,movie,2823,3,user,3,train,1
movie:2823:4,movie,2823,4,agent,2,train,0
movie:2823:5,movie,2823,5,user,3,train,1
movie:2823:6,movie,2823,6,agent,2,train,0
movie:2823:7,movie,2823,7,user,3,train,0
movie:2824:1,movie,2824,1,user,3,test,0
movie:2824:2,movie,2824,2,user,2,test,1
movie:2824:3,movie,2824,3,agent,2,test,0
movie:2825:1,movie,2825,1,user,1,train,0
movie:2825:2,movie,2825,2,agent,2,train,0
movie:2825:3,movie,2825,3,user,0,train,1
movie:2825:4,movie,2825,4,agent,1,train,0
movie:2825:5,movie,2825,5,user,0,train,1
movie:2825:6,movie,2825,6,agent,2,train,0
movie:2826:1,movie,2826,1,user,2,train,0
movie:2826:2,movie,2826,2,agent,2,train,1
movie:2826:3,movie,2826,3,user,3,train,0
movie:2826:4,movie,2826,4,agent,1,train,0
movie:2826:5,movie,2826,5,user,2,train,0
movie:2826:6,movie,2826,6,agent,2,train,0
movie:2827:1,movie,2827,1,user,1,train,0
movie:2827:2,movie,2827,2,agent,0,train,1
movie:2827:3,movie,2827,3,user,0,train,1
movie:2827:4,movie,2827,4,agent,2,train,0
movie:2827:5,movie,2827,5,user,2,train,0
movie:2827:6,movie,2827,6,agent,2,train,0
movie:2827:7,movie,2827,7,user,0,train,0
movie:2828:1,movie,2828,1,user,1,train,0
movie:2828:2,movie,2828,2,agent,1,train,0
movie:2828:3,movie,2828,3,user,3,train,0
movie:2828:4,movie,2828,4,agent,2,train,0
movie:2828:5,movie,2828,5,user,3,train,0
movie:2828:6,movie,2828,6,agent,2,train,0
movie:2828:7,movie,2828,7,user,3,train,1
movie:2829:1,movie,2829,1,user,3,train,0
movie:2829:2,movie,2829,2,agent,1,train,0
movie:2829:3,movie,2829,3,user,2,train,0
movie:2829:4,movie,2829,4,agent,2,train,0
movie:2829:5,movie,2829,5,user,2,train,0
movie:2829:6,movie,2829,6,agent,2,train,1
movie:2829:7,movie,2829,7,user,3,train,1
movie:2829:8,movie,2829,8,agent,1,train,0
movie:2829:9,movie,2829,9,user,3,train,1
movie:2829:10,movie,2829,10,agent,2,train,0
movie:2829:11,movie,2829,11,user,3,train,0
movie:2829:12,movie,2829,12,agent,3,train,1
movie:2830:1,movie,2830,1,user,2,train,0
movie:2830:2,movie,2830,2,agent,2,train,0
movie:2830:3,movie,2830,3,user,3,train,1
movie:2830:4,movie,2830,4,agent,2,train,0
movie:2831:1,movie,2831,1,user,2,train,0
movie:2831:2,movie,2831,2,agent,2,train,0
movie:2831:3,movie,2831,3,user,2,train,1
movie:2831:4,movie,2831,4,agent,2,train,0
movie:2832:1,movie,2832,1,user,3,validation,0
movie:2832:2,movie,2832,2,agent,2,validation,0
movie:2832:3,movie,2832,3,user,0,validation,0
movie:2832:4,movie,2832,4,agent,2,validation,0
movie:2832:5,movie,2832,5,user,2,validation,0
movie:2832:6,movie,2832,6,agent,2,validation,0
movie:2832:7,movie,2832,7,user,2,validation,0
movie:2832:8,movie,2832,8,agent,2,validation,0
movie:2832:9,movie,2832,9,user,3,validation,0
movie:2833:1,movie,2833,1,user,2,train,0
movie:2833:2,movie,2833,2,agent,2,train,0
movie:2833:3,movie,2833,3,user,3,train,0
movie:2833:4,movie,2833,4,agent,3,train,1
movie:2834:1,movie,2834,1,user,2,train,0
movie:2834:2,movie,2834,2,agent,2,train,0
movie:2834:3,movie,2834,3,user,3,train,1
movie:2834:4,movie,2834,4,agent,1,train,0
movie:2834:5,movie,2834,5,user,3,train,1
movie:2834:6,movie,2834,6,agent,2,train,0
movie:2835:1,movie,2835,1,user,1,train,0
movie:2835:2,movie,2835,2,agent,2,train,0
movie:2835:3,movie,2835,3,user,0,train,0
movie:2835:4,movie,2835,4,agent,3,train,1
movie:2836:1,movie,2836,1,user,3,train,1
movie:2836:2,movie,2836,2,agent,2,train,1
movie:2836:3,movie,2836,3,user,2,train,0
movie:2836:4,movie,2836,4,agent,2,train,0
movie:2837:1,movie,2837,1,user,3,train,1
movie:2837:2,movie,2837,2,agent,2,train,0
movie:2837:3,movie,2837,3,user,2,train,0
movie:2837:4,movie,2837,4,agent,2,train,0
movie:2837:5,movie,2837,5,user,3,train,1
movie:2837:6,movie,2837,6,agent,2,train,1
movie:2837:7,movie,2837,7,user,3,train,0
movie:2838:1,movie,2838,1,user,2,train,0
movie:2838:2,movie,2838,2,agent,2,train,0
movie:2838:3,movie,2838,3,user,3,train,0
movie:2838:4,movie,2838,4,agent,2,train,0
movie:2839:1,movie,2839,1,user,2,train,0
movie:2839:2,movie,2839,2,agent,1,train,1
movie:2839:3,movie,2839,3,user,3,train,0
movie:2839:4,movie,2839,4,agent,2,train,0
movie:2839:5,movie,2839,5,user,0,train,0
movie:2839:6,movie,2839,6,agent,2,train,0
movie:2839:7,movie,2839,7,user,3,train,1
movie:2840:1,movie,2840,1,user,2,train,0
movie:2840:2,movie,2840,2,agent,2,train,0
movie:2840:3,movie,2840,3,user,2,train,0
movie:2840:4,movie,2840,4,agent,2,train,0
movie:2841:1,movie,2841,1,user,2,train,0
movie:2841:2,movie,2841,2,agent,2,train,0
movie:2841:3,movie,2841,3,user,2,train,0
movie:2841:4,movie,2841,4,agent,3,train,0
movie:2842:1,movie,2842,1,user,3,test,0
movie:2842:2,movie,2842,2,agent,2,test,1
movie:2842:3,movie,2842,3,user,2,test,1
movie:2842:4,movie,2842,4,agent,2,test,0
movie:2842:5,movie,2842,5,user,2,test,0
movie:2842:6,movie,2842,6,agent,1,test,0
movie:2842:7,movie,2842,7,user,0,test,1
movie:2842:8,movie,2842,8,agent,2,test,0
movie:2842:9,movie,2842,9,user,2,test,1
movie:2842:10,movie,2842,10,agent,2,test,0
movie:2843:1,movie,2843,1,user,3,test,0
movie:2843:2,movie,2843,2,agent,3,test,1
movie:2843:3,movie,2843,3,user,3,test,0
movie:2843:4,movie,2843,4,agent,2,test,0
movie:2843:5,movie,2843,5,user,3,test,0
movie:2844:1,movie,2844,1,user,1,train,0
movie:2844:2,movie,2844,2,agent,2,train,0
movie:2844:3,movie,2844,3,user,2,train,0
movie:2844:4,movie,2844,4,agent,2,train,0
movie:2845:1,movie,2845,1,user,3,train,0
movie:2845:2,movie,2845,2,agent,1,train,1
movie:2845:3,movie,2845,3,user,3,train,1
movie:2845:4,movie,2845,4,agent,2,train,1
movie:2845:5,movie,2845,5,user,3,train,0
movie:2845:6,movie,2845,6,agent,2,train,0
movie:2846:1,movie,2846,1,user,1,validation,0
movie:2846:2,movie,2846,2,agent,2,validation,1
movie:2846:3,movie,2846,3,user,3,validation,0
movie:2846:4,movie,2846,4,agent,2,validation,0
movie:2847:1,movie,2847,1,user,2,train,0
movie:2847:2,movie,2847,2,agent,2,train,0
movie:2847:3,movie,2847,3,user,2,train,0
movie:2847:4,movie,2847,4,agent,3,train,0
movie:2848:1,movie,2848,1,user,2,train,0
movie:2848:2,movie,2848,2,agent,2,train,0
movie:2848:3,movie,2848,3,user,2,train,1
movie:2848:4,movie,2848,4,agent,2,train,0
movie:2849:1,movie,2849,1,user,3,train,1
movie:2849:2,movie,2849,2,agent,0,train,0
movie:2849:3,movie,2849,3,user,3,train,1
movie:2849:4,movie,2849,4,agent,1,train,0
movie:2849:5,movie,2849,5,user,3,train,1
movie:2849:6,movie,2849,6,agent,1,train,0
movie:2849:7,movie,2849,7,user,0,train,0
movie:2849:8,movie,2849,8,agent,2,train,0
movie:2849:9,movie,2849,9,agent,0,train,0
movie:2849:10,movie,2849,10,agent,2,train,0
movie:2849:11,movie,2849,11,user,3,train,1
movie:2849:12,movie,2849,12,user,3,train,0
movie:2850:1,movie,2850,1,user,2,validation,0
movie:2850:2,movie,2850,2,agent,2,validation,0
movie:2850:3,movie,2850,3,user,2,validation,0
movie:2850:4,movie,2850,4,agent,2,validation,0
movie:2851:1,movie,2851,1,user,2,train,0
movie:2851:2,movie,2851,2,agent,2,train,0
movie:2851:3,movie,2851,3,user,2,train,1
movie:2851:4,movie,2851,4,agent,2,train,1
movie:2852:1,movie,2852,1,user,1,test,0
movie:2852:2,movie,2852,2,agent,2,test,0
movie:2852:3,movie,2852,3,user,0,test,0
movie:2852:4,movie,2852,4,agent,2,test,1
movie:2853:1,movie,2853,1,user,1,train,0
movie:2853:2,movie,2853,2,agent,2,train,0
movie:2853:3,movie,2853,3,user,0,train,0
movie:2853:4,movie,2853,4,agent,2,train,0
movie:2854:1,movie,2854,1,user,2,validation,1
movie:2854:2,movie,2854,2,agent,2,validation,1
movie:2854:3,movie,2854,3,user,0,validation,0
movie:2854:4,movie,2854,4,agent,2,validation,0
movie:2854:5,movie,2854,5,user,3,validation,1
movie:2855:1,movie,2855,1,user,2,test,0
movie:2855:2,movie,2855,2,agent,2,test,0
movie:2855:3,movie,2855,3,user,2,test,0
movie:2856:1,movie,2856,1,user,2,train,0
movie:2856:2,movie,2856,2,agent,2,train,0
movie:2856:3,movie,2856,3,user,2,train,0
movie:2856:4,movie,2856,4,agent,2,train,0
movie:2857:1,movie,2857,1,user,2,train,1
movie:2857:2,movie,2857,2,agent,2,train,0
movie:2857:3,movie,2857,3,user,2,train,0
movie:2857:4,movie,2857,4,agent,2,train,0
movie:2857:5,movie,2857,5,user,3,train,0
movie:2857:6,movie,2857,6,agent,2,train,0
movie:2857:7,movie,2857,7,user,3,train,0
movie:2858:1,movie,2858,1,user,3,train,1
movie:2858:2,movie,2858,2,agent,2,train,1
movie:2858:3,movie,2858,3,user,2,train,0
movie:2858:4,movie,2858,4,agent,2,train,0
movie:2858:5,movie,2858,5,user,2,train,1
movie:2858:6,movie,2858,6,agent,2,train,0
movie:2858:7,movie,2858,7,user,3,train,1
movie:2859:1,movie,2859,1,user,2,train,1
movie:2859:2,movie,2859,2,agent,2,train,0
movie:2859:3,movie,2859,3,user,2,train,0
movie:2859:4,movie,2859,4,agent,2,train,0
movie:2860:1,movie,2860,1,user,2,train,0
movie:2860:2,movie,2860,2,agent,2,train,1
movie:2860:3,movie,2860,3,user,0,train,1
movie:2860:4,movie,2860,4,agent,2,train,0
movie:2861:1,movie,2861,1,user,2,test,0
movie:2861:2,movie,2861,2,agent,2,test,0
movie:2861:3,movie,2861,3,user,2,test,0
movie:2861:4,movie,2861,4,agent,2,test,0
movie:2862:1,movie,2862,1,user,2,train,0
movie:2862:2,movie,2862,2,agent,2,train,0
movie:2862:3,movie,2862,3,user,0,train,0
movie:2862:4,movie,2862,4,agent,1,train,0
movie:2862:5,movie,2862,5,user,0,train,0
movie:2862:6,movie,2862,6,user,3,train,0
movie:2862:7,movie,2862,7,agent,2,train,0
movie:2862:8,movie,2862,8,user,3,train,0
movie:2863:1,movie,2863,1,user,3,train,0
movie:2863:2,movie,2863,2,agent,2,train,0
movie:2863:3,movie,2863,3,user,3,train,1
movie:2863:4,movie,2863,4,agent,1,train,0
movie:2863:5,movie,2863,5,user,2,train,0
movie:2863:6,movie,2863,6,agent,2,train,0
movie:2863:7,movie,2863,7,user,3,train,0
movie:2864:1,movie,2864,1,user,2,train,0
movie:2864:2,movie,2864,2,agent,2,train,1
movie:2864:3,movie,2864,3,user,2,train,1
movie:2864:4,movie,2864,4,agent,2,train,0
movie:2865:1,movie,2865,1,user,2,train,0
movie:2865:2,movie,2865,2,agent,2,train,0
movie:2865:3,movie,2865,3,user,3,train,0
movie:2865:4,movie,2865,4,agent,2,train,0
movie:2865:5,movie,2865,5,user,3,train,0
movie:2866:1,movie,2866,1,user,3,test,1
movie:2866:2,movie,2866,2,agent,2,test,1
movie:2866:3,movie,2866,3,user,3,test,1
movie:2866:4,movie,2866,4,agent,2,test,1
movie:2866:5,movie,2866,5,user,3,test,1
movie:2866:6,movie,2866,6,agent,2,test,0
movie:2866:7,movie,2866,7,user,3,test,1
movie:2867:1,movie,2867,1,user,2,train,0
movie:2867:2,movie,2867,2,agent,2,train,0
movie:2867:3,movie,2867,3,user,2,train,0
movie:2867:4,movie,2867,4,agent,2,train,0
movie:2868:1,movie,2868,1,user,2,test,0
movie:2868:2,movie,2868,2,agent,2,test,1
movie:2868:3,movie,2868,3,user,3,test,0
movie:2868:4,movie,2868,4,agent,2,test,0
movie:2869:1,movie,2869,1,user,3,test,0
movie:2869:2,movie,2869,2,agent,1,test,1
movie:2869:3,movie,2869,3,user,0,test,0
movie:2869:4,movie,2869,4,agent,1,test,0
movie:2869:5,movie,2869,5,user,3,test,1
movie:2869:6,movie,2869,6,agent,2,test,0
movie:2869:7,movie,2869,7,user,3,test,0
movie:2869:8,movie,2869,8,agent,2,test,1
movie:2869:9,movie,2869,9,user,0,test,0
movie:2869:10,movie,2869,10,agent,2,test,0
movie:2869:11,movie,2869,11,user,3,test,1
movie:2870:1,movie,2870,1,user,2,train,1
movie:2870:2,movie,2870,2,agent,2,train,0
movie:2870:3,movie,2870,3,user,2,train,1
movie:2870:4,movie,2870,4,agent,2,train,0
movie:2871:1,movie,2871,1,user,1,train,0
movie:2871:2,movie,2871,2,agent,2,train,1
movie:2871:3,movie,2871,3,user,0,train,0
movie:2871:4,movie,2871,4,agent,2,train,0
movie:2871:5,movie,2871,5,user,2,train,0
movie:2871:6,movie,2871,6,agent,2,train,0
movie:2872:1,movie,2872,1,user,2,train,0
movie:2872:2,movie,2872,2,agent,2,train,0
movie:2872:3,movie,2872,3,user,2,train,0
movie:2872:4,movie,2872,4,agent,2,train,0
movie:2873:1,movie,2873,1,user,2,train,1
movie:2873:2,movie,2873,2,agent,2,train,0
movie:2873:3,movie,2873,3,user,2,train,0
movie:2873:4,movie,2873,4,agent,2,train,0
movie:2874:1,movie,2874,1,user,3,train,0
movie:2874:2,movie,2874,2,agent,2,train,1
movie:2874:3,movie,2874,3,user,2,train,0
movie:2874:4,movie,2874,4,agent,2,train,0
movie:2874:5,movie,2874,5,user,2,train,0
movie:2874:6,movie,2874,6,agent,2,train,0
movie:2875:1,movie,2875,1,user,1,validation,0
movie:2875:2,movie,2875,2,agent,2,validation,1
movie:2875:3,movie,2875,3,user,3,validation,0
movie:2875:4,movie,2875,4,agent,2,validation,0
movie:2875:5,movie,2875,5,user,3,validation,1
movie:2875:6,movie,2875,6,agent,2,validation,0
movie:2875:7,movie,2875,7,user,2,validation,0
movie:2875:8,movie,2875,8,agent,2,validation,0
movie:2875:9,movie,2875,9,user,3,validation,0
movie:2875:10,movie,2875,10,agent,2,validation,0
movie:2875:11,movie,2875,11,user,3,validation,0
movie:2876:1,movie,2876,1,user,3,train,0
movie:2876:2,movie,2876,2,agent,2,train,0
movie:2876:3,movie,2876,3,user,3,train,1
movie:2876:4,movie,2876,4,agent,0,train,0
movie:2876:5,movie,2876,5,agent,0,train,0
movie:2876:6,movie,2876,6,user,2,train,1
movie:2876:7,movie,2876,7,agent,2,train,0
movie:2876:8,movie,2876,8,user,3,train,0
movie:2877:1,movie,2877,1,user,0,train,0
movie:2877:2,movie,2877,2,agent,1,train,1
movie:2878:1,movie,2878,1,user,2,validation,0
movie:2878:2,movie,2878,2,agent,2,validation,0
movie:2878:3,movie,2878,3,user,3,validation,1
movie:2878:4,movie,2878,4,agent,2,validation,0
movie:2878:5,movie,2878,5,user,3,validation,1
movie:2879:1,movie,2879,1,user,2,test,0
movie:2879:2,movie,2879,2,agent,2,test,1
movie:2879:3,movie,2879,3,user,2,test,0
movie:2879:4,movie,2879,4,agent,2,test,0
movie:2880:1,movie,2880,1,user,3,validation,1
movie:2880:2,movie,2880,2,user,1,validation,0
movie:2880:3,movie,2880,3,agent,3,validation,1
movie:2880:4,movie,2880,4,user,3,validation,0
movie:2880:5,movie,2880,5,agent,1,validation,0
movie:2880:6,movie,2880,6,user,3,validation,1
movie:2880:7,movie,2880,7,agent,2,validation,0
movie:2880:8,movie,2880,8,user,0,validation,0
movie:2880:9,movie,2880,9,agent,2,validation,0
movie:2880:10,movie,2880,10,user,2,validation,0
movie:2880:11,movie,2880,11,agent,3,validation,1
movie:2880:12,movie,2880,12,user,3,validation,0
movie:2881:1,movie,2881,1,user,1,validation,0
movie:2881:2,movie,2881,2,agent,2,validation,0
movie:2881:3,movie,2881,3,user,3,validation,1
movie:2881:4,movie,2881,4,agent,3,validation,0
movie:2882:1,movie,2882,1,user,2,validation,0
movie:2882:2,movie,2882,2,agent,2,validation,0
movie:2882:3,movie,2882,3,user,0,validation,0
movie:2882:4,movie,2882,4,agent,2,validation,0
movie:2882:5,movie,2882,5,user,3,validation,0
movie:2883:1,movie,2883,1,user,3,train,0
movie:2883:2,movie,2883,2,agent,1,train,0
movie:2883:3,movie,2883,3,user,0,train,1
movie:2883:4,movie,2883,4,agent,2,train,0
movie:2883:5,movie,2883,5,user,0,train,0
movie:2883:6,movie,2883,6,agent,2,train,1
movie:2883:7,movie,2883,7,user,3,train,0
movie:2884:1,movie,2884,1,user,3,test,0
movie:2884:2,movie,2884,2,agent,2,test,0
movie:2884:3,movie,2884,3,user,2,test,1
movie:2884:4,movie,2884,4,agent,2,test,1
movie:2884:5,movie,2884,5,user,2,test,0
movie:2884:6,movie,2884,6,agent,2,test,0
movie:2884:7,movie,2884,7,user,3,test,1
movie:2885:1,movie,2885,1,user,1,train,0
movie:2885:2,movie,2885,2,agent,2,train,0
movie:2885:3,movie,2885,3,user,2,train,1
movie:2885:4,movie,2885,4,agent,3,train,0
movie:2886:1,movie,2886,1,user,1,train,0
movie:2886:2,movie,2886,2,agent,2,train,0
movie:2886:3,movie,2886,3,user,0,train,0
movie:2886:4,movie,2886,4,user,0,train,1
movie:2886:5,movie,2886,5,agent,1,train,0
movie:2886:6,movie,2886,6,user,0,train,0
movie:2886:7,movie,2886,7,agent,2,train,0
movie:2886:8,movie,2886,8,user,2,train,0
movie:2887:1,movie,2887,1,user,3,train,1
movie:2887:2,movie,2887,2,agent,2,train,1
movie:2887:3,movie,2887,3,user,0,train,0
movie:2887:4,movie,2887,4,agent,1,train,0
movie:2887:5,movie,2887,5,user,3,train,1
movie:2887:6,movie,2887,6,agent,1,train,0
movie:2887:7,movie,2887,7,user,2,train,0
movie:2887:8,movie,2887,8,agent,2,train,0
movie:2887:9,movie,2887,9,user,2,train,1
movie:2887:10,movie,2887,10,agent,2,train,0
movie:2887:11,movie,2887,11,user,3,train,0
movie:2888:1,movie,2888,1,user,0,train,0
movie:2888:2,movie,2888,2,agent,0,train,0
movie:2888:3,movie,2888,3,user,0,train,0
movie:2888:4,movie,2888,4,agent,2,train,0
movie:2888:5,movie,2888,5,user,3,train,0
movie:2888:6,movie,2888,6,agent,1,train,0
movie:2888:7,movie,2888,7,user,0,train,0
movie:2888:8,movie,2888,8,agent,2,train,1
movie:2888:9,movie,2888,9,user,3,train,0
movie:2889:1,movie,2889,1,user,3,validation,0
movie:2889:2,movie,2889,2,agent,2,validation,0
movie:2889:3,movie,2889,3,user,3,validation,1
movie:2889:4,movie,2889,4,agent,2,validation,0
movie:2889:5,movie,2889,5,user,0,validation,1
movie:2889:6,movie,2889,6,agent,2,validation,0
movie:2889:7,movie,2889,7,user,3,validation,1
movie:2890:1,movie,2890,1,user,1,train,1
movie:2890:2,movie,2890,2,agent,2,train,0
movie:2890:3,movie,2890,3,user,2,train,0
movie:2890:4,movie,2890,4,agent,2,train,1
movie:2890:5,movie,2890,5,user,3,train,0
