example_id,domain,dialogue_id,turn_id,speaker,politeness_label,split,paper_subset
taxi:1:1,taxi,1,1,user,2,train,0
taxi:1:2,taxi,1,2,agent,1,train,1
taxi:1:3,taxi,1,3,user,0,train,0
taxi:1:4,taxi,1,4,agent,1,train,0
taxi:1:5,taxi,1,5,user,0,train,0
taxi:1:6,taxi,1,6,agent,0,train,1
taxi:1:7,taxi,1,7,user,0,train,1
taxi:1:8,taxi,1,8,agent,0,train,0
taxi:1:9,taxi,1,9,user,0,train,0
taxi:1:10,taxi,1,10,agent,1,train,0
taxi:1:11,taxi,1,11,user,0,train,1
taxi:1:12,taxi,1,12,agent,2,train,0
taxi:1:13,taxi,1,13,user,3,train,0
taxi:1:14,taxi,1,14,agent,2,train,1
taxi:2:1,taxi,2,1,user,1,train,1
taxi:2:2,taxi,2,2,agent,1,train,0
taxi:2:3,taxi,2,3,user,0,train,0
taxi:2:4,taxi,2,4,agent,2,train,0
taxi:2:5,taxi,2,5,user,0,train,1
taxi:2:6,taxi,2,6,agent,2,train,1
taxi:2:7,taxi,2,7,user,1,train,0
taxi:2:8,taxi,2,8,agent,3,train,1
taxi:3:1,taxi,3,1,user,0,train,0
taxi:3:2,taxi,3,2,agent,1,train,0
taxi:3:3,taxi,3,3,user,0,train,0
taxi:3:4,taxi,3,4,agent,1,train,0
taxi:3:5,taxi,3,5,user,0,train,0
taxi:3:6,taxi,3,6,agent,2,train,0
taxi:3:7,taxi,3,7,user,2,train,1
taxi:3:8,taxi,3,8,agent,2,train,0
taxi:4:1,taxi,4,1,user,3,test,0
taxi:4:2,taxi,4,2,agent,1,test,0
taxi:4:3,taxi,4,3,user,0,test,0
taxi:4:4,taxi,4,4,agent,1,test,0
taxi:4:5,taxi,4,5,user,2,test,0
taxi:4:6,taxi,4,6,agent,1,test,0
taxi:4:7,taxi,4,7,user,2,test,0
taxi:4:8,taxi,4,8,agent,1,test,0
taxi:4:9,taxi,4,9,user,0,test,0
taxi:4:10,taxi,4,10,agent,1,test,0
taxi:4:11,taxi,4,11,user,0,test,0
taxi:4:12,taxi,4,12,agent,2,test,0
taxi:4:13,taxi,4,13,user,3,test,1
taxi:4:14,taxi,4,14,agent,2,test,0
taxi:4:15,taxi,4,15,user,3,test,1
taxi:4:16,taxi,4,16,agent,3,test,1
taxi:5:1,taxi,5,1,user,1,train,0
taxi:5:2,taxi,5,2,agent,1,train,0
taxi:5:3,taxi,5,3,user,0,train,0
taxi:5:4,taxi,5,4,agent,1,train,0
taxi:5:5,taxi,5,5,user,0,train,0
taxi:5:6,taxi,5,6,agent,2,train,0
taxi:5:7,taxi,5,7,user,3,train,1
taxi:5:8,taxi,5,8,agent,2,train,1
taxi:5:9,taxi,5,9,user,3,train,0
taxi:5:10,taxi,5,10,agent,3,train,1
taxi:6:1,taxi,6,1,user,0,train,0
taxi:6:2,taxi,6,2,agent,2,train,0
taxi:6:3,taxi,6,3,user,3,train,1
taxi:6:4,taxi,6,4,agent,1,train,0
taxi:6:5,taxi,6,5,user,0,train,0
taxi:6:6,taxi,6,6,agent,1,train,1
taxi:6:7,taxi,6,7,user,0,train,0
taxi:6:8,taxi,6,8,agent,1,train,0
taxi:6:9,taxi,6,9,user,0,train,0
taxi:6:10,taxi,6,10,agent,2,train,0
taxi:6:11,taxi,6,11,user,0,train,0
taxi:6:12,taxi,6,12,agent,2,train,0
taxi:6:13,taxi,6,13,user,2,train,0
taxi:6:14,taxi,6,14,agent,2,train,0
taxi:7:1,taxi,7,1,user,2,test,0
taxi:7:2,taxi,7,2,agent,2,test,1
taxi:7:3,taxi,7,3,user,0,test,0
taxi:7:4,taxi,7,4,agent,0,test,0
taxi:7:5,taxi,7,5,user,0,test,0
taxi:7:6,taxi,7,6,agent,1,test,0
taxi:7:7,taxi,7,7,user,0,test,0
taxi:7:8,taxi,7,8,agent,2,test,0
taxi:7:9,taxi,7,9,user,2,test,0
taxi:7:10,taxi,7,10,agent,2,test,0
taxi:7:11,taxi,7,11,user,3,test,0
taxi:7:12,taxi,7,12,agent,3,test,1
taxi:8:1,taxi,8,1,user,1,train,0
taxi:8:2,taxi,8,2,agent,2,train,0
taxi:8:3,taxi,8,3,user,0,train,1
taxi:8:4,taxi,8,4,agent,0,train,0
taxi:8:5,taxi,8,5,user,0,train,0
taxi:8:6,taxi,8,6,agent,0,train,0
taxi:8:7,taxi,8,7,user,0,train,0
taxi:8:8,taxi,8,8,agent,2,train,0
taxi:8:9,taxi,8,9,user,0,train,0
taxi:8:10,taxi,8,10,agent,2,train,0
taxi:8:11,taxi,8,11,user,0,train,0
taxi:8:12,taxi,8,12,agent,2,train,0
taxi:8:13,taxi,8,13,user,2,train,0
taxi:8:14,taxi,8,14,agent,2,train,1
taxi:8:15,taxi,8,15,user,3,train,0
taxi:8:16,taxi,8,16,agent,3,train,1
taxi:9:1,taxi,9,1,user,1,train,0
taxi:9:2,taxi,9,2,agent,0,train,1
taxi:9:3,taxi,9,3,user,0,train,0
taxi:9:4,taxi,9,4,agent,2,train,0
taxi:9:5,taxi,9,5,user,3,train,1
taxi:9:6,taxi,9,6,agent,2,train,0
taxi:10:1,taxi,10,1,user,2,train,1
taxi:10:2,taxi,10,2,agent,2,train,0
taxi:10:3,taxi,10,3,user,0,train,0
taxi:10:4,taxi,10,4,agent,1,train,0
taxi:10:5,taxi,10,5,user,0,train,1
taxi:10:6,taxi,10,6,agent,1,train,0
taxi:10:7,taxi,10,7,user,3,train,1
taxi:10:8,taxi,10,8,agent,2,train,1
taxi:10:9,taxi,10,9,user,3,train,1
taxi:10:10,taxi,10,10,agent,3,train,1
taxi:11:1,taxi,11,1,user,2,train,0
taxi:11:2,taxi,11,2,agent,0,train,1
taxi:11:3,taxi,11,3,user,0,train,0
taxi:11:4,taxi,11,4,agent,1,train,0
taxi:11:5,taxi,11,5,user,0,train,0
taxi:11:6,taxi,11,6,agent,2,train,0
taxi:11:7,taxi,11,7,user,3,train,1
taxi:11:8,taxi,11,8,agent,2,train,0
taxi:11:9,taxi,11,9,user,0,train,1
taxi:11:10,taxi,11,10,agent,2,train,0
taxi:11:11,taxi,11,11,user,3,train,1
taxi:11:12,taxi,11,12,agent,3,train,0
taxi:12:1,taxi,12,1,user,1,train,0
taxi:12:2,taxi,12,2,agent,2,train,0
taxi:12:3,taxi,12,3,user,2,train,1
taxi:12:4,taxi,12,4,agent,2,train,0
taxi:13:1,taxi,13,1,user,0,train,0
taxi:13:2,taxi,13,2,agent,2,train,0
taxi:13:3,taxi,13,3,user,0,train,0
taxi:13:4,taxi,13,4,agent,2,train,0
taxi:13:5,taxi,13,5,user,2,train,0
taxi:13:6,taxi,13,6,agent,2,train,0
taxi:14:1,taxi,14,1,user,1,train,1
taxi:14:2,taxi,14,2,agent,1,train,0
taxi:14:3,taxi,14,3,user,0,train,0
taxi:14:4,taxi,14,4,agent,1,train,0
taxi:14:5,taxi,14,5,user,0,train,0
taxi:14:6,taxi,14,6,agent,1,train,0
taxi:14:7,taxi,14,7,user,0,train,0
taxi:14:8,taxi,14,8,agent,2,train,0
taxi:14:9,taxi,14,9,user,2,train,0
taxi:14:10,taxi,14,10,agent,2,train,0
taxi:15:1,taxi,15,1,user,3,train,1
taxi:15:2,taxi,15,2,agent,1,train,0
taxi:15:3,taxi,15,3,user,0,train,0
taxi:15:4,taxi,15,4,agent,1,train,0
taxi:15:5,taxi,15,5,user,0,train,0
taxi:15:6,taxi,15,6,agent,2,train,0
taxi:15:7,taxi,15,7,user,2,train,0
taxi:15:8,taxi,15,8,agent,2,train,1
taxi:15:9,taxi,15,9,user,0,train,0
taxi:15:10,taxi,15,10,agent,2,train,0
taxi:15:11,taxi,15,11,user,3,train,0
taxi:15:12,taxi,15,12,agent,3,train,0
taxi:16:1,taxi,16,1,user,1,test,1
taxi:16:2,taxi,16,2,agent,2,test,0
taxi:16:3,taxi,16,3,user,0,test,0
taxi:16:4,taxi,16,4,agent,1,test,1
taxi:16:5,taxi,16,5,user,0,test,0
taxi:16:6,taxi,16,6,agent,2,test,1
taxi:16:7,taxi,16,7,user,3,test,0
taxi:16:8,taxi,16,8,agent,2,test,0
taxi:17:1,taxi,17,1,user,3,train,0
taxi:17:2,taxi,17,2,agent,3,train,1
taxi:17:3,taxi,17,3,user,0,train,0
taxi:17:4,taxi,17,4,agent,1,train,0
taxi:17:5,taxi,17,5,user,0,train,0
taxi:17:6,taxi,17,6,agent,3,train,0
taxi:17:7,taxi,17,7,user,0,train,0
taxi:17:8,taxi,17,8,agent,2,train,0
taxi:17:9,taxi,17,9,user,2,train,0
taxi:17:10,taxi,17,10,agent,2,train,0
taxi:17:11,taxi,17,11,user,3,train,1
taxi:17:12,taxi,17,12,agent,3,train,1
taxi:18:1,taxi,18,1,user,1,train,0
taxi:18:2,taxi,18,2,agent,2,train,0
taxi:18:3,taxi,18,3,user,0,train,0
taxi:18:4,taxi,18,4,agent,1,train,0
taxi:18:5,taxi,18,5,user,0,train,1
taxi:18:6,taxi,18,6,agent,2,train,0
taxi:18:7,taxi,18,7,user,0,train,0
taxi:18:8,taxi,18,8,agent,2,train,1
taxi:18:9,taxi,18,9,user,0,train,0
taxi:18:10,taxi,18,10,agent,2,train,0
taxi:18:11,taxi,18,11,user,0,train,0
taxi:18:12,taxi,18,12,agent,2,train,0
taxi:19:1,taxi,19,1,user,1,train,0
taxi:19:2,taxi,19,2,agent,1,train,0
taxi:19:3,taxi,19,3,user,0,train,0
taxi:19:4,taxi,19,4,agent,1,train,0
taxi:19:5,taxi,19,5,user,0,train,0
taxi:19:6,taxi,19,6,agent,1,train,0
taxi:19:7,taxi,19,7,user,2,train,0
taxi:19:8,taxi,19,8,agent,3,train,0
taxi:19:9,taxi,19,9,user,0,train,1
taxi:19:10,taxi,19,10,agent,1,train,0
taxi:19:11,taxi,19,11,user,0,train,0
taxi:19:12,taxi,19,12,agent,1,train,0
taxi:19:13,taxi,19,13,user,0,train,0
taxi:19:14,taxi,19,14,agent,2,train,0
taxi:19:15,taxi,19,15,user,0,train,0
taxi:19:16,taxi,19,16,agent,2,train,0
taxi:19:17,taxi,19,17,user,3,train,0
taxi:19:18,taxi,19,18,agent,3,train,1
taxi:20:1,taxi,20,1,user,3,test,1
taxi:20:2,taxi,20,2,agent,2,test,0
taxi:20:3,taxi,20,3,user,0,test,0
taxi:20:4,taxi,20,4,agent,1,test,0
taxi:20:5,taxi,20,5,user,2,test,0
taxi:20:6,taxi,20,6,agent,0,test,1
taxi:20:7,taxi,20,7,user,2,test,0
taxi:20:8,taxi,20,8,agent,2,test,0
taxi:20:9,taxi,20,9,user,3,test,1
taxi:20:10,taxi,20,10,agent,2,test,0
taxi:20:11,taxi,20,11,user,3,test,1
taxi:20:12,taxi,20,12,agent,3,test,1
taxi:21:1,taxi,21,1,user,1,train,0
taxi:21:2,taxi,21,2,agent,2,train,0
taxi:21:3,taxi,21,3,user,0,train,0
taxi:21:4,taxi,21,4,agent,1,train,0
taxi:21:5,taxi,21,5,user,0,train,1
taxi:21:6,taxi,21,6,agent,0,train,0
taxi:21:7,taxi,21,7,user,0,train,0
taxi:21:8,taxi,21,8,agent,2,train,0
taxi:21:9,taxi,21,9,user,2,train,0
taxi:21:10,taxi,21,10,agent,2,train,0
taxi:22:1,taxi,22,1,user,1,train,1
taxi:22:2,taxi,22,2,agent,2,train,1
taxi:22:3,taxi,22,3,user,2,train,0
taxi:22:4,taxi,22,4,agent,2,train,0
taxi:23:1,taxi,23,1,user,1,train,0
taxi:23:2,taxi,23,2,agent,2,train,0
taxi:23:3,taxi,23,3,user,0,train,0
taxi:23:4,taxi,23,4,agent,1,train,1
taxi:23:5,taxi,23,5,user,0,train,1
taxi:23:6,taxi,23,6,agent,0,train,0
taxi:23:7,taxi,23,7,user,0,train,0
taxi:23:8,taxi,23,8,agent,0,train,0
taxi:23:9,taxi,23,9,user,0,train,0
taxi:23:10,taxi,23,10,agent,2,train,0
taxi:23:11,taxi,23,11,user,0,train,0
taxi:23:12,taxi,23,12,agent,2,train,0
taxi:23:13,taxi,23,13,user,2,train,0
taxi:23:14,taxi,23,14,agent,2,train,0
taxi:24:1,taxi,24,1,user,1,test,0
taxi:24:2,taxi,24,2,agent,1,test,0
taxi:24:3,taxi,24,3,user,0,test,0
taxi:24:4,taxi,24,4,agent,1,test,0
taxi:24:5,taxi,24,5,user,0,test,1
taxi:24:6,taxi,24,6,agent,2,test,1
taxi:24:7,taxi,24,7,user,3,test,1
taxi:24:8,taxi,24,8,agent,2,test,0
taxi:25:1,taxi,25,1,user,1,train,0
taxi:25:2,taxi,25,2,agent,2,train,0
taxi:25:3,taxi,25,3,user,0,train,0
taxi:25:4,taxi,25,4,agent,1,train,1
taxi:25:5,taxi,25,5,user,0,train,0
taxi:25:6,taxi,25,6,agent,1,train,0
taxi:25:7,taxi,25,7,user,0,train,0
taxi:25:8,taxi,25,8,agent,1,train,0
taxi:25:9,taxi,25,9,user,0,train,0
taxi:25:10,taxi,25,10,agent,2,train,0
taxi:25:11,taxi,25,11,user,0,train,1
taxi:25:12,taxi,25,12,agent,1,train,0
taxi:25:13,taxi,25,13,user,0,train,0
taxi:25:14,taxi,25,14,agent,2,train,0
taxi:25:15,taxi,25,15,user,2,train,1
taxi:25:16,taxi,25,16,agent,2,train,0
taxi:26:1,taxi,26,1,user,1,train,0
taxi:26:2,taxi,26,2,agent,2,train,1
taxi:26:3,taxi,26,3,user,2,train,0
taxi:26:4,taxi,26,4,agent,1,train,0
taxi:26:5,taxi,26,5,user,2,train,0
taxi:26:6,taxi,26,6,agent,2,train,0
taxi:26:7,taxi,26,7,user,3,train,0
taxi:26:8,taxi,26,8,agent,2,train,0
taxi:27:1,taxi,27,1,user,1,train,0
taxi:27:2,taxi,27,2,agent,3,train,1
taxi:27:3,taxi,27,3,user,0,train,0
taxi:27:4,taxi,27,4,agent,1,train,0
taxi:27:5,taxi,27,5,user,0,train,0
taxi:27:6,taxi,27,6,agent,2,train,0
taxi:27:7,taxi,27,7,user,3,train,1
taxi:27:8,taxi,27,8,agent,2,train,0
taxi:27:9,taxi,27,9,user,3,train,1
taxi:27:10,taxi,27,10,agent,3,train,1
taxi:28:1,taxi,28,1,user,2,train,0
taxi:28:2,taxi,28,2,agent,2,train,0
taxi:28:3,taxi,28,3,user,0,train,0
taxi:28:4,taxi,28,4,agent,2,train,0
taxi:28:5,taxi,28,5,user,2,train,1
taxi:28:6,taxi,28,6,agent,2,train,0
taxi:28:7,taxi,28,7,user,3,train,1
taxi:28:8,taxi,28,8,agent,2,train,0
taxi:28:9,taxi,28,9,user,3,train,1
taxi:28:10,taxi,28,10,agent,2,train,0
taxi:28:11,taxi,28,11,user,3,train,1
taxi:28:12,taxi,28,12,agent,3,train,1
taxi:29:1,taxi,29,1,user,0,train,1
taxi:29:2,taxi,29,2,agent,2,train,1
taxi:29:3,taxi,29,3,user,0,train,0
taxi:29:4,taxi,29,4,agent,2,train,0
taxi:29:5,taxi,29,5,user,2,train,1
taxi:29:6,taxi,29,6,agent,2,train,0
taxi:30:1,taxi,30,1,user,1,train,0
taxi:30:2,taxi,30,2,agent,2,train,0
taxi:30:3,taxi,30,3,user,2,train,0
taxi:30:4,taxi,30,4,agent,1,train,0
taxi:30:5,taxi,30,5,user,0,train,1
taxi:30:6,taxi,30,6,agent,2,train,0
taxi:30:7,taxi,30,7,user,2,train,0
taxi:30:8,taxi,30,8,agent,2,train,0
taxi:30:9,taxi,30,9,user,3,train,0
taxi:30:10,taxi,30,10,agent,3,train,0
taxi:31:1,taxi,31,1,user,1,train,0
taxi:31:2,taxi,31,2,agent,1,train,0
taxi:32:1,taxi,32,1,user,1,train,0
taxi:32:2,taxi,32,2,agent,2,train,0
taxi:32:3,taxi,32,3,user,3,train,0
taxi:32:4,taxi,32,4,agent,1,train,0
taxi:32:5,taxi,32,5,user,0,train,1
taxi:32:6,taxi,32,6,agent,1,train,0
taxi:32:7,taxi,32,7,user,0,train,0
taxi:32:8,taxi,32,8,agent,1,train,0
taxi:32:9,taxi,32,9,user,0,train,0
taxi:32:10,taxi,32,10,agent,2,train,0
taxi:32:11,taxi,32,11,user,2,train,0
taxi:32:12,taxi,32,12,agent,2,train,0
taxi:33:1,taxi,33,1,user,1,train,0
taxi:33:2,taxi,33,2,agent,3,train,1
taxi:33:3,taxi,33,3,user,2,train,0
taxi:33:4,taxi,33,4,agent,1,train,0
taxi:33:5,taxi,33,5,user,0,train,0
taxi:33:6,taxi,33,6,agent,2,train,0
taxi:33:7,taxi,33,7,user,0,train,0
taxi:33:8,taxi,33,8,agent,1,train,0
taxi:33:9,taxi,33,9,user,0,train,0
taxi:33:10,taxi,33,10,agent,1,train,0
taxi:33:11,taxi,33,11,user,0,train,1
taxi:33:12,taxi,33,12,agent,2,train,0
taxi:33:13,taxi,33,13,user,2,train,1
taxi:33:14,taxi,33,14,agent,2,train,0
taxi:33:15,taxi,33,15,user,3,train,1
taxi:33:16,taxi,33,16,agent,3,train,1
taxi:34:1,taxi,34,1,user,2,train,0
taxi:34:2,taxi,34,2,agent,3,train,0
taxi:34:3,taxi,34,3,user,3,train,0
taxi:34:4,taxi,34,4,agent,2,train,0
taxi:35:1,taxi,35,1,user,1,train,0
taxi:35:2,taxi,35,2,agent,3,train,1
taxi:35:3,taxi,35,3,user,3,train,1
taxi:35:4,taxi,35,4,agent,2,train,1
taxi:35:5,taxi,35,5,user,3,train,1
taxi:35:6,taxi,35,6,agent,2,train,0
taxi:35:7,taxi,35,7,user,3,train,1
taxi:35:8,taxi,35,8,agent,3,train,1
taxi:36:1,taxi,36,1,user,3,test,1
taxi:36:2,taxi,36,2,agent,2,test,0
taxi:37:1,taxi,37,1,user,3,train,0
taxi:37:2,taxi,37,2,agent,1,train,0
taxi:37:3,taxi,37,3,user,2,train,0
taxi:37:4,taxi,37,4,agent,1,train,1
taxi:37:5,taxi,37,5,user,2,train,0
taxi:37:6,taxi,37,6,agent,2,train,0
taxi:37:7,taxi,37,7,user,3,train,0
taxi:37:8,taxi,37,8,agent,1,train,0
taxi:37:9,taxi,37,9,user,0,train,0
taxi:37:10,taxi,37,10,agent,2,train,0
taxi:37:11,taxi,37,11,user,3,train,1
taxi:37:12,taxi,37,12,agent,3,train,1
taxi:38:1,taxi,38,1,user,0,validation,0
taxi:38:2,taxi,38,2,agent,1,validation,0
taxi:38:3,taxi,38,3,user,0,validation,0
taxi:38:4,taxi,38,4,agent,1,validation,1
taxi:38:5,taxi,38,5,user,0,validation,0
taxi:38:6,taxi,38,6,agent,1,validation,0
taxi:38:7,taxi,38,7,user,0,validation,0
taxi:38:8,taxi,38,8,agent,2,validation,1
taxi:38:9,taxi,38,9,user,2,validation,0
taxi:38:10,taxi,38,10,agent,1,validation,0
taxi:38:11,taxi,38,11,user,2,validation,0
taxi:38:12,taxi,38,12,agent,2,validation,1
taxi:39:1,taxi,39,1,user,1,train,0
taxi:39:2,taxi,39,2,agent,1,train,0
taxi:39:3,taxi,39,3,user,0,train,0
taxi:39:4,taxi,39,4,agent,1,train,0
taxi:39:5,taxi,39,5,user,0,train,0
taxi:39:6,taxi,39,6,agent,1,train,0
taxi:39:7,taxi,39,7,user,0,train,0
taxi:39:8,taxi,39,8,agent,1,train,0
taxi:39:9,taxi,39,9,user,0,train,0
taxi:39:10,taxi,39,10,agent,2,train,0
taxi:40:1,taxi,40,1,user,1,train,0
taxi:40:2,taxi,40,2,agent,2,train,0
taxi:40:3,taxi,40,3,user,0,train,0
taxi:40:4,taxi,40,4,agent,0,train,0
taxi:40:5,taxi,40,5,user,0,train,1
taxi:40:6,taxi,40,6,agent,1,train,0
taxi:40:7,taxi,40,7,user,0,train,1
taxi:40:8,taxi,40,8,agent,1,train,0
taxi:40:9,taxi,40,9,user,0,train,0
taxi:40:10,taxi,40,10,agent,2,train,1
taxi:40:11,taxi,40,11,user,0,train,0
taxi:40:12,taxi,40,12,agent,2,train,0
taxi:40:13,taxi,40,13,user,0,train,0
taxi:40:14,taxi,40,14,agent,2,train,0
taxi:40:15,taxi,40,15,user,3,train,1
taxi:40:16,taxi,40,16,agent,2,train,0
taxi:41:1,taxi,41,1,user,1,train,0
taxi:41:2,taxi,41,2,agent,2,train,0
taxi:41:3,taxi,41,3,user,0,train,0
taxi:41:4,taxi,41,4,agent,0,train,1
taxi:41:5,taxi,41,5,user,0,train,1
taxi:41:6,taxi,41,6,agent,0,train,0
taxi:41:7,taxi,41,7,user,0,train,0
taxi:41:8,taxi,41,8,agent,1,train,0
taxi:41:9,taxi,41,9,user,0,train,0
taxi:41:10,taxi,41,10,agent,2,train,0
taxi:41:11,taxi,41,11,user,2,train,1
taxi:41:12,taxi,41,12,agent,2,train,0
taxi:41:13,taxi,41,13,user,3,train,0
taxi:41:14,taxi,41,14,agent,3,train,1
taxi:42:1,taxi,42,1,user,2,train,0
taxi:42:2,taxi,42,2,agent,2,train,0
taxi:42:3,taxi,42,3,user,0,train,1
taxi:42:4,taxi,42,4,agent,2,train,0
taxi:42:5,taxi,42,5,user,0,train,0
taxi:42:6,taxi,42,6,agent,2,train,0
taxi:42:7,taxi,42,7,user,0,train,0
taxi:42:8,taxi,42,8,agent,1,train,0
taxi:42:9,taxi,42,9,user,0,train,0
taxi:42:10,taxi,42,10,agent,3,train,1
taxi:42:11,taxi,42,11,user,0,train,0
taxi:42:12,taxi,42,12,agent,2,train,0
taxi:42:13,taxi,42,13,user,0,train,1
taxi:42:14,taxi,42,14,agent,2,train,0
taxi:43:1,taxi,43,1,user,3,train,1
taxi:43:2,taxi,43,2,agent,2,train,1
taxi:43:3,taxi,43,3,user,0,train,0
taxi:43:4,taxi,43,4,agent,1,train,1
taxi:43:5,taxi,43,5,user,0,train,1
taxi:43:6,taxi,43,6,agent,1,train,0
taxi:43:7,taxi,43,7,user,0,train,0
taxi:43:8,taxi,43,8,agent,1,train,0
taxi:43:9,taxi,43,9,user,0,train,0
taxi:43:10,taxi,43,10,agent,2,train,0
taxi:43:11,taxi,43,11,user,2,train,0
taxi:43:12,taxi,43,12,agent,2,train,0
taxi:43:13,taxi,43,13,user,3,train,0
taxi:43:14,taxi,43,14,agent,3,train,1
taxi:44:1,taxi,44,1,user,3,train,1
taxi:44:2,taxi,44,2,agent,1,train,0
taxi:44:3,taxi,44,3,user,3,train,1
taxi:44:4,taxi,44,4,agent,1,train,0
taxi:44:5,taxi,44,5,user,2,train,0
taxi:44:6,taxi,44,6,agent,1,train,1
taxi:44:7,taxi,44,7,user,0,train,0
taxi:44:8,taxi,44,8,agent,1,train,0
taxi:44:9,taxi,44,9,user,2,train,0
taxi:44:10,taxi,44,10,agent,2,train,0
taxi:44:11,taxi,44,11,user,2,train,0
taxi:44:12,taxi,44,12,agent,2,train,0
taxi:45:1,taxi,45,1,user,1,train,0
taxi:45:2,taxi,45,2,agent,1,train,0
taxi:45:3,taxi,45,3,user,0,train,1
taxi:45:4,taxi,45,4,agent,1,train,1
taxi:45:5,taxi,45,5,user,0,train,0
taxi:45:6,taxi,45,6,agent,1,train,1
taxi:45:7,taxi,45,7,user,0,train,0
taxi:45:8,taxi,45,8,agent,1,train,0
taxi:45:9,taxi,45,9,user,2,train,0
taxi:45:10,taxi,45,10,agent,1,train,0
taxi:45:11,taxi,45,11,user,2,train,0
taxi:45:12,taxi,45,12,agent,2,train,0
taxi:45:13,taxi,45,13,user,2,train,0
taxi:45:14,taxi,45,14,agent,2,train,0
taxi:45:15,taxi,45,15,user,3,train,1
taxi:45:16,taxi,45,16,agent,3,train,0
taxi:46:1,taxi,46,1,user,1,test,1
taxi:46:2,taxi,46,2,agent,0,test,0
taxi:46:3,taxi,46,3,user,0,test,0
taxi:46:4,taxi,46,4,agent,2,test,0
taxi:46:5,taxi,46,5,user,3,test,1
taxi:46:6,taxi,46,6,agent,2,test,0
taxi:46:7,taxi,46,7,user,2,test,0
taxi:46:8,taxi,46,8,agent,2,test,0
taxi:47:1,taxi,47,1,user,2,train,0
taxi:47:2,taxi,47,2,agent,2,train,0
taxi:47:3,taxi,47,3,user,0,train,0
taxi:47:4,taxi,47,4,agent,1,train,0
taxi:47:5,taxi,47,5,user,0,train,1
taxi:47:6,taxi,47,6,agent,1,train,0
taxi:47:7,taxi,47,7,user,0,train,1
taxi:47:8,taxi,47,8,agent,0,train,1
taxi:47:9,taxi,47,9,user,2,train,0
taxi:47:10,taxi,47,10,agent,2,train,0
taxi:47:11,taxi,47,11,user,0,train,0
taxi:47:12,taxi,47,12,agent,2,train,1
taxi:47:13,taxi,47,13,user,0,train,1
taxi:47:14,taxi,47,14,agent,2,train,1
taxi:48:1,taxi,48,1,user,3,train,1
taxi:48:2,taxi,48,2,agent,3,train,1
taxi:48:3,taxi,48,3,user,1,train,1
taxi:48:4,taxi,48,4,agent,1,train,1
taxi:48:5,taxi,48,5,user,0,train,0
taxi:48:6,taxi,48,6,agent,1,train,0
taxi:48:7,taxi,48,7,user,0,train,0
taxi:48:8,taxi,48,8,agent,2,train,0
taxi:48:9,taxi,48,9,user,0,train,0
taxi:48:10,taxi,48,10,agent,1,train,0
taxi:48:11,taxi,48,11,user,0,train,1
taxi:48:12,taxi,48,12,agent,1,train,0
taxi:48:13,taxi,48,13,user,0,train,0
taxi:48:14,taxi,48,14,agent,2,train,1
taxi:48:15,taxi,48,15,user,3,train,1
taxi:48:16,taxi,48,16,agent,2,train,0
taxi:49:1,taxi,49,1,user,1,train,1
taxi:49:2,taxi,49,2,agent,1,train,1
taxi:49:3,taxi,49,3,user,0,train,1
taxi:49:4,taxi,49,4,agent,2,train,0
taxi:49:5,taxi,49,5,user,0,train,0
taxi:49:6,taxi,49,6,agent,2,train,0
taxi:49:7,taxi,49,7,user,3,train,1
taxi:49:8,taxi,49,8,agent,2,train,0
taxi:50:1,taxi,50,1,user,3,train,0
taxi:50:2,taxi,50,2,agent,1,train,0
taxi:50:3,taxi,50,3,user,2,train,0
taxi:50:4,taxi,50,4,agent,1,train,0
taxi:50:5,taxi,50,5,user,0,train,0
taxi:50:6,taxi,50,6,agent,2,train,0
taxi:50:7,taxi,50,7,user,3,train,1
taxi:50:8,taxi,50,8,agent,2,train,0
taxi:51:1,taxi,51,1,user,1,test,0
taxi:51:2,taxi,51,2,agent,0,test,1
taxi:51:3,taxi,51,3,user,0,test,0
taxi:51:4,taxi,51,4,agent,3,test,1
taxi:51:5,taxi,51,5,user,2,test,1
taxi:51:6,taxi,51,6,agent,1,test,1
taxi:51:7,taxi,51,7,user,2,test,1
taxi:51:8,taxi,51,8,agent,2,test,0
taxi:52:1,taxi,52,1,user,1,test,0
taxi:52:2,taxi,52,2,agent,1,test,1
taxi:52:3,taxi,52,3,user,0,test,0
taxi:52:4,taxi,52,4,agent,0,test,1
taxi:52:5,taxi,52,5,user,0,test,0
taxi:52:6,taxi,52,6,agent,1,test,0
taxi:52:7,taxi,52,7,user,0,test,0
taxi:52:8,taxi,52,8,agent,3,test,1
taxi:52:9,taxi,52,9,user,0,test,0
taxi:52:10,taxi,52,10,agent,2,test,1
taxi:52:11,taxi,52,11,user,0,test,1
taxi:52:12,taxi,52,12,agent,2,test,0
taxi:52:13,taxi,52,13,user,2,test,0
taxi:52:14,taxi,52,14,agent,2,test,0
taxi:52:15,taxi,52,15,user,3,test,0
taxi:52:16,taxi,52,16,agent,3,test,1
taxi:53:1,taxi,53,1,user,1,train,0
taxi:53:2,taxi,53,2,agent,3,train,0
taxi:53:3,taxi,53,3,user,2,train,0
taxi:53:4,taxi,53,4,agent,1,train,1
taxi:53:5,taxi,53,5,user,0,train,0
taxi:53:6,taxi,53,6,agent,2,train,0
taxi:53:7,taxi,53,7,user,2,train,0
taxi:53:8,taxi,53,8,agent,2,train,0
taxi:54:1,taxi,54,1,user,1,train,0
taxi:54:2,taxi,54,2,agent,2,train,0
taxi:55:1,taxi,55,1,user,3,train,1
taxi:55:2,taxi,55,2,agent,2,train,0
taxi:55:3,taxi,55,3,user,2,train,0
taxi:55:4,taxi,55,4,agent,2,train,0
taxi:56:1,taxi,56,1,user,1,train,0
taxi:56:2,taxi,56,2,agent,2,train,0
taxi:56:3,taxi,56,3,user,0,train,0
taxi:56:4,taxi,56,4,agent,1,train,0
taxi:56:5,taxi,56,5,user,0,train,0
taxi:56:6,taxi,56,6,agent,1,train,0
taxi:56:7,taxi,56,7,user,0,train,1
taxi:56:8,taxi,56,8,agent,2,train,1
taxi:56:9,taxi,56,9,user,2,train,0
taxi:56:10,taxi,56,10,agent,2,train,0
taxi:57:1,taxi,57,1,user,1,test,0
taxi:57:2,taxi,57,2,agent,2,test,1
taxi:57:3,taxi,57,3,user,0,test,0
taxi:57:4,taxi,57,4,agent,2,test,0
taxi:57:5,taxi,57,5,user,0,test,0
taxi:57:6,taxi,57,6,agent,2,test,0
taxi:57:7,taxi,57,7,user,0,test,0
taxi:57:8,taxi,57,8,agent,3,test,1
taxi:57:9,taxi,57,9,user,2,test,0
taxi:57:10,taxi,57,10,agent,1,test,0
taxi:57:11,taxi,57,11,user,2,test,0
taxi:57:12,taxi,57,12,agent,1,test,0
taxi:57:13,taxi,57,13,user,0,test,1
taxi:57:14,taxi,57,14,agent,2,test,0
taxi:57:15,taxi,57,15,user,2,test,0
taxi:57:16,taxi,57,16,agent,2,test,0
taxi:57:17,taxi,57,17,user,0,test,0
taxi:57:18,taxi,57,18,agent,2,test,0
taxi:58:1,taxi,58,1,user,2,train,0
taxi:58:2,taxi,58,2,agent,2,train,1
taxi:58:3,taxi,58,3,user,0,train,1
taxi:58:4,taxi,58,4,agent,2,train,0
taxi:58:5,taxi,58,5,user,2,train,0
taxi:58:6,taxi,58,6,agent,2,train,0
taxi:59:1,taxi,59,1,user,1,train,0
taxi:59:2,taxi,59,2,agent,2,train,0
taxi:59:3,taxi,59,3,user,0,train,0
taxi:59:4,taxi,59,4,agent,1,train,0
taxi:59:5,taxi,59,5,user,2,train,0
taxi:59:6,taxi,59,6,agent,1,train,0
taxi:59:7,taxi,59,7,user,0,train,0
taxi:59:8,taxi,59,8,agent,2,train,0
taxi:59:9,taxi,59,9,user,3,train,1
taxi:59:10,taxi,59,10,agent,2,train,0
taxi:59:11,taxi,59,11,user,0,train,0
taxi:59:12,taxi,59,12,agent,2,train,0
taxi:60:1,taxi,60,1,user,1,train,0
taxi:60:2,taxi,60,2,agent,2,train,0
taxi:60:3,taxi,60,3,user,0,train,0
taxi:60:4,taxi,60,4,agent,1,train,0
taxi:60:5,taxi,60,5,user,0,train,0
taxi:60:6,taxi,60,6,agent,2,train,0
taxi:60:7,taxi,60,7,user,3,train,1
taxi:60:8,taxi,60,8,agent,2,train,1
taxi:60:9,taxi,60,9,user,3,train,1
taxi:60:10,taxi,60,10,agent,2,train,0
taxi:61:1,taxi,61,1,user,1,test,0
taxi:61:2,taxi,61,2,agent,2,test,0
taxi:61:3,taxi,61,3,user,0,test,1
taxi:61:4,taxi,61,4,agent,1,test,0
taxi:61:5,taxi,61,5,user,0,test,0
taxi:61:6,taxi,61,6,agent,2,test,0
taxi:61:7,taxi,61,7,user,0,test,0
taxi:61:8,taxi,61,8,agent,2,test,0
taxi:61:9,taxi,61,9,user,2,test,0
taxi:61:10,taxi,61,10,agent,2,test,0
taxi:61:11,taxi,61,11,user,3,test,0
taxi:61:12,taxi,61,12,agent,3,test,1
taxi:62:1,taxi,62,1,user,2,train,1
taxi:62:2,taxi,62,2,agent,3,train,1
taxi:62:3,taxi,62,3,user,2,train,0
taxi:62:4,taxi,62,4,agent,1,train,0
taxi:62:5,taxi,62,5,user,0,train,0
taxi:62:6,taxi,62,6,agent,1,train,0
taxi:62:7,taxi,62,7,user,3,train,1
taxi:62:8,taxi,62,8,agent,1,train,0
taxi:62:9,taxi,62,9,user,0,train,0
taxi:62:10,taxi,62,10,agent,1,train,0
taxi:63:1,taxi,63,1,user,1,test,1
taxi:63:2,taxi,63,2,agent,2,test,0
taxi:63:3,taxi,63,3,user,3,test,1
taxi:63:4,taxi,63,4,agent,2,test,1
taxi:63:5,taxi,63,5,user,0,test,1
taxi:63:6,taxi,63,6,agent,1,test,0
taxi:63:7,taxi,63,7,user,0,test,1
taxi:63:8,taxi,63,8,agent,1,test,0
taxi:63:9,taxi,63,9,user,0,test,0
taxi:63:10,taxi,63,10,agent,1,test,0
taxi:63:11,taxi,63,11,user,0,test,1
taxi:63:12,taxi,63,12,agent,1,test,0
taxi:63:13,taxi,63,13,user,0,test,1
taxi:63:14,taxi,63,14,agent,2,test,0
taxi:63:15,taxi,63,15,user,2,test,0
taxi:63:16,taxi,63,16,agent,2,test,0
taxi:64:1,taxi,64,1,user,3,train,0
taxi:64:2,taxi,64,2,agent,1,train,0
taxi:64:3,taxi,64,3,user,0,train,0
taxi:64:4,taxi,64,4,agent,1,train,1
taxi:64:5,taxi,64,5,user,0,train,0
taxi:64:6,taxi,64,6,agent,1,train,0
taxi:64:7,taxi,64,7,user,0,train,0
taxi:64:8,taxi,64,8,agent,2,train,0
taxi:64:9,taxi,64,9,user,3,train,0
taxi:64:10,taxi,64,10,agent,2,train,0
taxi:64:11,taxi,64,11,user,3,train,0
taxi:64:12,taxi,64,12,agent,3,train,1
taxi:65:1,taxi,65,1,user,1,train,0
taxi:65:2,taxi,65,2,agent,2,train,1
taxi:65:3,taxi,65,3,user,2,train,0
taxi:65:4,taxi,65,4,agent,2,train,1
taxi:66:1,taxi,66,1,user,3,train,1
taxi:66:2,taxi,66,2,agent,3,train,0
taxi:66:3,taxi,66,3,user,0,train,0
taxi:66:4,taxi,66,4,agent,1,train,0
taxi:66:5,taxi,66,5,user,0,train,0
taxi:66:6,taxi,66,6,agent,1,train,0
taxi:66:7,taxi,66,7,user,0,train,0
taxi:66:8,taxi,66,8,agent,1,train,0
taxi:66:9,taxi,66,9,user,0,train,0
taxi:66:10,taxi,66,10,agent,2,train,0
taxi:66:11,taxi,66,11,user,0,train,1
taxi:66:12,taxi,66,12,agent,2,train,0
taxi:67:1,taxi,67,1,user,1,validation,1
taxi:67:2,taxi,67,2,agent,2,validation,0
taxi:67:3,taxi,67,3,user,0,validation,1
taxi:67:4,taxi,67,4,agent,2,validation,1
taxi:67:5,taxi,67,5,user,2,validation,1
taxi:67:6,taxi,67,6,agent,2,validation,0
taxi:67:7,taxi,67,7,user,3,validation,1
taxi:67:8,taxi,67,8,agent,2,validation,0
taxi:67:9,taxi,67,9,user,3,validation,1
taxi:67:10,taxi,67,10,agent,3,validation,1
taxi:68:1,taxi,68,1,user,0,test,0
taxi:68:2,taxi,68,2,agent,0,test,1
taxi:69:1,taxi,69,1,user,3,validation,1
taxi:69:2,taxi,69,2,agent,1,validation,0
taxi:69:3,taxi,69,3,user,0,validation,0
taxi:69:4,taxi,69,4,agent,2,validation,0
taxi:69:5,taxi,69,5,user,3,validation,1
taxi:69:6,taxi,69,6,agent,2,validation,0
taxi:69:7,taxi,69,7,user,0,validation,1
taxi:69:8,taxi,69,8,agent,2,validation,0
taxi:69:9,taxi,69,9,user,3,validation,1
taxi:69:10,taxi,69,10,agent,3,validation,1
taxi:70:1,taxi,70,1,user,0,train,0
taxi:70:2,taxi,70,2,agent,1,train,0
taxi:70:3,taxi,70,3,user,0,train,0
taxi:70:4,taxi,70,4,agent,2,train,0
taxi:70:5,taxi,70,5,user,2,train,0
taxi:70:6,taxi,70,6,agent,2,train,0
taxi:71:1,taxi,71,1,user,3,train,1
taxi:71:2,taxi,71,2,agent,1,train,0
taxi:71:3,taxi,71,3,user,2,train,0
taxi:71:4,taxi,71,4,agent,2,train,0
taxi:71:5,taxi,71,5,user,0,train,0
taxi:71:6,taxi,71,6,agent,2,train,0
taxi:71:7,taxi,71,7,user,2,train,0
taxi:71:8,taxi,71,8,agent,2,train,0
taxi:71:9,taxi,71,9,user,2,train,0
taxi:71:10,taxi,71,10,agent,2,train,0
taxi:71:11,taxi,71,11,user,0,train,0
taxi:71:12,taxi,71,12,agent,1,train,0
taxi:71:13,taxi,71,13,user,0,train,0
taxi:71:14,taxi,71,14,agent,2,train,0
taxi:71:15,taxi,71,15,user,3,train,1
taxi:71:16,taxi,71,16,agent,2,train,0
taxi:71:17,taxi,71,17,user,3,train,1
taxi:71:18,taxi,71,18,agent,3,train,1
taxi:72:1,taxi,72,1,user,2,train,1
taxi:72:2,taxi,72,2,agent,1,train,0
taxi:72:3,taxi,72,3,user,3,train,1
taxi:72:4,taxi,72,4,agent,1,train,0
taxi:72:5,taxi,72,5,user,0,train,0
taxi:72:6,taxi,72,6,agent,2,train,0
taxi:72:7,taxi,72,7,user,3,train,0
taxi:72:8,taxi,72,8,agent,2,train,0
taxi:73:1,taxi,73,1,user,2,train,0
taxi:73:2,taxi,73,2,agent,2,train,1
taxi:73:3,taxi,73,3,user,0,train,0
taxi:73:4,taxi,73,4,agent,0,train,0
taxi:73:5,taxi,73,5,user,0,train,0
taxi:73:6,taxi,73,6,agent,2,train,0
taxi:73:7,taxi,73,7,user,3,train,1
taxi:73:8,taxi,73,8,agent,2,train,0
taxi:73:9,taxi,73,9,user,3,train,0
taxi:73:10,taxi,73,10,agent,3,train,0
taxi:74:1,taxi,74,1,user,1,test,0
taxi:74:2,taxi,74,2,agent,1,test,0
taxi:74:3,taxi,74,3,user,2,test,0
taxi:74:4,taxi,74,4,agent,1,test,0
taxi:74:5,taxi,74,5,user,0,test,1
taxi:74:6,taxi,74,6,agent,0,test,1
taxi:74:7,taxi,74,7,user,0,test,1
taxi:74:8,taxi,74,8,agent,0,test,0
taxi:74:9,taxi,74,9,user,0,test,0
taxi:74:10,taxi,74,10,agent,0,test,0
taxi:74:11,taxi,74,11,user,0,test,1
taxi:74:12,taxi,74,12,agent,1,test,0
taxi:74:13,taxi,74,13,user,0,test,0
taxi:74:14,taxi,74,14,agent,1,test,0
taxi:74:15,taxi,74,15,user,0,test,0
taxi:74:16,taxi,74,16,agent,2,test,0
taxi:74:17,taxi,74,17,user,2,test,1
taxi:74:18,taxi,74,18,agent,2,test,0
taxi:74:19,taxi,74,19,user,2,test,1
taxi:74:20,taxi,74,20,agent,2,test,0
taxi:74:21,taxi,74,21,user,3,test,1
taxi:74:22,taxi,74,22,agent,3,test,0
taxi:75:1,taxi,75,1,user,2,test,0
taxi:75:2,taxi,75,2,agent,2,test,0
taxi:75:3,taxi,75,3,user,3,test,0
taxi:75:4,taxi,75,4,agent,2,test,0
taxi:75:5,taxi,75,5,user,3,test,1
taxi:75:6,taxi,75,6,agent,2,test,1
taxi:76:1,taxi,76,1,user,1,test,0
taxi:76:2,taxi,76,2,agent,1,test,1
taxi:76:3,taxi,76,3,user,0,test,1
taxi:76:4,taxi,76,4,agent,1,test,1
taxi:76:5,taxi,76,5,user,0,test,0
taxi:76:6,taxi,76,6,agent,2,test,0
taxi:76:7,taxi,76,7,user,2,test,0
taxi:76:8,taxi,76,8,agent,2,test,0
taxi:77:1,taxi,77,1,user,3,train,1
taxi:77:2,taxi,77,2,agent,3,train,1
taxi:77:3,taxi,77,3,user,0,train,0
taxi:77:4,taxi,77,4,agent,1,train,0
taxi:77:5,taxi,77,5,user,0,train,0
taxi:77:6,taxi,77,6,agent,2,train,0
taxi:77:7,taxi,77,7,user,2,train,0
taxi:77:8,taxi,77,8,agent,1,train,0
taxi:77:9,taxi,77,9,user,0,train,1
taxi:77:10,taxi,77,10,agent,2,train,0
taxi:77:11,taxi,77,11,user,2,train,0
taxi:77:12,taxi,77,12,agent,2,train,0
taxi:78:1,taxi,78,1,user,2,train,0
taxi:78:2,taxi,78,2,agent,1,train,0
taxi:78:3,taxi,78,3,user,0,train,0
taxi:78:4,taxi,78,4,agent,1,train,0
taxi:78:5,taxi,78,5,user,0,train,0
taxi:78:6,taxi,78,6,agent,2,train,1
taxi:78:7,taxi,78,7,user,2,train,0
taxi:78:8,taxi,78,8,agent,2,train,0
taxi:79:1,taxi,79,1,user,1,train,0
taxi:79:2,taxi,79,2,agent,2,train,0
taxi:79:3,taxi,79,3,user,0,train,0
taxi:79:4,taxi,79,4,agent,1,train,1
taxi:79:5,taxi,79,5,user,0,train,0
taxi:79:6,taxi,79,6,agent,2,train,0
taxi:79:7,taxi,79,7,user,2,train,0
taxi:79:8,taxi,79,8,agent,2,train,0
taxi:80:1,taxi,80,1,user,1,train,0
taxi:80:2,taxi,80,2,agent,1,train,0
taxi:80:3,taxi,80,3,user,3,train,1
taxi:80:4,taxi,80,4,agent,1,train,0
taxi:80:5,taxi,80,5,user,0,train,1
taxi:80:6,taxi,80,6,agent,1,train,1
taxi:80:7,taxi,80,7,user,0,train,1
taxi:80:8,taxi,80,8,agent,2,train,0
taxi:80:9,taxi,80,9,user,2,train,0
taxi:80:10,taxi,80,10,agent,2,train,0
taxi:81:1,taxi,81,1,user,3,train,0
taxi:81:2,taxi,81,2,agent,1,train,0
taxi:82:1,taxi,82,1,user,1,train,0
taxi:82:2,taxi,82,2,agent,2,train,0
taxi:82:3,taxi,82,3,user,0,train,0
taxi:82:4,taxi,82,4,agent,0,train,0
taxi:82:5,taxi,82,5,user,0,train,0
taxi:82:6,taxi,82,6,agent,2,train,0
taxi:82:7,taxi,82,7,user,3,train,1
taxi:82:8,taxi,82,8,agent,3,train,0
taxi:83:1,taxi,83,1,user,2,train,0
taxi:83:2,taxi,83,2,agent,2,train,0
taxi:83:3,taxi,83,3,user,0,train,0
taxi:83:4,taxi,83,4,agent,2,train,0
taxi:83:5,taxi,83,5,user,2,train,1
taxi:83:6,taxi,83,6,agent,2,train,0
taxi:84:1,taxi,84,1,user,1,train,0
taxi:84:2,taxi,84,2,agent,1,train,0
taxi:85:1,taxi,85,1,user,1,validation,0
taxi:85:2,taxi,85,2,agent,3,validation,0
taxi:86:1,taxi,86,1,user,0,validation,0
taxi:86:2,taxi,86,2,agent,1,validation,0
taxi:87:1,taxi,87,1,user,0,train,0
taxi:87:2,taxi,87,2,agent,1,train,0
taxi:87:3,taxi,87,3,user,0,train,0
taxi:87:4,taxi,87,4,agent,2,train,0
taxi:87:5,taxi,87,5,user,2,train,0
taxi:87:6,taxi,87,6,agent,2,train,0
taxi:87:7,taxi,87,7,user,0,train,0
taxi:87:8,taxi,87,8,agent,2,train,0
taxi:88:1,taxi,88,1,user,2,train,0
taxi:88:2,taxi,88,2,agent,2,train,0
taxi:88:3,taxi,88,3,user,2,train,0
taxi:88:4,taxi,88,4,agent,2,train,0
taxi:89:1,taxi,89,1,user,1,train,0
taxi:89:2,taxi,89,2,agent,1,train,0
taxi:89:3,taxi,89,3,user,2,train,0
taxi:89:4,taxi,89,4,agent,2,train,1
taxi:89:5,taxi,89,5,user,3,train,1
taxi:89:6,taxi,89,6,agent,3,train,1
taxi:89:7,taxi,89,7,user,3,train,1
taxi:89:8,taxi,89,8,agent,3,train,0
taxi:90:1,taxi,90,1,user,2,train,0
taxi:90:2,taxi,90,2,agent,2,train,0
taxi:90:3,taxi,90,3,user,3,train,1
taxi:90:4,taxi,90,4,agent,2,train,0
taxi:90:5,taxi,90,5,user,3,train,1
taxi:90:6,taxi,90,6,agent,3,train,1
taxi:91:1,taxi,91,1,user,1,train,0
taxi:91:2,taxi,91,2,agent,1,train,0
taxi:92:1,taxi,92,1,user,3,train,1
taxi:92:2,taxi,92,2,agent,2,train,0
taxi:92:3,taxi,92,3,user,2,train,1
taxi:92:4,taxi,92,4,agent,2,train,0
taxi:92:5,taxi,92,5,user,2,train,0
taxi:92:6,taxi,92,6,agent,2,train,0
taxi:93:1,taxi,93,1,user,1,train,0
taxi:93:2,taxi,93,2,agent,3,train,0
taxi:93:3,taxi,93,3,user,3,train,0
taxi:93:4,taxi,93,4,agent,2,train,0
taxi:93:5,taxi,93,5,user,2,train,0
taxi:93:6,taxi,93,6,agent,2,train,0
taxi:94:1,taxi,94,1,user,1,validation,1
taxi:94:2,taxi,94,2,agent,1,validation,0
taxi:94:3,taxi,94,3,user,0,validation,0
taxi:94:4,taxi,94,4,agent,2,validation,0
taxi:94:5,taxi,94,5,user,2,validation,1
taxi:94:6,taxi,94,6,agent,2,validation,0
taxi:95:1,taxi,95,1,user,2,train,0
taxi:95:2,taxi,95,2,agent,2,train,1
taxi:95:3,taxi,95,3,user,0,train,1
taxi:95:4,taxi,95,4,agent,0,train,0
taxi:95:5,taxi,95,5,user,0,train,0
taxi:95:6,taxi,95,6,agent,2,train,0
taxi:95:7,taxi,95,7,user,3,train,1
taxi:95:8,taxi,95,8,agent,2,train,0
taxi:96:1,taxi,96,1,user,1,train,0
taxi:96:2,taxi,96,2,agent,3,train,1
taxi:96:3,taxi,96,3,user,3,train,1
taxi:96:4,taxi,96,4,agent,2,train,0
taxi:96:5,taxi,96,5,user,2,train,0
taxi:96:6,taxi,96,6,agent,2,train,0
taxi:97:1,taxi,97,1,user,3,train,1
taxi:97:2,taxi,97,2,agent,1,train,1
taxi:97:3,taxi,97,3,user,0,train,1
taxi:97:4,taxi,97,4,agent,1,train,0
taxi:97:5,taxi,97,5,user,0,train,0
taxi:97:6,taxi,97,6,agent,2,train,0
taxi:97:7,taxi,97,7,user,2,train,0
taxi:97:8,taxi,97,8,agent,2,train,0
taxi:97:9,taxi,97,9,user,3,train,1
taxi:97:10,taxi,97,10,agent,3,train,1
taxi:98:1,taxi,98,1,user,1,train,0
taxi:98:2,taxi,98,2,agent,0,train,0
taxi:98:3,taxi,98,3,user,0,train,0
taxi:98:4,taxi,98,4,agent,1,train,0
taxi:98:5,taxi,98,5,user,0,train,0
taxi:98:6,taxi,98,6,agent,1,train,0
taxi:98:7,taxi,98,7,user,0,train,0
taxi:98:8,taxi,98,8,agent,3,train,0
taxi:98:9,taxi,98,9,user,0,train,1
taxi:98:10,taxi,98,10,agent,1,train,0
taxi:98:11,taxi,98,11,user,0,train,0
taxi:98:12,taxi,98,12,agent,2,train,0
taxi:98:13,taxi,98,13,user,1,train,0
taxi:98:14,taxi,98,14,agent,1,train,0
taxi:98:15,taxi,98,15,user,2,train,1
taxi:98:16,taxi,98,16,agent,2,train,0
taxi:99:1,taxi,99,1,user,1,train,0
taxi:99:2,taxi,99,2,agent,2,train,0
taxi:99:3,taxi,99,3,user,2,train,0
taxi:99:4,taxi,99,4,agent,1,train,0
taxi:99:5,taxi,99,5,user,0,train,0
taxi:99:6,taxi,99,6,agent,1,train,0
taxi:99:7,taxi,99,7,user,0,train,0
taxi:99:8,taxi,99,8,agent,0,train,0
taxi:99:9,taxi,99,9,user,0,train,0
taxi:99:10,taxi,99,10,agent,1,train,0
taxi:99:11,taxi,99,11,user,0,train,0
taxi:99:12,taxi,99,12,agent,2,train,1
taxi:99:13,taxi,99,13,user,2,train,0
taxi:99:14,taxi,99,14,agent,2,train,0
taxi:99:15,taxi,99,15,user,3,train,1
taxi:99:16,taxi,99,16,agent,3,train,1
taxi:100:1,taxi,100,1,user,2,train,0
taxi:100:2,taxi,100,2,agent,1,train,0
taxi:100:3,taxi,100,3,user,0,train,0
taxi:100:4,taxi,100,4,agent,2,train,0
taxi:100:5,taxi,100,5,user,0,train,0
taxi:100:6,taxi,100,6,agent,2,train,0
taxi:100:7,taxi,100,7,user,0,train,1
taxi:100:8,taxi,100,8,agent,2,train,0
taxi:100:9,taxi,100,9,user,2,train,0
taxi:100:10,taxi,100,10,agent,2,train,0
taxi:100:11,taxi,100,11,user,3,train,1
taxi:100:12,taxi,100,12,agent,2,train,0
taxi:101:1,taxi,101,1,user,2,validation,0
taxi:101:2,taxi,101,2,agent,2,validation,0
taxi:101:3,taxi,101,3,user,0,validation,0
taxi:101:4,taxi,101,4,agent,1,validation,0
taxi:101:5,taxi,101,5,user,2,validation,0
taxi:101:6,taxi,101,6,agent,2,validation,0
taxi:102:1,taxi,102,1,user,3,train,1
taxi:102:2,taxi,102,2,agent,1,train,0
taxi:102:3,taxi,102,3,user,0,train,0
taxi:102:4,taxi,102,4,agent,0,train,0
taxi:102:5,taxi,102,5,user,0,train,0
taxi:102:6,taxi,102,6,agent,2,train,1
taxi:102:7,taxi,102,7,user,0,train,1
taxi:102:8,taxi,102,8,agent,2,train,0
taxi:102:9,taxi,102,9,user,0,train,1
taxi:102:10,taxi,102,10,agent,1,train,0
taxi:102:11,taxi,102,11,user,0,train,0
taxi:102:12,taxi,102,12,agent,2,train,1
taxi:103:1,taxi,103,1,user,2,train,0
taxi:103:2,taxi,103,2,agent,2,train,0
taxi:103:3,taxi,103,3,user,2,train,0
taxi:103:4,taxi,103,4,agent,2,train,1
taxi:103:5,taxi,103,5,user,3,train,1
taxi:103:6,taxi,103,6,agent,2,train,0
taxi:103:7,taxi,103,7,user,3,train,1
taxi:103:8,taxi,103,8,agent,3,train,1
taxi:104:1,taxi,104,1,user,1,train,0
taxi:104:2,taxi,104,2,agent,2,train,0
taxi:104:3,taxi,104,3,user,2,train,1
taxi:104:4,taxi,104,4,agent,1,train,0
taxi:104:5,taxi,104,5,user,0,train,1
taxi:104:6,taxi,104,6,agent,0,train,0
taxi:104:7,taxi,104,7,user,0,train,0
taxi:104:8,taxi,104,8,agent,1,train,0
taxi:104:9,taxi,104,9,user,0,train,0
taxi:104:10,taxi,104,10,agent,2,train,0
taxi:104:11,taxi,104,11,user,2,train,0
taxi:104:12,taxi,104,12,agent,2,train,0
taxi:105:1,taxi,105,1,user,1,train,0
taxi:105:2,taxi,105,2,agent,2,train,0
taxi:105:3,taxi,105,3,user,3,train,1
taxi:105:4,taxi,105,4,agent,2,train,0
taxi:106:1,taxi,106,1,user,0,validation,0
taxi:106:2,taxi,106,2,agent,1,validation,0
taxi:106:3,taxi,106,3,user,0,validation,0
taxi:106:4,taxi,106,4,agent,1,validation,0
taxi:106:5,taxi,106,5,user,0,validation,0
taxi:106:6,taxi,106,6,agent,1,validation,0
taxi:106:7,taxi,106,7,user,0,validation,0
taxi:106:8,taxi,106,8,agent,0,validation,0
taxi:106:9,taxi,106,9,user,0,validation,0
taxi:106:10,taxi,106,10,agent,2,validation,0
taxi:106:11,taxi,106,11,user,2,validation,0
taxi:106:12,taxi,106,12,agent,2,validation,0
taxi:107:1,taxi,107,1,user,0,train,0
taxi:107:2,taxi,107,2,agent,2,train,0
taxi:107:3,taxi,107,3,user,3,train,1
taxi:107:4,taxi,107,4,agent,1,train,0
taxi:107:5,taxi,107,5,user,0,train,0
taxi:107:6,taxi,107,6,agent,1,train,0
taxi:107:7,taxi,107,7,user,0,train,0
taxi:107:8,taxi,107,8,agent,2,train,0
taxi:107:9,taxi,107,9,user,2,train,0
taxi:107:10,taxi,107,10,agent,1,train,0
taxi:107:11,taxi,107,11,user,0,train,0
taxi:107:12,taxi,107,12,agent,2,train,0
taxi:108:1,taxi,108,1,user,1,train,0
taxi:108:2,taxi,108,2,agent,2,train,0
taxi:108:3,taxi,108,3,user,0,train,1
taxi:108:4,taxi,108,4,agent,2,train,0
taxi:108:5,taxi,108,5,user,0,train,0
taxi:108:6,taxi,108,6,agent,1,train,1
taxi:108:7,taxi,108,7,user,0,train,0
taxi:108:8,taxi,108,8,agent,0,train,0
taxi:108:9,taxi,108,9,user,0,train,1
taxi:108:10,taxi,108,10,agent,1,train,0
taxi:108:11,taxi,108,11,user,0,train,0
taxi:108:12,taxi,108,12,agent,2,train,0
taxi:108:13,taxi,108,13,user,0,train,0
taxi:108:14,taxi,108,14,agent,2,train,0
taxi:108:15,taxi,108,15,user,2,train,0
taxi:108:16,taxi,108,16,agent,2,train,0
taxi:108:17,taxi,108,17,user,3,train,0
taxi:108:18,taxi,108,18,agent,3,train,1
taxi:109:1,taxi,109,1,user,0,train,0
taxi:109:2,taxi,109,2,agent,2,train,0
taxi:109:3,taxi,109,3,user,0,train,0
taxi:109:4,taxi,109,4,agent,2,train,0
taxi:109:5,taxi,109,5,user,0,train,0
taxi:109:6,taxi,109,6,agent,2,train,1
taxi:109:7,taxi,109,7,user,0,train,1
taxi:109:8,taxi,109,8,agent,1,train,0
taxi:109:9,taxi,109,9,user,0,train,0
taxi:109:10,taxi,109,10,agent,1,train,0
taxi:109:11,taxi,109,11,user,0,train,0
taxi:109:12,taxi,109,12,agent,2,train,0
taxi:109:13,taxi,109,13,user,2,train,0
taxi:109:14,taxi,109,14,agent,2,train,0
taxi:110:1,taxi,110,1,user,3,train,1
taxi:110:2,taxi,110,2,agent,1,train,0
taxi:110:3,taxi,110,3,user,3,train,1
taxi:110:4,taxi,110,4,agent,1,train,0
taxi:110:5,taxi,110,5,user,3,train,0
taxi:110:6,taxi,110,6,agent,2,train,1
taxi:110:7,taxi,110,7,user,3,train,1
taxi:110:8,taxi,110,8,agent,2,train,0
taxi:110:9,taxi,110,9,user,3,train,0
taxi:110:10,taxi,110,10,agent,3,train,1
taxi:111:1,taxi,111,1,user,2,train,1
taxi:111:2,taxi,111,2,agent,2,train,1
taxi:111:3,taxi,111,3,user,0,train,0
taxi:111:4,taxi,111,4,agent,2,train,0
taxi:111:5,taxi,111,5,user,2,train,0
taxi:111:6,taxi,111,6,agent,2,train,0
taxi:112:1,taxi,112,1,user,2,test,0
taxi:112:2,taxi,112,2,agent,2,test,0
taxi:112:3,taxi,112,3,user,0,test,0
taxi:112:4,taxi,112,4,agent,2,test,0
taxi:112:5,taxi,112,5,user,2,test,0
taxi:112:6,taxi,112,6,agent,2,test,0
taxi:113:1,taxi,113,1,user,1,train,1
taxi:113:2,taxi,113,2,agent,1,train,0
taxi:113:3,taxi,113,3,user,0,train,0
taxi:113:4,taxi,113,4,agent,0,train,0
taxi:113:5,taxi,113,5,user,0,train,0
taxi:113:6,taxi,113,6,agent,2,train,1
taxi:113:7,taxi,113,7,user,2,train,0
taxi:113:8,taxi,113,8,agent,2,train,0
taxi:114:1,taxi,114,1,user,1,test,0
taxi:114:2,taxi,114,2,agent,3,test,1
taxi:115:1,taxi,115,1,user,1,train,0
taxi:115:2,taxi,115,2,agent,2,train,1
taxi:115:3,taxi,115,3,user,0,train,0
taxi:115:4,taxi,115,4,agent,1,train,0
taxi:115:5,taxi,115,5,user,0,train,1
taxi:115:6,taxi,115,6,agent,0,train,0
taxi:115:7,taxi,115,7,user,0,train,0
taxi:115:8,taxi,115,8,agent,1,train,0
taxi:115:9,taxi,115,9,user,2,train,0
taxi:115:10,taxi,115,10,agent,3,train,0
taxi:115:11,taxi,115,11,user,0,train,1
taxi:115:12,taxi,115,12,agent,2,train,1
taxi:115:13,taxi,115,13,user,0,train,0
taxi:115:14,taxi,115,14,agent,2,train,1
taxi:116:1,taxi,116,1,user,3,test,1
taxi:116:2,taxi,116,2,agent,3,test,0
taxi:116:3,taxi,116,3,user,0,test,0
taxi:116:4,taxi,116,4,agent,1,test,0
taxi:116:5,taxi,116,5,user,3,test,1
taxi:116:6,taxi,116,6,agent,2,test,0
taxi:116:7,taxi,116,7,user,3,test,1
taxi:116:8,taxi,116,8,agent,2,test,0
taxi:116:9,taxi,116,9,user,3,test,0
taxi:116:10,taxi,116,10,agent,3,test,1
taxi:117:1,taxi,117,1,user,0,train,0
taxi:117:2,taxi,117,2,agent,2,train,0
taxi:117:3,taxi,117,3,user,0,train,0
taxi:117:4,taxi,117,4,agent,2,train,0
taxi:117:5,taxi,117,5,user,2,train,0
taxi:117:6,taxi,117,6,agent,2,train,1
taxi:118:1,taxi,118,1,user,0,train,0
taxi:118:2,taxi,118,2,agent,1,train,1
taxi:118:3,taxi,118,3,user,0,train,0
taxi:118:4,taxi,118,4,agent,1,train,0
taxi:118:5,taxi,118,5,user,0,train,0
taxi:118:6,taxi,118,6,agent,1,train,0
taxi:118:7,taxi,118,7,user,0,train,1
taxi:118:8,taxi,118,8,agent,2,train,1
taxi:118:9,taxi,118,9,user,0,train,0
taxi:118:10,taxi,118,10,agent,2,train,1
taxi:119:1,taxi,119,1,user,1,validation,0
taxi:119:2,taxi,119,2,agent,1,validation,0
taxi:119:3,taxi,119,3,user,0,validation,0
taxi:119:4,taxi,119,4,agent,1,validation,0
taxi:119:5,taxi,119,5,user,0,validation,0
taxi:119:6,taxi,119,6,agent,1,validation,0
taxi:119:7,taxi,119,7,user,0,validation,0
taxi:119:8,taxi,119,8,agent,2,validation,0
taxi:119:9,taxi,119,9,user,3,validation,0
taxi:119:10,taxi,119,10,agent,2,validation,0
taxi:120:1,taxi,120,1,user,1,train,0
taxi:120:2,taxi,120,2,agent,2,train,1
taxi:120:3,taxi,120,3,user,0,train,1
taxi:120:4,taxi,120,4,agent,2,train,1
taxi:120:5,taxi,120,5,user,0,train,0
taxi:120:6,taxi,120,6,agent,1,train,0
taxi:120:7,taxi,120,7,user,0,train,0
taxi:120:8,taxi,120,8,agent,0,train,0
taxi:120:9,taxi,120,9,user,0,train,1
taxi:120:10,taxi,120,10,agent,2,train,0
taxi:120:11,taxi,120,11,user,0,train,0
taxi:120:12,taxi,120,12,agent,2,train,0
taxi:120:13,taxi,120,13,user,2,train,1
taxi:120:14,taxi,120,14,agent,3,train,1
taxi:120:15,taxi,120,15,user,0,train,0
taxi:120:16,taxi,120,16,agent,2,train,0
taxi:120:17,taxi,120,17,user,3,train,1
taxi:120:18,taxi,120,18,agent,3,train,1
taxi:121:1,taxi,121,1,user,1,validation,1
taxi:121:2,taxi,121,2,agent,0,validation,0
taxi:121:3,taxi,121,3,user,0,validation,0
taxi:121:4,taxi,121,4,agent,2,validation,0
taxi:121:5,taxi,121,5,user,0,validation,0
taxi:121:6,taxi,121,6,agent,2,validation,0
taxi:121:7,taxi,121,7,user,2,validation,0
taxi:121:8,taxi,121,8,agent,2,validation,1
taxi:122:1,taxi,122,1,user,1,train,1
taxi:122:2,taxi,122,2,agent,2,train,0
taxi:122:3,taxi,122,3,user,2,train,0
taxi:122:4,taxi,122,4,agent,1,train,0
taxi:122:5,taxi,122,5,user,0,train,0
taxi:122:6,taxi,122,6,agent,2,train,0
taxi:122:7,taxi,122,7,user,0,train,1
taxi:122:8,taxi,122,8,agent,2,train,0
taxi:122:9,taxi,122,9,user,0,train,0
taxi:122:10,taxi,122,10,agent,2,train,0
taxi:122:11,taxi,122,11,user,2,train,0
taxi:122:12,taxi,122,12,agent,2,train,1
taxi:123:1,taxi,123,1,user,2,train,0
taxi:123:2,taxi,123,2,agent,1,train,0
taxi:123:3,taxi,123,3,user,0,train,1
taxi:123:4,taxi,123,4,agent,1,train,1
taxi:123:5,taxi,123,5,user,0,train,0
taxi:123:6,taxi,123,6,agent,1,train,0
taxi:123:7,taxi,123,7,user,0,train,1
taxi:123:8,taxi,123,8,agent,2,train,0
taxi:123:9,taxi,123,9,user,3,train,1
taxi:123:10,taxi,123,10,agent,2,train,0
taxi:124:1,taxi,124,1,user,0,validation,1
taxi:124:2,taxi,124,2,agent,0,validation,0
taxi:125:1,taxi,125,1,user,0,validation,0
taxi:125:2,taxi,125,2,agent,0,validation,0
taxi:125:3,taxi,125,3,user,0,validation,0
taxi:125:4,taxi,125,4,agent,1,validation,0
taxi:125:5,taxi,125,5,user,0,validation,0
taxi:125:6,taxi,125,6,agent,2,validation,0
taxi:125:7,taxi,125,7,user,0,validation,0
taxi:125:8,taxi,125,8,agent,2,validation,1
taxi:125:9,taxi,125,9,user,0,validation,0
taxi:125:10,taxi,125,10,agent,1,validation,0
taxi:125:11,taxi,125,11,user,2,validation,1
taxi:125:12,taxi,125,12,agent,2,validation,1
taxi:126:1,taxi,126,1,user,1,test,0
taxi:126:2,taxi,126,2,agent,1,test,1
taxi:126:3,taxi,126,3,user,0,test,1
taxi:126:4,taxi,126,4,agent,1,test,0
taxi:126:5,taxi,126,5,user,0,test,0
taxi:126:6,taxi,126,6,agent,2,test,0
taxi:126:7,taxi,126,7,user,2,test,0
taxi:126:8,taxi,126,8,agent,2,test,0
taxi:127:1,taxi,127,1,user,2,train,0
taxi:127:2,taxi,127,2,agent,1,train,1
taxi:127:3,taxi,127,3,user,0,train,0
taxi:127:4,taxi,127,4,agent,1,train,0
taxi:128:1,taxi,128,1,user,1,train,1
taxi:128:2,taxi,128,2,agent,0,train,0
taxi:129:1,taxi,129,1,user,0,train,0
taxi:129:2,taxi,129,2,agent,1,train,0
taxi:129:3,taxi,129,3,user,0,train,1
taxi:129:4,taxi,129,4,agent,2,train,1
taxi:129:5,taxi,129,5,user,2,train,1
taxi:129:6,taxi,129,6,agent,2,train,1
taxi:130:1,taxi,130,1,user,0,test,0
taxi:130:2,taxi,130,2,agent,1,test,0
taxi:130:3,taxi,130,3,user,0,test,0
taxi:130:4,taxi,130,4,agent,1,test,0
taxi:130:5,taxi,130,5,user,0,test,0
taxi:130:6,taxi,130,6,agent,1,test,0
taxi:130:7,taxi,130,7,user,2,test,0
taxi:130:8,taxi,130,8,agent,2,test,0
taxi:130:9,taxi,130,9,user,2,test,1
taxi:130:10,taxi,130,10,agent,2,test,0
taxi:130:11,taxi,130,11,user,0,test,0
taxi:130:12,taxi,130,12,agent,2,test,0
taxi:131:1,taxi,131,1,user,3,train,1
taxi:131:2,taxi,131,2,agent,2,train,1
taxi:132:1,taxi,132,1,user,3,train,1
taxi:132:2,taxi,132,2,agent,1,train,0
taxi:132:3,taxi,132,3,user,2,train,1
taxi:132:4,taxi,132,4,agent,1,train,0
taxi:132:5,taxi,132,5,user,0,train,0
taxi:132:6,taxi,132,6,agent,2,train,0
taxi:132:7,taxi,132,7,user,0,train,0
taxi:132:8,taxi,132,8,agent,3,train,1
taxi:132:9,taxi,132,9,user,2,train,0
taxi:132:10,taxi,132,10,agent,2,train,0
taxi:132:11,taxi,132,11,user,3,train,1
taxi:132:12,taxi,132,12,agent,2,train,0
taxi:132:13,taxi,132,13,user,3,train,1
taxi:132:14,taxi,132,14,agent,3,train,1
taxi:133:1,taxi,133,1,user,3,train,1
taxi:133:2,taxi,133,2,agent,2,train,1
taxi:133:3,taxi,133,3,user,2,train,1
taxi:133:4,taxi,133,4,agent,2,train,0
taxi:133:5,taxi,133,5,user,3,train,1
taxi:133:6,taxi,133,6,agent,3,train,1
taxi:133:7,taxi,133,7,user,3,train,0
taxi:133:8,taxi,133,8,agent,2,train,0
taxi:133:9,taxi,133,9,user,0,train,0
taxi:133:10,taxi,133,10,agent,2,train,1
taxi:133:11,taxi,133,11,user,3,train,0
taxi:133:12,taxi,133,12,agent,3,train,1
taxi:134:1,taxi,134,1,user,0,train,0
taxi:134:2,taxi,134,2,agent,1,train,0
taxi:134:3,taxi,134,3,user,0,train,0
taxi:134:4,taxi,134,4,agent,1,train,0
taxi:134:5,taxi,134,5,user,2,train,0
taxi:134:6,taxi,134,6,agent,1,train,0
taxi:134:7,taxi,134,7,user,0,train,0
taxi:134:8,taxi,134,8,agent,2,train,0
taxi:134:9,taxi,134,9,user,2,train,0
taxi:134:10,taxi,134,10,agent,2,train,0
taxi:135:1,taxi,135,1,user,1,test,0
taxi:135:2,taxi,135,2,agent,2,test,0
taxi:135:3,taxi,135,3,user,0,test,1
taxi:135:4,taxi,135,4,agent,1,test,0
taxi:135:5,taxi,135,5,user,0,test,0
taxi:135:6,taxi,135,6,agent,1,test,0
taxi:135:7,taxi,135,7,user,0,test,0
taxi:135:8,taxi,135,8,agent,2,test,0
taxi:135:9,taxi,135,9,user,0,test,0
taxi:135:10,taxi,135,10,agent,1,test,1
taxi:135:11,taxi,135,11,user,0,test,0
taxi:135:12,taxi,135,12,agent,2,test,1
taxi:136:1,taxi,136,1,user,3,train,1
taxi:136:2,taxi,136,2,agent,2,train,1
taxi:137:1,taxi,137,1,user,0,train,1
taxi:137:2,taxi,137,2,agent,1,train,1
taxi:137:3,taxi,137,3,user,0,train,0
taxi:137:4,taxi,137,4,agent,2,train,0
taxi:137:5,taxi,137,5,user,0,train,0
taxi:137:6,taxi,137,6,agent,1,train,0
taxi:137:7,taxi,137,7,user,0,train,0
taxi:137:8,taxi,137,8,agent,1,train,0
taxi:137:9,taxi,137,9,user,0,train,0
taxi:137:10,taxi,137,10,agent,2,train,0
taxi:137:11,taxi,137,11,user,0,train,0
taxi:137:12,taxi,137,12,agent,2,train,0
taxi:137:13,taxi,137,13,user,2,train,1
taxi:137:14,taxi,137,14,agent,2,train,0
taxi:138:1,taxi,138,1,user,1,train,0
taxi:138:2,taxi,138,2,agent,1,train,0
taxi:138:3,taxi,138,3,user,0,train,0
taxi:138:4,taxi,138,4,agent,3,train,0
taxi:138:5,taxi,138,5,user,3,train,0
taxi:138:6,taxi,138,6,agent,2,train,0
taxi:138:7,taxi,138,7,user,3,train,0
taxi:138:8,taxi,138,8,agent,2,train,1
taxi:139:1,taxi,139,1,user,1,validation,1
taxi:139:2,taxi,139,2,agent,1,validation,0
taxi:139:3,taxi,139,3,user,3,validation,1
taxi:139:4,taxi,139,4,agent,2,validation,0
taxi:139:5,taxi,139,5,user,0,validation,0
taxi:139:6,taxi,139,6,agent,2,validation,0
taxi:139:7,taxi,139,7,user,2,validation,0
taxi:139:8,taxi,139,8,agent,2,validation,0
taxi:139:9,taxi,139,9,user,2,validation,1
taxi:139:10,taxi,139,10,agent,2,validation,1
taxi:140:1,taxi,140,1,user,1,train,0
taxi:140:2,taxi,140,2,agent,2,train,0
taxi:140:3,taxi,140,3,user,0,train,0
taxi:140:4,taxi,140,4,agent,1,train,1
taxi:140:5,taxi,140,5,user,0,train,0
taxi:140:6,taxi,140,6,agent,3,train,1
taxi:140:7,taxi,140,7,user,0,train,1
taxi:140:8,taxi,140,8,agent,2,train,0
taxi:140:9,taxi,140,9,user,2,train,0
taxi:140:10,taxi,140,10,agent,2,train,0
taxi:141:1,taxi,141,1,user,1,train,0
taxi:141:2,taxi,141,2,agent,0,train,0
taxi:141:3,taxi,141,3,user,0,train,0
taxi:141:4,taxi,141,4,agent,1,train,0
taxi:141:5,taxi,141,5,user,2,train,0
taxi:141:6,taxi,141,6,agent,1,train,0
taxi:141:7,taxi,141,7,user,0,train,0
taxi:141:8,taxi,141,8,agent,2,train,0
taxi:141:9,taxi,141,9,user,0,train,0
taxi:141:10,taxi,141,10,agent,2,train,0
taxi:141:11,taxi,141,11,user,2,train,1
taxi:141:12,taxi,141,12,agent,2,train,0
taxi:141:13,taxi,141,13,user,1,train,0
taxi:141:14,taxi,141,14,agent,3,train,1
taxi:141:15,taxi,141,15,user,0,train,0
taxi:141:16,taxi,141,16,agent,3,train,1
taxi:141:17,taxi,141,17,user,0,train,0
taxi:141:18,taxi,141,18,agent,3,train,1
taxi:142:1,taxi,142,1,user,3,validation,1
taxi:142:2,taxi,142,2,agent,3,validation,1
taxi:142:3,taxi,142,3,user,3,validation,0
taxi:142:4,taxi,142,4,agent,1,validation,0
taxi:142:5,taxi,142,5,user,0,validation,1
taxi:142:6,taxi,142,6,agent,3,validation,1
taxi:142:7,taxi,142,7,user,0,validation,0
taxi:142:8,taxi,142,8,agent,2,validation,0
taxi:142:9,taxi,142,9,user,2,validation,0
taxi:142:10,taxi,142,10,agent,2,validation,0
taxi:143:1,taxi,143,1,user,1,test,1
taxi:143:2,taxi,143,2,agent,2,test,0
taxi:143:3,taxi,143,3,user,0,test,0
taxi:143:4,taxi,143,4,agent,1,test,0
taxi:143:5,taxi,143,5,user,0,test,0
taxi:143:6,taxi,143,6,agent,2,test,0
taxi:143:7,taxi,143,7,user,0,test,0
taxi:143:8,taxi,143,8,agent,1,test,1
taxi:143:9,taxi,143,9,user,0,test,0
taxi:143:10,taxi,143,10,agent,2,test,0
taxi:143:11,taxi,143,11,user,0,test,0
taxi:143:12,taxi,143,12,agent,2,test,0
taxi:143:13,taxi,143,13,user,2,test,0
taxi:143:14,taxi,143,14,agent,2,test,1
taxi:143:15,taxi,143,15,user,3,test,1
taxi:143:16,taxi,143,16,agent,3,test,1
taxi:144:1,taxi,144,1,user,0,validation,0
taxi:144:2,taxi,144,2,agent,2,validation,0
taxi:144:3,taxi,144,3,user,0,validation,1
taxi:144:4,taxi,144,4,agent,0,validation,0
taxi:144:5,taxi,144,5,user,0,validation,0
taxi:144:6,taxi,144,6,agent,1,validation,0
taxi:144:7,taxi,144,7,user,0,validation,1
taxi:144:8,taxi,144,8,agent,2,validation,0
taxi:144:9,taxi,144,9,user,2,validation,0
taxi:144:10,taxi,144,10,agent,2,validation,1
taxi:145:1,taxi,145,1,user,1,train,1
taxi:145:2,taxi,145,2,agent,2,train,0
taxi:145:3,taxi,145,3,user,0,train,0
taxi:145:4,taxi,145,4,agent,1,train,0
taxi:145:5,taxi,145,5,user,0,train,1
taxi:145:6,taxi,145,6,agent,1,train,1
taxi:145:7,taxi,145,7,user,0,train,0
taxi:145:8,taxi,145,8,agent,2,train,1
taxi:145:9,taxi,145,9,user,0,train,1
taxi:145:10,taxi,145,10,agent,3,train,1
taxi:145:11,taxi,145,11,user,0,train,0
taxi:145:12,taxi,145,12,agent,3,train,0
taxi:145:13,taxi,145,13,user,3,train,1
taxi:145:14,taxi,145,14,agent,2,train,0
taxi:145:15,taxi,145,15,user,2,train,1
taxi:145:16,taxi,145,16,agent,2,train,0
taxi:145:17,taxi,145,17,user,3,train,1
taxi:145:18,taxi,145,18,agent,3,train,1
taxi:146:1,taxi,146,1,user,3,train,1
taxi:146:2,taxi,146,2,agent,3,train,1
taxi:146:3,taxi,146,3,user,3,train,1
taxi:146:4,taxi,146,4,agent,2,train,0
taxi:146:5,taxi,146,5,user,3,train,1
taxi:146:6,taxi,146,6,agent,1,train,1
taxi:146:7,taxi,146,7,user,0,train,0
taxi:146:8,taxi,146,8,agent,1,train,0
taxi:146:9,taxi,146,9,user,0,train,0
taxi:146:10,taxi,146,10,agent,1,train,0
taxi:146:11,taxi,146,11,user,0,train,1
taxi:146:12,taxi,146,12,agent,2,train,0
taxi:146:13,taxi,146,13,user,2,train,0
taxi:146:14,taxi,146,14,agent,2,train,1
taxi:146:15,taxi,146,15,user,3,train,0
taxi:146:16,taxi,146,16,agent,2,train,0
taxi:146:17,taxi,146,17,user,3,train,1
taxi:146:18,taxi,146,18,agent,2,train,0
taxi:147:1,taxi,147,1,user,1,test,0
taxi:147:2,taxi,147,2,agent,3,test,0
taxi:147:3,taxi,147,3,user,0,test,0
taxi:147:4,taxi,147,4,agent,1,test,0
taxi:147:5,taxi,147,5,user,0,test,0
taxi:147:6,taxi,147,6,agent,2,test,1
taxi:147:7,taxi,147,7,user,2,test,0
taxi:147:8,taxi,147,8,agent,2,test,0
taxi:148:1,taxi,148,1,user,1,train,0
taxi:148:2,taxi,148,2,agent,1,train,0
taxi:148:3,taxi,148,3,user,0,train,0
taxi:148:4,taxi,148,4,agent,1,train,1
taxi:148:5,taxi,148,5,user,2,train,1
taxi:148:6,taxi,148,6,agent,0,train,0
taxi:148:7,taxi,148,7,user,0,train,0
taxi:148:8,taxi,148,8,agent,2,train,0
taxi:148:9,taxi,148,9,user,2,train,1
taxi:148:10,taxi,148,10,agent,2,train,0
taxi:148:11,taxi,148,11,user,3,train,0
taxi:148:12,taxi,148,12,agent,3,train,1
taxi:149:1,taxi,149,1,user,3,train,1
taxi:149:2,taxi,149,2,agent,3,train,1
taxi:149:3,taxi,149,3,user,3,train,1
taxi:149:4,taxi,149,4,agent,3,train,0
taxi:150:1,taxi,150,1,user,1,test,0
taxi:150:2,taxi,150,2,agent,3,test,1
taxi:150:3,taxi,150,3,user,0,test,1
taxi:150:4,taxi,150,4,agent,2,test,0
taxi:150:5,taxi,150,5,user,2,test,0
taxi:150:6,taxi,150,6,agent,1,test,0
taxi:150:7,taxi,150,7,user,0,test,0
taxi:150:8,taxi,150,8,agent,2,test,0
taxi:150:9,taxi,150,9,user,3,test,0
taxi:150:10,taxi,150,10,agent,2,test,0
taxi:150:11,taxi,150,11,user,2,test,0
taxi:150:12,taxi,150,12,agent,2,test,1
taxi:151:1,taxi,151,1,user,0,train,0
taxi:151:2,taxi,151,2,agent,1,train,1
taxi:151:3,taxi,151,3,user,0,train,0
taxi:151:4,taxi,151,4,agent,2,train,1
taxi:151:5,taxi,151,5,user,0,train,0
taxi:151:6,taxi,151,6,agent,2,train,0
taxi:151:7,taxi,151,7,user,0,train,0
taxi:151:8,taxi,151,8,agent,1,train,0
taxi:151:9,taxi,151,9,user,0,train,1
taxi:151:10,taxi,151,10,agent,2,train,1
taxi:151:11,taxi,151,11,user,3,train,1
taxi:151:12,taxi,151,12,agent,2,train,1
taxi:152:1,taxi,152,1,user,1,train,0
taxi:152:2,taxi,152,2,agent,1,train,0
taxi:152:3,taxi,152,3,user,2,train,0
taxi:152:4,taxi,152,4,agent,1,train,0
taxi:152:5,taxi,152,5,user,0,train,0
taxi:152:6,taxi,152,6,agent,2,train,0
taxi:152:7,taxi,152,7,user,0,train,0
taxi:152:8,taxi,152,8,agent,2,train,0
taxi:152:9,taxi,152,9,user,3,train,1
taxi:152:10,taxi,152,10,agent,2,train,0
taxi:152:11,taxi,152,11,user,0,train,1
taxi:152:12,taxi,152,12,agent,2,train,1
taxi:153:1,taxi,153,1,user,2,train,1
taxi:153:2,taxi,153,2,agent,3,train,0
taxi:153:3,taxi,153,3,user,0,train,1
taxi:153:4,taxi,153,4,agent,3,train,0
taxi:153:5,taxi,153,5,user,2,train,0
taxi:153:6,taxi,153,6,agent,1,train,0
taxi:153:7,taxi,153,7,user,3,train,1
taxi:153:8,taxi,153,8,agent,2,train,1
taxi:153:9,taxi,153,9,user,0,train,1
taxi:153:10,taxi,153,10,agent,0,train,0
taxi:153:11,taxi,153,11,user,0,train,0
taxi:153:12,taxi,153,12,agent,2,train,1
taxi:153:13,taxi,153,13,user,3,train,1
taxi:153:14,taxi,153,14,agent,2,train,1
taxi:153:15,taxi,153,15,user,3,train,0
taxi:153:16,taxi,153,16,agent,3,train,1
taxi:154:1,taxi,154,1,user,0,validation,0
taxi:154:2,taxi,154,2,agent,2,validation,0
taxi:155:1,taxi,155,1,user,2,train,0
taxi:155:2,taxi,155,2,agent,1,train,0
taxi:155:3,taxi,155,3,user,0,train,1
taxi:155:4,taxi,155,4,agent,2,train,1
taxi:155:5,taxi,155,5,user,3,train,1
taxi:155:6,taxi,155,6,agent,2,train,0
taxi:155:7,taxi,155,7,user,3,train,1
taxi:155:8,taxi,155,8,agent,3,train,1
taxi:156:1,taxi,156,1,user,2,train,0
taxi:156:2,taxi,156,2,agent,2,train,0
taxi:156:3,taxi,156,3,user,2,train,0
taxi:156:4,taxi,156,4,agent,2,train,1
taxi:156:5,taxi,156,5,user,3,train,0
taxi:156:6,taxi,156,6,agent,3,train,1
taxi:157:1,taxi,157,1,user,0,train,0
taxi:157:2,taxi,157,2,agent,1,train,0
taxi:158:1,taxi,158,1,user,3,train,1
taxi:158:2,taxi,158,2,agent,1,train,0
taxi:158:3,taxi,158,3,user,0,train,1
taxi:158:4,taxi,158,4,agent,1,train,1
taxi:158:5,taxi,158,5,user,2,train,1
taxi:158:6,taxi,158,6,agent,2,train,0
taxi:159:1,taxi,159,1,user,1,train,0
taxi:159:2,taxi,159,2,agent,2,train,1
taxi:159:3,taxi,159,3,user,0,train,0
taxi:159:4,taxi,159,4,agent,1,train,0
taxi:159:5,taxi,159,5,user,0,train,0
taxi:159:6,taxi,159,6,agent,2,train,0
taxi:159:7,taxi,159,7,user,2,train,0
taxi:159:8,taxi,159,8,agent,2,train,0
taxi:160:1,taxi,160,1,user,2,train,0
taxi:160:2,taxi,160,2,agent,2,train,0
taxi:161:1,taxi,161,1,user,3,train,0
taxi:161:2,taxi,161,2,agent,2,train,0
taxi:161:3,taxi,161,3,user,0,train,0
taxi:161:4,taxi,161,4,agent,1,train,0
taxi:162:1,taxi,162,1,user,1,test,1
taxi:162:2,taxi,162,2,agent,3,test,1
taxi:163:1,taxi,163,1,user,3,test,1
taxi:163:2,taxi,163,2,agent,2,test,0
taxi:163:3,taxi,163,3,user,0,test,0
taxi:163:4,taxi,163,4,agent,1,test,0
taxi:163:5,taxi,163,5,user,3,test,1
taxi:163:6,taxi,163,6,agent,2,test,0
taxi:163:7,taxi,163,7,user,0,test,0
taxi:163:8,taxi,163,8,agent,2,test,0
taxi:163:9,taxi,163,9,user,3,test,0
taxi:163:10,taxi,163,10,agent,2,test,1
taxi:163:11,taxi,163,11,user,3,test,1
taxi:163:12,taxi,163,12,agent,3,test,1
taxi:164:1,taxi,164,1,user,1,train,1
taxi:164:2,taxi,164,2,agent,1,train,0
taxi:164:3,taxi,164,3,user,0,train,0
taxi:164:4,taxi,164,4,agent,0,train,1
taxi:164:5,taxi,164,5,user,0,train,0
taxi:164:6,taxi,164,6,agent,0,train,1
taxi:164:7,taxi,164,7,user,0,train,0
taxi:164:8,taxi,164,8,agent,1,train,0
taxi:164:9,taxi,164,9,user,0,train,0
taxi:164:10,taxi,164,10,agent,2,train,1
taxi:164:11,taxi,164,11,user,2,train,0
taxi:164:12,taxi,164,12,agent,2,train,0
taxi:164:13,taxi,164,13,user,2,train,0
taxi:164:14,taxi,164,14,agent,2,train,0
taxi:164:15,taxi,164,15,user,3,train,0
taxi:164:16,taxi,164,16,agent,3,train,1
taxi:165:1,taxi,165,1,user,2,train,0
taxi:165:2,taxi,165,2,agent,2,train,1
taxi:165:3,taxi,165,3,user,0,train,0
taxi:165:4,taxi,165,4,agent,3,train,0
taxi:166:1,taxi,166,1,user,3,test,1
taxi:166:2,taxi,166,2,agent,2,test,0
taxi:166:3,taxi,166,3,user,3,test,1
taxi:166:4,taxi,166,4,agent,2,test,0
taxi:166:5,taxi,166,5,user,2,test,0
taxi:166:6,taxi,166,6,agent,2,test,0
taxi:166:7,taxi,166,7,user,3,test,1
taxi:166:8,taxi,166,8,agent,2,test,1
taxi:166:9,taxi,166,9,user,3,test,1
taxi:166:10,taxi,166,10,agent,2,test,0
taxi:166:11,taxi,166,11,user,3,test,1
taxi:166:12,taxi,166,12,agent,2,test,0
taxi:166:13,taxi,166,13,user,3,test,1
taxi:166:14,taxi,166,14,agent,3,test,1
taxi:167:1,taxi,167,1,user,1,train,0
taxi:167:2,taxi,167,2,agent,2,train,0
taxi:167:3,taxi,167,3,user,3,train,1
taxi:167:4,taxi,167,4,agent,2,train,1
taxi:168:1,taxi,168,1,user,2,train,0
taxi:168:2,taxi,168,2,agent,2,train,0
taxi:168:3,taxi,168,3,user,0,train,0
taxi:168:4,taxi,168,4,agent,2,train,0
taxi:168:5,taxi,168,5,user,0,train,0
taxi:168:6,taxi,168,6,agent,2,train,1
taxi:168:7,taxi,168,7,user,0,train,0
taxi:168:8,taxi,168,8,agent,2,train,1
taxi:168:9,taxi,168,9,user,3,train,1
taxi:168:10,taxi,168,10,agent,2,train,0
taxi:169:1,taxi,169,1,user,2,train,0
taxi:169:2,taxi,169,2,agent,2,train,0
taxi:169:3,taxi,169,3,user,0,train,0
taxi:169:4,taxi,169,4,agent,0,train,0
taxi:169:5,taxi,169,5,user,0,train,0
taxi:169:6,taxi,169,6,agent,2,train,1
taxi:169:7,taxi,169,7,user,2,train,0
taxi:169:8,taxi,169,8,agent,2,train,0
taxi:169:9,taxi,169,9,user,3,train,1
taxi:169:10,taxi,169,10,agent,2,train,0
taxi:170:1,taxi,170,1,user,1,train,0
taxi:170:2,taxi,170,2,agent,2,train,0
taxi:170:3,taxi,170,3,user,2,train,0
taxi:170:4,taxi,170,4,agent,2,train,0
taxi:170:5,taxi,170,5,user,0,train,0
taxi:170:6,taxi,170,6,agent,2,train,0
taxi:170:7,taxi,170,7,user,0,train,0
taxi:170:8,taxi,170,8,agent,2,train,0
taxi:171:1,taxi,171,1,user,1,train,0
taxi:171:2,taxi,171,2,agent,1,train,0
taxi:172:1,taxi,172,1,user,1,train,1
taxi:172:2,taxi,172,2,agent,1,train,0
taxi:172:3,taxi,172,3,user,0,train,0
taxi:172:4,taxi,172,4,agent,0,train,1
taxi:172:5,taxi,172,5,user,0,train,0
taxi:172:6,taxi,172,6,agent,0,train,0
taxi:172:7,taxi,172,7,user,0,train,0
taxi:172:8,taxi,172,8,agent,2,train,0
taxi:172:9,taxi,172,9,user,2,train,0
taxi:172:10,taxi,172,10,agent,2,train,0
taxi:172:11,taxi,172,11,user,3,train,0
taxi:172:12,taxi,172,12,agent,3,train,1
taxi:173:1,taxi,173,1,user,3,train,0
taxi:173:2,taxi,173,2,agent,3,train,1
taxi:173:3,taxi,173,3,user,0,train,0
taxi:173:4,taxi,173,4,agent,1,train,0
taxi:173:5,taxi,173,5,user,0,train,0
taxi:173:6,taxi,173,6,agent,1,train,0
taxi:173:7,taxi,173,7,user,0,train,0
taxi:173:8,taxi,173,8,agent,1,train,0
taxi:173:9,taxi,173,9,user,0,train,0
taxi:173:10,taxi,173,10,agent,2,train,0
taxi:173:11,taxi,173,11,user,0,train,0
taxi:173:12,taxi,173,12,agent,2,train,0
taxi:173:13,taxi,173,13,user,0,train,0
taxi:173:14,taxi,173,14,agent,2,train,0
taxi:173:15,taxi,173,15,user,2,train,1
taxi:173:16,taxi,173,16,agent,2,train,0
taxi:173:17,taxi,173,17,user,3,train,0
taxi:173:18,taxi,173,18,agent,3,train,1
taxi:174:1,taxi,174,1,user,3,train,1
taxi:174:2,taxi,174,2,agent,3,train,0
taxi:174:3,taxi,174,3,user,0,train,0
taxi:174:4,taxi,174,4,agent,1,train,1
taxi:174:5,taxi,174,5,user,0,train,0
taxi:174:6,taxi,174,6,agent,1,train,0
taxi:174:7,taxi,174,7,user,0,train,1
taxi:174:8,taxi,174,8,agent,1,train,0
taxi:174:9,taxi,174,9,user,0,train,0
taxi:174:10,taxi,174,10,agent,1,train,0
taxi:174:11,taxi,174,11,user,0,train,0
taxi:174:12,taxi,174,12,agent,2,train,1
taxi:174:13,taxi,174,13,user,3,train,0
taxi:174:14,taxi,174,14,agent,2,train,0
taxi:175:1,taxi,175,1,user,0,test,1
taxi:175:2,taxi,175,2,agent,1,test,0
taxi:175:3,taxi,175,3,user,0,test,0
taxi:175:4,taxi,175,4,agent,1,test,0
taxi:175:5,taxi,175,5,user,0,test,0
taxi:175:6,taxi,175,6,agent,2,test,0
taxi:175:7,taxi,175,7,user,2,test,0
taxi:175:8,taxi,175,8,agent,2,test,0
taxi:176:1,taxi,176,1,user,1,train,0
taxi:176:2,taxi,176,2,agent,1,train,0
taxi:176:3,taxi,176,3,user,0,train,0
taxi:176:4,taxi,176,4,agent,1,train,0
taxi:176:5,taxi,176,5,user,0,train,0
taxi:176:6,taxi,176,6,agent,1,train,0
taxi:176:7,taxi,176,7,user,0,train,0
taxi:176:8,taxi,176,8,agent,2,train,0
taxi:176:9,taxi,176,9,user,3,train,1
taxi:176:10,taxi,176,10,agent,2,train,0
taxi:177:1,taxi,177,1,user,1,train,0
taxi:177:2,taxi,177,2,agent,2,train,0
taxi:177:3,taxi,177,3,user,0,train,0
taxi:177:4,taxi,177,4,agent,1,train,1
taxi:177:5,taxi,177,5,user,2,train,0
taxi:177:6,taxi,177,6,agent,1,train,0
taxi:177:7,taxi,177,7,user,0,train,0
taxi:177:8,taxi,177,8,agent,1,train,0
taxi:177:9,taxi,177,9,user,0,train,1
taxi:177:10,taxi,177,10,agent,3,train,1
taxi:177:11,taxi,177,11,user,0,train,0
taxi:177:12,taxi,177,12,agent,2,train,0
taxi:178:1,taxi,178,1,user,2,validation,0
taxi:178:2,taxi,178,2,agent,1,validation,1
taxi:178:3,taxi,178,3,user,0,validation,0
taxi:178:4,taxi,178,4,agent,0,validation,0
taxi:178:5,taxi,178,5,user,0,validation,0
taxi:178:6,taxi,178,6,agent,1,validation,0
taxi:178:7,taxi,178,7,user,0,validation,0
taxi:178:8,taxi,178,8,agent,1,validation,0
taxi:178:9,taxi,178,9,user,0,validation,1
taxi:178:10,taxi,178,10,agent,0,validation,0
taxi:178:11,taxi,178,11,user,0,validation,0
taxi:178:12,taxi,178,12,agent,2,validation,0
taxi:178:13,taxi,178,13,user,0,validation,0
taxi:178:14,taxi,178,14,agent,2,validation,0
taxi:178:15,taxi,178,15,user,2,validation,0
taxi:178:16,taxi,178,16,agent,2,validation,0
taxi:178:17,taxi,178,17,user,3,validation,0
taxi:178:18,taxi,178,18,agent,3,validation,1
taxi:179:1,taxi,179,1,user,1,train,0
taxi:179:2,taxi,179,2,agent,2,train,0
taxi:179:3,taxi,179,3,user,0,train,0
taxi:179:4,taxi,179,4,agent,0,train,1
taxi:179:5,taxi,179,5,user,0,train,0
taxi:179:6,taxi,179,6,agent,0,train,0
taxi:179:7,taxi,179,7,user,0,train,0
taxi:179:8,taxi,179,8,agent,1,train,1
taxi:179:9,taxi,179,9,user,0,train,0
taxi:179:10,taxi,179,10,agent,2,train,0
taxi:179:11,taxi,179,11,user,2,train,1
taxi:179:12,taxi,179,12,agent,2,train,0
taxi:180:1,taxi,180,1,user,1,test,0
taxi:180:2,taxi,180,2,agent,1,test,0
taxi:180:3,taxi,180,3,user,0,test,0
taxi:180:4,taxi,180,4,agent,2,test,0
taxi:180:5,taxi,180,5,user,0,test,0
taxi:180:6,taxi,180,6,agent,2,test,0
taxi:180:7,taxi,180,7,user,2,test,0
taxi:180:8,taxi,180,8,agent,2,test,0
taxi:181:1,taxi,181,1,user,1,train,0
taxi:181:2,taxi,181,2,agent,1,train,0
taxi:181:3,taxi,181,3,user,0,train,1
taxi:181:4,taxi,181,4,agent,2,train,1
taxi:181:5,taxi,181,5,user,0,train,0
taxi:181:6,taxi,181,6,agent,1,train,1
taxi:181:7,taxi,181,7,user,0,train,0
taxi:181:8,taxi,181,8,agent,2,train,0
taxi:181:9,taxi,181,9,user,2,train,1
taxi:181:10,taxi,181,10,agent,2,train,0
taxi:182:1,taxi,182,1,user,1,train,1
taxi:182:2,taxi,182,2,agent,2,train,0
taxi:182:3,taxi,182,3,user,0,train,0
taxi:182:4,taxi,182,4,agent,1,train,1
taxi:182:5,taxi,182,5,user,0,train,1
taxi:182:6,taxi,182,6,agent,2,train,0
taxi:182:7,taxi,182,7,user,3,train,1
taxi:182:8,taxi,182,8,agent,2,train,0
taxi:183:1,taxi,183,1,user,3,validation,1
taxi:183:2,taxi,183,2,agent,3,validation,0
taxi:183:3,taxi,183,3,user,0,validation,0
taxi:183:4,taxi,183,4,agent,1,validation,0
taxi:183:5,taxi,183,5,user,2,validation,1
taxi:183:6,taxi,183,6,agent,1,validation,1
taxi:183:7,taxi,183,7,user,0,validation,0
taxi:183:8,taxi,183,8,agent,1,validation,0
taxi:184:1,taxi,184,1,user,2,train,0
taxi:184:2,taxi,184,2,agent,2,train,0
taxi:184:3,taxi,184,3,user,0,train,0
taxi:184:4,taxi,184,4,agent,2,train,0
taxi:184:5,taxi,184,5,user,0,train,1
taxi:184:6,taxi,184,6,agent,3,train,0
taxi:184:7,taxi,184,7,user,2,train,0
taxi:184:8,taxi,184,8,agent,2,train,1
taxi:184:9,taxi,184,9,user,2,train,0
taxi:184:10,taxi,184,10,agent,2,train,1
taxi:185:1,taxi,185,1,user,2,train,0
taxi:185:2,taxi,185,2,agent,1,train,0
taxi:185:3,taxi,185,3,user,0,train,1
taxi:185:4,taxi,185,4,agent,2,train,0
taxi:185:5,taxi,185,5,user,0,train,1
taxi:185:6,taxi,185,6,agent,1,train,1
taxi:185:7,taxi,185,7,user,0,train,0
taxi:185:8,taxi,185,8,agent,2,train,0
taxi:185:9,taxi,185,9,user,3,train,0
taxi:185:10,taxi,185,10,agent,2,train,0
taxi:186:1,taxi,186,1,user,1,train,1
taxi:186:2,taxi,186,2,agent,2,train,0
taxi:186:3,taxi,186,3,user,0,train,0
taxi:186:4,taxi,186,4,agent,1,train,0
taxi:186:5,taxi,186,5,user,0,train,0
taxi:186:6,taxi,186,6,agent,1,train,0
taxi:186:7,taxi,186,7,user,0,train,0
taxi:186:8,taxi,186,8,agent,2,train,1
taxi:186:9,taxi,186,9,user,3,train,0
taxi:186:10,taxi,186,10,agent,2,train,0
taxi:187:1,taxi,187,1,user,2,validation,0
taxi:187:2,taxi,187,2,agent,1,validation,0
taxi:187:3,taxi,187,3,user,0,validation,1
taxi:187:4,taxi,187,4,agent,0,validation,1
taxi:187:5,taxi,187,5,user,0,validation,0
taxi:187:6,taxi,187,6,agent,1,validation,0
taxi:187:7,taxi,187,7,user,0,validation,1
taxi:187:8,taxi,187,8,agent,2,validation,0
taxi:187:9,taxi,187,9,user,0,validation,0
taxi:187:10,taxi,187,10,agent,2,validation,0
taxi:187:11,taxi,187,11,user,0,validation,0
taxi:187:12,taxi,187,12,agent,2,validation,0
taxi:187:13,taxi,187,13,user,0,validation,1
taxi:187:14,taxi,187,14,agent,2,validation,0
taxi:187:15,taxi,187,15,user,2,validation,0
taxi:187:16,taxi,187,16,agent,2,validation,1
taxi:187:17,taxi,187,17,user,3,validation,1
taxi:187:18,taxi,187,18,agent,3,validation,1
taxi:188:1,taxi,188,1,user,0,test,0
taxi:188:2,taxi,188,2,agent,2,test,0
taxi:188:3,taxi,188,3,user,0,test,0
taxi:188:4,taxi,188,4,agent,2,test,1
taxi:188:5,taxi,188,5,user,0,test,0
taxi:188:6,taxi,188,6,agent,1,test,0
taxi:188:7,taxi,188,7,user,0,test,0
taxi:188:8,taxi,188,8,agent,2,test,0
taxi:188:9,taxi,188,9,user,0,test,0
taxi:188:10,taxi,188,10,agent,2,test,1
taxi:188:11,taxi,188,11,user,2,test,1
taxi:188:12,taxi,188,12,agent,2,test,1
taxi:189:1,taxi,189,1,user,1,test,1
taxi:189:2,taxi,189,2,agent,2,test,0
taxi:189:3,taxi,189,3,user,0,test,0
taxi:189:4,taxi,189,4,agent,1,test,0
taxi:189:5,taxi,189,5,user,0,test,0
taxi:189:6,taxi,189,6,agent,1,test,0
taxi:189:7,taxi,189,7,user,0,test,0
taxi:189:8,taxi,189,8,agent,2,test,0
taxi:189:9,taxi,189,9,user,0,test,0
taxi:189:10,taxi,189,10,agent,2,test,0
taxi:189:11,taxi,189,11,user,0,test,0
taxi:189:12,taxi,189,12,agent,2,test,1
taxi:189:13,taxi,189,13,user,0,test,0
taxi:189:14,taxi,189,14,agent,2,test,0
taxi:189:15,taxi,189,15,user,2,test,1
taxi:189:16,taxi,189,16,agent,2,test,1
taxi:190:1,taxi,190,1,user,1,train,0
taxi:190:2,taxi,190,2,agent,2,train,0
taxi:190:3,taxi,190,3,user,0,train,0
taxi:190:4,taxi,190,4,agent,2,train,0
taxi:190:5,taxi,190,5,user,2,train,1
taxi:190:6,taxi,190,6,agent,1,train,1
taxi:190:7,taxi,190,7,user,0,train,0
taxi:190:8,taxi,190,8,agent,1,train,0
taxi:190:9,taxi,190,9,user,0,train,0
taxi:190:10,taxi,190,10,agent,2,train,0
taxi:190:11,taxi,190,11,user,0,train,0
taxi:190:12,taxi,190,12,agent,2,train,1
taxi:191:1,taxi,191,1,user,1,train,0
taxi:191:2,taxi,191,2,agent,1,train,0
taxi:191:3,taxi,191,3,user,0,train,1
taxi:191:4,taxi,191,4,agent,1,train,1
taxi:191:5,taxi,191,5,user,0,train,1
taxi:191:6,taxi,191,6,agent,1,train,0
taxi:191:7,taxi,191,7,user,0,train,0
taxi:191:8,taxi,191,8,agent,2,train,0
taxi:191:9,taxi,191,9,user,3,train,1
taxi:191:10,taxi,191,10,agent,2,train,0
taxi:192:1,taxi,192,1,user,2,test,1
taxi:192:2,taxi,192,2,agent,2,test,0
taxi:193:1,taxi,193,1,user,1,train,0
taxi:193:2,taxi,193,2,agent,2,train,0
taxi:193:3,taxi,193,3,user,0,train,1
taxi:193:4,taxi,193,4,agent,1,train,0
taxi:193:5,taxi,193,5,user,0,train,0
taxi:193:6,taxi,193,6,agent,1,train,1
taxi:193:7,taxi,193,7,user,2,train,0
taxi:193:8,taxi,193,8,agent,1,train,1
taxi:193:9,taxi,193,9,user,0,train,0
taxi:193:10,taxi,193,10,agent,1,train,0
taxi:193:11,taxi,193,11,user,2,train,0
taxi:193:12,taxi,193,12,agent,2,train,1
taxi:193:13,taxi,193,13,user,2,train,0
taxi:193:14,taxi,193,14,agent,2,train,0
taxi:194:1,taxi,194,1,user,3,train,0
taxi:194:2,taxi,194,2,agent,1,train,1
taxi:194:3,taxi,194,3,user,0,train,0
taxi:194:4,taxi,194,4,agent,2,train,1
taxi:194:5,taxi,194,5,user,3,train,0
taxi:194:6,taxi,194,6,agent,2,train,1
taxi:194:7,taxi,194,7,user,3,train,1
taxi:194:8,taxi,194,8,agent,3,train,0
taxi:195:1,taxi,195,1,user,3,train,1
taxi:195:2,taxi,195,2,agent,2,train,0
taxi:195:3,taxi,195,3,user,0,train,0
taxi:195:4,taxi,195,4,agent,1,train,0
taxi:195:5,taxi,195,5,user,3,train,1
taxi:195:6,taxi,195,6,agent,2,train,0
taxi:196:1,taxi,196,1,user,2,train,0
taxi:196:2,taxi,196,2,agent,2,train,0
taxi:196:3,taxi,196,3,user,0,train,0
taxi:196:4,taxi,196,4,agent,2,train,0
taxi:197:1,taxi,197,1,user,1,train,0
taxi:197:2,taxi,197,2,agent,2,train,0
taxi:197:3,taxi,197,3,user,0,train,0
taxi:197:4,taxi,197,4,agent,1,train,0
taxi:197:5,taxi,197,5,user,0,train,0
taxi:197:6,taxi,197,6,agent,1,train,1
taxi:197:7,taxi,197,7,user,0,train,0
taxi:197:8,taxi,197,8,agent,1,train,0
taxi:197:9,taxi,197,9,user,0,train,1
taxi:197:10,taxi,197,10,agent,2,train,0
taxi:197:11,taxi,197,11,user,2,train,0
taxi:197:12,taxi,197,12,agent,2,train,0
taxi:197:13,taxi,197,13,user,3,train,1
taxi:197:14,taxi,197,14,agent,3,train,0
taxi:198:1,taxi,198,1,user,1,train,0
taxi:198:2,taxi,198,2,agent,2,train,1
taxi:198:3,taxi,198,3,user,3,train,0
taxi:198:4,taxi,198,4,agent,2,train,1
taxi:198:5,taxi,198,5,user,3,train,0
taxi:198:6,taxi,198,6,agent,3,train,1
taxi:199:1,taxi,199,1,user,1,train,0
taxi:199:2,taxi,199,2,agent,2,train,0
taxi:199:3,taxi,199,3,user,0,train,0
taxi:199:4,taxi,199,4,agent,1,train,0
taxi:199:5,taxi,199,5,user,0,train,0
taxi:199:6,taxi,199,6,agent,1,train,0
taxi:199:7,taxi,199,7,user,0,train,0
taxi:199:8,taxi,199,8,agent,1,train,1
taxi:199:9,taxi,199,9,user,2,train,0
taxi:199:10,taxi,199,10,agent,2,train,0
taxi:199:11,taxi,199,11,user,2,train,0
taxi:199:12,taxi,199,12,agent,2,train,0
taxi:200:1,taxi,200,1,user,0,train,1
taxi:200:2,taxi,200,2,agent,1,train,0
taxi:200:3,taxi,200,3,user,0,train,0
taxi:200:4,taxi,200,4,agent,2,train,0
taxi:200:5,taxi,200,5,user,0,train,0
taxi:200:6,taxi,200,6,agent,1,train,0
taxi:200:7,taxi,200,7,user,0,train,0
taxi:200:8,taxi,200,8,agent,2,train,0
taxi:200:9,taxi,200,9,user,0,train,0
taxi:200:10,taxi,200,10,agent,2,train,1
taxi:200:11,taxi,200,11,user,2,train,0
taxi:200:12,taxi,200,12,agent,2,train,0
taxi:201:1,taxi,201,1,user,0,train,0
taxi:201:2,taxi,201,2,agent,1,train,0
taxi:201:3,taxi,201,3,user,0,train,0
taxi:201:4,taxi,201,4,agent,2,train,0
taxi:201:5,taxi,201,5,user,2,train,1
taxi:201:6,taxi,201,6,agent,2,train,0
taxi:202:1,taxi,202,1,user,1,test,0
taxi:202:2,taxi,202,2,agent,1,test,0
taxi:202:3,taxi,202,3,user,0,test,1
taxi:202:4,taxi,202,4,agent,2,test,0
taxi:202:5,taxi,202,5,user,3,test,0
taxi:202:6,taxi,202,6,agent,2,test,0
taxi:203:1,taxi,203,1,user,2,train,0
taxi:203:2,taxi,203,2,agent,2,train,1
taxi:203:3,taxi,203,3,user,2,train,0
taxi:203:4,taxi,203,4,agent,2,train,0
taxi:203:5,taxi,203,5,user,0,train,0
taxi:203:6,taxi,203,6,agent,2,train,1
taxi:204:1,taxi,204,1,user,0,train,0
taxi:204:2,taxi,204,2,agent,1,train,0
taxi:204:3,taxi,204,3,user,0,train,0
taxi:204:4,taxi,204,4,agent,1,train,0
taxi:204:5,taxi,204,5,user,0,train,0
taxi:204:6,taxi,204,6,agent,1,train,0
taxi:204:7,taxi,204,7,user,0,train,0
taxi:204:8,taxi,204,8,agent,0,train,1
taxi:204:9,taxi,204,9,user,0,train,0
taxi:204:10,taxi,204,10,agent,2,train,1
taxi:204:11,taxi,204,11,user,2,train,0
taxi:204:12,taxi,204,12,agent,2,train,1
taxi:205:1,taxi,205,1,user,2,train,1
taxi:205:2,taxi,205,2,agent,1,train,0
taxi:205:3,taxi,205,3,user,0,train,0
taxi:205:4,taxi,205,4,agent,1,train,0
taxi:205:5,taxi,205,5,user,0,train,0
taxi:205:6,taxi,205,6,agent,1,train,1
taxi:205:7,taxi,205,7,user,0,train,0
taxi:205:8,taxi,205,8,agent,1,train,0
taxi:205:9,taxi,205,9,user,2,train,0
taxi:205:10,taxi,205,10,agent,1,train,0
taxi:205:11,taxi,205,11,user,0,train,0
taxi:205:12,taxi,205,12,agent,2,train,0
taxi:205:13,taxi,205,13,user,2,train,0
taxi:205:14,taxi,205,14,agent,2,train,0
taxi:205:15,taxi,205,15,user,3,train,1
taxi:205:16,taxi,205,16,agent,3,train,1
taxi:206:1,taxi,206,1,user,2,train,0
taxi:206:2,taxi,206,2,agent,1,train,0
taxi:206:3,taxi,206,3,user,3,train,0
taxi:206:4,taxi,206,4,agent,1,train,0
taxi:206:5,taxi,206,5,user,0,train,0
taxi:206:6,taxi,206,6,agent,2,train,0
taxi:206:7,taxi,206,7,user,3,train,1
taxi:206:8,taxi,206,8,agent,1,train,1
taxi:206:9,taxi,206,9,user,0,train,1
taxi:206:10,taxi,206,10,agent,2,train,0
taxi:206:11,taxi,206,11,user,3,train,1
taxi:206:12,taxi,206,12,agent,3,train,1
taxi:207:1,taxi,207,1,user,2,validation,1
taxi:207:2,taxi,207,2,agent,2,validation,1
taxi:207:3,taxi,207,3,user,3,validation,0
taxi:207:4,taxi,207,4,agent,2,validation,0
taxi:207:5,taxi,207,5,user,3,validation,0
taxi:207:6,taxi,207,6,agent,3,validation,0
taxi:208:1,taxi,208,1,user,3,test,1
taxi:208:2,taxi,208,2,agent,1,test,0
taxi:208:3,taxi,208,3,user,2,test,0
taxi:208:4,taxi,208,4,agent,0,test,0
taxi:208:5,taxi,208,5,user,0,test,0
taxi:208:6,taxi,208,6,agent,2,test,0
taxi:208:7,taxi,208,7,user,3,test,1
taxi:208:8,taxi,208,8,agent,2,test,0
taxi:208:9,taxi,208,9,user,3,test,0
taxi:208:10,taxi,208,10,agent,3,test,1
taxi:209:1,taxi,209,1,user,1,train,1
taxi:209:2,taxi,209,2,agent,2,train,0
taxi:209:3,taxi,209,3,user,0,train,0
taxi:209:4,taxi,209,4,agent,1,train,0
taxi:209:5,taxi,209,5,user,0,train,0
taxi:209:6,taxi,209,6,agent,0,train,0
taxi:209:7,taxi,209,7,user,0,train,0
taxi:209:8,taxi,209,8,agent,2,train,0
taxi:209:9,taxi,209,9,user,0,train,0
taxi:209:10,taxi,209,10,agent,2,train,0
taxi:209:11,taxi,209,11,user,2,train,0
taxi:209:12,taxi,209,12,agent,2,train,0
taxi:210:1,taxi,210,1,user,3,train,1
taxi:210:2,taxi,210,2,agent,2,train,0
taxi:211:1,taxi,211,1,user,0,train,0
taxi:211:2,taxi,211,2,agent,1,train,1
taxi:212:1,taxi,212,1,user,2,train,0
taxi:212:2,taxi,212,2,agent,3,train,1
taxi:212:3,taxi,212,3,user,0,train,0
taxi:212:4,taxi,212,4,agent,1,train,0
taxi:212:5,taxi,212,5,user,2,train,0
taxi:212:6,taxi,212,6,agent,0,train,0
taxi:212:7,taxi,212,7,user,0,train,0
taxi:212:8,taxi,212,8,agent,1,train,0
taxi:212:9,taxi,212,9,user,0,train,0
taxi:212:10,taxi,212,10,agent,2,train,0
taxi:212:11,taxi,212,11,user,3,train,1
taxi:212:12,taxi,212,12,agent,2,train,0
taxi:212:13,taxi,212,13,user,3,train,1
taxi:212:14,taxi,212,14,agent,3,train,1
taxi:213:1,taxi,213,1,user,2,train,0
taxi:213:2,taxi,213,2,agent,1,train,0
taxi:213:3,taxi,213,3,user,0,train,0
taxi:213:4,taxi,213,4,agent,2,train,0
taxi:213:5,taxi,213,5,user,2,train,0
taxi:213:6,taxi,213,6,agent,2,train,0
taxi:214:1,taxi,214,1,user,1,train,0
taxi:214:2,taxi,214,2,agent,1,train,0
taxi:214:3,taxi,214,3,user,0,train,1
taxi:214:4,taxi,214,4,agent,2,train,0
taxi:214:5,taxi,214,5,user,0,train,0
taxi:214:6,taxi,214,6,agent,2,train,1
taxi:214:7,taxi,214,7,user,0,train,0
taxi:214:8,taxi,214,8,agent,1,train,0
taxi:214:9,taxi,214,9,user,0,train,1
taxi:214:10,taxi,214,10,agent,2,train,1
taxi:214:11,taxi,214,11,user,2,train,0
taxi:214:12,taxi,214,12,agent,2,train,0
taxi:215:1,taxi,215,1,user,1,test,0
taxi:215:2,taxi,215,2,agent,3,test,0
taxi:216:1,taxi,216,1,user,1,train,0
taxi:216:2,taxi,216,2,agent,1,train,0
taxi:216:3,taxi,216,3,user,0,train,0
taxi:216:4,taxi,216,4,agent,1,train,0
taxi:216:5,taxi,216,5,user,0,train,0
taxi:216:6,taxi,216,6,agent,2,train,0
taxi:216:7,taxi,216,7,user,3,train,1
taxi:216:8,taxi,216,8,agent,2,train,0
taxi:216:9,taxi,216,9,user,0,train,0
taxi:216:10,taxi,216,10,agent,2,train,1
taxi:216:11,taxi,216,11,user,3,train,1
taxi:216:12,taxi,216,12,agent,3,train,1
taxi:217:1,taxi,217,1,user,0,validation,0
taxi:217:2,taxi,217,2,agent,1,validation,1
taxi:217:3,taxi,217,3,user,0,validation,0
taxi:217:4,taxi,217,4,agent,2,validation,0
taxi:217:5,taxi,217,5,user,2,validation,0
taxi:217:6,taxi,217,6,agent,2,validation,0
taxi:217:7,taxi,217,7,user,0,validation,0
taxi:217:8,taxi,217,8,agent,2,validation,0
taxi:217:9,taxi,217,9,user,2,validation,0
taxi:217:10,taxi,217,10,agent,2,validation,0
taxi:218:1,taxi,218,1,user,1,train,1
taxi:218:2,taxi,218,2,agent,2,train,0
taxi:219:1,taxi,219,1,user,1,train,0
taxi:219:2,taxi,219,2,agent,1,train,0
taxi:219:3,taxi,219,3,user,0,train,0
taxi:219:4,taxi,219,4,agent,1,train,0
taxi:219:5,taxi,219,5,user,0,train,1
taxi:219:6,taxi,219,6,agent,1,train,0
taxi:219:7,taxi,219,7,user,0,train,1
taxi:219:8,taxi,219,8,agent,2,train,0
taxi:219:9,taxi,219,9,user,2,train,0
taxi:219:10,taxi,219,10,agent,2,train,0
taxi:219:11,taxi,219,11,user,3,train,0
taxi:219:12,taxi,219,12,agent,3,train,1
taxi:220:1,taxi,220,1,user,3,train,1
taxi:220:2,taxi,220,2,agent,3,train,0
taxi:220:3,taxi,220,3,user,2,train,1
taxi:220:4,taxi,220,4,agent,1,train,1
taxi:220:5,taxi,220,5,user,0,train,0
taxi:220:6,taxi,220,6,agent,1,train,0
taxi:220:7,taxi,220,7,user,0,train,0
taxi:220:8,taxi,220,8,agent,1,train,0
taxi:220:9,taxi,220,9,user,0,train,0
taxi:220:10,taxi,220,10,agent,1,train,0
taxi:220:11,taxi,220,11,user,0,train,0
taxi:220:12,taxi,220,12,agent,1,train,0
taxi:220:13,taxi,220,13,user,0,train,1
taxi:220:14,taxi,220,14,agent,2,train,0
taxi:220:15,taxi,220,15,user,3,train,0
taxi:220:16,taxi,220,16,agent,3,train,1
taxi:221:1,taxi,221,1,user,1,train,0
taxi:221:2,taxi,221,2,agent,2,train,0
taxi:222:1,taxi,222,1,user,2,train,0
taxi:222:2,taxi,222,2,agent,1,train,0
taxi:222:3,taxi,222,3,user,0,train,1
taxi:222:4,taxi,222,4,agent,1,train,0
taxi:222:5,taxi,222,5,user,0,train,0
taxi:222:6,taxi,222,6,agent,3,train,1
taxi:222:7,taxi,222,7,user,0,train,0
taxi:222:8,taxi,222,8,agent,2,train,0
taxi:222:9,taxi,222,9,user,3,train,1
taxi:222:10,taxi,222,10,agent,2,train,0
taxi:223:1,taxi,223,1,user,1,train,0
taxi:223:2,taxi,223,2,agent,1,train,0
taxi:224:1,taxi,224,1,user,2,train,0
taxi:224:2,taxi,224,2,agent,2,train,0
taxi:224:3,taxi,224,3,user,0,train,1
taxi:224:4,taxi,224,4,agent,1,train,1
taxi:224:5,taxi,224,5,user,0,train,0
taxi:224:6,taxi,224,6,agent,2,train,0
taxi:224:7,taxi,224,7,user,0,train,0
taxi:224:8,taxi,224,8,agent,2,train,0
taxi:224:9,taxi,224,9,user,2,train,0
taxi:224:10,taxi,224,10,agent,2,train,0
taxi:225:1,taxi,225,1,user,0,train,0
taxi:225:2,taxi,225,2,agent,2,train,0
taxi:225:3,taxi,225,3,user,2,train,0
taxi:225:4,taxi,225,4,agent,1,train,0
taxi:225:5,taxi,225,5,user,0,train,0
taxi:225:6,taxi,225,6,agent,0,train,1
taxi:225:7,taxi,225,7,user,0,train,0
taxi:225:8,taxi,225,8,agent,1,train,0
taxi:225:9,taxi,225,9,user,0,train,1
taxi:225:10,taxi,225,10,agent,2,train,1
taxi:225:11,taxi,225,11,user,0,train,1
taxi:225:12,taxi,225,12,agent,2,train,0
taxi:225:13,taxi,225,13,user,2,train,0
taxi:225:14,taxi,225,14,agent,2,train,0
taxi:226:1,taxi,226,1,user,2,train,0
taxi:226:2,taxi,226,2,agent,1,train,0
taxi:227:1,taxi,227,1,user,2,train,0
taxi:227:2,taxi,227,2,agent,1,train,1
taxi:227:3,taxi,227,3,user,0,train,0
taxi:227:4,taxi,227,4,agent,1,train,0
taxi:227:5,taxi,227,5,user,0,train,1
taxi:227:6,taxi,227,6,agent,2,train,1
taxi:227:7,taxi,227,7,user,3,train,0
taxi:227:8,taxi,227,8,agent,2,train,0
taxi:228:1,taxi,228,1,user,1,train,0
taxi:228:2,taxi,228,2,agent,1,train,0
taxi:228:3,taxi,228,3,user,0,train,0
taxi:228:4,taxi,228,4,agent,2,train,0
taxi:228:5,taxi,228,5,user,2,train,1
taxi:228:6,taxi,228,6,agent,2,train,0
taxi:229:1,taxi,229,1,user,1,train,1
taxi:229:2,taxi,229,2,agent,3,train,1
taxi:229:3,taxi,229,3,user,0,train,0
taxi:229:4,taxi,229,4,agent,1,train,1
taxi:229:5,taxi,229,5,user,0,train,0
taxi:229:6,taxi,229,6,agent,1,train,0
taxi:229:7,taxi,229,7,user,0,train,1
taxi:229:8,taxi,229,8,agent,1,train,0
taxi:230:1,taxi,230,1,user,1,train,0
taxi:230:2,taxi,230,2,agent,1,train,0
taxi:230:3,taxi,230,3,user,2,train,0
taxi:230:4,taxi,230,4,agent,2,train,0
taxi:230:5,taxi,230,5,user,0,train,0
taxi:230:6,taxi,230,6,agent,1,train,1
taxi:230:7,taxi,230,7,user,0,train,1
taxi:230:8,taxi,230,8,agent,2,train,0
taxi:230:9,taxi,230,9,user,3,train,0
taxi:230:10,taxi,230,10,agent,2,train,1
taxi:230:11,taxi,230,11,user,3,train,1
taxi:230:12,taxi,230,12,agent,3,train,1
taxi:231:1,taxi,231,1,user,1,train,1
taxi:231:2,taxi,231,2,agent,2,train,1
taxi:232:1,taxi,232,1,user,1,validation,0
taxi:232:2,taxi,232,2,agent,2,validation,0
taxi:232:3,taxi,232,3,user,0,validation,0
taxi:232:4,taxi,232,4,agent,1,validation,0
taxi:232:5,taxi,232,5,user,0,validation,0
taxi:232:6,taxi,232,6,agent,2,validation,0
taxi:232:7,taxi,232,7,user,2,validation,1
taxi:232:8,taxi,232,8,agent,2,validation,1
taxi:232:9,taxi,232,9,user,2,validation,0
taxi:232:10,taxi,232,10,agent,2,validation,1
taxi:233:1,taxi,233,1,user,1,train,0
taxi:233:2,taxi,233,2,agent,1,train,1
taxi:233:3,taxi,233,3,user,2,train,1
taxi:233:4,taxi,233,4,agent,1,train,1
taxi:233:5,taxi,233,5,user,0,train,0
taxi:233:6,taxi,233,6,agent,2,train,0
taxi:233:7,taxi,233,7,user,3,train,0
taxi:233:8,taxi,233,8,agent,2,train,1
taxi:234:1,taxi,234,1,user,1,train,0
taxi:234:2,taxi,234,2,agent,0,train,0
taxi:234:3,taxi,234,3,user,0,train,0
taxi:234:4,taxi,234,4,agent,1,train,0
taxi:234:5,taxi,234,5,user,0,train,0
taxi:234:6,taxi,234,6,agent,2,train,1
taxi:234:7,taxi,234,7,user,0,train,0
taxi:234:8,taxi,234,8,agent,3,train,1
taxi:234:9,taxi,234,9,user,0,train,0
taxi:234:10,taxi,234,10,agent,2,train,0
taxi:235:1,taxi,235,1,user,1,train,0
taxi:235:2,taxi,235,2,agent,1,train,0
taxi:235:3,taxi,235,3,user,0,train,0
taxi:235:4,taxi,235,4,agent,2,train,0
taxi:235:5,taxi,235,5,user,2,train,0
taxi:235:6,taxi,235,6,agent,2,train,0
taxi:236:1,taxi,236,1,user,1,test,0
taxi:236:2,taxi,236,2,agent,3,test,1
taxi:236:3,taxi,236,3,user,2,test,0
taxi:236:4,taxi,236,4,agent,1,test,1
taxi:236:5,taxi,236,5,user,0,test,0
taxi:236:6,taxi,236,6,agent,1,test,1
taxi:236:7,taxi,236,7,user,0,test,1
taxi:236:8,taxi,236,8,agent,1,test,0
taxi:236:9,taxi,236,9,user,0,test,0
taxi:236:10,taxi,236,10,agent,1,test,0
taxi:236:11,taxi,236,11,user,0,test,0
taxi:236:12,taxi,236,12,agent,3,test,1
taxi:236:13,taxi,236,13,user,0,test,0
taxi:236:14,taxi,236,14,agent,1,test,1
taxi:236:15,taxi,236,15,user,0,test,0
taxi:236:16,taxi,236,16,agent,2,test,0
taxi:236:17,taxi,236,17,user,2,test,0
taxi:236:18,taxi,236,18,agent,2,test,0
taxi:236:19,taxi,236,19,user,3,test,1
taxi:236:20,taxi,236,20,agent,3,test,1
taxi:237:1,taxi,237,1,user,3,train,1
taxi:237:2,taxi,237,2,agent,1,train,0
taxi:237:3,taxi,237,3,user,0,train,0
taxi:237:4,taxi,237,4,agent,1,train,0
taxi:237:5,taxi,237,5,user,0,train,0
taxi:237:6,taxi,237,6,agent,1,train,0
taxi:237:7,taxi,237,7,user,2,train,0
taxi:237:8,taxi,237,8,agent,2,train,0
taxi:237:9,taxi,237,9,user,3,train,1
taxi:237:10,taxi,237,10,agent,2,train,0
taxi:237:11,taxi,237,11,user,3,train,0
taxi:237:12,taxi,237,12,agent,3,train,1
taxi:238:1,taxi,238,1,user,0,train,0
taxi:238:2,taxi,238,2,agent,3,train,1
taxi:239:1,taxi,239,1,user,3,train,0
taxi:239:2,taxi,239,2,agent,3,train,1
taxi:239:3,taxi,239,3,user,0,train,1
taxi:239:4,taxi,239,4,agent,1,train,0
taxi:239:5,taxi,239,5,user,0,train,0
taxi:239:6,taxi,239,6,agent,2,train,0
taxi:239:7,taxi,239,7,user,2,train,0
taxi:239:8,taxi,239,8,agent,1,train,0
taxi:239:9,taxi,239,9,user,0,train,0
taxi:239:10,taxi,239,10,agent,1,train,0
taxi:239:11,taxi,239,11,user,0,train,0
taxi:239:12,taxi,239,12,agent,2,train,0
taxi:239:13,taxi,239,13,user,3,train,1
taxi:239:14,taxi,239,14,agent,2,train,0
taxi:239:15,taxi,239,15,user,3,train,1
taxi:239:16,taxi,239,16,agent,3,train,0
taxi:240:1,taxi,240,1,user,2,train,0
taxi:240:2,taxi,240,2,agent,2,train,1
taxi:240:3,taxi,240,3,user,2,train,0
taxi:240:4,taxi,240,4,agent,2,train,0
taxi:241:1,taxi,241,1,user,1,test,1
taxi:241:2,taxi,241,2,agent,2,test,0
taxi:241:3,taxi,241,3,user,0,test,0
taxi:241:4,taxi,241,4,agent,0,test,0
taxi:241:5,taxi,241,5,user,0,test,0
taxi:241:6,taxi,241,6,agent,0,test,0
taxi:241:7,taxi,241,7,user,0,test,0
taxi:241:8,taxi,241,8,agent,0,test,1
taxi:241:9,taxi,241,9,user,0,test,0
taxi:241:10,taxi,241,10,agent,3,test,1
taxi:241:11,taxi,241,11,user,0,test,0
taxi:241:12,taxi,241,12,agent,2,test,0
taxi:241:13,taxi,241,13,user,0,test,0
taxi:241:14,taxi,241,14,agent,1,test,0
taxi:241:15,taxi,241,15,user,0,test,0
taxi:241:16,taxi,241,16,agent,1,test,0
taxi:241:17,taxi,241,17,user,0,test,0
taxi:241:18,taxi,241,18,agent,2,test,0
taxi:241:19,taxi,241,19,user,0,test,0
taxi:241:20,taxi,241,20,agent,2,test,0
taxi:241:21,taxi,241,21,user,2,test,0
taxi:241:22,taxi,241,22,agent,2,test,0
taxi:242:1,taxi,242,1,user,0,train,1
taxi:242:2,taxi,242,2,agent,2,train,1
taxi:242:3,taxi,242,3,user,0,train,0
taxi:242:4,taxi,242,4,agent,1,train,1
taxi:242:5,taxi,242,5,user,0,train,1
taxi:242:6,taxi,242,6,agent,1,train,0
taxi:242:7,taxi,242,7,user,0,train,0
taxi:242:8,taxi,242,8,agent,2,train,1
taxi:242:9,taxi,242,9,user,2,train,0
taxi:242:10,taxi,242,10,agent,2,train,1
taxi:242:11,taxi,242,11,user,0,train,0
taxi:242:12,taxi,242,12,agent,3,train,1
taxi:243:1,taxi,243,1,user,1,train,0
taxi:243:2,taxi,243,2,agent,2,train,0
taxi:243:3,taxi,243,3,user,0,train,0
taxi:243:4,taxi,243,4,agent,1,train,0
taxi:243:5,taxi,243,5,user,0,train,0
taxi:243:6,taxi,243,6,agent,0,train,1
taxi:243:7,taxi,243,7,user,0,train,0
taxi:243:8,taxi,243,8,agent,0,train,0
taxi:243:9,taxi,243,9,user,0,train,0
taxi:243:10,taxi,243,10,agent,0,train,0
taxi:243:11,taxi,243,11,user,0,train,0
taxi:243:12,taxi,243,12,agent,2,train,0
taxi:243:13,taxi,243,13,user,2,train,1
taxi:243:14,taxi,243,14,agent,2,train,0
taxi:244:1,taxi,244,1,user,2,train,0
taxi:244:2,taxi,244,2,agent,2,train,1
taxi:244:3,taxi,244,3,user,2,train,0
taxi:244:4,taxi,244,4,agent,2,train,0
taxi:245:1,taxi,245,1,user,2,test,1
taxi:245:2,taxi,245,2,agent,2,test,0
taxi:245:3,taxi,245,3,user,2,test,1
taxi:245:4,taxi,245,4,agent,2,test,0
taxi:245:5,taxi,245,5,user,0,test,1
taxi:245:6,taxi,245,6,agent,1,test,0
taxi:245:7,taxi,245,7,user,2,test,0
taxi:245:8,taxi,245,8,agent,1,test,1
taxi:245:9,taxi,245,9,user,3,test,1
taxi:245:10,taxi,245,10,agent,2,test,0
taxi:245:11,taxi,245,11,user,3,test,1
taxi:245:12,taxi,245,12,agent,2,test,0
taxi:246:1,taxi,246,1,user,3,test,1
taxi:246:2,taxi,246,2,agent,1,test,0
taxi:246:3,taxi,246,3,user,0,test,0
taxi:246:4,taxi,246,4,agent,1,test,1
taxi:246:5,taxi,246,5,user,0,test,0
taxi:246:6,taxi,246,6,agent,1,test,0
taxi:246:7,taxi,246,7,user,0,test,1
taxi:246:8,taxi,246,8,agent,2,test,0
taxi:246:9,taxi,246,9,user,3,test,1
taxi:246:10,taxi,246,10,agent,2,test,1
taxi:247:1,taxi,247,1,user,3,train,1
taxi:247:2,taxi,247,2,agent,3,train,1
taxi:247:3,taxi,247,3,user,3,train,1
taxi:247:4,taxi,247,4,agent,2,train,0
taxi:247:5,taxi,247,5,user,0,train,0
taxi:247:6,taxi,247,6,agent,2,train,0
taxi:247:7,taxi,247,7,user,3,train,1
taxi:247:8,taxi,247,8,agent,2,train,0
taxi:247:9,taxi,247,9,user,0,train,0
taxi:247:10,taxi,247,10,agent,2,train,0
taxi:247:11,taxi,247,11,user,3,train,1
taxi:247:12,taxi,247,12,agent,3,train,0
taxi:248:1,taxi,248,1,user,1,train,0
taxi:248:2,taxi,248,2,agent,2,train,1
taxi:248:3,taxi,248,3,user,3,train,0
taxi:248:4,taxi,248,4,agent,2,train,0
taxi:249:1,taxi,249,1,user,0,test,0
taxi:249:2,taxi,249,2,agent,0,test,0
taxi:249:3,taxi,249,3,user,0,test,0
taxi:249:4,taxi,249,4,agent,1,test,1
taxi:249:5,taxi,249,5,user,0,test,0
taxi:249:6,taxi,249,6,agent,1,test,0
taxi:249:7,taxi,249,7,user,0,test,1
taxi:249:8,taxi,249,8,agent,1,test,0
taxi:249:9,taxi,249,9,user,0,test,1
taxi:249:10,taxi,249,10,agent,1,test,0
taxi:249:11,taxi,249,11,user,0,test,0
taxi:249:12,taxi,249,12,agent,2,test,0
taxi:249:13,taxi,249,13,user,2,test,0
taxi:249:14,taxi,249,14,agent,2,test,1
taxi:250:1,taxi,250,1,user,2,train,0
taxi:250:2,taxi,250,2,agent,2,train,0
taxi:251:1,taxi,251,1,user,1,test,0
taxi:251:2,taxi,251,2,agent,1,test,0
taxi:251:3,taxi,251,3,user,0,test,1
taxi:251:4,taxi,251,4,agent,1,test,0
taxi:251:5,taxi,251,5,user,0,test,0
taxi:251:6,taxi,251,6,agent,1,test,0
taxi:251:7,taxi,251,7,user,0,test,1
taxi:251:8,taxi,251,8,agent,2,test,1
taxi:251:9,taxi,251,9,user,0,test,0
taxi:251:10,taxi,251,10,agent,2,test,0
taxi:251:11,taxi,251,11,user,2,test,0
taxi:251:12,taxi,251,12,agent,2,test,0
taxi:252:1,taxi,252,1,user,2,train,0
taxi:252:2,taxi,252,2,agent,2,train,0
taxi:252:3,taxi,252,3,user,2,train,0
taxi:252:4,taxi,252,4,agent,1,train,0
taxi:252:5,taxi,252,5,user,2,train,1
taxi:252:6,taxi,252,6,agent,1,train,0
taxi:252:7,taxi,252,7,user,0,train,0
taxi:252:8,taxi,252,8,agent,2,train,0
taxi:252:9,taxi,252,9,user,2,train,0
taxi:252:10,taxi,252,10,agent,3,train,1
taxi:252:11,taxi,252,11,user,2,train,0
taxi:252:12,taxi,252,12,agent,2,train,0
taxi:252:13,taxi,252,13,user,3,train,1
taxi:252:14,taxi,252,14,agent,3,train,1
taxi:253:1,taxi,253,1,user,1,validation,0
taxi:253:2,taxi,253,2,agent,1,validation,0
taxi:253:3,taxi,253,3,user,2,validation,0
taxi:253:4,taxi,253,4,agent,1,validation,0
taxi:253:5,taxi,253,5,user,0,validation,0
taxi:253:6,taxi,253,6,agent,1,validation,0
taxi:253:7,taxi,253,7,user,2,validation,0
taxi:253:8,taxi,253,8,agent,3,validation,1
taxi:253:9,taxi,253,9,user,1,validation,0
taxi:253:10,taxi,253,10,agent,1,validation,0
taxi:254:1,taxi,254,1,user,3,train,0
taxi:254:2,taxi,254,2,agent,2,train,0
taxi:255:1,taxi,255,1,user,2,test,0
taxi:255:2,taxi,255,2,agent,2,test,0
taxi:255:3,taxi,255,3,user,0,test,0
taxi:255:4,taxi,255,4,agent,0,test,0
taxi:255:5,taxi,255,5,user,0,test,0
taxi:255:6,taxi,255,6,agent,2,test,0
taxi:255:7,taxi,255,7,user,2,test,0
taxi:255:8,taxi,255,8,agent,2,test,0
taxi:255:9,taxi,255,9,user,3,test,1
taxi:255:10,taxi,255,10,agent,3,test,0
taxi:256:1,taxi,256,1,user,3,train,1
taxi:256:2,taxi,256,2,agent,3,train,1
taxi:256:3,taxi,256,3,user,2,train,0
taxi:256:4,taxi,256,4,agent,3,train,0
taxi:256:5,taxi,256,5,user,0,train,0
taxi:256:6,taxi,256,6,agent,1,train,0
taxi:256:7,taxi,256,7,user,3,train,1
taxi:256:8,taxi,256,8,agent,2,train,0
taxi:256:9,taxi,256,9,user,3,train,1
taxi:256:10,taxi,256,10,agent,3,train,1
taxi:257:1,taxi,257,1,user,2,train,0
taxi:257:2,taxi,257,2,agent,2,train,0
taxi:257:3,taxi,257,3,user,2,train,0
taxi:257:4,taxi,257,4,agent,2,train,0
taxi:258:1,taxi,258,1,user,1,train,0
taxi:258:2,taxi,258,2,agent,2,train,0
taxi:258:3,taxi,258,3,user,0,train,0
taxi:258:4,taxi,258,4,agent,1,train,0
taxi:258:5,taxi,258,5,user,0,train,0
taxi:258:6,taxi,258,6,agent,0,train,0
taxi:258:7,taxi,258,7,user,0,train,0
taxi:258:8,taxi,258,8,agent,1,train,1
taxi:258:9,taxi,258,9,user,0,train,0
taxi:258:10,taxi,258,10,agent,2,train,0
taxi:258:11,taxi,258,11,user,2,train,0
taxi:258:12,taxi,258,12,agent,2,train,0
taxi:258:13,taxi,258,13,user,0,train,0
taxi:258:14,taxi,258,14,agent,2,train,0
taxi:258:15,taxi,258,15,user,3,train,1
taxi:258:16,taxi,258,16,agent,3,train,1
taxi:259:1,taxi,259,1,user,1,train,0
taxi:259:2,taxi,259,2,agent,1,train,1
taxi:259:3,taxi,259,3,user,0,train,0
taxi:259:4,taxi,259,4,agent,1,train,0
taxi:259:5,taxi,259,5,user,0,train,0
taxi:259:6,taxi,259,6,agent,1,train,1
taxi:259:7,taxi,259,7,user,0,train,0
taxi:259:8,taxi,259,8,agent,1,train,0
taxi:259:9,taxi,259,9,user,0,train,1
taxi:259:10,taxi,259,10,agent,1,train,0
taxi:259:11,taxi,259,11,user,0,train,0
taxi:259:12,taxi,259,12,agent,2,train,0
taxi:259:13,taxi,259,13,user,2,train,0
taxi:259:14,taxi,259,14,agent,2,train,0
taxi:260:1,taxi,260,1,user,3,train,1
taxi:260:2,taxi,260,2,agent,3,train,1
taxi:261:1,taxi,261,1,user,2,validation,1
taxi:261:2,taxi,261,2,agent,1,validation,0
taxi:261:3,taxi,261,3,user,0,validation,1
taxi:261:4,taxi,261,4,agent,1,validation,0
taxi:261:5,taxi,261,5,user,0,validation,0
taxi:261:6,taxi,261,6,agent,2,validation,1
taxi:261:7,taxi,261,7,user,3,validation,0
taxi:261:8,taxi,261,8,agent,2,validation,0
taxi:262:1,taxi,262,1,user,3,train,1
taxi:262:2,taxi,262,2,agent,1,train,0
taxi:263:1,taxi,263,1,user,3,train,0
taxi:263:2,taxi,263,2,agent,1,train,0
taxi:263:3,taxi,263,3,user,3,train,1
taxi:263:4,taxi,263,4,agent,2,train,1
taxi:263:5,taxi,263,5,user,2,train,0
taxi:263:6,taxi,263,6,agent,2,train,0
taxi:263:7,taxi,263,7,user,3,train,1
taxi:263:8,taxi,263,8,agent,2,train,0
taxi:263:9,taxi,263,9,user,3,train,1
taxi:263:10,taxi,263,10,agent,3,train,0
taxi:264:1,taxi,264,1,user,1,test,0
taxi:264:2,taxi,264,2,agent,1,test,0
taxi:264:3,taxi,264,3,user,0,test,0
taxi:264:4,taxi,264,4,agent,1,test,0
taxi:264:5,taxi,264,5,user,0,test,1
taxi:264:6,taxi,264,6,agent,2,test,0
taxi:264:7,taxi,264,7,user,3,test,1
taxi:264:8,taxi,264,8,agent,2,test,0
taxi:265:1,taxi,265,1,user,1,validation,0
taxi:265:2,taxi,265,2,agent,0,validation,0
taxi:265:3,taxi,265,3,user,0,validation,1
taxi:265:4,taxi,265,4,agent,1,validation,0
taxi:265:5,taxi,265,5,user,0,validation,0
taxi:265:6,taxi,265,6,agent,1,validation,0
taxi:265:7,taxi,265,7,user,0,validation,0
taxi:265:8,taxi,265,8,agent,2,validation,0
taxi:265:9,taxi,265,9,user,0,validation,0
taxi:265:10,taxi,265,10,agent,2,validation,0
taxi:265:11,taxi,265,11,user,2,validation,1
taxi:265:12,taxi,265,12,agent,2,validation,0
taxi:266:1,taxi,266,1,user,1,train,0
taxi:266:2,taxi,266,2,agent,0,train,1
taxi:266:3,taxi,266,3,user,0,train,1
taxi:266:4,taxi,266,4,agent,1,train,1
taxi:266:5,taxi,266,5,user,2,train,1
taxi:266:6,taxi,266,6,agent,2,train,0
taxi:266:7,taxi,266,7,user,2,train,0
taxi:266:8,taxi,266,8,agent,2,train,1
taxi:266:9,taxi,266,9,user,2,train,0
taxi:266:10,taxi,266,10,agent,2,train,0
taxi:267:1,taxi,267,1,user,1,train,0
taxi:267:2,taxi,267,2,agent,2,train,0
taxi:267:3,taxi,267,3,user,0,train,0
taxi:267:4,taxi,267,4,agent,0,train,0
taxi:267:5,taxi,267,5,user,0,train,0
taxi:267:6,taxi,267,6,agent,0,train,0
taxi:267:7,taxi,267,7,user,0,train,1
taxi:267:8,taxi,267,8,agent,0,train,1
taxi:267:9,taxi,267,9,user,0,train,1
taxi:267:10,taxi,267,10,agent,2,train,0
taxi:267:11,taxi,267,11,user,2,train,0
taxi:267:12,taxi,267,12,agent,2,train,0
taxi:267:13,taxi,267,13,user,3,train,0
taxi:267:14,taxi,267,14,agent,3,train,1
taxi:268:1,taxi,268,1,user,3,train,1
taxi:268:2,taxi,268,2,agent,1,train,0
taxi:268:3,taxi,268,3,user,0,train,1
taxi:268:4,taxi,268,4,agent,1,train,1
taxi:268:5,taxi,268,5,user,0,train,0
taxi:268:6,taxi,268,6,agent,0,train,0
taxi:268:7,taxi,268,7,user,0,train,0
taxi:268:8,taxi,268,8,agent,0,train,0
taxi:268:9,taxi,268,9,user,0,train,0
taxi:268:10,taxi,268,10,agent,2,train,0
taxi:268:11,taxi,268,11,user,0,train,1
taxi:268:12,taxi,268,12,agent,2,train,0
taxi:268:13,taxi,268,13,user,3,train,1
taxi:268:14,taxi,268,14,agent,2,train,0
taxi:268:15,taxi,268,15,user,3,train,0
taxi:268:16,taxi,268,16,agent,3,train,1
taxi:269:1,taxi,269,1,user,1,train,0
taxi:269:2,taxi,269,2,agent,0,train,1
taxi:269:3,taxi,269,3,user,0,train,1
taxi:269:4,taxi,269,4,agent,2,train,0
taxi:269:5,taxi,269,5,user,2,train,0
taxi:269:6,taxi,269,6,agent,2,train,0
taxi:269:7,taxi,269,7,user,0,train,0
taxi:269:8,taxi,269,8,agent,1,train,0
taxi:269:9,taxi,269,9,user,0,train,0
taxi:269:10,taxi,269,10,agent,1,train,1
taxi:269:11,taxi,269,11,user,0,train,0
taxi:269:12,taxi,269,12,agent,1,train,0
taxi:269:13,taxi,269,13,user,3,train,0
taxi:269:14,taxi,269,14,agent,2,train,0
taxi:269:15,taxi,269,15,user,0,train,0
taxi:269:16,taxi,269,16,agent,2,train,0
taxi:269:17,taxi,269,17,user,0,train,0
taxi:269:18,taxi,269,18,agent,2,train,0
taxi:270:1,taxi,270,1,user,3,validation,1
taxi:270:2,taxi,270,2,agent,1,validation,0
taxi:270:3,taxi,270,3,user,0,validation,1
taxi:270:4,taxi,270,4,agent,2,validation,0
taxi:270:5,taxi,270,5,user,3,validation,1
taxi:270:6,taxi,270,6,agent,2,validation,0
taxi:271:1,taxi,271,1,user,2,validation,0
taxi:271:2,taxi,271,2,agent,1,validation,0
taxi:271:3,taxi,271,3,user,0,validation,0
taxi:271:4,taxi,271,4,agent,1,validation,0
taxi:271:5,taxi,271,5,user,0,validation,0
taxi:271:6,taxi,271,6,agent,2,validation,0
taxi:271:7,taxi,271,7,user,0,validation,0
taxi:271:8,taxi,271,8,agent,2,validation,0
taxi:271:9,taxi,271,9,user,3,validation,1
taxi:271:10,taxi,271,10,agent,2,validation,1
taxi:272:1,taxi,272,1,user,1,train,0
taxi:272:2,taxi,272,2,agent,1,train,0
taxi:272:3,taxi,272,3,user,0,train,0
taxi:272:4,taxi,272,4,agent,1,train,0
taxi:272:5,taxi,272,5,user,0,train,1
taxi:272:6,taxi,272,6,agent,1,train,0
taxi:272:7,taxi,272,7,user,0,train,0
taxi:272:8,taxi,272,8,agent,2,train,0
taxi:272:9,taxi,272,9,user,2,train,0
taxi:272:10,taxi,272,10,agent,2,train,0
taxi:272:11,taxi,272,11,user,3,train,1
taxi:272:12,taxi,272,12,agent,3,train,1
taxi:273:1,taxi,273,1,user,1,test,0
taxi:273:2,taxi,273,2,agent,0,test,0
taxi:273:3,taxi,273,3,user,0,test,1
taxi:273:4,taxi,273,4,agent,0,test,1
taxi:274:1,taxi,274,1,user,3,test,1
taxi:274:2,taxi,274,2,agent,3,test,0
taxi:274:3,taxi,274,3,user,0,test,0
taxi:274:4,taxi,274,4,agent,3,test,0
taxi:274:5,taxi,274,5,user,0,test,1
taxi:274:6,taxi,274,6,agent,3,test,1
taxi:274:7,taxi,274,7,user,3,test,1
taxi:274:8,taxi,274,8,agent,1,test,0
taxi:274:9,taxi,274,9,user,0,test,0
taxi:274:10,taxi,274,10,agent,2,test,0
taxi:274:11,taxi,274,11,user,0,test,0
taxi:274:12,taxi,274,12,agent,2,test,0
taxi:274:13,taxi,274,13,user,0,test,0
taxi:274:14,taxi,274,14,agent,2,test,0
taxi:274:15,taxi,274,15,user,2,test,0
taxi:274:16,taxi,274,16,agent,2,test,1
taxi:275:1,taxi,275,1,user,3,train,0
taxi:275:2,taxi,275,2,agent,3,train,1
taxi:275:3,taxi,275,3,user,3,train,1
taxi:275:4,taxi,275,4,agent,1,train,0
taxi:276:1,taxi,276,1,user,2,test,0
taxi:276:2,taxi,276,2,agent,2,test,0
taxi:276:3,taxi,276,3,user,3,test,0
taxi:276:4,taxi,276,4,agent,2,test,0
taxi:277:1,taxi,277,1,user,2,train,0
taxi:277:2,taxi,277,2,agent,2,train,0
taxi:277:3,taxi,277,3,user,0,train,0
taxi:277:4,taxi,277,4,agent,2,train,0
taxi:277:5,taxi,277,5,user,2,train,0
taxi:277:6,taxi,277,6,agent,2,train,0
taxi:277:7,taxi,277,7,user,3,train,1
taxi:277:8,taxi,277,8,agent,3,train,1
taxi:278:1,taxi,278,1,user,1,train,0
taxi:278:2,taxi,278,2,agent,3,train,1
taxi:278:3,taxi,278,3,user,0,train,0
taxi:278:4,taxi,278,4,agent,3,train,1
taxi:278:5,taxi,278,5,user,1,train,0
taxi:278:6,taxi,278,6,agent,3,train,1
taxi:278:7,taxi,278,7,user,2,train,1
taxi:278:8,taxi,278,8,agent,2,train,1
taxi:278:9,taxi,278,9,user,2,train,0
taxi:278:10,taxi,278,10,agent,2,train,1
taxi:279:1,taxi,279,1,user,3,train,1
taxi:279:2,taxi,279,2,agent,3,train,1
taxi:279:3,taxi,279,3,user,0,train,0
taxi:279:4,taxi,279,4,agent,2,train,0
taxi:280:1,taxi,280,1,user,2,train,0
taxi:280:2,taxi,280,2,agent,1,train,0
taxi:280:3,taxi,280,3,user,0,train,0
taxi:280:4,taxi,280,4,agent,1,train,0
taxi:280:5,taxi,280,5,user,0,train,0
taxi:280:6,taxi,280,6,agent,1,train,0
taxi:280:7,taxi,280,7,user,0,train,0
taxi:280:8,taxi,280,8,agent,1,train,0
taxi:280:9,taxi,280,9,user,0,train,1
taxi:280:10,taxi,280,10,agent,2,train,0
taxi:280:11,taxi,280,11,user,3,train,0
taxi:280:12,taxi,280,12,agent,2,train,0
taxi:281:1,taxi,281,1,user,1,train,1
taxi:281:2,taxi,281,2,agent,0,train,0
taxi:281:3,taxi,281,3,user,2,train,1
taxi:281:4,taxi,281,4,agent,2,train,0
taxi:281:5,taxi,281,5,user,3,train,1
taxi:281:6,taxi,281,6,agent,2,train,0
taxi:282:1,taxi,282,1,user,1,test,1
taxi:282:2,taxi,282,2,agent,2,test,1
taxi:282:3,taxi,282,3,user,0,test,0
taxi:282:4,taxi,282,4,agent,2,test,0
taxi:282:5,taxi,282,5,user,2,test,0
taxi:282:6,taxi,282,6,agent,2,test,0
taxi:283:1,taxi,283,1,user,3,train,1
taxi:283:2,taxi,283,2,agent,3,train,0
taxi:283:3,taxi,283,3,user,2,train,1
taxi:283:4,taxi,283,4,agent,2,train,1
taxi:283:5,taxi,283,5,user,0,train,0
taxi:283:6,taxi,283,6,agent,0,train,0
taxi:283:7,taxi,283,7,user,2,train,1
taxi:283:8,taxi,283,8,agent,1,train,0
taxi:283:9,taxi,283,9,user,2,train,0
taxi:283:10,taxi,283,10,agent,2,train,0
taxi:283:11,taxi,283,11,user,3,train,1
taxi:283:12,taxi,283,12,agent,2,train,0
taxi:283:13,taxi,283,13,user,3,train,1
taxi:283:14,taxi,283,14,agent,3,train,1
taxi:284:1,taxi,284,1,user,2,train,0
taxi:284:2,taxi,284,2,agent,1,train,0
taxi:284:3,taxi,284,3,user,0,train,0
taxi:284:4,taxi,284,4,agent,0,train,0
taxi:284:5,taxi,284,5,user,0,train,0
taxi:284:6,taxi,284,6,agent,0,train,0
taxi:284:7,taxi,284,7,user,3,train,0
taxi:284:8,taxi,284,8,agent,0,train,0
taxi:284:9,taxi,284,9,user,0,train,0
taxi:284:10,taxi,284,10,agent,2,train,0
taxi:284:11,taxi,284,11,user,2,train,0
taxi:284:12,taxi,284,12,agent,2,train,1
taxi:285:1,taxi,285,1,user,1,train,1
taxi:285:2,taxi,285,2,agent,1,train,0
taxi:285:3,taxi,285,3,user,0,train,0
taxi:285:4,taxi,285,4,agent,0,train,1
taxi:285:5,taxi,285,5,user,0,train,0
taxi:285:6,taxi,285,6,agent,0,train,0
taxi:285:7,taxi,285,7,user,0,train,0
taxi:285:8,taxi,285,8,agent,0,train,0
taxi:285:9,taxi,285,9,user,0,train,0
taxi:285:10,taxi,285,10,agent,2,train,0
taxi:285:11,taxi,285,11,user,0,train,1
taxi:285:12,taxi,285,12,agent,2,train,0
taxi:286:1,taxi,286,1,user,1,train,0
taxi:286:2,taxi,286,2,agent,2,train,0
taxi:286:3,taxi,286,3,user,0,train,0
taxi:286:4,taxi,286,4,agent,2,train,0
taxi:286:5,taxi,286,5,user,0,train,0
taxi:286:6,taxi,286,6,agent,1,train,1
taxi:286:7,taxi,286,7,user,0,train,0
taxi:286:8,taxi,286,8,agent,1,train,1
taxi:286:9,taxi,286,9,user,0,train,0
taxi:286:10,taxi,286,10,agent,2,train,0
taxi:286:11,taxi,286,11,user,2,train,0
taxi:286:12,taxi,286,12,agent,2,train,0
taxi:287:1,taxi,287,1,user,1,train,0
taxi:287:2,taxi,287,2,agent,0,train,1
taxi:287:3,taxi,287,3,user,0,train,0
taxi:287:4,taxi,287,4,agent,1,train,0
taxi:287:5,taxi,287,5,user,0,train,0
taxi:287:6,taxi,287,6,agent,2,train,0
taxi:287:7,taxi,287,7,user,3,train,1
taxi:287:8,taxi,287,8,agent,2,train,0
taxi:288:1,taxi,288,1,user,3,train,1
taxi:288:2,taxi,288,2,agent,3,train,1
taxi:288:3,taxi,288,3,user,3,train,0
taxi:288:4,taxi,288,4,agent,1,train,1
taxi:288:5,taxi,288,5,user,0,train,1
taxi:288:6,taxi,288,6,agent,1,train,1
taxi:288:7,taxi,288,7,user,0,train,0
taxi:288:8,taxi,288,8,agent,1,train,1
taxi:288:9,taxi,288,9,user,0,train,0
taxi:288:10,taxi,288,10,agent,1,train,0
taxi:288:11,taxi,288,11,user,0,train,0
taxi:288:12,taxi,288,12,agent,0,train,0
taxi:288:13,taxi,288,13,user,0,train,0
taxi:288:14,taxi,288,14,agent,2,train,0
taxi:288:15,taxi,288,15,user,0,train,0
taxi:288:16,taxi,288,16,agent,2,train,0
taxi:289:1,taxi,289,1,user,3,train,1
taxi:289:2,taxi,289,2,agent,1,train,0
taxi:289:3,taxi,289,3,user,0,train,1
taxi:289:4,taxi,289,4,agent,2,train,0
taxi:289:5,taxi,289,5,user,0,train,1
taxi:289:6,taxi,289,6,agent,1,train,0
taxi:289:7,taxi,289,7,user,0,train,0
taxi:289:8,taxi,289,8,agent,2,train,0
taxi:289:9,taxi,289,9,user,3,train,0
taxi:289:10,taxi,289,10,agent,3,train,1
taxi:289:11,taxi,289,11,user,0,train,0
taxi:289:12,taxi,289,12,agent,2,train,0
taxi:289:13,taxi,289,13,user,3,train,1
taxi:289:14,taxi,289,14,agent,3,train,1
taxi:290:1,taxi,290,1,user,3,train,1
taxi:290:2,taxi,290,2,agent,2,train,0
taxi:290:3,taxi,290,3,user,0,train,1
taxi:290:4,taxi,290,4,agent,3,train,0
taxi:291:1,taxi,291,1,user,2,validation,0
taxi:291:2,taxi,291,2,agent,0,validation,0
taxi:291:3,taxi,291,3,user,0,validation,0
taxi:291:4,taxi,291,4,agent,2,validation,0
taxi:291:5,taxi,291,5,user,0,validation,0
taxi:291:6,taxi,291,6,agent,2,validation,0
taxi:292:1,taxi,292,1,user,3,train,1
taxi:292:2,taxi,292,2,agent,2,train,0
taxi:292:3,taxi,292,3,user,0,train,0
taxi:292:4,taxi,292,4,agent,0,train,0
taxi:292:5,taxi,292,5,user,0,train,0
taxi:292:6,taxi,292,6,agent,1,train,1
taxi:292:7,taxi,292,7,user,0,train,1
taxi:292:8,taxi,292,8,agent,2,train,0
taxi:292:9,taxi,292,9,user,2,train,1
taxi:292:10,taxi,292,10,agent,2,train,0
taxi:292:11,taxi,292,11,user,3,train,0
taxi:292:12,taxi,292,12,agent,3,train,1
taxi:293:1,taxi,293,1,user,2,test,0
taxi:293:2,taxi,293,2,agent,1,test,0
taxi:293:3,taxi,293,3,user,0,test,1
taxi:293:4,taxi,293,4,agent,2,test,1
taxi:293:5,taxi,293,5,user,2,test,1
taxi:293:6,taxi,293,6,agent,2,test,0
taxi:293:7,taxi,293,7,user,2,test,0
taxi:293:8,taxi,293,8,agent,2,test,0
taxi:294:1,taxi,294,1,user,0,test,1
taxi:294:2,taxi,294,2,agent,2,test,0
taxi:294:3,taxi,294,3,user,0,test,1
taxi:294:4,taxi,294,4,agent,2,test,0
taxi:294:5,taxi,294,5,user,0,test,0
taxi:294:6,taxi,294,6,agent,1,test,0
taxi:294:7,taxi,294,7,user,2,test,0
taxi:294:8,taxi,294,8,agent,1,test,0
taxi:294:9,taxi,294,9,user,0,test,0
taxi:294:10,taxi,294,10,agent,0,test,0
taxi:294:11,taxi,294,11,user,2,test,0
taxi:294:12,taxi,294,12,agent,2,test,1
taxi:294:13,taxi,294,13,user,2,test,0
taxi:294:14,taxi,294,14,agent,2,test,0
taxi:295:1,taxi,295,1,user,2,train,0
taxi:295:2,taxi,295,2,agent,1,train,0
taxi:295:3,taxi,295,3,user,2,train,1
taxi:295:4,taxi,295,4,agent,2,train,0
taxi:295:5,taxi,295,5,user,2,train,0
taxi:295:6,taxi,295,6,agent,2,train,0
taxi:296:1,taxi,296,1,user,1,validation,1
taxi:296:2,taxi,296,2,agent,2,validation,0
taxi:296:3,taxi,296,3,user,0,validation,0
taxi:296:4,taxi,296,4,agent,3,validation,1
taxi:296:5,taxi,296,5,user,2,validation,0
taxi:296:6,taxi,296,6,agent,2,validation,0
taxi:296:7,taxi,296,7,user,3,validation,1
taxi:296:8,taxi,296,8,agent,2,validation,0
taxi:297:1,taxi,297,1,user,2,train,0
taxi:297:2,taxi,297,2,agent,2,train,0
taxi:297:3,taxi,297,3,user,0,train,1
taxi:297:4,taxi,297,4,agent,2,train,0
taxi:297:5,taxi,297,5,user,3,train,1
taxi:297:6,taxi,297,6,agent,2,train,0
taxi:298:1,taxi,298,1,user,1,test,0
taxi:298:2,taxi,298,2,agent,2,test,0
taxi:298:3,taxi,298,3,user,0,test,0
taxi:298:4,taxi,298,4,agent,3,test,0
taxi:298:5,taxi,298,5,user,2,test,0
taxi:298:6,taxi,298,6,agent,2,test,0
taxi:298:7,taxi,298,7,user,3,test,0
taxi:298:8,taxi,298,8,agent,2,test,0
taxi:299:1,taxi,299,1,user,2,train,0
taxi:299:2,taxi,299,2,agent,1,train,0
taxi:299:3,taxi,299,3,user,2,train,1
taxi:299:4,taxi,299,4,agent,2,train,0
taxi:299:5,taxi,299,5,user,3,train,1
taxi:299:6,taxi,299,6,agent,2,train,0
taxi:300:1,taxi,300,1,user,3,train,1
taxi:300:2,taxi,300,2,agent,3,train,1
taxi:300:3,taxi,300,3,user,3,train,1
taxi:300:4,taxi,300,4,agent,2,train,1
taxi:300:5,taxi,300,5,user,0,train,0
taxi:300:6,taxi,300,6,agent,2,train,0
taxi:300:7,taxi,300,7,user,0,train,0
taxi:300:8,taxi,300,8,agent,1,train,0
taxi:301:1,taxi,301,1,user,2,validation,0
taxi:301:2,taxi,301,2,agent,2,validation,0
taxi:301:3,taxi,301,3,user,0,validation,1
taxi:301:4,taxi,301,4,agent,2,validation,0
taxi:301:5,taxi,301,5,user,2,validation,1
taxi:301:6,taxi,301,6,agent,2,validation,1
taxi:302:1,taxi,302,1,user,1,train,0
taxi:302:2,taxi,302,2,agent,2,train,0
taxi:302:3,taxi,302,3,user,0,train,0
taxi:302:4,taxi,302,4,agent,2,train,0
taxi:303:1,taxi,303,1,user,2,train,0
taxi:303:2,taxi,303,2,agent,2,train,0
taxi:303:3,taxi,303,3,user,2,train,0
taxi:303:4,taxi,303,4,agent,2,train,0
taxi:304:1,taxi,304,1,user,1,train,0
taxi:304:2,taxi,304,2,agent,2,train,0
taxi:304:3,taxi,304,3,user,3,train,1
taxi:304:4,taxi,304,4,agent,2,train,0
taxi:305:1,taxi,305,1,user,2,train,0
taxi:305:2,taxi,305,2,agent,2,train,0
taxi:305:3,taxi,305,3,user,2,train,0
taxi:305:4,taxi,305,4,agent,2,train,1
taxi:306:1,taxi,306,1,user,1,train,1
taxi:306:2,taxi,306,2,agent,1,train,0
taxi:306:3,taxi,306,3,user,3,train,0
taxi:306:4,taxi,306,4,agent,2,train,0
taxi:307:1,taxi,307,1,user,2,train,0
taxi:307:2,taxi,307,2,agent,1,train,0
taxi:307:3,taxi,307,3,user,0,train,1
taxi:307:4,taxi,307,4,agent,2,train,0
taxi:307:5,taxi,307,5,user,3,train,1
taxi:307:6,taxi,307,6,agent,2,train,0
taxi:308:1,taxi,308,1,user,1,train,0
taxi:308:2,taxi,308,2,agent,2,train,1
taxi:308:3,taxi,308,3,user,2,train,0
taxi:308:4,taxi,308,4,agent,2,train,0
taxi:309:1,taxi,309,1,user,1,train,0
taxi:309:2,taxi,309,2,agent,2,train,0
taxi:309:3,taxi,309,3,user,2,train,0
taxi:309:4,taxi,309,4,agent,2,train,1
taxi:309:5,taxi,309,5,user,3,train,1
taxi:309:6,taxi,309,6,agent,2,train,0
taxi:310:1,taxi,310,1,user,2,train,0
taxi:310:2,taxi,310,2,agent,2,train,1
taxi:310:3,taxi,310,3,user,3,train,1
taxi:310:4,taxi,310,4,agent,2,train,0
taxi:311:1,taxi,311,1,user,2,train,0
taxi:311:2,taxi,311,2,agent,2,train,1
taxi:311:3,taxi,311,3,user,2,train,0
taxi:311:4,taxi,311,4,agent,2,train,0
taxi:312:1,taxi,312,1,user,1,train,0
taxi:312:2,taxi,312,2,agent,2,train,0
taxi:312:3,taxi,312,3,user,2,train,0
taxi:312:4,taxi,312,4,agent,2,train,0
taxi:313:1,taxi,313,1,user,3,test,0
taxi:313:2,taxi,313,2,agent,2,test,1
taxi:313:3,taxi,313,3,user,2,test,0
taxi:313:4,taxi,313,4,agent,2,test,0
taxi:314:1,taxi,314,1,user,3,train,0
taxi:314:2,taxi,314,2,agent,2,train,0
taxi:314:3,taxi,314,3,user,3,train,1
taxi:314:4,taxi,314,4,agent,2,train,0
taxi:315:1,taxi,315,1,user,2,validation,0
taxi:315:2,taxi,315,2,agent,2,validation,0
taxi:315:3,taxi,315,3,user,3,validation,0
taxi:315:4,taxi,315,4,agent,2,validation,0
taxi:316:1,taxi,316,1,user,1,train,1
taxi:316:2,taxi,316,2,agent,2,train,0
taxi:316:3,taxi,316,3,user,3,train,0
taxi:316:4,taxi,316,4,agent,2,train,0
taxi:317:1,taxi,317,1,user,2,test,0
taxi:317:2,taxi,317,2,agent,2,test,0
taxi:317:3,taxi,317,3,user,3,test,0
taxi:317:4,taxi,317,4,agent,2,test,0
taxi:317:5,taxi,317,5,user,0,test,1
taxi:317:6,taxi,317,6,agent,2,test,0
taxi:317:7,taxi,317,7,user,3,test,1
taxi:317:8,taxi,317,8,agent,3,test,1
taxi:318:1,taxi,318,1,user,0,train,0
taxi:318:2,taxi,318,2,agent,1,train,1
taxi:318:3,taxi,318,3,user,2,train,0
taxi:318:4,taxi,318,4,agent,2,train,1
taxi:318:5,taxi,318,5,user,2,train,0
taxi:318:6,taxi,318,6,agent,0,train,0
taxi:318:7,taxi,318,7,user,0,train,0
taxi:318:8,taxi,318,8,agent,0,train,1
taxi:318:9,taxi,318,9,user,0,train,0
taxi:318:10,taxi,318,10,agent,0,train,0
taxi:318:11,taxi,318,11,user,0,train,0
taxi:318:12,taxi,318,12,agent,2,train,0
taxi:318:13,taxi,318,13,user,2,train,0
taxi:318:14,taxi,318,14,agent,2,train,0
taxi:319:1,taxi,319,1,user,3,train,1
taxi:319:2,taxi,319,2,agent,1,train,1
taxi:319:3,taxi,319,3,user,0,train,0
taxi:319:4,taxi,319,4,agent,1,train,0
taxi:319:5,taxi,319,5,user,0,train,1
taxi:319:6,taxi,319,6,agent,2,train,0
taxi:319:7,taxi,319,7,user,3,train,1
taxi:319:8,taxi,319,8,agent,2,train,0
taxi:319:9,taxi,319,9,user,0,train,1
taxi:319:10,taxi,319,10,agent,2,train,0
taxi:319:11,taxi,319,11,user,3,train,1
taxi:319:12,taxi,319,12,agent,3,train,1
taxi:320:1,taxi,320,1,user,3,train,0
taxi:320:2,taxi,320,2,agent,2,train,0
taxi:320:3,taxi,320,3,user,3,train,0
taxi:320:4,taxi,320,4,agent,2,train,0
taxi:321:1,taxi,321,1,user,1,train,1
taxi:321:2,taxi,321,2,agent,2,train,0
taxi:321:3,taxi,321,3,user,2,train,1
taxi:321:4,taxi,321,4,agent,0,train,1
taxi:321:5,taxi,321,5,user,0,train,0
taxi:321:6,taxi,321,6,agent,0,train,0
taxi:321:7,taxi,321,7,user,0,train,0
taxi:321:8,taxi,321,8,agent,2,train,0
taxi:321:9,taxi,321,9,user,3,train,1
taxi:321:10,taxi,321,10,agent,3,train,0
taxi:321:11,taxi,321,11,user,0,train,0
taxi:321:12,taxi,321,12,agent,2,train,1
taxi:321:13,taxi,321,13,user,3,train,1
taxi:321:14,taxi,321,14,agent,3,train,1
taxi:322:1,taxi,322,1,user,2,train,0
taxi:322:2,taxi,322,2,agent,2,train,0
taxi:322:3,taxi,322,3,user,3,train,1
taxi:322:4,taxi,322,4,agent,2,train,1
taxi:323:1,taxi,323,1,user,0,train,0
taxi:323:2,taxi,323,2,agent,1,train,1
taxi:323:3,taxi,323,3,user,2,train,0
taxi:323:4,taxi,323,4,agent,2,train,0
taxi:323:5,taxi,323,5,user,2,train,0
taxi:323:6,taxi,323,6,agent,0,train,0
taxi:323:7,taxi,323,7,user,0,train,0
taxi:323:8,taxi,323,8,agent,0,train,1
taxi:323:9,taxi,323,9,user,0,train,1
taxi:323:10,taxi,323,10,agent,2,train,0
taxi:324:1,taxi,324,1,user,1,train,0
taxi:324:2,taxi,324,2,agent,2,train,1
taxi:324:3,taxi,324,3,user,2,train,0
taxi:324:4,taxi,324,4,agent,2,train,0
taxi:325:1,taxi,325,1,user,1,test,1
taxi:325:2,taxi,325,2,agent,1,test,0
taxi:325:3,taxi,325,3,user,0,test,0
taxi:325:4,taxi,325,4,agent,0,test,0
taxi:325:5,taxi,325,5,user,0,test,0
taxi:325:6,taxi,325,6,agent,0,test,0
taxi:326:1,taxi,326,1,user,1,train,0
taxi:326:2,taxi,326,2,agent,2,train,0
taxi:326:3,taxi,326,3,user,3,train,1
taxi:326:4,taxi,326,4,agent,2,train,1
taxi:326:5,taxi,326,5,user,3,train,1
taxi:326:6,taxi,326,6,agent,3,train,0
taxi:327:1,taxi,327,1,user,1,train,1
taxi:327:2,taxi,327,2,agent,2,train,0
taxi:327:3,taxi,327,3,user,2,train,1
taxi:327:4,taxi,327,4,agent,2,train,0
taxi:328:1,taxi,328,1,user,1,train,0
taxi:328:2,taxi,328,2,agent,2,train,0
taxi:328:3,taxi,328,3,user,0,train,0
taxi:328:4,taxi,328,4,agent,1,train,0
taxi:328:5,taxi,328,5,user,0,train,0
taxi:328:6,taxi,328,6,agent,2,train,0
taxi:328:7,taxi,328,7,user,0,train,1
taxi:328:8,taxi,328,8,agent,2,train,0
taxi:328:9,taxi,328,9,user,3,train,1
taxi:328:10,taxi,328,10,agent,3,train,1
taxi:329:1,taxi,329,1,user,1,train,0
taxi:329:2,taxi,329,2,agent,2,train,0
taxi:329:3,taxi,329,3,user,0,train,0
taxi:329:4,taxi,329,4,agent,1,train,0
taxi:329:5,taxi,329,5,user,0,train,1
taxi:329:6,taxi,329,6,agent,1,train,0
taxi:329:7,taxi,329,7,user,0,train,0
taxi:329:8,taxi,329,8,agent,2,train,0
taxi:329:9,taxi,329,9,user,3,train,1
taxi:329:10,taxi,329,10,agent,2,train,0
taxi:329:11,taxi,329,11,user,3,train,1
taxi:329:12,taxi,329,12,agent,3,train,1
taxi:330:1,taxi,330,1,user,0,train,0
taxi:330:2,taxi,330,2,agent,1,train,0
taxi:330:3,taxi,330,3,user,2,train,0
taxi:330:4,taxi,330,4,agent,0,train,1
taxi:330:5,taxi,330,5,user,0,train,1
taxi:330:6,taxi,330,6,agent,2,train,0
taxi:330:7,taxi,330,7,user,0,train,1
taxi:330:8,taxi,330,8,agent,1,train,1
taxi:330:9,taxi,330,9,user,0,train,0
taxi:330:10,taxi,330,10,agent,2,train,0
taxi:330:11,taxi,330,11,user,2,train,0
taxi:330:12,taxi,330,12,agent,2,train,0
taxi:330:13,taxi,330,13,user,3,train,0
taxi:330:14,taxi,330,14,agent,3,train,1
taxi:331:1,taxi,331,1,user,3,train,0
taxi:331:2,taxi,331,2,agent,1,train,1
taxi:331:3,taxi,331,3,user,2,train,1
taxi:331:4,taxi,331,4,agent,0,train,0
taxi:331:5,taxi,331,5,user,0,train,0
taxi:331:6,taxi,331,6,agent,0,train,1
taxi:331:7,taxi,331,7,user,0,train,1
taxi:331:8,taxi,331,8,agent,0,train,0
taxi:331:9,taxi,331,9,user,0,train,0
taxi:331:10,taxi,331,10,agent,2,train,0
taxi:331:11,taxi,331,11,user,3,train,1
taxi:331:12,taxi,331,12,agent,2,train,0
taxi:332:1,taxi,332,1,user,3,train,0
taxi:332:2,taxi,332,2,agent,2,train,1
taxi:332:3,taxi,332,3,user,0,train,1
taxi:332:4,taxi,332,4,agent,2,train,0
taxi:332:5,taxi,332,5,user,0,train,0
taxi:332:6,taxi,332,6,agent,2,train,1
taxi:332:7,taxi,332,7,user,2,train,0
taxi:332:8,taxi,332,8,agent,2,train,0
taxi:332:9,taxi,332,9,user,3,train,1
taxi:332:10,taxi,332,10,agent,2,train,0
taxi:333:1,taxi,333,1,user,2,train,0
taxi:333:2,taxi,333,2,agent,0,train,1
taxi:333:3,taxi,333,3,user,2,train,0
taxi:333:4,taxi,333,4,agent,1,train,0
taxi:333:5,taxi,333,5,user,0,train,1
taxi:333:6,taxi,333,6,agent,1,train,0
taxi:333:7,taxi,333,7,user,0,train,0
taxi:333:8,taxi,333,8,agent,2,train,0
taxi:333:9,taxi,333,9,user,0,train,0
taxi:333:10,taxi,333,10,agent,2,train,0
taxi:333:11,taxi,333,11,user,2,train,0
taxi:333:12,taxi,333,12,agent,1,train,1
taxi:333:13,taxi,333,13,user,3,train,0
taxi:333:14,taxi,333,14,agent,2,train,0
taxi:334:1,taxi,334,1,user,1,test,0
taxi:334:2,taxi,334,2,agent,2,test,0
taxi:334:3,taxi,334,3,user,0,test,0
taxi:334:4,taxi,334,4,agent,2,test,0
taxi:335:1,taxi,335,1,user,2,test,1
taxi:335:2,taxi,335,2,agent,0,test,0
taxi:335:3,taxi,335,3,user,2,test,0
taxi:335:4,taxi,335,4,agent,0,test,0
taxi:335:5,taxi,335,5,user,0,test,0
taxi:335:6,taxi,335,6,agent,0,test,0
taxi:335:7,taxi,335,7,user,0,test,0
taxi:335:8,taxi,335,8,agent,0,test,0
taxi:335:9,taxi,335,9,user,0,test,0
taxi:335:10,taxi,335,10,agent,2,test,0
taxi:335:11,taxi,335,11,user,3,test,1
taxi:335:12,taxi,335,12,agent,2,test,0
taxi:335:13,taxi,335,13,user,3,test,1
taxi:335:14,taxi,335,14,agent,3,test,0
taxi:336:1,taxi,336,1,user,1,train,1
taxi:336:2,taxi,336,2,agent,2,train,0
taxi:336:3,taxi,336,3,user,3,train,1
taxi:336:4,taxi,336,4,agent,2,train,0
taxi:337:1,taxi,337,1,user,2,test,0
taxi:337:2,taxi,337,2,agent,2,test,1
taxi:337:3,taxi,337,3,user,0,test,1
taxi:337:4,taxi,337,4,agent,2,test,0
taxi:337:5,taxi,337,5,user,2,test,0
taxi:337:6,taxi,337,6,agent,2,test,1
taxi:338:1,taxi,338,1,user,2,train,0
taxi:338:2,taxi,338,2,agent,2,train,0
taxi:338:3,taxi,338,3,user,0,train,0
taxi:338:4,taxi,338,4,agent,2,train,0
taxi:338:5,taxi,338,5,user,3,train,1
taxi:338:6,taxi,338,6,agent,2,train,0
taxi:339:1,taxi,339,1,user,3,train,1
taxi:339:2,taxi,339,2,agent,2,train,0
taxi:339:3,taxi,339,3,user,0,train,0
taxi:339:4,taxi,339,4,agent,0,train,1
taxi:339:5,taxi,339,5,user,0,train,0
taxi:339:6,taxi,339,6,agent,0,train,0
taxi:339:7,taxi,339,7,user,0,train,0
taxi:339:8,taxi,339,8,agent,1,train,0
taxi:339:9,taxi,339,9,user,2,train,0
taxi:339:10,taxi,339,10,agent,1,train,0
taxi:339:11,taxi,339,11,user,0,train,0
taxi:339:12,taxi,339,12,agent,2,train,1
taxi:339:13,taxi,339,13,user,0,train,0
taxi:339:14,taxi,339,14,agent,2,train,0
taxi:339:15,taxi,339,15,user,0,train,0
taxi:339:16,taxi,339,16,agent,2,train,0
taxi:339:17,taxi,339,17,user,2,train,0
taxi:339:18,taxi,339,18,agent,2,train,0
taxi:340:1,taxi,340,1,user,1,train,0
taxi:340:2,taxi,340,2,agent,2,train,0
taxi:340:3,taxi,340,3,user,2,train,0
taxi:340:4,taxi,340,4,agent,2,train,0
taxi:340:5,taxi,340,5,user,3,train,1
taxi:340:6,taxi,340,6,agent,2,train,0
taxi:340:7,taxi,340,7,user,3,train,1
taxi:340:8,taxi,340,8,agent,3,train,1
taxi:341:1,taxi,341,1,user,2,test,0
taxi:341:2,taxi,341,2,agent,2,test,1
taxi:341:3,taxi,341,3,user,2,test,0
taxi:341:4,taxi,341,4,agent,2,test,0
taxi:342:1,taxi,342,1,user,1,train,0
taxi:342:2,taxi,342,2,agent,2,train,0
taxi:342:3,taxi,342,3,user,3,train,0
taxi:342:4,taxi,342,4,agent,2,train,0
taxi:342:5,taxi,342,5,user,3,train,0
taxi:342:6,taxi,342,6,agent,3,train,1
taxi:343:1,taxi,343,1,user,1,train,0
taxi:343:2,taxi,343,2,agent,0,train,1
taxi:343:3,taxi,343,3,user,0,train,0
taxi:343:4,taxi,343,4,agent,1,train,0
taxi:343:5,taxi,343,5,user,0,train,0
taxi:343:6,taxi,343,6,agent,1,train,0
taxi:343:7,taxi,343,7,user,0,train,0
taxi:343:8,taxi,343,8,agent,2,train,1
taxi:343:9,taxi,343,9,user,3,train,0
taxi:343:10,taxi,343,10,agent,3,train,0
taxi:343:11,taxi,343,11,user,0,train,0
taxi:343:12,taxi,343,12,agent,2,train,0
taxi:344:1,taxi,344,1,user,1,train,0
taxi:344:2,taxi,344,2,agent,2,train,0
taxi:344:3,taxi,344,3,user,3,train,1
taxi:344:4,taxi,344,4,agent,2,train,0
taxi:345:1,taxi,345,1,user,3,train,1
taxi:345:2,taxi,345,2,agent,2,train,0
taxi:345:3,taxi,345,3,user,0,train,0
taxi:345:4,taxi,345,4,agent,2,train,0
taxi:345:5,taxi,345,5,user,0,train,0
taxi:345:6,taxi,345,6,agent,0,train,1
taxi:345:7,taxi,345,7,user,0,train,1
taxi:345:8,taxi,345,8,agent,2,train,0
taxi:345:9,taxi,345,9,user,2,train,0
taxi:345:10,taxi,345,10,agent,2,train,0
taxi:345:11,taxi,345,11,user,3,train,0
taxi:345:12,taxi,345,12,agent,3,train,0
taxi:346:1,taxi,346,1,user,1,train,0
taxi:346:2,taxi,346,2,agent,2,train,1
taxi:346:3,taxi,346,3,user,3,train,1
taxi:346:4,taxi,346,4,agent,2,train,0
taxi:346:5,taxi,346,5,user,3,train,0
taxi:346:6,taxi,346,6,agent,3,train,1
taxi:347:1,taxi,347,1,user,1,train,0
taxi:347:2,taxi,347,2,agent,2,train,0
taxi:347:3,taxi,347,3,user,0,train,0
taxi:347:4,taxi,347,4,agent,1,train,0
taxi:347:5,taxi,347,5,user,0,train,0
taxi:347:6,taxi,347,6,agent,2,train,1
taxi:347:7,taxi,347,7,user,2,train,0
taxi:347:8,taxi,347,8,agent,2,train,0
taxi:348:1,taxi,348,1,user,1,train,0
taxi:348:2,taxi,348,2,agent,2,train,0
taxi:348:3,taxi,348,3,user,3,train,1
taxi:348:4,taxi,348,4,agent,2,train,0
taxi:348:5,taxi,348,5,user,3,train,0
taxi:348:6,taxi,348,6,agent,3,train,1
taxi:349:1,taxi,349,1,user,1,validation,0
taxi:349:2,taxi,349,2,agent,2,validation,0
taxi:349:3,taxi,349,3,user,3,validation,0
taxi:349:4,taxi,349,4,agent,2,validation,1
taxi:350:1,taxi,350,1,user,3,train,1
taxi:350:2,taxi,350,2,agent,3,train,1
taxi:350:3,taxi,350,3,user,3,train,1
taxi:350:4,taxi,350,4,agent,1,train,0
taxi:350:5,taxi,350,5,user,0,train,0
taxi:350:6,taxi,350,6,agent,0,train,1
taxi:350:7,taxi,350,7,user,0,train,0
taxi:350:8,taxi,350,8,agent,3,train,1
taxi:350:9,taxi,350,9,user,2,train,0
taxi:350:10,taxi,350,10,agent,2,train,0
taxi:350:11,taxi,350,11,user,3,train,1
taxi:350:12,taxi,350,12,agent,2,train,0
taxi:351:1,taxi,351,1,user,1,train,0
taxi:351:2,taxi,351,2,agent,0,train,0
taxi:351:3,taxi,351,3,user,0,train,1
taxi:351:4,taxi,351,4,agent,1,train,1
taxi:351:5,taxi,351,5,user,0,train,1
taxi:351:6,taxi,351,6,agent,2,train,0
taxi:351:7,taxi,351,7,user,3,train,0
taxi:351:8,taxi,351,8,agent,2,train,0
taxi:352:1,taxi,352,1,user,0,train,0
taxi:352:2,taxi,352,2,agent,1,train,0
taxi:352:3,taxi,352,3,user,2,train,0
taxi:352:4,taxi,352,4,agent,2,train,0
taxi:352:5,taxi,352,5,user,2,train,0
taxi:352:6,taxi,352,6,agent,0,train,0
taxi:352:7,taxi,352,7,user,0,train,1
taxi:352:8,taxi,352,8,agent,0,train,0
taxi:352:9,taxi,352,9,user,0,train,0
taxi:352:10,taxi,352,10,agent,0,train,0
taxi:352:11,taxi,352,11,user,0,train,0
taxi:352:12,taxi,352,12,agent,2,train,0
taxi:352:13,taxi,352,13,user,3,train,1
taxi:352:14,taxi,352,14,agent,2,train,0
taxi:353:1,taxi,353,1,user,1,train,1
taxi:353:2,taxi,353,2,agent,1,train,1
taxi:353:3,taxi,353,3,user,2,train,0
taxi:353:4,taxi,353,4,agent,0,train,0
taxi:353:5,taxi,353,5,user,0,train,1
taxi:353:6,taxi,353,6,agent,1,train,0
taxi:353:7,taxi,353,7,user,0,train,0
taxi:353:8,taxi,353,8,agent,2,train,0
taxi:353:9,taxi,353,9,user,0,train,0
taxi:353:10,taxi,353,10,agent,2,train,1
taxi:353:11,taxi,353,11,user,3,train,1
taxi:353:12,taxi,353,12,agent,3,train,1
taxi:354:1,taxi,354,1,user,1,train,0
taxi:354:2,taxi,354,2,agent,2,train,0
taxi:354:3,taxi,354,3,user,3,train,0
taxi:354:4,taxi,354,4,agent,2,train,0
taxi:355:1,taxi,355,1,user,2,train,0
taxi:355:2,taxi,355,2,agent,1,train,0
taxi:355:3,taxi,355,3,user,2,train,0
taxi:355:4,taxi,355,4,agent,1,train,1
taxi:355:5,taxi,355,5,user,0,train,0
taxi:355:6,taxi,355,6,agent,2,train,0
taxi:355:7,taxi,355,7,user,2,train,0
taxi:355:8,taxi,355,8,agent,3,train,0
taxi:355:9,taxi,355,9,user,2,train,0
taxi:355:10,taxi,355,10,agent,2,train,1
taxi:355:11,taxi,355,11,user,3,train,1
taxi:355:12,taxi,355,12,agent,2,train,0
taxi:356:1,taxi,356,1,user,3,test,1
taxi:356:2,taxi,356,2,agent,3,test,0
taxi:356:3,taxi,356,3,user,2,test,0
taxi:356:4,taxi,356,4,agent,2,test,0
taxi:356:5,taxi,356,5,user,2,test,0
taxi:356:6,taxi,356,6,agent,2,test,1
taxi:356:7,taxi,356,7,user,0,test,0
taxi:356:8,taxi,356,8,agent,1,test,0
taxi:356:9,taxi,356,9,user,0,test,0
taxi:356:10,taxi,356,10,agent,2,test,0
taxi:356:11,taxi,356,11,user,0,test,0
taxi:356:12,taxi,356,12,agent,2,test,1
taxi:356:13,taxi,356,13,user,3,test,0
taxi:356:14,taxi,356,14,agent,2,test,0
taxi:357:1,taxi,357,1,user,3,test,0
taxi:357:2,taxi,357,2,agent,2,test,0
taxi:357:3,taxi,357,3,user,0,test,0
taxi:357:4,taxi,357,4,agent,2,test,1
taxi:357:5,taxi,357,5,user,0,test,1
taxi:357:6,taxi,357,6,agent,3,test,1
taxi:358:1,taxi,358,1,user,3,train,1
taxi:358:2,taxi,358,2,agent,2,train,0
taxi:358:3,taxi,358,3,user,0,train,0
taxi:358:4,taxi,358,4,agent,2,train,0
taxi:358:5,taxi,358,5,user,0,train,0
taxi:358:6,taxi,358,6,agent,1,train,0
taxi:358:7,taxi,358,7,user,2,train,0
taxi:358:8,taxi,358,8,agent,1,train,0
taxi:358:9,taxi,358,9,user,0,train,0
taxi:358:10,taxi,358,10,agent,2,train,0
taxi:358:11,taxi,358,11,user,3,train,1
taxi:358:12,taxi,358,12,agent,2,train,0
taxi:359:1,taxi,359,1,user,1,train,1
taxi:359:2,taxi,359,2,agent,2,train,0
taxi:359:3,taxi,359,3,user,3,train,0
taxi:359:4,taxi,359,4,agent,2,train,0
taxi:360:1,taxi,360,1,user,2,train,0
taxi:360:2,taxi,360,2,agent,1,train,0
taxi:360:3,taxi,360,3,user,0,train,0
taxi:360:4,taxi,360,4,agent,1,train,0
taxi:360:5,taxi,360,5,user,0,train,0
taxi:360:6,taxi,360,6,agent,2,train,0
taxi:360:7,taxi,360,7,user,0,train,0
taxi:360:8,taxi,360,8,agent,1,train,0
taxi:360:9,taxi,360,9,user,0,train,0
taxi:360:10,taxi,360,10,agent,2,train,0
taxi:360:11,taxi,360,11,user,1,train,0
taxi:360:12,taxi,360,12,agent,2,train,1
taxi:360:13,taxi,360,13,user,3,train,1
taxi:360:14,taxi,360,14,agent,3,train,0
taxi:360:15,taxi,360,15,user,2,train,1
taxi:360:16,taxi,360,16,agent,2,train,0
taxi:360:17,taxi,360,17,user,3,train,1
taxi:360:18,taxi,360,18,agent,3,train,0
taxi:361:1,taxi,361,1,user,1,train,1
taxi:361:2,taxi,361,2,agent,2,train,0
taxi:361:3,taxi,361,3,user,2,train,0
taxi:361:4,taxi,361,4,agent,2,train,0
taxi:362:1,taxi,362,1,user,1,test,0
taxi:362:2,taxi,362,2,agent,2,test,0
taxi:362:3,taxi,362,3,user,0,test,0
taxi:362:4,taxi,362,4,agent,1,test,0
taxi:362:5,taxi,362,5,user,0,test,0
taxi:362:6,taxi,362,6,agent,2,test,1
taxi:362:7,taxi,362,7,user,3,test,1
taxi:362:8,taxi,362,8,agent,2,test,0
taxi:362:9,taxi,362,9,user,0,test,1
taxi:362:10,taxi,362,10,agent,2,test,1
taxi:363:1,taxi,363,1,user,1,validation,1
taxi:363:2,taxi,363,2,agent,2,validation,0
taxi:363:3,taxi,363,3,user,0,validation,1
taxi:363:4,taxi,363,4,agent,2,validation,0
taxi:363:5,taxi,363,5,user,3,validation,1
taxi:363:6,taxi,363,6,agent,2,validation,0
taxi:364:1,taxi,364,1,user,1,train,0
taxi:364:2,taxi,364,2,agent,0,train,0
taxi:364:3,taxi,364,3,user,0,train,1
taxi:364:4,taxi,364,4,agent,1,train,0
taxi:364:5,taxi,364,5,user,2,train,0
taxi:364:6,taxi,364,6,agent,2,train,0
taxi:364:7,taxi,364,7,user,3,train,0
taxi:364:8,taxi,364,8,agent,2,train,0
taxi:364:9,taxi,364,9,user,2,train,0
taxi:364:10,taxi,364,10,agent,2,train,0
taxi:365:1,taxi,365,1,user,1,train,0
taxi:365:2,taxi,365,2,agent,0,train,0
taxi:365:3,taxi,365,3,user,0,train,1
taxi:365:4,taxi,365,4,agent,2,train,0
taxi:365:5,taxi,365,5,user,0,train,0
taxi:365:6,taxi,365,6,agent,2,train,0
taxi:365:7,taxi,365,7,user,3,train,1
taxi:365:8,taxi,365,8,agent,2,train,1
taxi:365:9,taxi,365,9,user,0,train,1
taxi:365:10,taxi,365,10,agent,2,train,0
taxi:366:1,taxi,366,1,user,1,validation,1
taxi:366:2,taxi,366,2,agent,1,validation,1
taxi:366:3,taxi,366,3,user,2,validation,0
taxi:366:4,taxi,366,4,agent,2,validation,0
taxi:366:5,taxi,366,5,user,2,validation,0
taxi:366:6,taxi,366,6,agent,2,validation,0
taxi:367:1,taxi,367,1,user,1,train,0
taxi:367:2,taxi,367,2,agent,2,train,0
taxi:367:3,taxi,367,3,user,2,train,0
taxi:367:4,taxi,367,4,agent,2,train,0
taxi:367:5,taxi,367,5,user,3,train,1
taxi:367:6,taxi,367,6,agent,3,train,1
taxi:368:1,taxi,368,1,user,1,train,1
taxi:368:2,taxi,368,2,agent,3,train,0
taxi:368:3,taxi,368,3,user,0,train,0
taxi:368:4,taxi,368,4,agent,0,train,0
taxi:368:5,taxi,368,5,user,0,train,0
taxi:368:6,taxi,368,6,agent,2,train,1
taxi:368:7,taxi,368,7,user,0,train,1
taxi:368:8,taxi,368,8,agent,0,train,1
taxi:368:9,taxi,368,9,user,0,train,1
taxi:368:10,taxi,368,10,agent,2,train,0
taxi:368:11,taxi,368,11,user,2,train,0
taxi:368:12,taxi,368,12,agent,2,train,0
taxi:368:13,taxi,368,13,user,3,train,1
taxi:368:14,taxi,368,14,agent,3,train,0
taxi:369:1,taxi,369,1,user,2,train,0
taxi:369:2,taxi,369,2,agent,2,train,0
taxi:369:3,taxi,369,3,user,0,train,1
taxi:369:4,taxi,369,4,agent,2,train,0
taxi:370:1,taxi,370,1,user,1,train,0
taxi:370:2,taxi,370,2,agent,2,train,0
taxi:370:3,taxi,370,3,user,3,train,1
taxi:370:4,taxi,370,4,agent,2,train,0
taxi:370:5,taxi,370,5,user,3,train,1
taxi:370:6,taxi,370,6,agent,3,train,0
taxi:371:1,taxi,371,1,user,2,train,0
taxi:371:2,taxi,371,2,agent,0,train,0
taxi:371:3,taxi,371,3,user,3,train,1
taxi:371:4,taxi,371,4,agent,2,train,0
taxi:371:5,taxi,371,5,user,3,train,1
taxi:371:6,taxi,371,6,agent,2,train,1
taxi:371:7,taxi,371,7,user,2,train,0
taxi:371:8,taxi,371,8,agent,2,train,1
taxi:371:9,taxi,371,9,user,3,train,1
taxi:371:10,taxi,371,10,agent,3,train,1
taxi:372:1,taxi,372,1,user,0,train,0
taxi:372:2,taxi,372,2,agent,3,train,1
taxi:372:3,taxi,372,3,user,0,train,1
taxi:372:4,taxi,372,4,agent,1,train,0
taxi:373:1,taxi,373,1,user,0,train,0
taxi:373:2,taxi,373,2,agent,2,train,0
taxi:373:3,taxi,373,3,user,0,train,0
taxi:373:4,taxi,373,4,agent,0,train,0
taxi:373:5,taxi,373,5,user,0,train,0
taxi:373:6,taxi,373,6,agent,0,train,0
taxi:373:7,taxi,373,7,user,0,train,0
taxi:373:8,taxi,373,8,agent,2,train,0
taxi:373:9,taxi,373,9,user,2,train,0
taxi:373:10,taxi,373,10,agent,2,train,1
taxi:374:1,taxi,374,1,user,1,train,1
taxi:374:2,taxi,374,2,agent,0,train,0
taxi:374:3,taxi,374,3,user,0,train,0
taxi:374:4,taxi,374,4,agent,0,train,1
taxi:374:5,taxi,374,5,user,0,train,0
taxi:374:6,taxi,374,6,agent,0,train,0
taxi:374:7,taxi,374,7,user,0,train,1
taxi:374:8,taxi,374,8,agent,0,train,0
taxi:374:9,taxi,374,9,user,0,train,1
taxi:374:10,taxi,374,10,agent,2,train,0
taxi:374:11,taxi,374,11,user,2,train,0
taxi:374:12,taxi,374,12,agent,2,train,0
taxi:374:13,taxi,374,13,user,3,train,0
taxi:374:14,taxi,374,14,agent,2,train,0
taxi:374:15,taxi,374,15,user,3,train,1
taxi:374:16,taxi,374,16,agent,3,train,1
taxi:375:1,taxi,375,1,user,3,train,0
taxi:375:2,taxi,375,2,agent,1,train,0
taxi:375:3,taxi,375,3,user,0,train,1
taxi:375:4,taxi,375,4,agent,0,train,0
taxi:375:5,taxi,375,5,user,0,train,0
taxi:375:6,taxi,375,6,agent,0,train,0
taxi:375:7,taxi,375,7,user,0,train,0
taxi:375:8,taxi,375,8,agent,1,train,0
taxi:375:9,taxi,375,9,user,3,train,1
taxi:375:10,taxi,375,10,agent,2,train,0
taxi:375:11,taxi,375,11,user,3,train,1
taxi:375:12,taxi,375,12,agent,2,train,0
taxi:376:1,taxi,376,1,user,3,train,1
taxi:376:2,taxi,376,2,agent,2,train,1
taxi:376:3,taxi,376,3,user,2,train,1
taxi:376:4,taxi,376,4,agent,1,train,1
taxi:376:5,taxi,376,5,user,0,train,0
taxi:376:6,taxi,376,6,agent,1,train,1
taxi:376:7,taxi,376,7,user,0,train,0
taxi:376:8,taxi,376,8,agent,1,train,0
taxi:376:9,taxi,376,9,user,2,train,0
taxi:376:10,taxi,376,10,agent,2,train,1
taxi:376:11,taxi,376,11,user,3,train,1
taxi:376:12,taxi,376,12,agent,2,train,1
taxi:377:1,taxi,377,1,user,1,train,0
taxi:377:2,taxi,377,2,agent,0,train,1
taxi:377:3,taxi,377,3,user,0,train,0
taxi:377:4,taxi,377,4,agent,1,train,1
taxi:377:5,taxi,377,5,user,0,train,0
taxi:377:6,taxi,377,6,agent,2,train,1
taxi:377:7,taxi,377,7,user,0,train,0
taxi:377:8,taxi,377,8,agent,2,train,0
taxi:377:9,taxi,377,9,user,3,train,1
taxi:377:10,taxi,377,10,agent,2,train,1
taxi:377:11,taxi,377,11,user,3,train,1
taxi:377:12,taxi,377,12,agent,3,train,0
taxi:378:1,taxi,378,1,user,1,train,0
taxi:378:2,taxi,378,2,agent,1,train,0
taxi:378:3,taxi,378,3,user,2,train,1
taxi:378:4,taxi,378,4,agent,1,train,0
taxi:378:5,taxi,378,5,user,0,train,1
taxi:378:6,taxi,378,6,agent,2,train,1
taxi:378:7,taxi,378,7,user,0,train,0
taxi:378:8,taxi,378,8,agent,2,train,0
taxi:378:9,taxi,378,9,user,3,train,1
taxi:378:10,taxi,378,10,agent,2,train,0
taxi:379:1,taxi,379,1,user,2,train,0
taxi:379:2,taxi,379,2,agent,1,train,0
taxi:379:3,taxi,379,3,user,3,train,1
taxi:379:4,taxi,379,4,agent,1,train,0
taxi:379:5,taxi,379,5,user,2,train,0
taxi:379:6,taxi,379,6,agent,2,train,0
taxi:379:7,taxi,379,7,user,3,train,1
taxi:379:8,taxi,379,8,agent,3,train,0
taxi:380:1,taxi,380,1,user,1,train,0
taxi:380:2,taxi,380,2,agent,1,train,0
taxi:380:3,taxi,380,3,user,0,train,0
taxi:380:4,taxi,380,4,agent,2,train,0
taxi:380:5,taxi,380,5,user,2,train,0
taxi:380:6,taxi,380,6,agent,2,train,0
taxi:381:1,taxi,381,1,user,1,train,0
taxi:381:2,taxi,381,2,agent,2,train,0
taxi:381:3,taxi,381,3,user,3,train,1
taxi:381:4,taxi,381,4,agent,2,train,0
taxi:381:5,taxi,381,5,user,3,train,0
taxi:381:6,taxi,381,6,agent,3,train,0
taxi:382:1,taxi,382,1,user,3,test,0
taxi:382:2,taxi,382,2,agent,3,test,0
taxi:382:3,taxi,382,3,user,3,test,1
taxi:382:4,taxi,382,4,agent,1,test,0
taxi:382:5,taxi,382,5,user,2,test,0
taxi:382:6,taxi,382,6,agent,2,test,0
taxi:383:1,taxi,383,1,user,3,train,0
taxi:383:2,taxi,383,2,agent,1,train,1
taxi:383:3,taxi,383,3,user,2,train,0
taxi:383:4,taxi,383,4,agent,0,train,1
taxi:383:5,taxi,383,5,user,0,train,0
taxi:383:6,taxi,383,6,agent,0,train,1
taxi:383:7,taxi,383,7,user,0,train,1
taxi:383:8,taxi,383,8,agent,2,train,0
taxi:383:9,taxi,383,9,user,2,train,0
taxi:383:10,taxi,383,10,agent,2,train,0
taxi:383:11,taxi,383,11,user,0,train,0
taxi:383:12,taxi,383,12,agent,2,train,0
taxi:383:13,taxi,383,13,user,3,train,1
taxi:383:14,taxi,383,14,agent,3,train,1
taxi:384:1,taxi,384,1,user,1,train,0
taxi:384:2,taxi,384,2,agent,1,train,1
taxi:384:3,taxi,384,3,user,2,train,0
taxi:384:4,taxi,384,4,agent,2,train,1
taxi:384:5,taxi,384,5,user,3,train,0
taxi:384:6,taxi,384,6,agent,2,train,0
taxi:385:1,taxi,385,1,user,1,train,0
taxi:385:2,taxi,385,2,agent,2,train,0
taxi:385:3,taxi,385,3,user,3,train,0
taxi:385:4,taxi,385,4,agent,2,train,0
taxi:385:5,taxi,385,5,user,3,train,1
taxi:385:6,taxi,385,6,agent,3,train,1
taxi:386:1,taxi,386,1,user,0,validation,0
taxi:386:2,taxi,386,2,agent,2,validation,1
taxi:386:3,taxi,386,3,user,0,validation,0
taxi:386:4,taxi,386,4,agent,3,validation,1
taxi:386:5,taxi,386,5,user,0,validation,0
taxi:386:6,taxi,386,6,agent,1,validation,0
taxi:386:7,taxi,386,7,user,0,validation,0
taxi:386:8,taxi,386,8,agent,2,validation,0
taxi:386:9,taxi,386,9,user,2,validation,0
taxi:386:10,taxi,386,10,agent,2,validation,0
taxi:387:1,taxi,387,1,user,3,train,1
taxi:387:2,taxi,387,2,agent,2,train,0
taxi:387:3,taxi,387,3,user,0,train,0
taxi:387:4,taxi,387,4,agent,1,train,0
taxi:387:5,taxi,387,5,user,2,train,1
taxi:387:6,taxi,387,6,agent,1,train,0
taxi:387:7,taxi,387,7,user,2,train,0
taxi:387:8,taxi,387,8,agent,2,train,0
taxi:387:9,taxi,387,9,user,0,train,0
taxi:387:10,taxi,387,10,agent,2,train,0
taxi:387:11,taxi,387,11,user,3,train,1
taxi:387:12,taxi,387,12,agent,2,train,0
taxi:388:1,taxi,388,1,user,1,train,0
taxi:388:2,taxi,388,2,agent,0,train,0
taxi:388:3,taxi,388,3,user,0,train,0
taxi:388:4,taxi,388,4,agent,0,train,0
taxi:388:5,taxi,388,5,user,0,train,0
taxi:388:6,taxi,388,6,agent,0,train,0
taxi:388:7,taxi,388,7,user,0,train,0
taxi:388:8,taxi,388,8,agent,2,train,0
taxi:388:9,taxi,388,9,user,3,train,0
taxi:388:10,taxi,388,10,agent,3,train,1
taxi:388:11,taxi,388,11,user,0,train,0
taxi:388:12,taxi,388,12,agent,2,train,0
taxi:388:13,taxi,388,13,user,3,train,1
taxi:388:14,taxi,388,14,agent,3,train,0
taxi:389:1,taxi,389,1,user,0,train,1
taxi:389:2,taxi,389,2,agent,2,train,1
taxi:389:3,taxi,389,3,user,2,train,0
taxi:389:4,taxi,389,4,agent,1,train,0
taxi:389:5,taxi,389,5,user,0,train,1
taxi:389:6,taxi,389,6,agent,2,train,0
taxi:389:7,taxi,389,7,user,0,train,0
taxi:389:8,taxi,389,8,agent,1,train,0
taxi:389:9,taxi,389,9,user,0,train,0
taxi:389:10,taxi,389,10,agent,2,train,0
taxi:389:11,taxi,389,11,user,2,train,0
taxi:389:12,taxi,389,12,agent,2,train,1
taxi:389:13,taxi,389,13,user,3,train,1
taxi:389:14,taxi,389,14,agent,3,train,1
taxi:390:1,taxi,390,1,user,1,train,1
taxi:390:2,taxi,390,2,agent,2,train,0
taxi:390:3,taxi,390,3,user,0,train,0
taxi:390:4,taxi,390,4,agent,0,train,0
taxi:390:5,taxi,390,5,user,0,train,0
taxi:390:6,taxi,390,6,agent,2,train,0
taxi:390:7,taxi,390,7,user,0,train,1
taxi:390:8,taxi,390,8,agent,1,train,0
taxi:390:9,taxi,390,9,user,0,train,0
taxi:390:10,taxi,390,10,agent,2,train,0
taxi:390:11,taxi,390,11,user,2,train,0
taxi:390:12,taxi,390,12,agent,2,train,0
taxi:391:1,taxi,391,1,user,0,test,1
taxi:391:2,taxi,391,2,agent,2,test,0
taxi:391:3,taxi,391,3,user,2,test,0
taxi:391:4,taxi,391,4,agent,1,test,0
taxi:391:5,taxi,391,5,user,2,test,0
taxi:391:6,taxi,391,6,agent,2,test,0
taxi:391:7,taxi,391,7,user,0,test,0
taxi:391:8,taxi,391,8,agent,1,test,0
taxi:391:9,taxi,391,9,user,0,test,0
taxi:391:10,taxi,391,10,agent,2,test,0
taxi:391:11,taxi,391,11,user,0,test,0
taxi:391:12,taxi,391,12,agent,1,test,1
taxi:391:13,taxi,391,13,user,0,test,0
taxi:391:14,taxi,391,14,agent,2,test,0
taxi:391:15,taxi,391,15,user,2,test,0
taxi:391:16,taxi,391,16,agent,2,test,0
taxi:391:17,taxi,391,17,user,3,test,1
taxi:391:18,taxi,391,18,agent,3,test,1
taxi:392:1,taxi,392,1,user,1,train,0
taxi:392:2,taxi,392,2,agent,2,train,0
taxi:392:3,taxi,392,3,user,3,train,1
taxi:392:4,taxi,392,4,agent,2,train,0
taxi:393:1,taxi,393,1,user,1,train,1
taxi:393:2,taxi,393,2,agent,2,train,0
taxi:393:3,taxi,393,3,user,3,train,0
taxi:393:4,taxi,393,4,agent,2,train,0
taxi:394:1,taxi,394,1,user,1,train,0
taxi:394:2,taxi,394,2,agent,2,train,0
taxi:394:3,taxi,394,3,user,3,train,1
taxi:394:4,taxi,394,4,agent,2,train,0
taxi:394:5,taxi,394,5,user,3,train,0
taxi:394:6,taxi,394,6,agent,3,train,1
taxi:395:1,taxi,395,1,user,1,train,0
taxi:395:2,taxi,395,2,agent,2,train,0
taxi:395:3,taxi,395,3,user,0,train,1
taxi:395:4,taxi,395,4,agent,2,train,0
taxi:395:5,taxi,395,5,user,0,train,0
taxi:395:6,taxi,395,6,agent,3,train,1
taxi:396:1,taxi,396,1,user,1,train,0
taxi:396:2,taxi,396,2,agent,1,train,0
taxi:396:3,taxi,396,3,user,0,train,1
taxi:396:4,taxi,396,4,agent,0,train,0
taxi:396:5,taxi,396,5,user,2,train,0
taxi:396:6,taxi,396,6,agent,2,train,0
taxi:396:7,taxi,396,7,user,0,train,0
taxi:396:8,taxi,396,8,agent,2,train,0
taxi:396:9,taxi,396,9,user,0,train,1
taxi:396:10,taxi,396,10,agent,2,train,0
taxi:396:11,taxi,396,11,user,1,train,0
taxi:396:12,taxi,396,12,agent,1,train,0
taxi:396:13,taxi,396,13,user,2,train,0
taxi:396:14,taxi,396,14,agent,2,train,1
taxi:397:1,taxi,397,1,user,2,train,0
taxi:397:2,taxi,397,2,agent,2,train,0
taxi:397:3,taxi,397,3,user,2,train,1
taxi:397:4,taxi,397,4,agent,2,train,0
taxi:397:5,taxi,397,5,user,0,train,0
taxi:397:6,taxi,397,6,agent,2,train,1
taxi:397:7,taxi,397,7,user,0,train,1
taxi:397:8,taxi,397,8,agent,2,train,0
taxi:397:9,taxi,397,9,user,2,train,1
taxi:397:10,taxi,397,10,agent,2,train,0
taxi:397:11,taxi,397,11,user,3,train,1
taxi:397:12,taxi,397,12,agent,3,train,0
taxi:398:1,taxi,398,1,user,1,test,1
taxi:398:2,taxi,398,2,agent,0,test,0
taxi:398:3,taxi,398,3,user,0,test,0
taxi:398:4,taxi,398,4,agent,1,test,0
taxi:398:5,taxi,398,5,user,0,test,0
taxi:398:6,taxi,398,6,agent,1,test,1
taxi:398:7,taxi,398,7,user,3,test,1
taxi:398:8,taxi,398,8,agent,2,test,1
taxi:398:9,taxi,398,9,user,2,test,1
taxi:398:10,taxi,398,10,agent,2,test,0
taxi:399:1,taxi,399,1,user,1,validation,1
taxi:399:2,taxi,399,2,agent,0,validation,0
taxi:399:3,taxi,399,3,user,0,validation,0
taxi:399:4,taxi,399,4,agent,0,validation,1
taxi:399:5,taxi,399,5,user,0,validation,0
taxi:399:6,taxi,399,6,agent,2,validation,0
taxi:399:7,taxi,399,7,user,2,validation,0
taxi:399:8,taxi,399,8,agent,2,validation,0
taxi:399:9,taxi,399,9,user,3,validation,1
taxi:399:10,taxi,399,10,agent,3,validation,1
taxi:399:11,taxi,399,11,user,2,validation,0
taxi:399:12,taxi,399,12,agent,2,validation,0
taxi:400:1,taxi,400,1,user,1,train,0
taxi:400:2,taxi,400,2,agent,1,train,1
taxi:400:3,taxi,400,3,user,0,train,1
taxi:400:4,taxi,400,4,agent,2,train,1
taxi:400:5,taxi,400,5,user,0,train,0
taxi:400:6,taxi,400,6,agent,2,train,0
taxi:400:7,taxi,400,7,user,3,train,1
taxi:400:8,taxi,400,8,agent,2,train,1
taxi:400:9,taxi,400,9,user,0,train,0
taxi:400:10,taxi,400,10,agent,1,train,0
taxi:400:11,taxi,400,11,user,2,train,0
taxi:400:12,taxi,400,12,agent,2,train,0
taxi:401:1,taxi,401,1,user,3,train,1
taxi:401:2,taxi,401,2,agent,1,train,0
taxi:401:3,taxi,401,3,user,0,train,0
taxi:401:4,taxi,401,4,agent,1,train,1
taxi:401:5,taxi,401,5,user,0,train,0
taxi:401:6,taxi,401,6,agent,0,train,0
taxi:401:7,taxi,401,7,user,0,train,0
taxi:401:8,taxi,401,8,agent,0,train,0
taxi:401:9,taxi,401,9,user,0,train,1
taxi:401:10,taxi,401,10,agent,2,train,0
taxi:401:11,taxi,401,11,user,2,train,0
taxi:401:12,taxi,401,12,agent,2,train,1
taxi:401:13,taxi,401,13,user,3,train,1
taxi:401:14,taxi,401,14,agent,3,train,0
taxi:402:1,taxi,402,1,user,1,train,0
taxi:402:2,taxi,402,2,agent,0,train,0
taxi:402:3,taxi,402,3,user,2,train,0
taxi:402:4,taxi,402,4,agent,0,train,0
taxi:402:5,taxi,402,5,user,0,train,0
taxi:402:6,taxi,402,6,agent,0,train,1
taxi:402:7,taxi,402,7,user,0,train,0
taxi:402:8,taxi,402,8,agent,0,train,1
taxi:402:9,taxi,402,9,user,0,train,0
taxi:402:10,taxi,402,10,agent,0,train,0
taxi:402:11,taxi,402,11,user,0,train,0
taxi:402:12,taxi,402,12,agent,2,train,0
taxi:402:13,taxi,402,13,user,3,train,0
taxi:402:14,taxi,402,14,agent,2,train,0
taxi:402:15,taxi,402,15,user,3,train,1
taxi:402:16,taxi,402,16,agent,3,train,1
taxi:403:1,taxi,403,1,user,1,train,0
taxi:403:2,taxi,403,2,agent,0,train,0
taxi:403:3,taxi,403,3,user,2,train,0
taxi:403:4,taxi,403,4,agent,1,train,0
taxi:403:5,taxi,403,5,user,0,train,0
taxi:403:6,taxi,403,6,agent,2,train,0
taxi:403:7,taxi,403,7,user,3,train,0
taxi:403:8,taxi,403,8,agent,2,train,0
taxi:404:1,taxi,404,1,user,1,test,0
taxi:404:2,taxi,404,2,agent,0,test,0
taxi:404:3,taxi,404,3,user,0,test,0
taxi:404:4,taxi,404,4,agent,1,test,0
taxi:404:5,taxi,404,5,user,0,test,0
taxi:404:6,taxi,404,6,agent,1,test,0
taxi:404:7,taxi,404,7,user,0,test,0
taxi:404:8,taxi,404,8,agent,2,test,0
taxi:404:9,taxi,404,9,user,3,test,1
taxi:404:10,taxi,404,10,agent,2,test,0
taxi:404:11,taxi,404,11,user,3,test,0
taxi:404:12,taxi,404,12,agent,3,test,0
taxi:405:1,taxi,405,1,user,1,train,0
taxi:405:2,taxi,405,2,agent,2,train,0
taxi:405:3,taxi,405,3,user,3,train,1
taxi:405:4,taxi,405,4,agent,2,train,0
taxi:405:5,taxi,405,5,user,3,train,1
taxi:405:6,taxi,405,6,agent,3,train,1
taxi:406:1,taxi,406,1,user,3,train,1
taxi:406:2,taxi,406,2,agent,2,train,0
taxi:406:3,taxi,406,3,user,2,train,0
taxi:406:4,taxi,406,4,agent,2,train,0
taxi:407:1,taxi,407,1,user,1,train,1
taxi:407:2,taxi,407,2,agent,2,train,0
taxi:407:3,taxi,407,3,user,2,train,0
taxi:407:4,taxi,407,4,agent,2,train,1
taxi:408:1,taxi,408,1,user,1,train,0
taxi:408:2,taxi,408,2,agent,0,train,0
taxi:408:3,taxi,408,3,user,0,train,0
taxi:408:4,taxi,408,4,agent,0,train,0
taxi:408:5,taxi,408,5,user,0,train,0
taxi:408:6,taxi,408,6,agent,0,train,0
taxi:408:7,taxi,408,7,user,0,train,1
taxi:408:8,taxi,408,8,agent,0,train,0
taxi:408:9,taxi,408,9,user,0,train,0
taxi:408:10,taxi,408,10,agent,2,train,0
taxi:408:11,taxi,408,11,user,0,train,0
taxi:408:12,taxi,408,12,agent,2,train,0
taxi:408:13,taxi,408,13,user,1,train,0
taxi:408:14,taxi,408,14,agent,1,train,0
taxi:408:15,taxi,408,15,user,2,train,0
taxi:408:16,taxi,408,16,agent,2,train,0
taxi:409:1,taxi,409,1,user,2,test,0
taxi:409:2,taxi,409,2,agent,0,test,1
taxi:409:3,taxi,409,3,user,0,test,1
taxi:409:4,taxi,409,4,agent,0,test,0
taxi:409:5,taxi,409,5,user,0,test,0
taxi:409:6,taxi,409,6,agent,2,test,1
taxi:409:7,taxi,409,7,user,0,test,1
taxi:409:8,taxi,409,8,agent,0,test,0
taxi:409:9,taxi,409,9,user,0,test,1
taxi:409:10,taxi,409,10,agent,2,test,1
taxi:409:11,taxi,409,11,user,2,test,0
taxi:409:12,taxi,409,12,agent,2,test,1
taxi:409:13,taxi,409,13,user,3,test,0
taxi:409:14,taxi,409,14,agent,3,test,1
taxi:410:1,taxi,410,1,user,1,train,0
taxi:410:2,taxi,410,2,agent,2,train,0
taxi:410:3,taxi,410,3,user,0,train,0
taxi:410:4,taxi,410,4,agent,2,train,0
taxi:410:5,taxi,410,5,user,3,train,1
taxi:410:6,taxi,410,6,agent,2,train,0
taxi:411:1,taxi,411,1,user,0,train,0
taxi:411:2,taxi,411,2,agent,2,train,1
taxi:411:3,taxi,411,3,user,2,train,0
taxi:411:4,taxi,411,4,agent,1,train,0
taxi:411:5,taxi,411,5,user,0,train,0
taxi:411:6,taxi,411,6,agent,2,train,1
taxi:411:7,taxi,411,7,user,0,train,0
taxi:411:8,taxi,411,8,agent,0,train,1
taxi:411:9,taxi,411,9,user,0,train,0
taxi:411:10,taxi,411,10,agent,0,train,0
taxi:411:11,taxi,411,11,user,0,train,0
taxi:411:12,taxi,411,12,agent,2,train,0
taxi:411:13,taxi,411,13,user,2,train,0
taxi:411:14,taxi,411,14,agent,2,train,1
taxi:411:15,taxi,411,15,user,3,train,0
taxi:411:16,taxi,411,16,agent,3,train,1
taxi:412:1,taxi,412,1,user,3,train,1
taxi:412:2,taxi,412,2,agent,2,train,0
taxi:412:3,taxi,412,3,user,0,train,0
taxi:412:4,taxi,412,4,agent,2,train,0
taxi:412:5,taxi,412,5,user,0,train,1
taxi:412:6,taxi,412,6,agent,1,train,0
taxi:412:7,taxi,412,7,user,0,train,1
taxi:412:8,taxi,412,8,agent,2,train,0
taxi:412:9,taxi,412,9,user,2,train,0
taxi:412:10,taxi,412,10,agent,2,train,0
taxi:412:11,taxi,412,11,user,3,train,1
taxi:412:12,taxi,412,12,agent,3,train,1
taxi:413:1,taxi,413,1,user,0,train,0
taxi:413:2,taxi,413,2,agent,1,train,0
taxi:413:3,taxi,413,3,user,2,train,1
taxi:413:4,taxi,413,4,agent,1,train,0
taxi:413:5,taxi,413,5,user,0,train,0
taxi:413:6,taxi,413,6,agent,1,train,0
taxi:413:7,taxi,413,7,user,0,train,1
taxi:413:8,taxi,413,8,agent,0,train,0
taxi:413:9,taxi,413,9,user,0,train,0
taxi:413:10,taxi,413,10,agent,0,train,0
taxi:413:11,taxi,413,11,user,0,train,0
taxi:413:12,taxi,413,12,agent,0,train,0
taxi:413:13,taxi,413,13,user,0,train,0
taxi:413:14,taxi,413,14,agent,2,train,0
taxi:413:15,taxi,413,15,user,2,train,0
taxi:413:16,taxi,413,16,agent,2,train,0
taxi:413:17,taxi,413,17,user,3,train,0
taxi:413:18,taxi,413,18,agent,2,train,1
taxi:414:1,taxi,414,1,user,2,train,0
taxi:414:2,taxi,414,2,agent,1,train,0
taxi:414:3,taxi,414,3,user,0,train,0
taxi:414:4,taxi,414,4,agent,2,train,0
taxi:414:5,taxi,414,5,user,0,train,1
taxi:414:6,taxi,414,6,agent,2,train,0
taxi:414:7,taxi,414,7,user,3,train,1
taxi:414:8,taxi,414,8,agent,2,train,0
taxi:414:9,taxi,414,9,user,3,train,1
taxi:414:10,taxi,414,10,agent,3,train,1
taxi:415:1,taxi,415,1,user,1,train,1
taxi:415:2,taxi,415,2,agent,0,train,1
taxi:415:3,taxi,415,3,user,0,train,0
taxi:415:4,taxi,415,4,agent,0,train,1
taxi:415:5,taxi,415,5,user,0,train,1
taxi:415:6,taxi,415,6,agent,0,train,0
taxi:415:7,taxi,415,7,user,0,train,0
taxi:415:8,taxi,415,8,agent,2,train,0
taxi:415:9,taxi,415,9,user,1,train,0
taxi:415:10,taxi,415,10,agent,3,train,0
taxi:415:11,taxi,415,11,user,0,train,0
taxi:415:12,taxi,415,12,agent,2,train,0
taxi:415:13,taxi,415,13,user,0,train,0
taxi:415:14,taxi,415,14,agent,2,train,0
taxi:415:15,taxi,415,15,user,0,train,0
taxi:415:16,taxi,415,16,agent,2,train,1
taxi:415:17,taxi,415,17,user,3,train,1
taxi:415:18,taxi,415,18,agent,3,train,1
taxi:416:1,taxi,416,1,user,1,validation,0
taxi:416:2,taxi,416,2,agent,2,validation,0
taxi:416:3,taxi,416,3,user,3,validation,1
taxi:416:4,taxi,416,4,agent,2,validation,0
taxi:416:5,taxi,416,5,user,3,validation,1
taxi:416:6,taxi,416,6,agent,2,validation,0
taxi:417:1,taxi,417,1,user,1,train,0
taxi:417:2,taxi,417,2,agent,0,train,0
taxi:417:3,taxi,417,3,user,2,train,0
taxi:417:4,taxi,417,4,agent,2,train,0
taxi:417:5,taxi,417,5,user,2,train,0
taxi:417:6,taxi,417,6,agent,2,train,0
taxi:417:7,taxi,417,7,user,0,train,0
taxi:417:8,taxi,417,8,agent,3,train,1
taxi:418:1,taxi,418,1,user,3,train,0
taxi:418:2,taxi,418,2,agent,0,train,0
taxi:418:3,taxi,418,3,user,0,train,0
taxi:418:4,taxi,418,4,agent,1,train,0
taxi:418:5,taxi,418,5,user,0,train,0
taxi:418:6,taxi,418,6,agent,2,train,0
taxi:418:7,taxi,418,7,user,3,train,1
taxi:418:8,taxi,418,8,agent,2,train,0
taxi:418:9,taxi,418,9,user,3,train,0
taxi:418:10,taxi,418,10,agent,3,train,1
taxi:419:1,taxi,419,1,user,2,train,0
taxi:419:2,taxi,419,2,agent,2,train,0
taxi:419:3,taxi,419,3,user,0,train,0
taxi:419:4,taxi,419,4,agent,2,train,0
taxi:419:5,taxi,419,5,user,2,train,0
taxi:419:6,taxi,419,6,agent,2,train,0
taxi:420:1,taxi,420,1,user,1,train,0
taxi:420:2,taxi,420,2,agent,2,train,1
taxi:420:3,taxi,420,3,user,0,train,1
taxi:420:4,taxi,420,4,agent,0,train,1
taxi:420:5,taxi,420,5,user,0,train,1
taxi:420:6,taxi,420,6,agent,0,train,0
taxi:420:7,taxi,420,7,user,0,train,1
taxi:420:8,taxi,420,8,agent,0,train,0
taxi:420:9,taxi,420,9,user,0,train,0
taxi:420:10,taxi,420,10,agent,2,train,0
taxi:420:11,taxi,420,11,user,3,train,0
taxi:420:12,taxi,420,12,agent,2,train,0
taxi:421:1,taxi,421,1,user,1,train,0
taxi:421:2,taxi,421,2,agent,1,train,0
taxi:421:3,taxi,421,3,user,0,train,0
taxi:421:4,taxi,421,4,agent,2,train,0
taxi:421:5,taxi,421,5,user,2,train,0
taxi:421:6,taxi,421,6,agent,2,train,0
taxi:421:7,taxi,421,7,user,2,train,1
taxi:421:8,taxi,421,8,agent,2,train,1
taxi:421:9,taxi,421,9,user,0,train,0
taxi:421:10,taxi,421,10,agent,2,train,0
taxi:422:1,taxi,422,1,user,1,train,0
taxi:422:2,taxi,422,2,agent,2,train,0
taxi:422:3,taxi,422,3,user,0,train,0
taxi:422:4,taxi,422,4,agent,0,train,0
taxi:422:5,taxi,422,5,user,0,train,1
taxi:422:6,taxi,422,6,agent,2,train,0
taxi:422:7,taxi,422,7,user,2,train,0
taxi:422:8,taxi,422,8,agent,2,train,0
taxi:422:9,taxi,422,9,user,0,train,0
taxi:422:10,taxi,422,10,agent,1,train,0
taxi:422:11,taxi,422,11,user,0,train,1
taxi:422:12,taxi,422,12,agent,1,train,0
taxi:422:13,taxi,422,13,user,0,train,1
taxi:422:14,taxi,422,14,agent,2,train,0
taxi:422:15,taxi,422,15,user,2,train,0
taxi:422:16,taxi,422,16,agent,2,train,0
taxi:423:1,taxi,423,1,user,1,validation,0
taxi:423:2,taxi,423,2,agent,2,validation,1
taxi:423:3,taxi,423,3,user,3,validation,0
taxi:423:4,taxi,423,4,agent,2,validation,0
taxi:424:1,taxi,424,1,user,0,validation,0
taxi:424:2,taxi,424,2,agent,2,validation,0
taxi:424:3,taxi,424,3,user,0,validation,0
taxi:424:4,taxi,424,4,agent,0,validation,0
taxi:424:5,taxi,424,5,user,0,validation,1
taxi:424:6,taxi,424,6,agent,0,validation,0
taxi:424:7,taxi,424,7,user,0,validation,0
taxi:424:8,taxi,424,8,agent,2,validation,0
taxi:424:9,taxi,424,9,user,2,validation,0
taxi:424:10,taxi,424,10,agent,2,validation,0
taxi:424:11,taxi,424,11,user,2,validation,0
taxi:424:12,taxi,424,12,agent,2,validation,0
taxi:424:13,taxi,424,13,user,3,validation,1
taxi:424:14,taxi,424,14,agent,3,validation,1
taxi:425:1,taxi,425,1,user,0,test,0
taxi:425:2,taxi,425,2,agent,1,test,0
taxi:425:3,taxi,425,3,user,2,test,0
taxi:425:4,taxi,425,4,agent,2,test,0
taxi:425:5,taxi,425,5,user,2,test,0
taxi:425:6,taxi,425,6,agent,0,test,1
taxi:425:7,taxi,425,7,user,0,test,0
taxi:425:8,taxi,425,8,agent,0,test,0
taxi:425:9,taxi,425,9,user,0,test,0
taxi:425:10,taxi,425,10,agent,2,test,0
taxi:425:11,taxi,425,11,user,0,test,0
taxi:425:12,taxi,425,12,agent,2,test,0
taxi:425:13,taxi,425,13,user,3,test,1
taxi:425:14,taxi,425,14,agent,2,test,0
taxi:426:1,taxi,426,1,user,0,train,0
taxi:426:2,taxi,426,2,agent,2,train,0
taxi:426:3,taxi,426,3,user,2,train,0
taxi:426:4,taxi,426,4,agent,1,train,0
taxi:426:5,taxi,426,5,user,0,train,0
taxi:426:6,taxi,426,6,agent,0,train,0
taxi:426:7,taxi,426,7,user,0,train,1
taxi:426:8,taxi,426,8,agent,0,train,0
taxi:426:9,taxi,426,9,user,0,train,1
taxi:426:10,taxi,426,10,agent,0,train,0
taxi:426:11,taxi,426,11,user,0,train,0
taxi:426:12,taxi,426,12,agent,2,train,0
taxi:426:13,taxi,426,13,user,0,train,0
taxi:426:14,taxi,426,14,agent,2,train,0
taxi:426:15,taxi,426,15,user,3,train,0
taxi:426:16,taxi,426,16,agent,3,train,0
taxi:427:1,taxi,427,1,user,1,train,0
taxi:427:2,taxi,427,2,agent,1,train,0
taxi:427:3,taxi,427,3,user,2,train,0
taxi:427:4,taxi,427,4,agent,1,train,0
taxi:428:1,taxi,428,1,user,0,train,1
taxi:428:2,taxi,428,2,agent,1,train,0
taxi:428:3,taxi,428,3,user,3,train,1
taxi:428:4,taxi,428,4,agent,1,train,0
taxi:428:5,taxi,428,5,user,0,train,1
taxi:428:6,taxi,428,6,agent,1,train,0
taxi:428:7,taxi,428,7,user,3,train,1
taxi:428:8,taxi,428,8,agent,2,train,1
taxi:428:9,taxi,428,9,user,0,train,0
taxi:428:10,taxi,428,10,agent,2,train,0
taxi:428:11,taxi,428,11,user,0,train,0
taxi:428:12,taxi,428,12,agent,2,train,0
taxi:428:13,taxi,428,13,user,3,train,0
taxi:428:14,taxi,428,14,agent,2,train,0
taxi:429:1,taxi,429,1,user,1,train,0
taxi:429:2,taxi,429,2,agent,0,train,1
taxi:429:3,taxi,429,3,user,0,train,0
taxi:429:4,taxi,429,4,agent,0,train,0
taxi:429:5,taxi,429,5,user,0,train,0
taxi:429:6,taxi,429,6,agent,0,train,0
taxi:429:7,taxi,429,7,user,0,train,0
taxi:429:8,taxi,429,8,agent,2,train,0
taxi:429:9,taxi,429,9,user,2,train,1
taxi:429:10,taxi,429,10,agent,2,train,0
taxi:429:11,taxi,429,11,user,3,train,1
taxi:429:12,taxi,429,12,agent,3,train,1
taxi:430:1,taxi,430,1,user,1,train,0
taxi:430:2,taxi,430,2,agent,0,train,0
taxi:430:3,taxi,430,3,user,2,train,0
taxi:430:4,taxi,430,4,agent,1,train,0
taxi:430:5,taxi,430,5,user,0,train,1
taxi:430:6,taxi,430,6,agent,2,train,0
taxi:430:7,taxi,430,7,user,0,train,0
taxi:430:8,taxi,430,8,agent,0,train,0
taxi:430:9,taxi,430,9,user,0,train,0
taxi:430:10,taxi,430,10,agent,2,train,0
taxi:430:11,taxi,430,11,user,0,train,0
taxi:430:12,taxi,430,12,agent,2,train,0
taxi:430:13,taxi,430,13,user,2,train,1
taxi:430:14,taxi,430,14,agent,2,train,1
taxi:431:1,taxi,431,1,user,1,train,0
taxi:431:2,taxi,431,2,agent,2,train,0
taxi:431:3,taxi,431,3,user,3,train,1
taxi:431:4,taxi,431,4,agent,2,train,0
taxi:431:5,taxi,431,5,user,3,train,1
taxi:431:6,taxi,431,6,agent,2,train,1
taxi:432:1,taxi,432,1,user,0,train,0
taxi:432:2,taxi,432,2,agent,2,train,0
taxi:432:3,taxi,432,3,user,2,train,0
taxi:432:4,taxi,432,4,agent,1,train,0
taxi:432:5,taxi,432,5,user,2,train,0
taxi:432:6,taxi,432,6,agent,2,train,0
taxi:432:7,taxi,432,7,user,0,train,0
taxi:432:8,taxi,432,8,agent,1,train,0
taxi:432:9,taxi,432,9,user,0,train,0
taxi:432:10,taxi,432,10,agent,1,train,0
taxi:432:11,taxi,432,11,user,0,train,0
taxi:432:12,taxi,432,12,agent,2,train,0
taxi:432:13,taxi,432,13,user,0,train,0
taxi:432:14,taxi,432,14,agent,2,train,0
taxi:432:15,taxi,432,15,user,3,train,1
taxi:432:16,taxi,432,16,agent,2,train,0
taxi:433:1,taxi,433,1,user,1,test,0
taxi:433:2,taxi,433,2,agent,2,test,0
taxi:433:3,taxi,433,3,user,3,test,1
taxi:433:4,taxi,433,4,agent,2,test,0
taxi:433:5,taxi,433,5,user,3,test,0
taxi:433:6,taxi,433,6,agent,3,test,1
taxi:434:1,taxi,434,1,user,1,train,0
taxi:434:2,taxi,434,2,agent,2,train,0
taxi:434:3,taxi,434,3,user,3,train,0
taxi:434:4,taxi,434,4,agent,2,train,0
taxi:434:5,taxi,434,5,user,3,train,1
taxi:434:6,taxi,434,6,agent,3,train,1
taxi:435:1,taxi,435,1,user,0,test,0
taxi:435:2,taxi,435,2,agent,2,test,0
taxi:435:3,taxi,435,3,user,2,test,0
taxi:435:4,taxi,435,4,agent,1,test,0
taxi:435:5,taxi,435,5,user,0,test,0
taxi:435:6,taxi,435,6,agent,0,test,0
taxi:435:7,taxi,435,7,user,2,test,0
taxi:435:8,taxi,435,8,agent,3,test,1
taxi:435:9,taxi,435,9,user,0,test,1
taxi:435:10,taxi,435,10,agent,0,test,0
taxi:435:11,taxi,435,11,user,0,test,0
taxi:435:12,taxi,435,12,agent,0,test,0
taxi:435:13,taxi,435,13,user,0,test,0
taxi:435:14,taxi,435,14,agent,2,test,0
taxi:435:15,taxi,435,15,user,3,test,0
taxi:435:16,taxi,435,16,agent,2,test,1
taxi:436:1,taxi,436,1,user,1,train,0
taxi:436:2,taxi,436,2,agent,1,train,0
taxi:436:3,taxi,436,3,user,3,train,1
taxi:436:4,taxi,436,4,agent,1,train,0
taxi:436:5,taxi,436,5,user,0,train,0
taxi:436:6,taxi,436,6,agent,2,train,1
taxi:436:7,taxi,436,7,user,3,train,1
taxi:436:8,taxi,436,8,agent,2,train,1
taxi:436:9,taxi,436,9,user,0,train,0
taxi:436:10,taxi,436,10,agent,2,train,0
taxi:437:1,taxi,437,1,user,0,train,1
taxi:437:2,taxi,437,2,agent,2,train,0
taxi:437:3,taxi,437,3,user,0,train,0
taxi:437:4,taxi,437,4,agent,1,train,0
taxi:437:5,taxi,437,5,user,2,train,0
taxi:437:6,taxi,437,6,agent,2,train,0
taxi:437:7,taxi,437,7,user,3,train,0
taxi:437:8,taxi,437,8,agent,2,train,0
taxi:438:1,taxi,438,1,user,1,train,0
taxi:438:2,taxi,438,2,agent,2,train,0
taxi:438:3,taxi,438,3,user,0,train,0
taxi:438:4,taxi,438,4,agent,0,train,0
taxi:438:5,taxi,438,5,user,0,train,0
taxi:438:6,taxi,438,6,agent,0,train,0
taxi:438:7,taxi,438,7,user,0,train,0
taxi:438:8,taxi,438,8,agent,1,train,0
taxi:438:9,taxi,438,9,user,0,train,0
taxi:438:10,taxi,438,10,agent,1,train,0
taxi:438:11,taxi,438,11,user,0,train,0
taxi:438:12,taxi,438,12,agent,2,train,0
taxi:438:13,taxi,438,13,user,2,train,0
taxi:438:14,taxi,438,14,agent,2,train,0
taxi:439:1,taxi,439,1,user,0,train,0
taxi:439:2,taxi,439,2,agent,2,train,0
taxi:439:3,taxi,439,3,user,2,train,0
taxi:439:4,taxi,439,4,agent,1,train,0
taxi:439:5,taxi,439,5,user,0,train,1
taxi:439:6,taxi,439,6,agent,2,train,0
taxi:439:7,taxi,439,7,user,0,train,0
taxi:439:8,taxi,439,8,agent,0,train,0
taxi:439:9,taxi,439,9,user,0,train,0
taxi:439:10,taxi,439,10,agent,2,train,1
taxi:439:11,taxi,439,11,user,3,train,1
taxi:439:12,taxi,439,12,agent,2,train,0
taxi:440:1,taxi,440,1,user,1,train,0
taxi:440:2,taxi,440,2,agent,2,train,0
taxi:440:3,taxi,440,3,user,3,train,1
taxi:440:4,taxi,440,4,agent,2,train,0
taxi:440:5,taxi,440,5,user,3,train,1
taxi:440:6,taxi,440,6,agent,3,train,1
taxi:441:1,taxi,441,1,user,1,validation,0
taxi:441:2,taxi,441,2,agent,2,validation,1
taxi:441:3,taxi,441,3,user,0,validation,1
taxi:441:4,taxi,441,4,agent,1,validation,1
taxi:441:5,taxi,441,5,user,0,validation,0
taxi:441:6,taxi,441,6,agent,2,validation,0
taxi:441:7,taxi,441,7,user,3,validation,0
taxi:441:8,taxi,441,8,agent,2,validation,0
taxi:441:9,taxi,441,9,user,3,validation,1
taxi:441:10,taxi,441,10,agent,3,validation,1
taxi:442:1,taxi,442,1,user,1,train,0
taxi:442:2,taxi,442,2,agent,2,train,0
taxi:442:3,taxi,442,3,user,3,train,1
taxi:442:4,taxi,442,4,agent,2,train,0
taxi:443:1,taxi,443,1,user,1,test,0
taxi:443:2,taxi,443,2,agent,0,test,0
taxi:443:3,taxi,443,3,user,2,test,0
taxi:443:4,taxi,443,4,agent,2,test,0
taxi:443:5,taxi,443,5,user,2,test,0
taxi:443:6,taxi,443,6,agent,2,test,0
taxi:444:1,taxi,444,1,user,3,test,1
taxi:444:2,taxi,444,2,agent,3,test,1
taxi:444:3,taxi,444,3,user,3,test,0
taxi:444:4,taxi,444,4,agent,1,test,0
taxi:444:5,taxi,444,5,user,0,test,1
taxi:444:6,taxi,444,6,agent,1,test,0
taxi:445:1,taxi,445,1,user,1,train,1
taxi:445:2,taxi,445,2,agent,2,train,1
taxi:445:3,taxi,445,3,user,3,train,1
taxi:445:4,taxi,445,4,agent,2,train,1
taxi:446:1,taxi,446,1,user,1,test,0
taxi:446:2,taxi,446,2,agent,1,test,0
taxi:446:3,taxi,446,3,user,0,test,1
taxi:446:4,taxi,446,4,agent,2,test,0
taxi:446:5,taxi,446,5,user,2,test,0
taxi:446:6,taxi,446,6,agent,2,test,0
taxi:446:7,taxi,446,7,user,3,test,1
taxi:446:8,taxi,446,8,agent,2,test,0
taxi:446:9,taxi,446,9,user,0,test,1
taxi:446:10,taxi,446,10,agent,2,test,0
taxi:447:1,taxi,447,1,user,3,test,1
taxi:447:2,taxi,447,2,agent,3,test,1
taxi:447:3,taxi,447,3,user,2,test,1
taxi:447:4,taxi,447,4,agent,1,test,0
taxi:447:5,taxi,447,5,user,0,test,0
taxi:447:6,taxi,447,6,agent,1,test,0
taxi:447:7,taxi,447,7,user,0,test,0
taxi:447:8,taxi,447,8,agent,1,test,1
taxi:448:1,taxi,448,1,user,1,train,0
taxi:448:2,taxi,448,2,agent,2,train,0
taxi:448:3,taxi,448,3,user,0,train,0
taxi:448:4,taxi,448,4,agent,1,train,0
taxi:448:5,taxi,448,5,user,0,train,0
taxi:448:6,taxi,448,6,agent,0,train,1
taxi:448:7,taxi,448,7,user,0,train,0
taxi:448:8,taxi,448,8,agent,2,train,0
taxi:448:9,taxi,448,9,user,2,train,0
taxi:448:10,taxi,448,10,agent,1,train,0
taxi:448:11,taxi,448,11,user,2,train,0
taxi:448:12,taxi,448,12,agent,2,train,1
taxi:449:1,taxi,449,1,user,2,train,1
taxi:449:2,taxi,449,2,agent,1,train,0
taxi:449:3,taxi,449,3,user,0,train,0
taxi:449:4,taxi,449,4,agent,0,train,0
taxi:449:5,taxi,449,5,user,0,train,0
taxi:449:6,taxi,449,6,agent,0,train,0
taxi:449:7,taxi,449,7,user,0,train,0
taxi:449:8,taxi,449,8,agent,0,train,0
taxi:449:9,taxi,449,9,user,0,train,0
taxi:449:10,taxi,449,10,agent,2,train,0
taxi:449:11,taxi,449,11,user,0,train,1
taxi:449:12,taxi,449,12,agent,2,train,0
taxi:449:13,taxi,449,13,user,3,train,1
taxi:449:14,taxi,449,14,agent,2,train,0
taxi:450:1,taxi,450,1,user,1,test,0
taxi:450:2,taxi,450,2,agent,1,test,0
taxi:450:3,taxi,450,3,user,2,test,0
taxi:450:4,taxi,450,4,agent,0,test,0
taxi:450:5,taxi,450,5,user,0,test,0
taxi:450:6,taxi,450,6,agent,0,test,0
taxi:450:7,taxi,450,7,user,0,test,0
taxi:450:8,taxi,450,8,agent,0,test,0
taxi:450:9,taxi,450,9,user,0,test,0
taxi:450:10,taxi,450,10,agent,2,test,0
taxi:450:11,taxi,450,11,user,0,test,0
taxi:450:12,taxi,450,12,agent,2,test,0
taxi:451:1,taxi,451,1,user,1,train,0
taxi:451:2,taxi,451,2,agent,0,train,0
taxi:451:3,taxi,451,3,user,0,train,0
taxi:451:4,taxi,451,4,agent,1,train,1
taxi:451:5,taxi,451,5,user,0,train,0
taxi:451:6,taxi,451,6,agent,0,train,0
taxi:451:7,taxi,451,7,user,2,train,0
taxi:451:8,taxi,451,8,agent,2,train,0
taxi:451:9,taxi,451,9,user,2,train,1
taxi:451:10,taxi,451,10,agent,2,train,1
taxi:451:11,taxi,451,11,user,0,train,0
taxi:451:12,taxi,451,12,agent,2,train,0
taxi:452:1,taxi,452,1,user,1,train,0
taxi:452:2,taxi,452,2,agent,2,train,0
taxi:452:3,taxi,452,3,user,3,train,0
taxi:452:4,taxi,452,4,agent,2,train,0
taxi:453:1,taxi,453,1,user,1,train,0
taxi:453:2,taxi,453,2,agent,0,train,0
taxi:453:3,taxi,453,3,user,0,train,0
taxi:453:4,taxi,453,4,agent,1,train,0
taxi:453:5,taxi,453,5,user,0,train,0
taxi:453:6,taxi,453,6,agent,2,train,0
taxi:453:7,taxi,453,7,user,3,train,1
taxi:453:8,taxi,453,8,agent,2,train,0
taxi:454:1,taxi,454,1,user,3,test,0
taxi:454:2,taxi,454,2,agent,2,test,0
taxi:454:3,taxi,454,3,user,3,test,1
taxi:454:4,taxi,454,4,agent,2,test,0
taxi:455:1,taxi,455,1,user,3,train,1
taxi:455:2,taxi,455,2,agent,3,train,1
taxi:455:3,taxi,455,3,user,3,train,0
taxi:455:4,taxi,455,4,agent,1,train,0
taxi:455:5,taxi,455,5,user,0,train,0
taxi:455:6,taxi,455,6,agent,2,train,0
taxi:455:7,taxi,455,7,user,3,train,1
taxi:455:8,taxi,455,8,agent,2,train,1
taxi:456:1,taxi,456,1,user,1,train,0
taxi:456:2,taxi,456,2,agent,1,train,1
taxi:456:3,taxi,456,3,user,3,train,1
taxi:456:4,taxi,456,4,agent,2,train,0
taxi:456:5,taxi,456,5,user,3,train,1
taxi:456:6,taxi,456,6,agent,3,train,1
taxi:457:1,taxi,457,1,user,0,train,1
taxi:457:2,taxi,457,2,agent,2,train,1
taxi:457:3,taxi,457,3,user,2,train,0
taxi:457:4,taxi,457,4,agent,2,train,0
taxi:457:5,taxi,457,5,user,2,train,0
taxi:457:6,taxi,457,6,agent,0,train,1
taxi:457:7,taxi,457,7,user,0,train,1
taxi:457:8,taxi,457,8,agent,0,train,1
taxi:457:9,taxi,457,9,user,0,train,1
taxi:457:10,taxi,457,10,agent,0,train,0
taxi:457:11,taxi,457,11,user,0,train,0
taxi:457:12,taxi,457,12,agent,2,train,0
taxi:457:13,taxi,457,13,user,0,train,0
taxi:457:14,taxi,457,14,agent,2,train,0
taxi:458:1,taxi,458,1,user,1,validation,0
taxi:458:2,taxi,458,2,agent,0,validation,0
taxi:458:3,taxi,458,3,user,0,validation,0
taxi:458:4,taxi,458,4,agent,2,validation,0
taxi:458:5,taxi,458,5,user,2,validation,0
taxi:458:6,taxi,458,6,agent,1,validation,0
taxi:458:7,taxi,458,7,user,0,validation,0
taxi:458:8,taxi,458,8,agent,2,validation,0
taxi:458:9,taxi,458,9,user,2,validation,0
taxi:458:10,taxi,458,10,agent,2,validation,1
taxi:458:11,taxi,458,11,user,2,validation,1
taxi:458:12,taxi,458,12,agent,2,validation,0
taxi:459:1,taxi,459,1,user,3,train,1
taxi:459:2,taxi,459,2,agent,0,train,0
taxi:459:3,taxi,459,3,user,0,train,0
taxi:459:4,taxi,459,4,agent,0,train,0
taxi:459:5,taxi,459,5,user,0,train,0
taxi:459:6,taxi,459,6,agent,0,train,0
taxi:459:7,taxi,459,7,user,0,train,0
taxi:459:8,taxi,459,8,agent,2,train,0
taxi:459:9,taxi,459,9,user,2,train,0
taxi:459:10,taxi,459,10,agent,2,train,0
taxi:459:11,taxi,459,11,user,3,train,0
taxi:459:12,taxi,459,12,agent,2,train,0
taxi:460:1,taxi,460,1,user,1,validation,0
taxi:460:2,taxi,460,2,agent,0,validation,0
taxi:460:3,taxi,460,3,user,2,validation,0
taxi:460:4,taxi,460,4,agent,1,validation,0
taxi:460:5,taxi,460,5,user,0,validation,0
taxi:460:6,taxi,460,6,agent,2,validation,0
taxi:460:7,taxi,460,7,user,0,validation,0
taxi:460:8,taxi,460,8,agent,2,validation,0
taxi:460:9,taxi,460,9,user,2,validation,0
taxi:460:10,taxi,460,10,agent,2,validation,1
taxi:460:11,taxi,460,11,user,3,validation,1
taxi:460:12,taxi,460,12,agent,3,validation,1
taxi:461:1,taxi,461,1,user,1,train,0
taxi:461:2,taxi,461,2,agent,1,train,1
taxi:461:3,taxi,461,3,user,3,train,1
taxi:461:4,taxi,461,4,agent,2,train,0
taxi:461:5,taxi,461,5,user,2,train,0
taxi:461:6,taxi,461,6,agent,2,train,1
taxi:461:7,taxi,461,7,user,3,train,1
taxi:461:8,taxi,461,8,agent,2,train,1
taxi:461:9,taxi,461,9,user,3,train,1
taxi:461:10,taxi,461,10,agent,2,train,1
taxi:461:11,taxi,461,11,user,0,train,0
taxi:461:12,taxi,461,12,agent,2,train,0
taxi:462:1,taxi,462,1,user,2,train,0
taxi:462:2,taxi,462,2,agent,1,train,0
taxi:462:3,taxi,462,3,user,3,train,0
taxi:462:4,taxi,462,4,agent,2,train,0
taxi:462:5,taxi,462,5,user,0,train,0
taxi:462:6,taxi,462,6,agent,1,train,0
taxi:462:7,taxi,462,7,user,0,train,0
taxi:462:8,taxi,462,8,agent,1,train,0
taxi:462:9,taxi,462,9,user,0,train,0
taxi:462:10,taxi,462,10,agent,1,train,0
taxi:462:11,taxi,462,11,user,0,train,1
taxi:462:12,taxi,462,12,agent,2,train,0
taxi:462:13,taxi,462,13,user,0,train,1
taxi:462:14,taxi,462,14,agent,2,train,1
taxi:462:15,taxi,462,15,user,0,train,0
taxi:462:16,taxi,462,16,agent,2,train,0
taxi:462:17,taxi,462,17,user,3,train,1
taxi:462:18,taxi,462,18,agent,2,train,0
taxi:463:1,taxi,463,1,user,1,train,0
taxi:463:2,taxi,463,2,agent,1,train,0
taxi:463:3,taxi,463,3,user,2,train,0
taxi:463:4,taxi,463,4,agent,2,train,0
taxi:463:5,taxi,463,5,user,3,train,1
taxi:463:6,taxi,463,6,agent,2,train,0
taxi:464:1,taxi,464,1,user,0,test,0
taxi:464:2,taxi,464,2,agent,2,test,0
taxi:464:3,taxi,464,3,user,0,test,0
taxi:464:4,taxi,464,4,agent,2,test,0
taxi:464:5,taxi,464,5,user,0,test,0
taxi:464:6,taxi,464,6,agent,0,test,0
taxi:464:7,taxi,464,7,user,0,test,0
taxi:464:8,taxi,464,8,agent,0,test,1
taxi:464:9,taxi,464,9,user,0,test,0
taxi:464:10,taxi,464,10,agent,2,test,1
taxi:464:11,taxi,464,11,user,2,test,1
taxi:464:12,taxi,464,12,agent,2,test,0
taxi:465:1,taxi,465,1,user,1,train,1
taxi:465:2,taxi,465,2,agent,2,train,0
taxi:465:3,taxi,465,3,user,3,train,0
taxi:465:4,taxi,465,4,agent,2,train,0
taxi:466:1,taxi,466,1,user,1,train,1
taxi:466:2,taxi,466,2,agent,0,train,0
taxi:466:3,taxi,466,3,user,0,train,0
taxi:466:4,taxi,466,4,agent,0,train,0
taxi:466:5,taxi,466,5,user,0,train,0
taxi:466:6,taxi,466,6,agent,0,train,0
taxi:466:7,taxi,466,7,user,0,train,0
taxi:466:8,taxi,466,8,agent,0,train,0
taxi:466:9,taxi,466,9,user,0,train,0
taxi:466:10,taxi,466,10,agent,3,train,1
taxi:467:1,taxi,467,1,user,3,train,1
taxi:467:2,taxi,467,2,agent,0,train,1
taxi:467:3,taxi,467,3,user,2,train,0
taxi:467:4,taxi,467,4,agent,0,train,1
taxi:467:5,taxi,467,5,user,0,train,0
taxi:467:6,taxi,467,6,agent,0,train,0
taxi:467:7,taxi,467,7,user,0,train,0
taxi:467:8,taxi,467,8,agent,0,train,0
taxi:467:9,taxi,467,9,user,0,train,0
taxi:467:10,taxi,467,10,agent,2,train,1
taxi:467:11,taxi,467,11,user,2,train,0
taxi:467:12,taxi,467,12,agent,2,train,0
taxi:468:1,taxi,468,1,user,0,train,1
taxi:468:2,taxi,468,2,agent,2,train,0
taxi:468:3,taxi,468,3,user,2,train,1
taxi:468:4,taxi,468,4,agent,2,train,0
taxi:468:5,taxi,468,5,user,2,train,0
taxi:468:6,taxi,468,6,agent,0,train,0
taxi:468:7,taxi,468,7,user,0,train,0
taxi:468:8,taxi,468,8,agent,0,train,0
taxi:468:9,taxi,468,9,user,0,train,0
taxi:468:10,taxi,468,10,agent,0,train,0
taxi:468:11,taxi,468,11,user,0,train,0
taxi:468:12,taxi,468,12,agent,2,train,0
taxi:468:13,taxi,468,13,user,0,train,0
taxi:468:14,taxi,468,14,agent,2,train,0
taxi:468:15,taxi,468,15,user,2,train,0
taxi:468:16,taxi,468,16,agent,2,train,0
taxi:469:1,taxi,469,1,user,1,train,0
taxi:469:2,taxi,469,2,agent,2,train,0
taxi:469:3,taxi,469,3,user,0,train,0
taxi:469:4,taxi,469,4,agent,1,train,0
taxi:469:5,taxi,469,5,user,0,train,0
taxi:469:6,taxi,469,6,agent,0,train,0
taxi:469:7,taxi,469,7,user,0,train,0
taxi:469:8,taxi,469,8,agent,1,train,1
taxi:469:9,taxi,469,9,user,0,train,1
taxi:469:10,taxi,469,10,agent,1,train,0
taxi:469:11,taxi,469,11,user,0,train,1
taxi:469:12,taxi,469,12,agent,1,train,0
taxi:469:13,taxi,469,13,user,0,train,0
taxi:469:14,taxi,469,14,agent,3,train,1
taxi:470:1,taxi,470,1,user,1,train,0
taxi:470:2,taxi,470,2,agent,2,train,0
taxi:470:3,taxi,470,3,user,3,train,0
taxi:470:4,taxi,470,4,agent,2,train,0
taxi:470:5,taxi,470,5,user,3,train,0
taxi:470:6,taxi,470,6,agent,3,train,1
taxi:471:1,taxi,471,1,user,2,train,0
taxi:471:2,taxi,471,2,agent,2,train,1
taxi:471:3,taxi,471,3,user,3,train,0
taxi:471:4,taxi,471,4,agent,2,train,0
taxi:472:1,taxi,472,1,user,3,train,1
taxi:472:2,taxi,472,2,agent,3,train,1
taxi:472:3,taxi,472,3,user,3,train,1
taxi:472:4,taxi,472,4,agent,3,train,1
taxi:473:1,taxi,473,1,user,2,train,0
taxi:473:2,taxi,473,2,agent,1,train,0
taxi:473:3,taxi,473,3,user,2,train,0
taxi:473:4,taxi,473,4,agent,1,train,0
taxi:474:1,taxi,474,1,user,1,train,0
taxi:474:2,taxi,474,2,agent,2,train,1
taxi:474:3,taxi,474,3,user,3,train,0
taxi:474:4,taxi,474,4,agent,2,train,1
taxi:475:1,taxi,475,1,user,1,test,0
taxi:475:2,taxi,475,2,agent,2,test,0
taxi:475:3,taxi,475,3,user,3,test,0
taxi:475:4,taxi,475,4,agent,2,test,1
taxi:476:1,taxi,476,1,user,3,train,1
taxi:476:2,taxi,476,2,agent,0,train,0
taxi:476:3,taxi,476,3,user,2,train,0
taxi:476:4,taxi,476,4,agent,1,train,0
taxi:476:5,taxi,476,5,user,0,train,0
taxi:476:6,taxi,476,6,agent,3,train,1
taxi:476:7,taxi,476,7,user,2,train,0
taxi:476:8,taxi,476,8,agent,2,train,0
taxi:476:9,taxi,476,9,user,3,train,1
taxi:476:10,taxi,476,10,agent,2,train,0
taxi:477:1,taxi,477,1,user,0,train,1
taxi:477:2,taxi,477,2,agent,3,train,1
taxi:477:3,taxi,477,3,user,2,train,1
taxi:477:4,taxi,477,4,agent,1,train,0
taxi:477:5,taxi,477,5,user,0,train,1
taxi:477:6,taxi,477,6,agent,0,train,0
taxi:477:7,taxi,477,7,user,0,train,0
taxi:477:8,taxi,477,8,agent,1,train,0
taxi:477:9,taxi,477,9,user,0,train,0
taxi:477:10,taxi,477,10,agent,0,train,0
taxi:477:11,taxi,477,11,user,0,train,0
taxi:477:12,taxi,477,12,agent,0,train,0
taxi:477:13,taxi,477,13,user,0,train,0
taxi:477:14,taxi,477,14,agent,2,train,0
taxi:477:15,taxi,477,15,user,2,train,1
taxi:477:16,taxi,477,16,agent,2,train,0
taxi:477:17,taxi,477,17,user,3,train,0
taxi:477:18,taxi,477,18,agent,3,train,1
taxi:478:1,taxi,478,1,user,1,validation,0
taxi:478:2,taxi,478,2,agent,2,validation,0
taxi:478:3,taxi,478,3,user,3,validation,0
taxi:478:4,taxi,478,4,agent,2,validation,0
taxi:479:1,taxi,479,1,user,1,train,1
taxi:479:2,taxi,479,2,agent,2,train,1
taxi:479:3,taxi,479,3,user,3,train,1
taxi:479:4,taxi,479,4,agent,2,train,0
taxi:479:5,taxi,479,5,user,3,train,0
taxi:479:6,taxi,479,6,agent,3,train,0
taxi:480:1,taxi,480,1,user,1,train,1
taxi:480:2,taxi,480,2,agent,0,train,0
taxi:480:3,taxi,480,3,user,0,train,0
taxi:480:4,taxi,480,4,agent,1,train,0
taxi:480:5,taxi,480,5,user,0,train,1
taxi:480:6,taxi,480,6,agent,2,train,1
taxi:481:1,taxi,481,1,user,0,train,0
taxi:481:2,taxi,481,2,agent,3,train,1
taxi:481:3,taxi,481,3,user,0,train,1
taxi:481:4,taxi,481,4,agent,3,train,0
taxi:482:1,taxi,482,1,user,2,train,0
taxi:482:2,taxi,482,2,agent,2,train,0
taxi:482:3,taxi,482,3,user,3,train,0
taxi:482:4,taxi,482,4,agent,2,train,0
taxi:483:1,taxi,483,1,user,1,train,0
taxi:483:2,taxi,483,2,agent,2,train,0
taxi:483:3,taxi,483,3,user,2,train,1
taxi:483:4,taxi,483,4,agent,2,train,1
taxi:484:1,taxi,484,1,user,2,test,0
taxi:484:2,taxi,484,2,agent,1,test,0
taxi:484:3,taxi,484,3,user,0,test,0
taxi:484:4,taxi,484,4,agent,2,test,0
taxi:484:5,taxi,484,5,user,0,test,0
taxi:484:6,taxi,484,6,agent,2,test,1
taxi:484:7,taxi,484,7,user,3,test,1
taxi:484:8,taxi,484,8,agent,2,test,0
taxi:484:9,taxi,484,9,user,3,test,1
taxi:484:10,taxi,484,10,agent,3,test,0
taxi:485:1,taxi,485,1,user,1,train,0
taxi:485:2,taxi,485,2,agent,2,train,0
taxi:485:3,taxi,485,3,user,3,train,0
taxi:485:4,taxi,485,4,agent,2,train,0
taxi:486:1,taxi,486,1,user,2,train,0
taxi:486:2,taxi,486,2,agent,2,train,0
taxi:486:3,taxi,486,3,user,3,train,0
taxi:486:4,taxi,486,4,agent,2,train,0
taxi:486:5,taxi,486,5,user,3,train,0
taxi:486:6,taxi,486,6,agent,3,train,1
taxi:487:1,taxi,487,1,user,1,train,0
taxi:487:2,taxi,487,2,agent,2,train,0
taxi:487:3,taxi,487,3,user,0,train,1
taxi:487:4,taxi,487,4,agent,1,train,0
taxi:487:5,taxi,487,5,user,0,train,0
taxi:487:6,taxi,487,6,agent,1,train,0
taxi:487:7,taxi,487,7,user,0,train,1
taxi:487:8,taxi,487,8,agent,2,train,0
taxi:487:9,taxi,487,9,user,3,train,1
taxi:487:10,taxi,487,10,agent,2,train,0
taxi:487:11,taxi,487,11,user,0,train,0
taxi:487:12,taxi,487,12,agent,2,train,0
taxi:487:13,taxi,487,13,user,3,train,0
taxi:487:14,taxi,487,14,agent,2,train,0
taxi:487:15,taxi,487,15,user,3,train,1
taxi:487:16,taxi,487,16,agent,3,train,1
taxi:488:1,taxi,488,1,user,2,train,0
taxi:488:2,taxi,488,2,agent,2,train,0
taxi:488:3,taxi,488,3,user,2,train,0
taxi:488:4,taxi,488,4,agent,2,train,0
taxi:489:1,taxi,489,1,user,1,validation,0
taxi:489:2,taxi,489,2,agent,2,validation,1
taxi:489:3,taxi,489,3,user,0,validation,0
taxi:489:4,taxi,489,4,agent,3,validation,0
taxi:489:5,taxi,489,5,user,3,validation,1
taxi:489:6,taxi,489,6,agent,2,validation,0
taxi:490:1,taxi,490,1,user,1,train,0
taxi:490:2,taxi,490,2,agent,2,train,0
taxi:490:3,taxi,490,3,user,3,train,1
taxi:490:4,taxi,490,4,agent,2,train,1
taxi:490:5,taxi,490,5,user,3,train,0
taxi:490:6,taxi,490,6,agent,3,train,1
taxi:491:1,taxi,491,1,user,1,train,0
taxi:491:2,taxi,491,2,agent,2,train,0
taxi:491:3,taxi,491,3,user,0,train,0
taxi:491:4,taxi,491,4,agent,0,train,0
taxi:491:5,taxi,491,5,user,0,train,0
taxi:491:6,taxi,491,6,agent,0,train,0
taxi:491:7,taxi,491,7,user,0,train,0
taxi:491:8,taxi,491,8,agent,0,train,0
taxi:491:9,taxi,491,9,user,0,train,0
taxi:491:10,taxi,491,10,agent,2,train,0
taxi:491:11,taxi,491,11,user,0,train,0
taxi:491:12,taxi,491,12,agent,2,train,0
taxi:491:13,taxi,491,13,user,2,train,1
taxi:491:14,taxi,491,14,agent,3,train,1
taxi:491:15,taxi,491,15,user,2,train,0
taxi:491:16,taxi,491,16,agent,3,train,1
taxi:491:17,taxi,491,17,user,0,train,0
taxi:491:18,taxi,491,18,agent,3,train,1
taxi:492:1,taxi,492,1,user,2,train,0
taxi:492:2,taxi,492,2,agent,2,train,0
taxi:492:3,taxi,492,3,user,2,train,1
taxi:492:4,taxi,492,4,agent,2,train,0
taxi:493:1,taxi,493,1,user,1,test,0
taxi:493:2,taxi,493,2,agent,1,test,1
taxi:493:3,taxi,493,3,user,3,test,0
taxi:493:4,taxi,493,4,agent,2,test,1
taxi:494:1,taxi,494,1,user,1,train,0
taxi:494:2,taxi,494,2,agent,2,train,1
taxi:494:3,taxi,494,3,user,0,train,1
taxi:494:4,taxi,494,4,agent,1,train,0
taxi:494:5,taxi,494,5,user,0,train,0
taxi:494:6,taxi,494,6,agent,2,train,0
taxi:494:7,taxi,494,7,user,3,train,1
taxi:494:8,taxi,494,8,agent,2,train,0
taxi:494:9,taxi,494,9,user,0,train,1
taxi:494:10,taxi,494,10,agent,2,train,0
taxi:495:1,taxi,495,1,user,0,train,0
taxi:495:2,taxi,495,2,agent,0,train,0
taxi:495:3,taxi,495,3,user,0,train,0
taxi:495:4,taxi,495,4,agent,1,train,1
taxi:495:5,taxi,495,5,user,0,train,1
taxi:495:6,taxi,495,6,agent,2,train,1
taxi:495:7,taxi,495,7,user,0,train,1
taxi:495:8,taxi,495,8,agent,2,train,1
taxi:496:1,taxi,496,1,user,3,train,1
taxi:496:2,taxi,496,2,agent,3,train,1
taxi:496:3,taxi,496,3,user,2,train,0
taxi:496:4,taxi,496,4,agent,2,train,0
taxi:496:5,taxi,496,5,user,3,train,1
taxi:496:6,taxi,496,6,agent,2,train,0
taxi:497:1,taxi,497,1,user,1,train,0
taxi:497:2,taxi,497,2,agent,1,train,0
taxi:497:3,taxi,497,3,user,2,train,1
taxi:497:4,taxi,497,4,agent,2,train,1
taxi:497:5,taxi,497,5,user,3,train,1
taxi:497:6,taxi,497,6,agent,2,train,0
taxi:497:7,taxi,497,7,user,0,train,0
taxi:497:8,taxi,497,8,agent,2,train,0
taxi:498:1,taxi,498,1,user,3,train,0
taxi:498:2,taxi,498,2,agent,2,train,0
taxi:498:3,taxi,498,3,user,2,train,0
taxi:498:4,taxi,498,4,agent,2,train,0
taxi:499:1,taxi,499,1,user,1,train,0
taxi:499:2,taxi,499,2,agent,2,train,0
taxi:499:3,taxi,499,3,user,2,train,0
taxi:499:4,taxi,499,4,agent,0,train,0
taxi:499:5,taxi,499,5,user,0,train,0
taxi:499:6,taxi,499,6,agent,2,train,1
taxi:499:7,taxi,499,7,user,0,train,0
taxi:499:8,taxi,499,8,agent,3,train,1
taxi:499:9,taxi,499,9,user,2,train,1
taxi:499:10,taxi,499,10,agent,3,train,1
taxi:499:11,taxi,499,11,user,2,train,0
taxi:499:12,taxi,499,12,agent,3,train,1
taxi:499:13,taxi,499,13,user,0,train,0
taxi:499:14,taxi,499,14,agent,1,train,0
taxi:499:15,taxi,499,15,user,2,train,0
taxi:499:16,taxi,499,16,agent,2,train,0
taxi:499:17,taxi,499,17,user,0,train,1
taxi:499:18,taxi,499,18,agent,3,train,1
taxi:499:19,taxi,499,19,user,3,train,1
taxi:499:20,taxi,499,20,agent,2,train,0
taxi:499:21,taxi,499,21,user,2,train,0
taxi:499:22,taxi,499,22,agent,2,train,1
taxi:500:1,taxi,500,1,user,3,train,1
taxi:500:2,taxi,500,2,agent,3,train,1
taxi:500:3,taxi,500,3,user,3,train,1
taxi:500:4,taxi,500,4,agent,1,train,0
taxi:500:5,taxi,500,5,user,0,train,1
taxi:500:6,taxi,500,6,agent,1,train,0
taxi:500:7,taxi,500,7,user,0,train,0
taxi:500:8,taxi,500,8,agent,2,train,0
taxi:500:9,taxi,500,9,user,2,train,0
taxi:500:10,taxi,500,10,agent,2,train,0
taxi:501:1,taxi,501,1,user,0,validation,1
taxi:501:2,taxi,501,2,agent,1,validation,0
taxi:501:3,taxi,501,3,user,2,validation,0
taxi:501:4,taxi,501,4,agent,2,validation,0
taxi:501:5,taxi,501,5,user,2,validation,0
taxi:501:6,taxi,501,6,agent,0,validation,1
taxi:501:7,taxi,501,7,user,0,validation,0
taxi:501:8,taxi,501,8,agent,2,validation,0
taxi:501:9,taxi,501,9,user,0,validation,0
taxi:501:10,taxi,501,10,agent,0,validation,0
taxi:501:11,taxi,501,11,user,0,validation,0
taxi:501:12,taxi,501,12,agent,2,validation,0
taxi:501:13,taxi,501,13,user,2,validation,0
taxi:501:14,taxi,501,14,agent,2,validation,0
taxi:502:1,taxi,502,1,user,1,train,1
taxi:502:2,taxi,502,2,agent,2,train,0
taxi:502:3,taxi,502,3,user,2,train,1
taxi:502:4,taxi,502,4,agent,1,train,0
taxi:502:5,taxi,502,5,user,0,train,0
taxi:502:6,taxi,502,6,agent,2,train,0
taxi:502:7,taxi,502,7,user,0,train,0
taxi:502:8,taxi,502,8,agent,1,train,0
taxi:502:9,taxi,502,9,user,0,train,1
taxi:502:10,taxi,502,10,agent,2,train,0
taxi:502:11,taxi,502,11,user,0,train,0
taxi:502:12,taxi,502,12,agent,2,train,0
taxi:502:13,taxi,502,13,user,3,train,1
taxi:502:14,taxi,502,14,agent,3,train,1
taxi:503:1,taxi,503,1,user,1,train,1
taxi:503:2,taxi,503,2,agent,2,train,1
taxi:503:3,taxi,503,3,user,0,train,1
taxi:503:4,taxi,503,4,agent,0,train,1
taxi:503:5,taxi,503,5,user,2,train,0
taxi:503:6,taxi,503,6,agent,1,train,0
taxi:503:7,taxi,503,7,user,0,train,0
taxi:503:8,taxi,503,8,agent,2,train,0
taxi:503:9,taxi,503,9,user,3,train,1
taxi:503:10,taxi,503,10,agent,2,train,0
taxi:504:1,taxi,504,1,user,0,train,0
taxi:504:2,taxi,504,2,agent,1,train,0
taxi:504:3,taxi,504,3,user,0,train,0
taxi:504:4,taxi,504,4,agent,2,train,0
taxi:504:5,taxi,504,5,user,0,train,1
taxi:504:6,taxi,504,6,agent,1,train,0
taxi:504:7,taxi,504,7,user,0,train,0
taxi:504:8,taxi,504,8,agent,2,train,1
taxi:504:9,taxi,504,9,user,2,train,1
taxi:504:10,taxi,504,10,agent,2,train,0
taxi:504:11,taxi,504,11,user,3,train,1
taxi:504:12,taxi,504,12,agent,3,train,1
taxi:505:1,taxi,505,1,user,1,train,1
taxi:505:2,taxi,505,2,agent,2,train,1
taxi:505:3,taxi,505,3,user,3,train,0
taxi:505:4,taxi,505,4,agent,2,train,0
taxi:505:5,taxi,505,5,user,3,train,1
taxi:505:6,taxi,505,6,agent,3,train,1
taxi:506:1,taxi,506,1,user,1,train,0
taxi:506:2,taxi,506,2,agent,2,train,0
taxi:506:3,taxi,506,3,user,3,train,0
taxi:506:4,taxi,506,4,agent,2,train,0
taxi:506:5,taxi,506,5,user,3,train,1
taxi:506:6,taxi,506,6,agent,3,train,0
taxi:507:1,taxi,507,1,user,3,validation,1
taxi:507:2,taxi,507,2,agent,3,validation,0
taxi:507:3,taxi,507,3,user,3,validation,1
taxi:507:4,taxi,507,4,agent,2,validation,0
taxi:508:1,taxi,508,1,user,1,validation,0
taxi:508:2,taxi,508,2,agent,2,validation,0
taxi:508:3,taxi,508,3,user,3,validation,1
taxi:508:4,taxi,508,4,agent,2,validation,0
taxi:509:1,taxi,509,1,user,1,train,0
taxi:509:2,taxi,509,2,agent,2,train,0
taxi:509:3,taxi,509,3,user,0,train,0
taxi:509:4,taxi,509,4,agent,0,train,1
taxi:509:5,taxi,509,5,user,0,train,0
taxi:509:6,taxi,509,6,agent,0,train,0
taxi:509:7,taxi,509,7,user,0,train,0
taxi:509:8,taxi,509,8,agent,0,train,0
taxi:509:9,taxi,509,9,user,0,train,0
taxi:509:10,taxi,509,10,agent,0,train,0
taxi:509:11,taxi,509,11,user,0,train,1
taxi:509:12,taxi,509,12,agent,2,train,0
taxi:509:13,taxi,509,13,user,3,train,1
taxi:509:14,taxi,509,14,agent,2,train,1
taxi:509:15,taxi,509,15,user,0,train,0
taxi:509:16,taxi,509,16,agent,2,train,0
taxi:510:1,taxi,510,1,user,2,train,0
taxi:510:2,taxi,510,2,agent,2,train,1
taxi:510:3,taxi,510,3,user,0,train,0
taxi:510:4,taxi,510,4,agent,2,train,1
taxi:511:1,taxi,511,1,user,1,train,0
taxi:511:2,taxi,511,2,agent,0,train,0
taxi:511:3,taxi,511,3,user,0,train,0
taxi:511:4,taxi,511,4,agent,2,train,0
taxi:511:5,taxi,511,5,user,0,train,0
taxi:511:6,taxi,511,6,agent,2,train,1
taxi:511:7,taxi,511,7,user,2,train,0
taxi:511:8,taxi,511,8,agent,2,train,0
taxi:511:9,taxi,511,9,user,0,train,0
taxi:511:10,taxi,511,10,agent,2,train,0
taxi:512:1,taxi,512,1,user,1,train,0
taxi:512:2,taxi,512,2,agent,2,train,0
taxi:512:3,taxi,512,3,user,3,train,1
taxi:512:4,taxi,512,4,agent,2,train,0
taxi:513:1,taxi,513,1,user,1,train,1
taxi:513:2,taxi,513,2,agent,2,train,0
taxi:513:3,taxi,513,3,user,3,train,0
taxi:513:4,taxi,513,4,agent,2,train,0
taxi:514:1,taxi,514,1,user,0,test,0
taxi:514:2,taxi,514,2,agent,2,test,0
taxi:514:3,taxi,514,3,user,2,test,0
taxi:514:4,taxi,514,4,agent,1,test,0
taxi:514:5,taxi,514,5,user,0,test,0
taxi:514:6,taxi,514,6,agent,0,test,1
taxi:514:7,taxi,514,7,user,0,test,1
taxi:514:8,taxi,514,8,agent,0,test,0
taxi:514:9,taxi,514,9,user,0,test,0
taxi:514:10,taxi,514,10,agent,0,test,1
taxi:514:11,taxi,514,11,user,0,test,0
taxi:514:12,taxi,514,12,agent,2,test,0
taxi:514:13,taxi,514,13,user,0,test,0
taxi:514:14,taxi,514,14,agent,2,test,1
taxi:514:15,taxi,514,15,user,3,test,1
taxi:514:16,taxi,514,16,agent,3,test,0
taxi:515:1,taxi,515,1,user,1,train,1
taxi:515:2,taxi,515,2,agent,0,train,0
taxi:515:3,taxi,515,3,user,0,train,1
taxi:515:4,taxi,515,4,agent,0,train,0
taxi:515:5,taxi,515,5,user,0,train,0
taxi:515:6,taxi,515,6,agent,3,train,0
taxi:516:1,taxi,516,1,user,1,train,0
taxi:516:2,taxi,516,2,agent,2,train,0
taxi:516:3,taxi,516,3,user,2,train,1
taxi:516:4,taxi,516,4,agent,2,train,0
taxi:516:5,taxi,516,5,user,3,train,1
taxi:516:6,taxi,516,6,agent,2,train,0
taxi:517:1,taxi,517,1,user,1,train,1
taxi:517:2,taxi,517,2,agent,0,train,0
taxi:517:3,taxi,517,3,user,0,train,0
taxi:517:4,taxi,517,4,agent,1,train,0
taxi:517:5,taxi,517,5,user,0,train,0
taxi:517:6,taxi,517,6,agent,2,train,0
taxi:517:7,taxi,517,7,user,2,train,0
taxi:517:8,taxi,517,8,agent,2,train,0
taxi:517:9,taxi,517,9,user,3,train,0
taxi:517:10,taxi,517,10,agent,3,train,1
taxi:518:1,taxi,518,1,user,1,train,0
taxi:518:2,taxi,518,2,agent,2,train,1
taxi:518:3,taxi,518,3,user,3,train,1
taxi:518:4,taxi,518,4,agent,2,train,0
taxi:518:5,taxi,518,5,user,3,train,1
taxi:518:6,taxi,518,6,agent,3,train,0
taxi:519:1,taxi,519,1,user,1,train,0
taxi:519:2,taxi,519,2,agent,2,train,0
taxi:519:3,taxi,519,3,user,2,train,0
taxi:519:4,taxi,519,4,agent,0,train,0
taxi:519:5,taxi,519,5,user,0,train,1
taxi:519:6,taxi,519,6,agent,2,train,0
taxi:519:7,taxi,519,7,user,0,train,0
taxi:519:8,taxi,519,8,agent,1,train,0
taxi:519:9,taxi,519,9,user,0,train,0
taxi:519:10,taxi,519,10,agent,3,train,1
taxi:519:11,taxi,519,11,user,0,train,0
taxi:519:12,taxi,519,12,agent,2,train,0
taxi:519:13,taxi,519,13,user,2,train,0
taxi:519:14,taxi,519,14,agent,2,train,0
taxi:519:15,taxi,519,15,user,3,train,0
taxi:519:16,taxi,519,16,agent,3,train,1
taxi:520:1,taxi,520,1,user,1,train,0
taxi:520:2,taxi,520,2,agent,2,train,0
taxi:520:3,taxi,520,3,user,3,train,0
taxi:520:4,taxi,520,4,agent,2,train,0
taxi:520:5,taxi,520,5,user,0,train,1
taxi:520:6,taxi,520,6,agent,2,train,0
taxi:521:1,taxi,521,1,user,1,train,0
taxi:521:2,taxi,521,2,agent,2,train,0
taxi:521:3,taxi,521,3,user,3,train,1
taxi:521:4,taxi,521,4,agent,2,train,1
taxi:522:1,taxi,522,1,user,2,train,0
taxi:522:2,taxi,522,2,agent,0,train,0
taxi:522:3,taxi,522,3,user,0,train,0
taxi:522:4,taxi,522,4,agent,0,train,0
taxi:522:5,taxi,522,5,user,0,train,1
taxi:522:6,taxi,522,6,agent,0,train,0
taxi:522:7,taxi,522,7,user,0,train,0
taxi:522:8,taxi,522,8,agent,1,train,0
taxi:522:9,taxi,522,9,user,3,train,0
taxi:522:10,taxi,522,10,agent,2,train,1
taxi:523:1,taxi,523,1,user,1,validation,0
taxi:523:2,taxi,523,2,agent,2,validation,0
taxi:523:3,taxi,523,3,user,3,validation,0
taxi:523:4,taxi,523,4,agent,2,validation,0
taxi:524:1,taxi,524,1,user,1,train,0
taxi:524:2,taxi,524,2,agent,2,train,0
taxi:524:3,taxi,524,3,user,3,train,1
taxi:524:4,taxi,524,4,agent,2,train,1
taxi:524:5,taxi,524,5,user,3,train,1
taxi:524:6,taxi,524,6,agent,3,train,1
taxi:525:1,taxi,525,1,user,1,train,0
taxi:525:2,taxi,525,2,agent,1,train,0
taxi:525:3,taxi,525,3,user,0,train,0
taxi:525:4,taxi,525,4,agent,1,train,0
taxi:525:5,taxi,525,5,user,0,train,0
taxi:525:6,taxi,525,6,agent,0,train,0
taxi:525:7,taxi,525,7,user,0,train,0
taxi:525:8,taxi,525,8,agent,0,train,1
taxi:525:9,taxi,525,9,user,0,train,0
taxi:525:10,taxi,525,10,agent,2,train,0
taxi:526:1,taxi,526,1,user,0,validation,0
taxi:526:2,taxi,526,2,agent,2,validation,0
taxi:526:3,taxi,526,3,user,0,validation,0
taxi:526:4,taxi,526,4,agent,1,validation,0
taxi:526:5,taxi,526,5,user,0,validation,0
taxi:526:6,taxi,526,6,agent,2,validation,0
taxi:526:7,taxi,526,7,user,2,validation,1
taxi:526:8,taxi,526,8,agent,2,validation,0
taxi:527:1,taxi,527,1,user,1,train,0
taxi:527:2,taxi,527,2,agent,2,train,0
taxi:527:3,taxi,527,3,user,3,train,1
taxi:527:4,taxi,527,4,agent,2,train,0
taxi:527:5,taxi,527,5,user,3,train,0
taxi:527:6,taxi,527,6,agent,3,train,0
taxi:528:1,taxi,528,1,user,3,train,1
taxi:528:2,taxi,528,2,agent,0,train,0
taxi:528:3,taxi,528,3,user,0,train,0
taxi:528:4,taxi,528,4,agent,1,train,0
taxi:528:5,taxi,528,5,user,0,train,0
taxi:528:6,taxi,528,6,agent,2,train,0
taxi:528:7,taxi,528,7,user,0,train,0
taxi:528:8,taxi,528,8,agent,1,train,0
taxi:528:9,taxi,528,9,user,0,train,0
taxi:528:10,taxi,528,10,agent,2,train,0
taxi:528:11,taxi,528,11,user,0,train,0
taxi:528:12,taxi,528,12,agent,2,train,1
taxi:528:13,taxi,528,13,user,3,train,0
taxi:528:14,taxi,528,14,agent,3,train,1
taxi:529:1,taxi,529,1,user,1,train,0
taxi:529:2,taxi,529,2,agent,1,train,0
taxi:529:3,taxi,529,3,user,0,train,0
taxi:529:4,taxi,529,4,agent,2,train,0
taxi:529:5,taxi,529,5,user,2,train,1
taxi:529:6,taxi,529,6,agent,2,train,0
taxi:530:1,taxi,530,1,user,1,train,0
taxi:530:2,taxi,530,2,agent,0,train,0
taxi:530:3,taxi,530,3,user,0,train,0
taxi:530:4,taxi,530,4,agent,1,train,0
taxi:530:5,taxi,530,5,user,0,train,0
taxi:530:6,taxi,530,6,agent,1,train,0
taxi:530:7,taxi,530,7,user,2,train,0
taxi:530:8,taxi,530,8,agent,1,train,0
taxi:530:9,taxi,530,9,user,0,train,0
taxi:530:10,taxi,530,10,agent,2,train,0
taxi:530:11,taxi,530,11,user,0,train,0
taxi:530:12,taxi,530,12,agent,2,train,0
taxi:530:13,taxi,530,13,user,0,train,0
taxi:530:14,taxi,530,14,agent,2,train,0
taxi:530:15,taxi,530,15,user,2,train,0
taxi:530:16,taxi,530,16,agent,2,train,0
taxi:531:1,taxi,531,1,user,0,train,1
taxi:531:2,taxi,531,2,agent,1,train,1
taxi:531:3,taxi,531,3,user,0,train,0
taxi:531:4,taxi,531,4,agent,1,train,0
taxi:531:5,taxi,531,5,user,0,train,0
taxi:531:6,taxi,531,6,agent,2,train,0
taxi:531:7,taxi,531,7,user,0,train,1
taxi:531:8,taxi,531,8,agent,2,train,1
taxi:531:9,taxi,531,9,user,2,train,0
taxi:531:10,taxi,531,10,agent,2,train,0
taxi:532:1,taxi,532,1,user,3,validation,1
taxi:532:2,taxi,532,2,agent,3,validation,1
taxi:532:3,taxi,532,3,user,3,validation,1
taxi:532:4,taxi,532,4,agent,1,validation,1
taxi:532:5,taxi,532,5,user,0,validation,1
taxi:532:6,taxi,532,6,agent,1,validation,0
taxi:532:7,taxi,532,7,user,0,validation,0
taxi:532:8,taxi,532,8,agent,1,validation,0
taxi:532:9,taxi,532,9,user,0,validation,0
taxi:532:10,taxi,532,10,agent,1,validation,0
taxi:532:11,taxi,532,11,user,0,validation,0
taxi:532:12,taxi,532,12,agent,2,validation,0
taxi:532:13,taxi,532,13,user,0,validation,1
taxi:532:14,taxi,532,14,agent,2,validation,0
taxi:532:15,taxi,532,15,user,2,validation,1
taxi:532:16,taxi,532,16,agent,2,validation,1
taxi:533:1,taxi,533,1,user,1,test,0
taxi:533:2,taxi,533,2,agent,1,test,0
taxi:533:3,taxi,533,3,user,0,test,1
taxi:533:4,taxi,533,4,agent,3,test,0
taxi:533:5,taxi,533,5,user,2,test,0
taxi:533:6,taxi,533,6,agent,1,test,0
taxi:533:7,taxi,533,7,user,0,test,0
taxi:533:8,taxi,533,8,agent,1,test,0
taxi:533:9,taxi,533,9,user,0,test,0
taxi:533:10,taxi,533,10,agent,2,test,0
taxi:533:11,taxi,533,11,user,2,test,0
taxi:533:12,taxi,533,12,agent,2,test,0
taxi:533:13,taxi,533,13,user,3,test,1
taxi:533:14,taxi,533,14,agent,3,test,0
taxi:534:1,taxi,534,1,user,2,test,0
taxi:534:2,taxi,534,2,agent,1,test,1
taxi:534:3,taxi,534,3,user,0,test,0
taxi:534:4,taxi,534,4,agent,2,test,1
taxi:534:5,taxi,534,5,user,1,test,0
taxi:534:6,taxi,534,6,agent,1,test,0
taxi:534:7,taxi,534,7,user,3,test,1
taxi:534:8,taxi,534,8,agent,2,test,1
taxi:534:9,taxi,534,9,user,0,test,0
taxi:534:10,taxi,534,10,agent,2,test,0
taxi:534:11,taxi,534,11,user,3,test,1
taxi:534:12,taxi,534,12,agent,3,test,1
taxi:535:1,taxi,535,1,user,1,train,0
taxi:535:2,taxi,535,2,agent,2,train,0
taxi:535:3,taxi,535,3,user,3,train,1
taxi:535:4,taxi,535,4,agent,2,train,0
taxi:536:1,taxi,536,1,user,1,train,1
taxi:536:2,taxi,536,2,agent,0,train,0
taxi:536:3,taxi,536,3,user,0,train,1
taxi:536:4,taxi,536,4,agent,1,train,0
taxi:536:5,taxi,536,5,user,0,train,0
taxi:536:6,taxi,536,6,agent,2,train,0
taxi:536:7,taxi,536,7,user,0,train,0
taxi:536:8,taxi,536,8,agent,2,train,0
taxi:537:1,taxi,537,1,user,1,train,0
taxi:537:2,taxi,537,2,agent,1,train,0
taxi:537:3,taxi,537,3,user,0,train,1
taxi:537:4,taxi,537,4,agent,1,train,0
taxi:537:5,taxi,537,5,user,0,train,0
taxi:537:6,taxi,537,6,agent,2,train,0
taxi:537:7,taxi,537,7,user,0,train,1
taxi:537:8,taxi,537,8,agent,1,train,0
taxi:537:9,taxi,537,9,user,0,train,0
taxi:537:10,taxi,537,10,agent,2,train,0
taxi:537:11,taxi,537,11,user,2,train,0
taxi:537:12,taxi,537,12,agent,2,train,0
taxi:538:1,taxi,538,1,user,1,validation,1
taxi:538:2,taxi,538,2,agent,0,validation,1
taxi:538:3,taxi,538,3,user,0,validation,1
taxi:538:4,taxi,538,4,agent,1,validation,0
taxi:538:5,taxi,538,5,user,0,validation,0
taxi:538:6,taxi,538,6,agent,2,validation,0
taxi:538:7,taxi,538,7,user,2,validation,0
taxi:538:8,taxi,538,8,agent,2,validation,0
taxi:539:1,taxi,539,1,user,3,train,0
taxi:539:2,taxi,539,2,agent,3,train,1
taxi:539:3,taxi,539,3,user,2,train,0
taxi:539:4,taxi,539,4,agent,1,train,1
taxi:539:5,taxi,539,5,user,0,train,0
taxi:539:6,taxi,539,6,agent,2,train,0
taxi:539:7,taxi,539,7,user,0,train,0
taxi:539:8,taxi,539,8,agent,1,train,0
taxi:539:9,taxi,539,9,user,2,train,0
taxi:539:10,taxi,539,10,agent,1,train,0
taxi:539:11,taxi,539,11,user,0,train,0
taxi:539:12,taxi,539,12,agent,1,train,1
taxi:539:13,taxi,539,13,user,0,train,0
taxi:539:14,taxi,539,14,agent,2,train,0
taxi:539:15,taxi,539,15,user,2,train,0
taxi:539:16,taxi,539,16,agent,2,train,0
taxi:540:1,taxi,540,1,user,3,validation,0
taxi:540:2,taxi,540,2,agent,3,validation,0
taxi:540:3,taxi,540,3,user,2,validation,0
taxi:540:4,taxi,540,4,agent,1,validation,0
taxi:540:5,taxi,540,5,user,0,validation,0
taxi:540:6,taxi,540,6,agent,0,validation,1
taxi:540:7,taxi,540,7,user,0,validation,0
taxi:540:8,taxi,540,8,agent,1,validation,0
taxi:540:9,taxi,540,9,user,0,validation,0
taxi:540:10,taxi,540,10,agent,2,validation,0
taxi:540:11,taxi,540,11,user,2,validation,0
taxi:540:12,taxi,540,12,agent,2,validation,0
taxi:541:1,taxi,541,1,user,1,test,0
taxi:541:2,taxi,541,2,agent,3,test,1
taxi:541:3,taxi,541,3,user,0,test,0
taxi:541:4,taxi,541,4,agent,3,test,0
taxi:541:5,taxi,541,5,user,2,test,0
taxi:541:6,taxi,541,6,agent,2,test,0
taxi:541:7,taxi,541,7,user,3,test,0
taxi:541:8,taxi,541,8,agent,2,test,1
taxi:542:1,taxi,542,1,user,0,train,0
taxi:542:2,taxi,542,2,agent,0,train,0
taxi:542:3,taxi,542,3,user,0,train,0
taxi:542:4,taxi,542,4,agent,1,train,1
taxi:542:5,taxi,542,5,user,0,train,0
taxi:542:6,taxi,542,6,agent,2,train,1
taxi:542:7,taxi,542,7,user,0,train,0
taxi:542:8,taxi,542,8,agent,3,train,1
taxi:542:9,taxi,542,9,user,1,train,0
taxi:542:10,taxi,542,10,agent,3,train,1
taxi:543:1,taxi,543,1,user,1,train,0
taxi:543:2,taxi,543,2,agent,2,train,0
taxi:543:3,taxi,543,3,user,3,train,1
taxi:543:4,taxi,543,4,agent,2,train,0
taxi:544:1,taxi,544,1,user,1,test,0
taxi:544:2,taxi,544,2,agent,0,test,0
taxi:544:3,taxi,544,3,user,0,test,0
taxi:544:4,taxi,544,4,agent,2,test,1
taxi:544:5,taxi,544,5,user,0,test,0
taxi:544:6,taxi,544,6,agent,1,test,0
taxi:544:7,taxi,544,7,user,0,test,1
taxi:544:8,taxi,544,8,agent,2,test,0
taxi:544:9,taxi,544,9,user,2,test,0
taxi:544:10,taxi,544,10,agent,2,test,0
taxi:545:1,taxi,545,1,user,1,train,1
taxi:545:2,taxi,545,2,agent,2,train,1
taxi:545:3,taxi,545,3,user,3,train,0
taxi:545:4,taxi,545,4,agent,2,train,1
taxi:546:1,taxi,546,1,user,1,test,1
taxi:546:2,taxi,546,2,agent,1,test,0
taxi:546:3,taxi,546,3,user,3,test,1
taxi:546:4,taxi,546,4,agent,2,test,0
taxi:546:5,taxi,546,5,user,3,test,1
taxi:546:6,taxi,546,6,agent,2,test,0
taxi:547:1,taxi,547,1,user,1,train,0
taxi:547:2,taxi,547,2,agent,3,train,1
taxi:547:3,taxi,547,3,user,2,train,0
taxi:547:4,taxi,547,4,agent,1,train,0
taxi:547:5,taxi,547,5,user,3,train,1
taxi:547:6,taxi,547,6,agent,1,train,0
taxi:547:7,taxi,547,7,user,0,train,1
taxi:547:8,taxi,547,8,agent,1,train,1
taxi:547:9,taxi,547,9,user,0,train,1
taxi:547:10,taxi,547,10,agent,2,train,0
taxi:547:11,taxi,547,11,user,1,train,0
taxi:547:12,taxi,547,12,agent,1,train,0
taxi:547:13,taxi,547,13,user,3,train,1
taxi:547:14,taxi,547,14,agent,2,train,1
taxi:548:1,taxi,548,1,user,3,train,1
taxi:548:2,taxi,548,2,agent,2,train,0
taxi:548:3,taxi,548,3,user,0,train,0
taxi:548:4,taxi,548,4,agent,1,train,0
taxi:548:5,taxi,548,5,user,0,train,1
taxi:548:6,taxi,548,6,agent,1,train,1
taxi:548:7,taxi,548,7,user,3,train,0
taxi:548:8,taxi,548,8,agent,2,train,0
taxi:548:9,taxi,548,9,user,3,train,0
taxi:548:10,taxi,548,10,agent,3,train,0
taxi:549:1,taxi,549,1,user,1,train,0
taxi:549:2,taxi,549,2,agent,1,train,0
taxi:549:3,taxi,549,3,user,2,train,0
taxi:549:4,taxi,549,4,agent,2,train,0
taxi:549:5,taxi,549,5,user,3,train,0
taxi:549:6,taxi,549,6,agent,2,train,1
taxi:549:7,taxi,549,7,user,3,train,1
taxi:549:8,taxi,549,8,agent,3,train,1
taxi:550:1,taxi,550,1,user,1,train,1
taxi:550:2,taxi,550,2,agent,2,train,1
taxi:550:3,taxi,550,3,user,3,train,0
taxi:550:4,taxi,550,4,agent,2,train,0
taxi:551:1,taxi,551,1,user,3,train,1
taxi:551:2,taxi,551,2,agent,1,train,0
taxi:551:3,taxi,551,3,user,0,train,0
taxi:551:4,taxi,551,4,agent,2,train,0
taxi:551:5,taxi,551,5,user,3,train,0
taxi:551:6,taxi,551,6,agent,2,train,0
taxi:551:7,taxi,551,7,user,3,train,0
taxi:551:8,taxi,551,8,agent,3,train,1
taxi:552:1,taxi,552,1,user,1,train,0
taxi:552:2,taxi,552,2,agent,1,train,0
taxi:552:3,taxi,552,3,user,3,train,0
taxi:552:4,taxi,552,4,agent,3,train,1
taxi:552:5,taxi,552,5,user,3,train,0
taxi:552:6,taxi,552,6,agent,3,train,1
taxi:552:7,taxi,552,7,user,3,train,0
taxi:552:8,taxi,552,8,agent,2,train,0
taxi:553:1,taxi,553,1,user,3,validation,1
taxi:553:2,taxi,553,2,agent,2,validation,1
taxi:553:3,taxi,553,3,user,0,validation,0
taxi:553:4,taxi,553,4,agent,2,validation,0
taxi:554:1,taxi,554,1,user,2,train,0
taxi:554:2,taxi,554,2,agent,1,train,0
taxi:554:3,taxi,554,3,user,0,train,0
taxi:554:4,taxi,554,4,agent,2,train,0
taxi:554:5,taxi,554,5,user,3,train,0
taxi:554:6,taxi,554,6,agent,2,train,0
taxi:554:7,taxi,554,7,user,3,train,1
taxi:554:8,taxi,554,8,agent,3,train,1
taxi:555:1,taxi,555,1,user,1,train,0
taxi:555:2,taxi,555,2,agent,0,train,0
taxi:555:3,taxi,555,3,user,0,train,0
taxi:555:4,taxi,555,4,agent,1,train,0
taxi:555:5,taxi,555,5,user,0,train,0
taxi:555:6,taxi,555,6,agent,2,train,0
taxi:555:7,taxi,555,7,user,2,train,0
taxi:555:8,taxi,555,8,agent,2,train,0
taxi:555:9,taxi,555,9,user,2,train,0
taxi:555:10,taxi,555,10,agent,2,train,1
taxi:555:11,taxi,555,11,user,3,train,0
taxi:555:12,taxi,555,12,agent,3,train,1
taxi:556:1,taxi,556,1,user,1,train,0
taxi:556:2,taxi,556,2,agent,1,train,0
taxi:556:3,taxi,556,3,user,0,train,0
taxi:556:4,taxi,556,4,agent,2,train,1
taxi:556:5,taxi,556,5,user,0,train,0
taxi:556:6,taxi,556,6,agent,2,train,1
taxi:556:7,taxi,556,7,user,0,train,0
taxi:556:8,taxi,556,8,agent,2,train,0
taxi:556:9,taxi,556,9,user,0,train,1
taxi:556:10,taxi,556,10,agent,2,train,0
taxi:557:1,taxi,557,1,user,3,train,0
taxi:557:2,taxi,557,2,agent,1,train,0
taxi:557:3,taxi,557,3,user,0,train,0
taxi:557:4,taxi,557,4,agent,2,train,0
taxi:557:5,taxi,557,5,user,2,train,0
taxi:557:6,taxi,557,6,agent,2,train,0
taxi:557:7,taxi,557,7,user,3,train,0
taxi:557:8,taxi,557,8,agent,2,train,1
taxi:557:9,taxi,557,9,user,3,train,1
taxi:557:10,taxi,557,10,agent,3,train,1
taxi:558:1,taxi,558,1,user,1,train,1
taxi:558:2,taxi,558,2,agent,2,train,1
taxi:558:3,taxi,558,3,user,2,train,0
taxi:558:4,taxi,558,4,agent,2,train,0
taxi:558:5,taxi,558,5,user,2,train,0
taxi:558:6,taxi,558,6,agent,2,train,0
taxi:559:1,taxi,559,1,user,1,validation,1
taxi:559:2,taxi,559,2,agent,1,validation,1
taxi:559:3,taxi,559,3,user,0,validation,0
taxi:559:4,taxi,559,4,agent,1,validation,0
taxi:559:5,taxi,559,5,user,0,validation,1
taxi:559:6,taxi,559,6,agent,2,validation,0
taxi:559:7,taxi,559,7,user,0,validation,0
taxi:559:8,taxi,559,8,agent,2,validation,0
taxi:559:9,taxi,559,9,user,0,validation,0
taxi:559:10,taxi,559,10,agent,2,validation,0
taxi:560:1,taxi,560,1,user,0,test,0
taxi:560:2,taxi,560,2,agent,1,test,0
taxi:560:3,taxi,560,3,user,0,test,0
taxi:560:4,taxi,560,4,agent,1,test,0
taxi:560:5,taxi,560,5,user,0,test,0
taxi:560:6,taxi,560,6,agent,1,test,0
taxi:560:7,taxi,560,7,user,0,test,0
taxi:560:8,taxi,560,8,agent,0,test,0
taxi:560:9,taxi,560,9,user,0,test,1
taxi:560:10,taxi,560,10,agent,2,test,0
taxi:560:11,taxi,560,11,user,0,test,1
taxi:560:12,taxi,560,12,agent,2,test,1
taxi:561:1,taxi,561,1,user,2,train,0
taxi:561:2,taxi,561,2,agent,1,train,0
taxi:561:3,taxi,561,3,user,2,train,1
taxi:561:4,taxi,561,4,agent,2,train,1
taxi:561:5,taxi,561,5,user,2,train,0
taxi:561:6,taxi,561,6,agent,2,train,0
taxi:562:1,taxi,562,1,user,1,test,1
taxi:562:2,taxi,562,2,agent,2,test,0
taxi:562:3,taxi,562,3,user,3,test,1
taxi:562:4,taxi,562,4,agent,1,test,0
taxi:562:5,taxi,562,5,user,3,test,1
taxi:562:6,taxi,562,6,agent,2,test,0
taxi:562:7,taxi,562,7,user,3,test,0
taxi:562:8,taxi,562,8,agent,2,test,1
taxi:562:9,taxi,562,9,user,3,test,1
taxi:562:10,taxi,562,10,agent,3,test,1
taxi:563:1,taxi,563,1,user,1,test,0
taxi:563:2,taxi,563,2,agent,2,test,0
taxi:563:3,taxi,563,3,user,3,test,0
taxi:563:4,taxi,563,4,agent,2,test,0
taxi:564:1,taxi,564,1,user,3,train,0
taxi:564:2,taxi,564,2,agent,3,train,0
taxi:564:3,taxi,564,3,user,3,train,0
taxi:564:4,taxi,564,4,agent,1,train,0
taxi:564:5,taxi,564,5,user,0,train,0
taxi:564:6,taxi,564,6,agent,1,train,0
taxi:564:7,taxi,564,7,user,0,train,1
taxi:564:8,taxi,564,8,agent,1,train,0
taxi:564:9,taxi,564,9,user,0,train,0
taxi:564:10,taxi,564,10,agent,1,train,0
taxi:564:11,taxi,564,11,user,0,train,1
taxi:564:12,taxi,564,12,agent,1,train,1
taxi:564:13,taxi,564,13,user,0,train,1
taxi:564:14,taxi,564,14,agent,2,train,1
taxi:564:15,taxi,564,15,user,2,train,0
taxi:564:16,taxi,564,16,agent,2,train,0
taxi:564:17,taxi,564,17,user,3,train,0
taxi:564:18,taxi,564,18,agent,3,train,0
taxi:565:1,taxi,565,1,user,2,train,0
taxi:565:2,taxi,565,2,agent,3,train,0
taxi:565:3,taxi,565,3,user,0,train,0
taxi:565:4,taxi,565,4,agent,2,train,0
taxi:565:5,taxi,565,5,user,0,train,0
taxi:565:6,taxi,565,6,agent,1,train,1
taxi:565:7,taxi,565,7,user,0,train,0
taxi:565:8,taxi,565,8,agent,2,train,0
taxi:565:9,taxi,565,9,user,3,train,1
taxi:565:10,taxi,565,10,agent,2,train,1
taxi:565:11,taxi,565,11,user,3,train,0
taxi:565:12,taxi,565,12,agent,3,train,1
taxi:566:1,taxi,566,1,user,1,train,0
taxi:566:2,taxi,566,2,agent,2,train,0
taxi:566:3,taxi,566,3,user,3,train,1
taxi:566:4,taxi,566,4,agent,3,train,0
taxi:566:5,taxi,566,5,user,3,train,1
taxi:566:6,taxi,566,6,agent,2,train,0
taxi:567:1,taxi,567,1,user,1,train,0
taxi:567:2,taxi,567,2,agent,2,train,0
taxi:567:3,taxi,567,3,user,3,train,1
taxi:567:4,taxi,567,4,agent,2,train,0
taxi:567:5,taxi,567,5,user,3,train,1
taxi:567:6,taxi,567,6,agent,2,train,0
taxi:567:7,taxi,567,7,user,3,train,1
taxi:567:8,taxi,567,8,agent,3,train,1
taxi:568:1,taxi,568,1,user,3,train,0
taxi:568:2,taxi,568,2,agent,1,train,0
taxi:568:3,taxi,568,3,user,0,train,0
taxi:568:4,taxi,568,4,agent,2,train,0
taxi:568:5,taxi,568,5,user,2,train,0
taxi:568:6,taxi,568,6,agent,2,train,0
taxi:568:7,taxi,568,7,user,3,train,1
taxi:568:8,taxi,568,8,agent,2,train,0
taxi:568:9,taxi,568,9,user,3,train,0
taxi:568:10,taxi,568,10,agent,3,train,0
taxi:569:1,taxi,569,1,user,1,train,0
taxi:569:2,taxi,569,2,agent,2,train,1
taxi:569:3,taxi,569,3,user,3,train,0
taxi:569:4,taxi,569,4,agent,2,train,0
taxi:570:1,taxi,570,1,user,0,train,0
taxi:570:2,taxi,570,2,agent,1,train,0
taxi:570:3,taxi,570,3,user,0,train,0
taxi:570:4,taxi,570,4,agent,1,train,0
taxi:570:5,taxi,570,5,user,0,train,0
taxi:570:6,taxi,570,6,agent,2,train,0
taxi:570:7,taxi,570,7,user,0,train,0
taxi:570:8,taxi,570,8,agent,2,train,1
taxi:570:9,taxi,570,9,user,0,train,0
taxi:570:10,taxi,570,10,agent,2,train,0
taxi:571:1,taxi,571,1,user,2,test,1
taxi:571:2,taxi,571,2,agent,2,test,1
taxi:571:3,taxi,571,3,user,3,test,1
taxi:571:4,taxi,571,4,agent,2,test,0
taxi:572:1,taxi,572,1,user,1,train,0
taxi:572:2,taxi,572,2,agent,2,train,0
taxi:572:3,taxi,572,3,user,0,train,0
taxi:572:4,taxi,572,4,agent,2,train,0
taxi:573:1,taxi,573,1,user,3,train,1
taxi:573:2,taxi,573,2,agent,2,train,0
taxi:573:3,taxi,573,3,user,0,train,1
taxi:573:4,taxi,573,4,agent,2,train,0
taxi:573:5,taxi,573,5,user,0,train,0
taxi:573:6,taxi,573,6,agent,1,train,0
taxi:573:7,taxi,573,7,user,0,train,0
taxi:573:8,taxi,573,8,agent,1,train,0
taxi:573:9,taxi,573,9,user,0,train,0
taxi:573:10,taxi,573,10,agent,2,train,1
taxi:573:11,taxi,573,11,user,0,train,0
taxi:573:12,taxi,573,12,agent,2,train,0
taxi:573:13,taxi,573,13,user,3,train,1
taxi:573:14,taxi,573,14,agent,3,train,0
taxi:574:1,taxi,574,1,user,3,train,0
taxi:574:2,taxi,574,2,agent,2,train,0
taxi:574:3,taxi,574,3,user,0,train,0
taxi:574:4,taxi,574,4,agent,2,train,0
taxi:574:5,taxi,574,5,user,3,train,1
taxi:574:6,taxi,574,6,agent,3,train,1
taxi:574:7,taxi,574,7,user,0,train,1
taxi:574:8,taxi,574,8,agent,2,train,0
taxi:574:9,taxi,574,9,user,3,train,0
taxi:574:10,taxi,574,10,agent,3,train,1
taxi:575:1,taxi,575,1,user,3,train,1
taxi:575:2,taxi,575,2,agent,3,train,0
taxi:575:3,taxi,575,3,user,3,train,1
taxi:575:4,taxi,575,4,agent,1,train,0
taxi:575:5,taxi,575,5,user,0,train,1
taxi:575:6,taxi,575,6,agent,0,train,0
taxi:575:7,taxi,575,7,user,0,train,1
taxi:575:8,taxi,575,8,agent,0,train,0
taxi:575:9,taxi,575,9,user,0,train,0
taxi:575:10,taxi,575,10,agent,0,train,0
taxi:575:11,taxi,575,11,user,0,train,0
taxi:575:12,taxi,575,12,agent,0,train,0
taxi:575:13,taxi,575,13,user,1,train,0
taxi:575:14,taxi,575,14,agent,1,train,0
taxi:575:15,taxi,575,15,user,0,train,0
taxi:575:16,taxi,575,16,agent,2,train,0
taxi:575:17,taxi,575,17,user,2,train,0
taxi:575:18,taxi,575,18,agent,2,train,0
taxi:576:1,taxi,576,1,user,1,train,0
taxi:576:2,taxi,576,2,agent,2,train,0
taxi:576:3,taxi,576,3,user,0,train,0
taxi:576:4,taxi,576,4,agent,2,train,0
taxi:577:1,taxi,577,1,user,2,train,0
taxi:577:2,taxi,577,2,agent,2,train,0
taxi:577:3,taxi,577,3,user,0,train,0
taxi:577:4,taxi,577,4,agent,2,train,1
taxi:578:1,taxi,578,1,user,0,train,0
taxi:578:2,taxi,578,2,agent,3,train,0
taxi:578:3,taxi,578,3,user,0,train,0
taxi:578:4,taxi,578,4,agent,3,train,0
taxi:578:5,taxi,578,5,user,2,train,1
taxi:578:6,taxi,578,6,agent,1,train,0
taxi:578:7,taxi,578,7,user,3,train,0
taxi:578:8,taxi,578,8,agent,2,train,0
taxi:578:9,taxi,578,9,user,2,train,0
taxi:578:10,taxi,578,10,agent,2,train,0
taxi:579:1,taxi,579,1,user,1,train,0
taxi:579:2,taxi,579,2,agent,1,train,0
taxi:579:3,taxi,579,3,user,3,train,1
taxi:579:4,taxi,579,4,agent,2,train,0
taxi:580:1,taxi,580,1,user,2,train,0
taxi:580:2,taxi,580,2,agent,2,train,0
taxi:580:3,taxi,580,3,user,2,train,0
taxi:580:4,taxi,580,4,agent,2,train,0
taxi:580:5,taxi,580,5,user,2,train,1
taxi:580:6,taxi,580,6,agent,2,train,0
taxi:580:7,taxi,580,7,user,3,train,1
taxi:580:8,taxi,580,8,agent,2,train,1
taxi:581:1,taxi,581,1,user,1,validation,0
taxi:581:2,taxi,581,2,agent,2,validation,0
taxi:581:3,taxi,581,3,user,3,validation,1
taxi:581:4,taxi,581,4,agent,2,validation,0
taxi:582:1,taxi,582,1,user,1,validation,1
taxi:582:2,taxi,582,2,agent,2,validation,0
taxi:582:3,taxi,582,3,user,3,validation,1
taxi:582:4,taxi,582,4,agent,2,validation,0
taxi:583:1,taxi,583,1,user,1,train,1
taxi:583:2,taxi,583,2,agent,0,train,0
taxi:583:3,taxi,583,3,user,0,train,0
taxi:583:4,taxi,583,4,agent,2,train,0
taxi:583:5,taxi,583,5,user,0,train,0
taxi:583:6,taxi,583,6,agent,1,train,0
taxi:583:7,taxi,583,7,user,0,train,0
taxi:583:8,taxi,583,8,agent,1,train,1
taxi:583:9,taxi,583,9,user,0,train,0
taxi:583:10,taxi,583,10,agent,2,train,0
taxi:583:11,taxi,583,11,user,0,train,0
taxi:583:12,taxi,583,12,agent,2,train,0
taxi:584:1,taxi,584,1,user,2,train,0
taxi:584:2,taxi,584,2,agent,1,train,1
taxi:584:3,taxi,584,3,user,0,train,0
taxi:584:4,taxi,584,4,agent,1,train,0
taxi:584:5,taxi,584,5,user,0,train,0
taxi:584:6,taxi,584,6,agent,2,train,1
taxi:584:7,taxi,584,7,user,0,train,1
taxi:584:8,taxi,584,8,agent,2,train,0
taxi:585:1,taxi,585,1,user,1,test,0
taxi:585:2,taxi,585,2,agent,0,test,0
taxi:585:3,taxi,585,3,user,2,test,0
taxi:585:4,taxi,585,4,agent,1,test,0
taxi:585:5,taxi,585,5,user,0,test,1
taxi:585:6,taxi,585,6,agent,2,test,0
taxi:585:7,taxi,585,7,user,3,test,0
taxi:585:8,taxi,585,8,agent,2,test,0
taxi:585:9,taxi,585,9,user,2,test,0
taxi:585:10,taxi,585,10,agent,2,test,0
taxi:585:11,taxi,585,11,user,3,test,1
taxi:585:12,taxi,585,12,agent,2,test,0
taxi:585:13,taxi,585,13,user,3,test,1
taxi:585:14,taxi,585,14,agent,2,test,0
taxi:585:15,taxi,585,15,user,3,test,1
taxi:585:16,taxi,585,16,agent,3,test,0
taxi:586:1,taxi,586,1,user,0,test,0
taxi:586:2,taxi,586,2,agent,0,test,1
taxi:586:3,taxi,586,3,user,2,test,1
taxi:586:4,taxi,586,4,agent,1,test,1
taxi:586:5,taxi,586,5,user,0,test,0
taxi:586:6,taxi,586,6,agent,2,test,0
taxi:586:7,taxi,586,7,user,3,test,1
taxi:586:8,taxi,586,8,agent,2,test,0
taxi:587:1,taxi,587,1,user,1,train,1
taxi:587:2,taxi,587,2,agent,2,train,0
taxi:587:3,taxi,587,3,user,3,train,1
taxi:587:4,taxi,587,4,agent,2,train,0
taxi:588:1,taxi,588,1,user,3,train,0
taxi:588:2,taxi,588,2,agent,2,train,1
taxi:588:3,taxi,588,3,user,2,train,0
taxi:588:4,taxi,588,4,agent,2,train,1
taxi:588:5,taxi,588,5,user,2,train,0
taxi:588:6,taxi,588,6,agent,2,train,0
taxi:589:1,taxi,589,1,user,1,train,0
taxi:589:2,taxi,589,2,agent,0,train,0
taxi:589:3,taxi,589,3,user,0,train,0
taxi:589:4,taxi,589,4,agent,1,train,0
taxi:589:5,taxi,589,5,user,0,train,0
taxi:589:6,taxi,589,6,agent,1,train,0
taxi:589:7,taxi,589,7,user,0,train,0
taxi:589:8,taxi,589,8,agent,2,train,0
taxi:589:9,taxi,589,9,user,0,train,0
taxi:589:10,taxi,589,10,agent,2,train,0
taxi:590:1,taxi,590,1,user,1,train,0
taxi:590:2,taxi,590,2,agent,1,train,0
taxi:590:3,taxi,590,3,user,0,train,0
taxi:590:4,taxi,590,4,agent,1,train,0
taxi:590:5,taxi,590,5,user,0,train,0
taxi:590:6,taxi,590,6,agent,2,train,0
taxi:590:7,taxi,590,7,user,2,train,0
taxi:590:8,taxi,590,8,agent,2,train,1
taxi:591:1,taxi,591,1,user,1,train,0
taxi:591:2,taxi,591,2,agent,1,train,0
taxi:591:3,taxi,591,3,user,2,train,0
taxi:591:4,taxi,591,4,agent,1,train,0
taxi:591:5,taxi,591,5,user,0,train,0
taxi:591:6,taxi,591,6,agent,2,train,1
taxi:591:7,taxi,591,7,user,2,train,0
taxi:591:8,taxi,591,8,agent,3,train,1
taxi:591:9,taxi,591,9,user,3,train,0
taxi:591:10,taxi,591,10,agent,2,train,1
taxi:591:11,taxi,591,11,user,0,train,0
taxi:591:12,taxi,591,12,agent,2,train,0
taxi:592:1,taxi,592,1,user,1,validation,0
taxi:592:2,taxi,592,2,agent,2,validation,0
taxi:592:3,taxi,592,3,user,3,validation,1
taxi:592:4,taxi,592,4,agent,2,validation,0
taxi:593:1,taxi,593,1,user,1,validation,1
taxi:593:2,taxi,593,2,agent,2,validation,0
taxi:593:3,taxi,593,3,user,2,validation,0
taxi:593:4,taxi,593,4,agent,2,validation,0
taxi:593:5,taxi,593,5,user,2,validation,0
taxi:593:6,taxi,593,6,agent,2,validation,0
taxi:593:7,taxi,593,7,user,3,validation,0
taxi:593:8,taxi,593,8,agent,3,validation,0
taxi:594:1,taxi,594,1,user,3,train,1
taxi:594:2,taxi,594,2,agent,2,train,0
taxi:594:3,taxi,594,3,user,3,train,0
taxi:594:4,taxi,594,4,agent,1,train,0
taxi:594:5,taxi,594,5,user,3,train,1
taxi:594:6,taxi,594,6,agent,1,train,0
taxi:594:7,taxi,594,7,user,3,train,0
taxi:594:8,taxi,594,8,agent,2,train,0
taxi:594:9,taxi,594,9,user,3,train,1
taxi:594:10,taxi,594,10,agent,2,train,1
taxi:594:11,taxi,594,11,user,3,train,1
taxi:594:12,taxi,594,12,agent,3,train,0
taxi:595:1,taxi,595,1,user,0,train,0
taxi:595:2,taxi,595,2,agent,0,train,0
taxi:595:3,taxi,595,3,user,0,train,0
taxi:595:4,taxi,595,4,agent,0,train,0
taxi:595:5,taxi,595,5,user,0,train,1
taxi:595:6,taxi,595,6,agent,0,train,0
taxi:595:7,taxi,595,7,user,0,train,0
taxi:595:8,taxi,595,8,agent,2,train,1
taxi:595:9,taxi,595,9,user,2,train,0
taxi:595:10,taxi,595,10,agent,2,train,0
taxi:596:1,taxi,596,1,user,1,train,1
taxi:596:2,taxi,596,2,agent,2,train,1
taxi:596:3,taxi,596,3,user,0,train,1
taxi:596:4,taxi,596,4,agent,1,train,0
taxi:596:5,taxi,596,5,user,0,train,0
taxi:596:6,taxi,596,6,agent,2,train,0
taxi:596:7,taxi,596,7,user,0,train,0
taxi:596:8,taxi,596,8,agent,2,train,0
taxi:596:9,taxi,596,9,user,0,train,0
taxi:596:10,taxi,596,10,agent,2,train,1
taxi:596:11,taxi,596,11,user,3,train,1
taxi:596:12,taxi,596,12,agent,3,train,1
taxi:597:1,taxi,597,1,user,1,test,0
taxi:597:2,taxi,597,2,agent,2,test,0
taxi:597:3,taxi,597,3,user,3,test,0
taxi:597:4,taxi,597,4,agent,2,test,0
taxi:597:5,taxi,597,5,user,3,test,0
taxi:597:6,taxi,597,6,agent,2,test,0
taxi:598:1,taxi,598,1,user,2,train,1
taxi:598:2,taxi,598,2,agent,2,train,0
taxi:598:3,taxi,598,3,user,3,train,0
taxi:598:4,taxi,598,4,agent,3,train,0
taxi:598:5,taxi,598,5,user,2,train,0
taxi:598:6,taxi,598,6,agent,2,train,0
taxi:599:1,taxi,599,1,user,1,train,1
taxi:599:2,taxi,599,2,agent,2,train,0
taxi:599:3,taxi,599,3,user,2,train,0
taxi:599:4,taxi,599,4,agent,2,train,0
taxi:600:1,taxi,600,1,user,3,validation,1
taxi:600:2,taxi,600,2,agent,0,validation,0
taxi:600:3,taxi,600,3,user,0,validation,1
taxi:600:4,taxi,600,4,agent,2,validation,1
taxi:600:5,taxi,600,5,user,3,validation,0
taxi:600:6,taxi,600,6,agent,2,validation,0
taxi:601:1,taxi,601,1,user,2,train,0
taxi:601:2,taxi,601,2,agent,2,train,0
taxi:601:3,taxi,601,3,user,0,train,0
taxi:601:4,taxi,601,4,agent,2,train,1
taxi:602:1,taxi,602,1,user,2,validation,0
taxi:602:2,taxi,602,2,agent,1,validation,0
taxi:602:3,taxi,602,3,user,0,validation,0
taxi:602:4,taxi,602,4,agent,1,validation,0
taxi:602:5,taxi,602,5,user,0,validation,0
taxi:602:6,taxi,602,6,agent,1,validation,0
taxi:602:7,taxi,602,7,user,0,validation,0
taxi:602:8,taxi,602,8,agent,1,validation,0
taxi:602:9,taxi,602,9,user,0,validation,1
taxi:602:10,taxi,602,10,agent,2,validation,0
taxi:602:11,taxi,602,11,user,0,validation,1
taxi:602:12,taxi,602,12,agent,2,validation,0
taxi:602:13,taxi,602,13,user,3,validation,0
taxi:602:14,taxi,602,14,agent,3,validation,1
taxi:603:1,taxi,603,1,user,1,train,0
taxi:603:2,taxi,603,2,agent,2,train,0
taxi:603:3,taxi,603,3,user,2,train,0
taxi:603:4,taxi,603,4,agent,2,train,0
taxi:603:5,taxi,603,5,user,0,train,0
taxi:603:6,taxi,603,6,agent,2,train,0
taxi:603:7,taxi,603,7,user,3,train,1
taxi:603:8,taxi,603,8,agent,1,train,0
taxi:603:9,taxi,603,9,user,0,train,0
taxi:603:10,taxi,603,10,agent,2,train,1
taxi:603:11,taxi,603,11,user,2,train,0
taxi:603:12,taxi,603,12,agent,2,train,0
taxi:603:13,taxi,603,13,user,3,train,0
taxi:603:14,taxi,603,14,agent,3,train,1
taxi:604:1,taxi,604,1,user,3,train,1
taxi:604:2,taxi,604,2,agent,1,train,0
taxi:604:3,taxi,604,3,user,3,train,1
taxi:604:4,taxi,604,4,agent,2,train,1
taxi:604:5,taxi,604,5,user,2,train,0
taxi:604:6,taxi,604,6,agent,2,train,0
taxi:604:7,taxi,604,7,user,3,train,1
taxi:604:8,taxi,604,8,agent,3,train,0
taxi:605:1,taxi,605,1,user,2,validation,0
taxi:605:2,taxi,605,2,agent,2,validation,1
taxi:605:3,taxi,605,3,user,2,validation,1
taxi:605:4,taxi,605,4,agent,2,validation,0
taxi:605:5,taxi,605,5,user,0,validation,0
taxi:605:6,taxi,605,6,agent,2,validation,1
taxi:605:7,taxi,605,7,user,0,validation,1
taxi:605:8,taxi,605,8,agent,2,validation,1
taxi:606:1,taxi,606,1,user,1,train,0
taxi:606:2,taxi,606,2,agent,2,train,0
taxi:606:3,taxi,606,3,user,0,train,0
taxi:606:4,taxi,606,4,agent,1,train,0
taxi:606:5,taxi,606,5,user,0,train,0
taxi:606:6,taxi,606,6,agent,0,train,1
taxi:606:7,taxi,606,7,user,0,train,0
taxi:606:8,taxi,606,8,agent,2,train,0
taxi:606:9,taxi,606,9,user,2,train,0
taxi:606:10,taxi,606,10,agent,2,train,0
taxi:607:1,taxi,607,1,user,3,train,1
taxi:607:2,taxi,607,2,agent,3,train,0
taxi:607:3,taxi,607,3,user,3,train,0
taxi:607:4,taxi,607,4,agent,1,train,0
taxi:607:5,taxi,607,5,user,0,train,1
taxi:607:6,taxi,607,6,agent,2,train,0
taxi:607:7,taxi,607,7,user,2,train,0
taxi:607:8,taxi,607,8,agent,2,train,0
taxi:607:9,taxi,607,9,user,3,train,1
taxi:607:10,taxi,607,10,agent,3,train,1
taxi:607:11,taxi,607,11,user,3,train,1
taxi:607:12,taxi,607,12,agent,3,train,1
taxi:608:1,taxi,608,1,user,0,test,0
taxi:608:2,taxi,608,2,agent,1,test,0
taxi:608:3,taxi,608,3,user,0,test,0
taxi:608:4,taxi,608,4,agent,1,test,0
taxi:608:5,taxi,608,5,user,0,test,0
taxi:608:6,taxi,608,6,agent,2,test,0
taxi:608:7,taxi,608,7,user,0,test,0
taxi:608:8,taxi,608,8,agent,2,test,0
taxi:608:9,taxi,608,9,user,0,test,0
taxi:608:10,taxi,608,10,agent,2,test,0
taxi:609:1,taxi,609,1,user,2,test,0
taxi:609:2,taxi,609,2,agent,2,test,0
taxi:609:3,taxi,609,3,user,3,test,1
taxi:609:4,taxi,609,4,agent,2,test,0
taxi:610:1,taxi,610,1,user,1,train,0
taxi:610:2,taxi,610,2,agent,2,train,0
taxi:610:3,taxi,610,3,user,3,train,1
taxi:610:4,taxi,610,4,agent,2,train,0
taxi:611:1,taxi,611,1,user,2,train,0
taxi:611:2,taxi,611,2,agent,1,train,0
taxi:611:3,taxi,611,3,user,2,train,0
taxi:611:4,taxi,611,4,agent,2,train,0
taxi:611:5,taxi,611,5,user,2,train,0
taxi:611:6,taxi,611,6,agent,2,train,0
taxi:611:7,taxi,611,7,user,2,train,1
taxi:611:8,taxi,611,8,agent,1,train,1
taxi:611:9,taxi,611,9,user,0,train,0
taxi:611:10,taxi,611,10,agent,2,train,0
taxi:611:11,taxi,611,11,user,0,train,0
taxi:611:12,taxi,611,12,agent,2,train,0
taxi:611:13,taxi,611,13,user,2,train,1
taxi:611:14,taxi,611,14,agent,2,train,0
taxi:611:15,taxi,611,15,user,3,train,0
taxi:611:16,taxi,611,16,agent,3,train,1
taxi:612:1,taxi,612,1,user,2,train,0
taxi:612:2,taxi,612,2,agent,2,train,0
taxi:612:3,taxi,612,3,user,3,train,0
taxi:612:4,taxi,612,4,agent,2,train,1
taxi:612:5,taxi,612,5,user,3,train,1
taxi:612:6,taxi,612,6,agent,2,train,0
taxi:613:1,taxi,613,1,user,3,train,1
taxi:613:2,taxi,613,2,agent,1,train,0
taxi:613:3,taxi,613,3,user,0,train,0
taxi:613:4,taxi,613,4,agent,1,train,0
taxi:613:5,taxi,613,5,user,0,train,0
taxi:613:6,taxi,613,6,agent,1,train,0
taxi:613:7,taxi,613,7,user,2,train,1
taxi:613:8,taxi,613,8,agent,2,train,0
taxi:613:9,taxi,613,9,user,2,train,1
taxi:613:10,taxi,613,10,agent,1,train,0
taxi:613:11,taxi,613,11,user,3,train,0
taxi:613:12,taxi,613,12,agent,2,train,0
taxi:614:1,taxi,614,1,user,1,train,0
taxi:614:2,taxi,614,2,agent,3,train,1
taxi:614:3,taxi,614,3,user,3,train,1
taxi:614:4,taxi,614,4,agent,1,train,0
taxi:614:5,taxi,614,5,user,0,train,1
taxi:614:6,taxi,614,6,agent,2,train,0
taxi:614:7,taxi,614,7,user,2,train,0
taxi:614:8,taxi,614,8,agent,2,train,1
taxi:614:9,taxi,614,9,user,3,train,1
taxi:614:10,taxi,614,10,agent,3,train,1
taxi:615:1,taxi,615,1,user,1,train,1
taxi:615:2,taxi,615,2,agent,0,train,0
taxi:615:3,taxi,615,3,user,0,train,0
taxi:615:4,taxi,615,4,agent,1,train,0
taxi:615:5,taxi,615,5,user,0,train,0
taxi:615:6,taxi,615,6,agent,2,train,1
taxi:615:7,taxi,615,7,user,2,train,1
taxi:615:8,taxi,615,8,agent,2,train,0
taxi:616:1,taxi,616,1,user,2,test,0
taxi:616:2,taxi,616,2,agent,1,test,0
taxi:616:3,taxi,616,3,user,2,test,0
taxi:616:4,taxi,616,4,agent,1,test,0
taxi:616:5,taxi,616,5,user,0,test,0
taxi:616:6,taxi,616,6,agent,1,test,0
taxi:616:7,taxi,616,7,user,0,test,0
taxi:616:8,taxi,616,8,agent,1,test,0
taxi:616:9,taxi,616,9,user,3,test,1
taxi:616:10,taxi,616,10,agent,2,test,0
taxi:616:11,taxi,616,11,user,3,test,0
taxi:616:12,taxi,616,12,agent,3,test,1
taxi:617:1,taxi,617,1,user,1,train,0
taxi:617:2,taxi,617,2,agent,2,train,0
taxi:617:3,taxi,617,3,user,0,train,0
taxi:617:4,taxi,617,4,agent,2,train,0
taxi:617:5,taxi,617,5,user,3,train,1
taxi:617:6,taxi,617,6,agent,2,train,1
taxi:618:1,taxi,618,1,user,2,train,1
taxi:618:2,taxi,618,2,agent,0,train,0
taxi:618:3,taxi,618,3,user,0,train,0
taxi:618:4,taxi,618,4,agent,0,train,1
taxi:618:5,taxi,618,5,user,0,train,0
taxi:618:6,taxi,618,6,agent,1,train,0
taxi:618:7,taxi,618,7,user,0,train,0
taxi:618:8,taxi,618,8,agent,1,train,0
taxi:618:9,taxi,618,9,user,0,train,1
taxi:618:10,taxi,618,10,agent,2,train,0
taxi:618:11,taxi,618,11,user,0,train,0
taxi:618:12,taxi,618,12,agent,2,train,0
taxi:618:13,taxi,618,13,user,3,train,0
taxi:618:14,taxi,618,14,agent,3,train,1
taxi:619:1,taxi,619,1,user,2,train,1
taxi:619:2,taxi,619,2,agent,2,train,0
taxi:619:3,taxi,619,3,user,3,train,1
taxi:619:4,taxi,619,4,agent,2,train,1
taxi:620:1,taxi,620,1,user,2,train,1
taxi:620:2,taxi,620,2,agent,2,train,0
taxi:620:3,taxi,620,3,user,3,train,1
taxi:620:4,taxi,620,4,agent,2,train,0
taxi:621:1,taxi,621,1,user,1,train,1
taxi:621:2,taxi,621,2,agent,2,train,0
taxi:621:3,taxi,621,3,user,3,train,1
taxi:621:4,taxi,621,4,agent,2,train,0
taxi:622:1,taxi,622,1,user,2,test,0
taxi:622:2,taxi,622,2,agent,2,test,0
taxi:622:3,taxi,622,3,user,3,test,1
taxi:622:4,taxi,622,4,agent,2,test,1
taxi:623:1,taxi,623,1,user,1,train,0
taxi:623:2,taxi,623,2,agent,1,train,0
taxi:623:3,taxi,623,3,user,0,train,0
taxi:623:4,taxi,623,4,agent,2,train,0
taxi:624:1,taxi,624,1,user,3,validation,1
taxi:624:2,taxi,624,2,agent,3,validation,1
taxi:624:3,taxi,624,3,user,3,validation,1
taxi:624:4,taxi,624,4,agent,1,validation,0
taxi:624:5,taxi,624,5,user,0,validation,0
taxi:624:6,taxi,624,6,agent,2,validation,0
taxi:624:7,taxi,624,7,user,0,validation,0
taxi:624:8,taxi,624,8,agent,1,validation,0
taxi:624:9,taxi,624,9,user,0,validation,0
taxi:624:10,taxi,624,10,agent,2,validation,0
taxi:624:11,taxi,624,11,user,3,validation,1
taxi:624:12,taxi,624,12,agent,2,validation,0
taxi:624:13,taxi,624,13,user,3,validation,1
taxi:624:14,taxi,624,14,agent,3,validation,0
taxi:624:15,taxi,624,15,user,3,validation,0
taxi:624:16,taxi,624,16,agent,3,validation,1
taxi:625:1,taxi,625,1,user,1,test,0
taxi:625:2,taxi,625,2,agent,1,test,0
taxi:625:3,taxi,625,3,user,0,test,1
taxi:625:4,taxi,625,4,agent,2,test,0
taxi:625:5,taxi,625,5,user,2,test,0
taxi:625:6,taxi,625,6,agent,1,test,0
taxi:625:7,taxi,625,7,user,0,test,0
taxi:625:8,taxi,625,8,agent,1,test,0
taxi:625:9,taxi,625,9,user,0,test,0
taxi:625:10,taxi,625,10,agent,2,test,0
taxi:625:11,taxi,625,11,user,3,test,1
taxi:625:12,taxi,625,12,agent,3,test,1
taxi:626:1,taxi,626,1,user,1,validation,0
taxi:626:2,taxi,626,2,agent,2,validation,0
taxi:626:3,taxi,626,3,user,0,validation,0
taxi:626:4,taxi,626,4,agent,2,validation,1
taxi:627:1,taxi,627,1,user,1,train,0
taxi:627:2,taxi,627,2,agent,1,train,0
taxi:627:3,taxi,627,3,user,0,train,0
taxi:627:4,taxi,627,4,agent,2,train,0
taxi:627:5,taxi,627,5,user,0,train,1
taxi:627:6,taxi,627,6,agent,1,train,1
taxi:627:7,taxi,627,7,user,0,train,0
taxi:627:8,taxi,627,8,agent,2,train,0
taxi:627:9,taxi,627,9,user,2,train,1
taxi:627:10,taxi,627,10,agent,2,train,0
taxi:628:1,taxi,628,1,user,3,test,0
taxi:628:2,taxi,628,2,agent,3,test,0
taxi:628:3,taxi,628,3,user,1,test,1
taxi:628:4,taxi,628,4,agent,1,test,0
taxi:628:5,taxi,628,5,user,0,test,0
taxi:628:6,taxi,628,6,agent,2,test,0
taxi:628:7,taxi,628,7,user,3,test,1
taxi:628:8,taxi,628,8,agent,2,test,1
taxi:628:9,taxi,628,9,user,3,test,1
taxi:628:10,taxi,628,10,agent,3,test,0
taxi:628:11,taxi,628,11,user,3,test,0
taxi:628:12,taxi,628,12,agent,3,test,0
taxi:629:1,taxi,629,1,user,1,train,0
taxi:629:2,taxi,629,2,agent,2,train,0
taxi:629:3,taxi,629,3,user,3,train,1
taxi:629:4,taxi,629,4,agent,2,train,0
taxi:630:1,taxi,630,1,user,0,train,1
taxi:630:2,taxi,630,2,agent,3,train,1
taxi:630:3,taxi,630,3,user,3,train,1
taxi:630:4,taxi,630,4,agent,2,train,0
taxi:630:5,taxi,630,5,user,2,train,1
taxi:630:6,taxi,630,6,agent,2,train,1
taxi:630:7,taxi,630,7,user,3,train,1
taxi:630:8,taxi,630,8,agent,3,train,1
taxi:631:1,taxi,631,1,user,2,train,1
taxi:631:2,taxi,631,2,agent,2,train,0
taxi:631:3,taxi,631,3,user,2,train,0
taxi:631:4,taxi,631,4,agent,2,train,1
taxi:632:1,taxi,632,1,user,1,train,1
taxi:632:2,taxi,632,2,agent,1,train,0
taxi:632:3,taxi,632,3,user,0,train,1
taxi:632:4,taxi,632,4,agent,1,train,1
taxi:632:5,taxi,632,5,user,0,train,0
taxi:632:6,taxi,632,6,agent,2,train,0
taxi:632:7,taxi,632,7,user,2,train,0
taxi:632:8,taxi,632,8,agent,2,train,0
taxi:633:1,taxi,633,1,user,2,train,0
taxi:633:2,taxi,633,2,agent,2,train,0
taxi:633:3,taxi,633,3,user,0,train,0
taxi:633:4,taxi,633,4,agent,2,train,0
taxi:634:1,taxi,634,1,user,2,test,0
taxi:634:2,taxi,634,2,agent,2,test,0
taxi:634:3,taxi,634,3,user,2,test,0
taxi:634:4,taxi,634,4,agent,2,test,0
taxi:635:1,taxi,635,1,user,1,train,1
taxi:635:2,taxi,635,2,agent,2,train,0
taxi:635:3,taxi,635,3,user,3,train,0
taxi:635:4,taxi,635,4,agent,3,train,1
taxi:635:5,taxi,635,5,user,2,train,0
taxi:635:6,taxi,635,6,agent,2,train,0
taxi:636:1,taxi,636,1,user,3,train,1
taxi:636:2,taxi,636,2,agent,0,train,0
taxi:636:3,taxi,636,3,user,3,train,1
taxi:636:4,taxi,636,4,agent,2,train,0
taxi:636:5,taxi,636,5,user,2,train,1
taxi:636:6,taxi,636,6,agent,1,train,0
taxi:636:7,taxi,636,7,user,0,train,0
taxi:636:8,taxi,636,8,agent,2,train,0
taxi:636:9,taxi,636,9,user,3,train,0
taxi:636:10,taxi,636,10,agent,2,train,0
taxi:636:11,taxi,636,11,user,3,train,1
taxi:636:12,taxi,636,12,agent,3,train,1
taxi:637:1,taxi,637,1,user,3,train,1
taxi:637:2,taxi,637,2,agent,2,train,0
taxi:637:3,taxi,637,3,user,0,train,0
taxi:637:4,taxi,637,4,agent,2,train,0
taxi:637:5,taxi,637,5,user,3,train,1
taxi:637:6,taxi,637,6,agent,3,train,1
taxi:638:1,taxi,638,1,user,2,train,0
taxi:638:2,taxi,638,2,agent,2,train,0
taxi:638:3,taxi,638,3,user,2,train,0
taxi:638:4,taxi,638,4,agent,2,train,0
taxi:639:1,taxi,639,1,user,2,train,0
taxi:639:2,taxi,639,2,agent,2,train,0
taxi:639:3,taxi,639,3,user,0,train,0
taxi:639:4,taxi,639,4,agent,2,train,0
taxi:639:5,taxi,639,5,user,2,train,0
taxi:639:6,taxi,639,6,agent,1,train,0
taxi:639:7,taxi,639,7,user,3,train,0
taxi:639:8,taxi,639,8,agent,2,train,0
taxi:639:9,taxi,639,9,user,2,train,0
taxi:639:10,taxi,639,10,agent,1,train,0
taxi:639:11,taxi,639,11,user,0,train,0
taxi:639:12,taxi,639,12,agent,1,train,0
taxi:639:13,taxi,639,13,user,0,train,1
taxi:639:14,taxi,639,14,agent,2,train,0
taxi:639:15,taxi,639,15,user,3,train,1
taxi:639:16,taxi,639,16,agent,2,train,1
taxi:640:1,taxi,640,1,user,1,train,0
taxi:640:2,taxi,640,2,agent,2,train,0
taxi:640:3,taxi,640,3,user,3,train,1
taxi:640:4,taxi,640,4,agent,2,train,1
taxi:640:5,taxi,640,5,user,2,train,0
taxi:640:6,taxi,640,6,agent,2,train,0
taxi:641:1,taxi,641,1,user,3,train,1
taxi:641:2,taxi,641,2,agent,1,train,0
taxi:641:3,taxi,641,3,user,3,train,1
taxi:641:4,taxi,641,4,agent,2,train,0
taxi:641:5,taxi,641,5,user,0,train,0
taxi:641:6,taxi,641,6,agent,2,train,0
taxi:641:7,taxi,641,7,user,3,train,1
taxi:641:8,taxi,641,8,agent,3,train,0
taxi:642:1,taxi,642,1,user,1,train,0
taxi:642:2,taxi,642,2,agent,2,train,0
taxi:642:3,taxi,642,3,user,0,train,0
taxi:642:4,taxi,642,4,agent,0,train,0
taxi:642:5,taxi,642,5,user,0,train,0
taxi:642:6,taxi,642,6,agent,2,train,0
taxi:642:7,taxi,642,7,user,0,train,1
taxi:642:8,taxi,642,8,agent,2,train,0
taxi:643:1,taxi,643,1,user,1,train,0
taxi:643:2,taxi,643,2,agent,2,train,0
taxi:643:3,taxi,643,3,user,3,train,0
taxi:643:4,taxi,643,4,agent,2,train,0
taxi:644:1,taxi,644,1,user,2,train,0
taxi:644:2,taxi,644,2,agent,2,train,0
taxi:644:3,taxi,644,3,user,2,train,0
taxi:644:4,taxi,644,4,agent,2,train,0
taxi:644:5,taxi,644,5,user,3,train,1
taxi:644:6,taxi,644,6,agent,3,train,1
taxi:645:1,taxi,645,1,user,1,train,1
taxi:645:2,taxi,645,2,agent,2,train,1
taxi:645:3,taxi,645,3,user,0,train,0
taxi:645:4,taxi,645,4,agent,1,train,0
taxi:645:5,taxi,645,5,user,0,train,0
taxi:645:6,taxi,645,6,agent,1,train,0
taxi:645:7,taxi,645,7,user,0,train,0
taxi:645:8,taxi,645,8,agent,0,train,0
taxi:645:9,taxi,645,9,user,0,train,1
taxi:645:10,taxi,645,10,agent,2,train,1
taxi:645:11,taxi,645,11,user,2,train,1
taxi:645:12,taxi,645,12,agent,2,train,1
taxi:646:1,taxi,646,1,user,1,validation,1
taxi:646:2,taxi,646,2,agent,2,validation,0
taxi:646:3,taxi,646,3,user,3,validation,1
taxi:646:4,taxi,646,4,agent,1,validation,0
taxi:646:5,taxi,646,5,user,3,validation,1
taxi:646:6,taxi,646,6,agent,2,validation,1
taxi:646:7,taxi,646,7,user,3,validation,1
taxi:646:8,taxi,646,8,agent,2,validation,0
taxi:646:9,taxi,646,9,user,3,validation,1
taxi:646:10,taxi,646,10,agent,3,validation,1
taxi:647:1,taxi,647,1,user,2,validation,0
taxi:647:2,taxi,647,2,agent,2,validation,0
taxi:647:3,taxi,647,3,user,2,validation,0
taxi:647:4,taxi,647,4,agent,2,validation,0
taxi:648:1,taxi,648,1,user,3,train,1
taxi:648:2,taxi,648,2,agent,2,train,1
taxi:648:3,taxi,648,3,user,3,train,1
taxi:648:4,taxi,648,4,agent,1,train,0
taxi:648:5,taxi,648,5,user,0,train,0
taxi:648:6,taxi,648,6,agent,1,train,0
taxi:648:7,taxi,648,7,user,3,train,0
taxi:648:8,taxi,648,8,agent,2,train,0
taxi:648:9,taxi,648,9,user,1,train,0
taxi:648:10,taxi,648,10,agent,2,train,1
taxi:648:11,taxi,648,11,user,2,train,0
taxi:648:12,taxi,648,12,agent,2,train,0
taxi:648:13,taxi,648,13,user,3,train,1
taxi:648:14,taxi,648,14,agent,3,train,1
taxi:649:1,taxi,649,1,user,1,validation,0
taxi:649:2,taxi,649,2,agent,2,validation,0
taxi:649:3,taxi,649,3,user,3,validation,1
taxi:649:4,taxi,649,4,agent,2,validation,0
taxi:650:1,taxi,650,1,user,1,train,0
taxi:650:2,taxi,650,2,agent,0,train,0
taxi:650:3,taxi,650,3,user,0,train,0
taxi:650:4,taxi,650,4,agent,1,train,0
taxi:650:5,taxi,650,5,user,0,train,1
taxi:650:6,taxi,650,6,agent,2,train,0
taxi:650:7,taxi,650,7,user,2,train,1
taxi:650:8,taxi,650,8,agent,2,train,1
taxi:650:9,taxi,650,9,user,0,train,0
taxi:650:10,taxi,650,10,agent,2,train,0
taxi:651:1,taxi,651,1,user,3,train,1
taxi:651:2,taxi,651,2,agent,2,train,0
taxi:651:3,taxi,651,3,user,0,train,0
taxi:651:4,taxi,651,4,agent,2,train,0
taxi:652:1,taxi,652,1,user,1,test,1
taxi:652:2,taxi,652,2,agent,2,test,0
taxi:652:3,taxi,652,3,user,3,test,1
taxi:652:4,taxi,652,4,agent,2,test,1
taxi:653:1,taxi,653,1,user,1,train,0
taxi:653:2,taxi,653,2,agent,2,train,0
taxi:653:3,taxi,653,3,user,0,train,1
taxi:653:4,taxi,653,4,agent,2,train,0
taxi:653:5,taxi,653,5,user,2,train,0
taxi:653:6,taxi,653,6,agent,2,train,1
taxi:654:1,taxi,654,1,user,1,train,1
taxi:654:2,taxi,654,2,agent,0,train,0
taxi:654:3,taxi,654,3,user,2,train,0
taxi:654:4,taxi,654,4,agent,2,train,1
taxi:654:5,taxi,654,5,user,2,train,0
taxi:654:6,taxi,654,6,agent,2,train,0
taxi:654:7,taxi,654,7,user,0,train,0
taxi:654:8,taxi,654,8,agent,2,train,0
taxi:654:9,taxi,654,9,user,2,train,1
taxi:654:10,taxi,654,10,agent,1,train,0
taxi:654:11,taxi,654,11,user,0,train,0
taxi:654:12,taxi,654,12,agent,2,train,0
taxi:654:13,taxi,654,13,user,2,train,0
taxi:654:14,taxi,654,14,agent,2,train,1
taxi:654:15,taxi,654,15,user,3,train,1
taxi:654:16,taxi,654,16,agent,3,train,1
taxi:655:1,taxi,655,1,user,1,train,0
taxi:655:2,taxi,655,2,agent,3,train,1
taxi:655:3,taxi,655,3,user,0,train,0
taxi:655:4,taxi,655,4,agent,2,train,0
taxi:655:5,taxi,655,5,user,0,train,0
taxi:655:6,taxi,655,6,agent,1,train,1
taxi:655:7,taxi,655,7,user,0,train,0
taxi:655:8,taxi,655,8,agent,2,train,0
taxi:655:9,taxi,655,9,user,3,train,1
taxi:655:10,taxi,655,10,agent,2,train,0
taxi:655:11,taxi,655,11,user,3,train,1
taxi:655:12,taxi,655,12,agent,3,train,1
taxi:656:1,taxi,656,1,user,2,validation,0
taxi:656:2,taxi,656,2,agent,2,validation,0
taxi:656:3,taxi,656,3,user,3,validation,0
taxi:656:4,taxi,656,4,agent,3,validation,0
taxi:656:5,taxi,656,5,user,3,validation,1
taxi:656:6,taxi,656,6,agent,3,validation,0
taxi:656:7,taxi,656,7,user,0,validation,0
taxi:656:8,taxi,656,8,agent,2,validation,0
taxi:657:1,taxi,657,1,user,1,train,0
taxi:657:2,taxi,657,2,agent,1,train,0
taxi:657:3,taxi,657,3,user,2,train,1
taxi:657:4,taxi,657,4,agent,1,train,0
taxi:657:5,taxi,657,5,user,0,train,0
taxi:657:6,taxi,657,6,agent,2,train,0
taxi:657:7,taxi,657,7,user,2,train,0
taxi:657:8,taxi,657,8,agent,2,train,0
taxi:658:1,taxi,658,1,user,2,test,0
taxi:658:2,taxi,658,2,agent,1,test,0
taxi:658:3,taxi,658,3,user,3,test,1
taxi:658:4,taxi,658,4,agent,1,test,0
taxi:658:5,taxi,658,5,user,3,test,0
taxi:658:6,taxi,658,6,agent,2,test,0
taxi:659:1,taxi,659,1,user,1,train,0
taxi:659:2,taxi,659,2,agent,1,train,1
taxi:659:3,taxi,659,3,user,3,train,1
taxi:659:4,taxi,659,4,agent,2,train,0
taxi:660:1,taxi,660,1,user,3,train,1
taxi:660:2,taxi,660,2,agent,0,train,0
taxi:660:3,taxi,660,3,user,2,train,0
taxi:660:4,taxi,660,4,agent,2,train,0
taxi:660:5,taxi,660,5,user,2,train,1
taxi:660:6,taxi,660,6,agent,2,train,0
taxi:660:7,taxi,660,7,user,0,train,0
taxi:660:8,taxi,660,8,agent,1,train,0
taxi:660:9,taxi,660,9,user,0,train,0
taxi:660:10,taxi,660,10,agent,2,train,1
taxi:660:11,taxi,660,11,user,0,train,0
taxi:660:12,taxi,660,12,agent,2,train,0
taxi:660:13,taxi,660,13,user,0,train,0
taxi:660:14,taxi,660,14,agent,2,train,0
taxi:660:15,taxi,660,15,user,2,train,0
taxi:660:16,taxi,660,16,agent,2,train,0
taxi:660:17,taxi,660,17,user,3,train,0
taxi:660:18,taxi,660,18,agent,3,train,0
taxi:661:1,taxi,661,1,user,1,train,1
taxi:661:2,taxi,661,2,agent,0,train,0
taxi:661:3,taxi,661,3,user,0,train,0
taxi:661:4,taxi,661,4,agent,1,train,0
taxi:661:5,taxi,661,5,user,0,train,0
taxi:661:6,taxi,661,6,agent,1,train,0
taxi:661:7,taxi,661,7,user,0,train,0
taxi:661:8,taxi,661,8,agent,2,train,0
taxi:661:9,taxi,661,9,user,3,train,1
taxi:661:10,taxi,661,10,agent,2,train,0
taxi:661:11,taxi,661,11,user,3,train,0
taxi:661:12,taxi,661,12,agent,3,train,0
taxi:662:1,taxi,662,1,user,2,test,0
taxi:662:2,taxi,662,2,agent,2,test,0
taxi:662:3,taxi,662,3,user,2,test,0
taxi:662:4,taxi,662,4,agent,2,test,1
taxi:663:1,taxi,663,1,user,1,train,0
taxi:663:2,taxi,663,2,agent,1,train,0
taxi:663:3,taxi,663,3,user,0,train,0
taxi:663:4,taxi,663,4,agent,1,train,0
taxi:663:5,taxi,663,5,user,0,train,0
taxi:663:6,taxi,663,6,agent,2,train,0
taxi:663:7,taxi,663,7,user,0,train,0
taxi:663:8,taxi,663,8,agent,2,train,0
taxi:664:1,taxi,664,1,user,3,train,1
taxi:664:2,taxi,664,2,agent,3,train,1
taxi:664:3,taxi,664,3,user,0,train,1
taxi:664:4,taxi,664,4,agent,1,train,0
taxi:664:5,taxi,664,5,user,0,train,0
taxi:664:6,taxi,664,6,agent,2,train,0
taxi:664:7,taxi,664,7,user,2,train,0
taxi:664:8,taxi,664,8,agent,2,train,0
taxi:664:9,taxi,664,9,user,3,train,1
taxi:664:10,taxi,664,10,agent,3,train,1
taxi:665:1,taxi,665,1,user,0,test,1
taxi:665:2,taxi,665,2,agent,0,test,0
taxi:665:3,taxi,665,3,user,2,test,0
taxi:665:4,taxi,665,4,agent,2,test,1
taxi:665:5,taxi,665,5,user,2,test,0
taxi:665:6,taxi,665,6,agent,2,test,0
taxi:665:7,taxi,665,7,user,2,test,0
taxi:665:8,taxi,665,8,agent,1,test,0
taxi:665:9,taxi,665,9,user,0,test,1
taxi:665:10,taxi,665,10,agent,2,test,0
taxi:665:11,taxi,665,11,user,2,test,0
taxi:665:12,taxi,665,12,agent,2,test,0
taxi:665:13,taxi,665,13,user,3,test,0
taxi:665:14,taxi,665,14,agent,3,test,0
taxi:666:1,taxi,666,1,user,1,train,0
taxi:666:2,taxi,666,2,agent,2,train,0
taxi:666:3,taxi,666,3,user,3,train,1
taxi:666:4,taxi,666,4,agent,2,train,0
taxi:667:1,taxi,667,1,user,1,train,0
taxi:667:2,taxi,667,2,agent,0,train,1
taxi:667:3,taxi,667,3,user,2,train,0
taxi:667:4,taxi,667,4,agent,2,train,0
taxi:667:5,taxi,667,5,user,3,train,1
taxi:667:6,taxi,667,6,agent,1,train,0
taxi:667:7,taxi,667,7,user,0,train,1
taxi:667:8,taxi,667,8,agent,2,train,0
taxi:667:9,taxi,667,9,user,3,train,1
taxi:667:10,taxi,667,10,agent,2,train,0
taxi:667:11,taxi,667,11,user,3,train,1
taxi:667:12,taxi,667,12,agent,3,train,1
taxi:668:1,taxi,668,1,user,1,train,0
taxi:668:2,taxi,668,2,agent,0,train,1
taxi:668:3,taxi,668,3,user,2,train,0
taxi:668:4,taxi,668,4,agent,1,train,1
taxi:668:5,taxi,668,5,user,0,train,0
taxi:668:6,taxi,668,6,agent,1,train,0
taxi:668:7,taxi,668,7,user,0,train,0
taxi:668:8,taxi,668,8,agent,2,train,1
taxi:668:9,taxi,668,9,user,3,train,1
taxi:668:10,taxi,668,10,agent,2,train,0
taxi:669:1,taxi,669,1,user,3,train,1
taxi:669:2,taxi,669,2,agent,0,train,0
taxi:669:3,taxi,669,3,user,2,train,0
taxi:669:4,taxi,669,4,agent,2,train,0
taxi:669:5,taxi,669,5,user,2,train,0
taxi:669:6,taxi,669,6,agent,2,train,1
taxi:669:7,taxi,669,7,user,2,train,1
taxi:669:8,taxi,669,8,agent,1,train,0
taxi:669:9,taxi,669,9,user,0,train,0
taxi:669:10,taxi,669,10,agent,2,train,0
taxi:669:11,taxi,669,11,user,3,train,1
taxi:669:12,taxi,669,12,agent,2,train,0
taxi:669:13,taxi,669,13,user,3,train,0
taxi:669:14,taxi,669,14,agent,3,train,1
taxi:670:1,taxi,670,1,user,3,train,1
taxi:670:2,taxi,670,2,agent,1,train,0
taxi:670:3,taxi,670,3,user,3,train,1
taxi:670:4,taxi,670,4,agent,1,train,0
taxi:670:5,taxi,670,5,user,0,train,0
taxi:670:6,taxi,670,6,agent,2,train,0
taxi:670:7,taxi,670,7,user,2,train,0
taxi:670:8,taxi,670,8,agent,2,train,1
taxi:671:1,taxi,671,1,user,1,test,0
taxi:671:2,taxi,671,2,agent,2,test,0
taxi:671:3,taxi,671,3,user,3,test,0
taxi:671:4,taxi,671,4,agent,2,test,0
taxi:672:1,taxi,672,1,user,2,train,0
taxi:672:2,taxi,672,2,agent,2,train,0
taxi:672:3,taxi,672,3,user,3,train,1
taxi:672:4,taxi,672,4,agent,2,train,0
taxi:673:1,taxi,673,1,user,1,train,0
taxi:673:2,taxi,673,2,agent,2,train,1
taxi:673:3,taxi,673,3,user,3,train,0
taxi:673:4,taxi,673,4,agent,2,train,0
taxi:673:5,taxi,673,5,user,3,train,1
taxi:673:6,taxi,673,6,agent,3,train,1
taxi:674:1,taxi,674,1,user,2,test,0
taxi:674:2,taxi,674,2,agent,0,test,0
taxi:674:3,taxi,674,3,user,2,test,0
taxi:674:4,taxi,674,4,agent,1,test,0
taxi:674:5,taxi,674,5,user,0,test,0
taxi:674:6,taxi,674,6,agent,1,test,0
taxi:674:7,taxi,674,7,user,3,test,1
taxi:674:8,taxi,674,8,agent,2,test,0
taxi:675:1,taxi,675,1,user,3,train,1
taxi:675:2,taxi,675,2,agent,1,train,1
taxi:675:3,taxi,675,3,user,3,train,1
taxi:675:4,taxi,675,4,agent,2,train,0
taxi:676:1,taxi,676,1,user,1,test,0
taxi:676:2,taxi,676,2,agent,0,test,0
taxi:676:3,taxi,676,3,user,0,test,1
taxi:676:4,taxi,676,4,agent,1,test,1
taxi:676:5,taxi,676,5,user,0,test,0
taxi:676:6,taxi,676,6,agent,0,test,0
taxi:676:7,taxi,676,7,user,0,test,1
taxi:676:8,taxi,676,8,agent,2,test,0
taxi:676:9,taxi,676,9,user,3,test,1
taxi:676:10,taxi,676,10,agent,2,test,0
taxi:676:11,taxi,676,11,user,3,test,1
taxi:676:12,taxi,676,12,agent,3,test,0
taxi:677:1,taxi,677,1,user,1,train,0
taxi:677:2,taxi,677,2,agent,3,train,1
taxi:677:3,taxi,677,3,user,0,train,0
taxi:677:4,taxi,677,4,agent,2,train,0
taxi:677:5,taxi,677,5,user,2,train,0
taxi:677:6,taxi,677,6,agent,2,train,1
taxi:677:7,taxi,677,7,user,2,train,0
taxi:677:8,taxi,677,8,agent,2,train,0
taxi:677:9,taxi,677,9,user,3,train,1
taxi:677:10,taxi,677,10,agent,3,train,1
taxi:678:1,taxi,678,1,user,1,train,1
taxi:678:2,taxi,678,2,agent,2,train,1
taxi:678:3,taxi,678,3,user,0,train,0
taxi:678:4,taxi,678,4,agent,2,train,0
taxi:678:5,taxi,678,5,user,0,train,0
taxi:678:6,taxi,678,6,agent,2,train,0
taxi:678:7,taxi,678,7,user,0,train,1
taxi:678:8,taxi,678,8,agent,1,train,0
taxi:678:9,taxi,678,9,user,0,train,0
taxi:678:10,taxi,678,10,agent,2,train,0
taxi:678:11,taxi,678,11,user,2,train,0
taxi:678:12,taxi,678,12,agent,2,train,0
taxi:679:1,taxi,679,1,user,1,validation,0
taxi:679:2,taxi,679,2,agent,2,validation,0
taxi:679:3,taxi,679,3,user,3,validation,1
taxi:679:4,taxi,679,4,agent,3,validation,1
taxi:679:5,taxi,679,5,user,2,validation,0
taxi:679:6,taxi,679,6,agent,2,validation,0
taxi:680:1,taxi,680,1,user,3,train,0
taxi:680:2,taxi,680,2,agent,0,train,0
taxi:680:3,taxi,680,3,user,2,train,0
taxi:680:4,taxi,680,4,agent,2,train,0
taxi:680:5,taxi,680,5,user,2,train,0
taxi:680:6,taxi,680,6,agent,2,train,0
taxi:680:7,taxi,680,7,user,2,train,0
taxi:680:8,taxi,680,8,agent,1,train,0
taxi:680:9,taxi,680,9,user,0,train,0
taxi:680:10,taxi,680,10,agent,2,train,0
taxi:680:11,taxi,680,11,user,2,train,0
taxi:680:12,taxi,680,12,agent,2,train,0
taxi:680:13,taxi,680,13,user,3,train,1
taxi:680:14,taxi,680,14,agent,3,train,1
taxi:681:1,taxi,681,1,user,2,train,0
taxi:681:2,taxi,681,2,agent,1,train,0
taxi:681:3,taxi,681,3,user,0,train,0
taxi:681:4,taxi,681,4,agent,1,train,0
taxi:681:5,taxi,681,5,user,0,train,1
taxi:681:6,taxi,681,6,agent,1,train,0
taxi:681:7,taxi,681,7,user,0,train,0
taxi:681:8,taxi,681,8,agent,2,train,0
taxi:681:9,taxi,681,9,user,0,train,0
taxi:681:10,taxi,681,10,agent,2,train,0
taxi:681:11,taxi,681,11,user,3,train,0
taxi:681:12,taxi,681,12,agent,3,train,1
taxi:682:1,taxi,682,1,user,1,test,0
taxi:682:2,taxi,682,2,agent,0,test,0
taxi:682:3,taxi,682,3,user,0,test,1
taxi:682:4,taxi,682,4,agent,1,test,0
taxi:682:5,taxi,682,5,user,0,test,0
taxi:682:6,taxi,682,6,agent,2,test,0
taxi:682:7,taxi,682,7,user,2,test,1
taxi:682:8,taxi,682,8,agent,2,test,1
taxi:683:1,taxi,683,1,user,1,validation,0
taxi:683:2,taxi,683,2,agent,2,validation,0
taxi:683:3,taxi,683,3,user,3,validation,1
taxi:683:4,taxi,683,4,agent,2,validation,0
taxi:684:1,taxi,684,1,user,1,train,0
taxi:684:2,taxi,684,2,agent,2,train,0
taxi:684:3,taxi,684,3,user,3,train,0
taxi:684:4,taxi,684,4,agent,2,train,1
taxi:685:1,taxi,685,1,user,1,train,1
taxi:685:2,taxi,685,2,agent,1,train,1
taxi:685:3,taxi,685,3,user,0,train,0
taxi:685:4,taxi,685,4,agent,2,train,0
taxi:685:5,taxi,685,5,user,0,train,0
taxi:685:6,taxi,685,6,agent,2,train,1
taxi:685:7,taxi,685,7,user,0,train,0
taxi:685:8,taxi,685,8,agent,2,train,0
taxi:686:1,taxi,686,1,user,1,train,0
taxi:686:2,taxi,686,2,agent,1,train,0
taxi:686:3,taxi,686,3,user,3,train,1
taxi:686:4,taxi,686,4,agent,2,train,0
taxi:687:1,taxi,687,1,user,2,train,0
taxi:687:2,taxi,687,2,agent,2,train,1
taxi:687:3,taxi,687,3,user,3,train,1
taxi:687:4,taxi,687,4,agent,2,train,0
taxi:688:1,taxi,688,1,user,2,train,0
taxi:688:2,taxi,688,2,agent,2,train,0
taxi:688:3,taxi,688,3,user,3,train,1
taxi:688:4,taxi,688,4,agent,2,train,0
taxi:689:1,taxi,689,1,user,1,test,0
taxi:689:2,taxi,689,2,agent,2,test,0
taxi:689:3,taxi,689,3,user,3,test,1
taxi:689:4,taxi,689,4,agent,2,test,0
taxi:690:1,taxi,690,1,user,1,train,0
taxi:690:2,taxi,690,2,agent,2,train,0
taxi:690:3,taxi,690,3,user,3,train,1
taxi:690:4,taxi,690,4,agent,2,train,0
taxi:691:1,taxi,691,1,user,0,validation,0
taxi:691:2,taxi,691,2,agent,3,validation,1
taxi:691:3,taxi,691,3,user,0,validation,0
taxi:691:4,taxi,691,4,agent,2,validation,0
taxi:691:5,taxi,691,5,user,0,validation,0
taxi:691:6,taxi,691,6,agent,2,validation,0
taxi:691:7,taxi,691,7,user,0,validation,0
taxi:691:8,taxi,691,8,agent,2,validation,0
taxi:691:9,taxi,691,9,user,0,validation,0
taxi:691:10,taxi,691,10,agent,1,validation,0
taxi:691:11,taxi,691,11,user,0,validation,0
taxi:691:12,taxi,691,12,agent,1,validation,0
taxi:692:1,taxi,692,1,user,1,train,0
taxi:692:2,taxi,692,2,agent,3,train,1
taxi:692:3,taxi,692,3,user,0,train,0
taxi:692:4,taxi,692,4,agent,0,train,0
taxi:692:5,taxi,692,5,user,0,train,0
taxi:692:6,taxi,692,6,agent,2,train,0
taxi:692:7,taxi,692,7,user,0,train,0
taxi:692:8,taxi,692,8,agent,1,train,0
taxi:692:9,taxi,692,9,user,0,train,1
taxi:692:10,taxi,692,10,agent,2,train,0
taxi:692:11,taxi,692,11,user,2,train,0
taxi:692:12,taxi,692,12,agent,2,train,0
taxi:693:1,taxi,693,1,user,1,test,0
taxi:693:2,taxi,693,2,agent,2,test,1
taxi:693:3,taxi,693,3,user,3,test,1
taxi:693:4,taxi,693,4,agent,2,test,0
taxi:694:1,taxi,694,1,user,1,validation,0
taxi:694:2,taxi,694,2,agent,1,validation,0
taxi:694:3,taxi,694,3,user,3,validation,0
taxi:694:4,taxi,694,4,agent,2,validation,0
taxi:695:1,taxi,695,1,user,1,train,0
taxi:695:2,taxi,695,2,agent,1,train,1
taxi:695:3,taxi,695,3,user,0,train,1
taxi:695:4,taxi,695,4,agent,2,train,1
taxi:695:5,taxi,695,5,user,0,train,0
taxi:695:6,taxi,695,6,agent,2,train,0
taxi:695:7,taxi,695,7,user,2,train,1
taxi:695:8,taxi,695,8,agent,3,train,0
taxi:695:9,taxi,695,9,user,3,train,0
taxi:695:10,taxi,695,10,agent,2,train,0
taxi:696:1,taxi,696,1,user,3,train,0
taxi:696:2,taxi,696,2,agent,3,train,1
taxi:696:3,taxi,696,3,user,0,train,0
taxi:696:4,taxi,696,4,agent,2,train,0
taxi:696:5,taxi,696,5,user,2,train,0
taxi:696:6,taxi,696,6,agent,2,train,0
taxi:696:7,taxi,696,7,user,3,train,0
taxi:696:8,taxi,696,8,agent,3,train,1
taxi:697:1,taxi,697,1,user,1,train,0
taxi:697:2,taxi,697,2,agent,1,train,0
taxi:697:3,taxi,697,3,user,0,train,0
taxi:697:4,taxi,697,4,agent,1,train,0
taxi:697:5,taxi,697,5,user,0,train,1
taxi:697:6,taxi,697,6,agent,2,train,1
taxi:697:7,taxi,697,7,user,0,train,0
taxi:697:8,taxi,697,8,agent,2,train,0
taxi:698:1,taxi,698,1,user,1,train,0
taxi:698:2,taxi,698,2,agent,2,train,0
taxi:698:3,taxi,698,3,user,3,train,0
taxi:698:4,taxi,698,4,agent,2,train,0
taxi:699:1,taxi,699,1,user,3,train,1
taxi:699:2,taxi,699,2,agent,2,train,0
taxi:699:3,taxi,699,3,user,2,train,1
taxi:699:4,taxi,699,4,agent,2,train,0
taxi:699:5,taxi,699,5,user,3,train,1
taxi:699:6,taxi,699,6,agent,2,train,0
taxi:700:1,taxi,700,1,user,0,train,0
taxi:700:2,taxi,700,2,agent,0,train,0
taxi:700:3,taxi,700,3,user,0,train,0
taxi:700:4,taxi,700,4,agent,1,train,0
taxi:700:5,taxi,700,5,user,0,train,0
taxi:700:6,taxi,700,6,agent,1,train,0
taxi:700:7,taxi,700,7,user,0,train,0
taxi:700:8,taxi,700,8,agent,2,train,0
taxi:701:1,taxi,701,1,user,1,train,0
taxi:701:2,taxi,701,2,agent,2,train,0
taxi:701:3,taxi,701,3,user,3,train,0
taxi:701:4,taxi,701,4,agent,2,train,0
taxi:702:1,taxi,702,1,user,1,train,0
taxi:702:2,taxi,702,2,agent,1,train,0
taxi:702:3,taxi,702,3,user,0,train,1
taxi:702:4,taxi,702,4,agent,1,train,1
taxi:702:5,taxi,702,5,user,0,train,0
taxi:702:6,taxi,702,6,agent,1,train,0
taxi:702:7,taxi,702,7,user,0,train,0
taxi:702:8,taxi,702,8,agent,2,train,0
taxi:702:9,taxi,702,9,user,2,train,0
taxi:702:10,taxi,702,10,agent,2,train,0
taxi:703:1,taxi,703,1,user,1,train,0
taxi:703:2,taxi,703,2,agent,2,train,0
taxi:703:3,taxi,703,3,user,3,train,1
taxi:703:4,taxi,703,4,agent,2,train,0
taxi:704:1,taxi,704,1,user,1,train,0
taxi:704:2,taxi,704,2,agent,1,train,0
taxi:704:3,taxi,704,3,user,0,train,0
taxi:704:4,taxi,704,4,agent,0,train,0
taxi:704:5,taxi,704,5,user,0,train,0
taxi:704:6,taxi,704,6,agent,2,train,0
taxi:704:7,taxi,704,7,user,2,train,1
taxi:704:8,taxi,704,8,agent,2,train,0
taxi:705:1,taxi,705,1,user,1,train,0
taxi:705:2,taxi,705,2,agent,2,train,0
taxi:705:3,taxi,705,3,user,3,train,0
taxi:705:4,taxi,705,4,agent,2,train,1
taxi:706:1,taxi,706,1,user,1,train,0
taxi:706:2,taxi,706,2,agent,1,train,0
taxi:706:3,taxi,706,3,user,0,train,0
taxi:706:4,taxi,706,4,agent,2,train,0
taxi:706:5,taxi,706,5,user,3,train,1
taxi:706:6,taxi,706,6,agent,2,train,0
taxi:707:1,taxi,707,1,user,1,train,0
taxi:707:2,taxi,707,2,agent,1,train,1
taxi:707:3,taxi,707,3,user,0,train,0
taxi:707:4,taxi,707,4,agent,1,train,0
taxi:707:5,taxi,707,5,user,2,train,1
taxi:707:6,taxi,707,6,agent,2,train,0
taxi:707:7,taxi,707,7,user,2,train,0
taxi:707:8,taxi,707,8,agent,2,train,0
taxi:708:1,taxi,708,1,user,1,train,0
taxi:708:2,taxi,708,2,agent,2,train,1
taxi:708:3,taxi,708,3,user,0,train,0
taxi:708:4,taxi,708,4,agent,1,train,1
taxi:708:5,taxi,708,5,user,0,train,0
taxi:708:6,taxi,708,6,agent,1,train,0
taxi:708:7,taxi,708,7,user,0,train,0
taxi:708:8,taxi,708,8,agent,2,train,0
taxi:708:9,taxi,708,9,user,2,train,0
taxi:708:10,taxi,708,10,agent,2,train,0
taxi:709:1,taxi,709,1,user,2,test,1
taxi:709:2,taxi,709,2,agent,2,test,0
taxi:709:3,taxi,709,3,user,2,test,1
taxi:709:4,taxi,709,4,agent,2,test,0
taxi:710:1,taxi,710,1,user,1,test,1
taxi:710:2,taxi,710,2,agent,0,test,0
taxi:710:3,taxi,710,3,user,2,test,0
taxi:710:4,taxi,710,4,agent,2,test,0
taxi:710:5,taxi,710,5,user,2,test,0
taxi:710:6,taxi,710,6,agent,1,test,0
taxi:710:7,taxi,710,7,user,0,test,0
taxi:710:8,taxi,710,8,agent,2,test,0
taxi:710:9,taxi,710,9,user,3,test,1
taxi:710:10,taxi,710,10,agent,2,test,0
taxi:710:11,taxi,710,11,user,3,test,0
taxi:710:12,taxi,710,12,agent,3,test,1
taxi:711:1,taxi,711,1,user,1,train,0
taxi:711:2,taxi,711,2,agent,2,train,0
taxi:711:3,taxi,711,3,user,0,train,1
taxi:711:4,taxi,711,4,agent,2,train,0
taxi:712:1,taxi,712,1,user,1,validation,1
taxi:712:2,taxi,712,2,agent,2,validation,1
taxi:712:3,taxi,712,3,user,3,validation,1
taxi:712:4,taxi,712,4,agent,2,validation,0
taxi:713:1,taxi,713,1,user,2,train,0
taxi:713:2,taxi,713,2,agent,1,train,0
taxi:713:3,taxi,713,3,user,0,train,0
taxi:713:4,taxi,713,4,agent,1,train,0
taxi:713:5,taxi,713,5,user,0,train,0
taxi:713:6,taxi,713,6,agent,1,train,0
taxi:713:7,taxi,713,7,user,0,train,0
taxi:713:8,taxi,713,8,agent,2,train,1
taxi:713:9,taxi,713,9,user,0,train,0
taxi:713:10,taxi,713,10,agent,2,train,0
taxi:713:11,taxi,713,11,user,3,train,0
taxi:713:12,taxi,713,12,agent,3,train,1
taxi:714:1,taxi,714,1,user,3,validation,1
taxi:714:2,taxi,714,2,agent,2,validation,0
taxi:714:3,taxi,714,3,user,0,validation,0
taxi:714:4,taxi,714,4,agent,2,validation,0
taxi:715:1,taxi,715,1,user,3,train,1
taxi:715:2,taxi,715,2,agent,3,train,0
taxi:715:3,taxi,715,3,user,2,train,1
taxi:715:4,taxi,715,4,agent,1,train,1
taxi:715:5,taxi,715,5,user,0,train,0
taxi:715:6,taxi,715,6,agent,1,train,0
taxi:715:7,taxi,715,7,user,0,train,1
taxi:715:8,taxi,715,8,agent,2,train,0
taxi:715:9,taxi,715,9,user,3,train,1
taxi:715:10,taxi,715,10,agent,2,train,0
taxi:715:11,taxi,715,11,user,3,train,1
taxi:715:12,taxi,715,12,agent,3,train,1
taxi:716:1,taxi,716,1,user,1,train,0
taxi:716:2,taxi,716,2,agent,1,train,1
taxi:716:3,taxi,716,3,user,0,train,0
taxi:716:4,taxi,716,4,agent,2,train,0
taxi:716:5,taxi,716,5,user,0,train,1
taxi:716:6,taxi,716,6,agent,2,train,0
taxi:716:7,taxi,716,7,user,2,train,0
taxi:716:8,taxi,716,8,agent,2,train,1
taxi:717:1,taxi,717,1,user,2,test,0
taxi:717:2,taxi,717,2,agent,1,test,0
taxi:717:3,taxi,717,3,user,0,test,1
taxi:717:4,taxi,717,4,agent,2,test,0
taxi:717:5,taxi,717,5,user,2,test,1
taxi:717:6,taxi,717,6,agent,2,test,0
taxi:717:7,taxi,717,7,user,3,test,1
taxi:717:8,taxi,717,8,agent,3,test,0
taxi:718:1,taxi,718,1,user,1,train,1
taxi:718:2,taxi,718,2,agent,2,train,0
taxi:718:3,taxi,718,3,user,3,train,1
taxi:718:4,taxi,718,4,agent,2,train,0
taxi:719:1,taxi,719,1,user,2,train,1
taxi:719:2,taxi,719,2,agent,0,train,0
taxi:719:3,taxi,719,3,user,0,train,0
taxi:719:4,taxi,719,4,agent,1,train,0
taxi:719:5,taxi,719,5,user,0,train,0
taxi:719:6,taxi,719,6,agent,2,train,1
taxi:719:7,taxi,719,7,user,2,train,0
taxi:719:8,taxi,719,8,agent,2,train,1
taxi:720:1,taxi,720,1,user,1,test,0
taxi:720:2,taxi,720,2,agent,2,test,0
taxi:720:3,taxi,720,3,user,3,test,1
taxi:720:4,taxi,720,4,agent,2,test,0
taxi:721:1,taxi,721,1,user,1,train,0
taxi:721:2,taxi,721,2,agent,1,train,0
taxi:721:3,taxi,721,3,user,3,train,0
taxi:721:4,taxi,721,4,agent,3,train,1
taxi:721:5,taxi,721,5,user,2,train,1
taxi:721:6,taxi,721,6,agent,2,train,0
taxi:722:1,taxi,722,1,user,1,train,0
taxi:722:2,taxi,722,2,agent,2,train,0
taxi:722:3,taxi,722,3,user,3,train,1
taxi:722:4,taxi,722,4,agent,2,train,1
taxi:723:1,taxi,723,1,user,1,train,0
taxi:723:2,taxi,723,2,agent,2,train,0
taxi:723:3,taxi,723,3,user,3,train,1
taxi:723:4,taxi,723,4,agent,2,train,1
taxi:724:1,taxi,724,1,user,3,train,0
taxi:724:2,taxi,724,2,agent,2,train,1
taxi:724:3,taxi,724,3,user,0,train,0
taxi:724:4,taxi,724,4,agent,2,train,0
taxi:724:5,taxi,724,5,user,3,train,1
taxi:724:6,taxi,724,6,agent,3,train,1
taxi:725:1,taxi,725,1,user,3,train,1
taxi:725:2,taxi,725,2,agent,2,train,1
taxi:725:3,taxi,725,3,user,2,train,0
taxi:725:4,taxi,725,4,agent,2,train,0
taxi:726:1,taxi,726,1,user,3,train,1
taxi:726:2,taxi,726,2,agent,2,train,0
taxi:726:3,taxi,726,3,user,3,train,1
taxi:726:4,taxi,726,4,agent,2,train,1
taxi:726:5,taxi,726,5,user,0,train,0
taxi:726:6,taxi,726,6,agent,2,train,0
taxi:726:7,taxi,726,7,user,3,train,1
taxi:726:8,taxi,726,8,agent,3,train,0
taxi:727:1,taxi,727,1,user,2,train,0
taxi:727:2,taxi,727,2,agent,1,train,0
taxi:727:3,taxi,727,3,user,3,train,0
taxi:727:4,taxi,727,4,agent,1,train,0
taxi:727:5,taxi,727,5,user,0,train,1
taxi:727:6,taxi,727,6,agent,1,train,0
taxi:727:7,taxi,727,7,user,0,train,0
taxi:727:8,taxi,727,8,agent,2,train,0
taxi:727:9,taxi,727,9,user,2,train,0
taxi:727:10,taxi,727,10,agent,2,train,0
taxi:727:11,taxi,727,11,user,3,train,1
taxi:727:12,taxi,727,12,agent,3,train,0
taxi:728:1,taxi,728,1,user,1,train,0
taxi:728:2,taxi,728,2,agent,2,train,1
taxi:728:3,taxi,728,3,user,0,train,1
taxi:728:4,taxi,728,4,agent,2,train,0
taxi:728:5,taxi,728,5,user,2,train,1
taxi:728:6,taxi,728,6,agent,2,train,1
taxi:729:1,taxi,729,1,user,1,train,0
taxi:729:2,taxi,729,2,agent,2,train,0
taxi:729:3,taxi,729,3,user,0,train,1
taxi:729:4,taxi,729,4,agent,1,train,1
taxi:729:5,taxi,729,5,user,0,train,0
taxi:729:6,taxi,729,6,agent,2,train,0
taxi:729:7,taxi,729,7,user,0,train,0
taxi:729:8,taxi,729,8,agent,1,train,1
taxi:729:9,taxi,729,9,user,0,train,0
taxi:729:10,taxi,729,10,agent,2,train,0
taxi:729:11,taxi,729,11,user,3,train,1
taxi:729:12,taxi,729,12,agent,2,train,0
taxi:730:1,taxi,730,1,user,2,test,0
taxi:730:2,taxi,730,2,agent,1,test,0
taxi:730:3,taxi,730,3,user,0,test,0
taxi:730:4,taxi,730,4,agent,1,test,0
taxi:730:5,taxi,730,5,user,3,test,1
taxi:730:6,taxi,730,6,agent,2,test,0
taxi:731:1,taxi,731,1,user,1,train,0
taxi:731:2,taxi,731,2,agent,2,train,0
taxi:731:3,taxi,731,3,user,3,train,1
taxi:731:4,taxi,731,4,agent,2,train,0
taxi:732:1,taxi,732,1,user,1,train,0
taxi:732:2,taxi,732,2,agent,2,train,1
taxi:732:3,taxi,732,3,user,0,train,0
taxi:732:4,taxi,732,4,agent,1,train,0
taxi:732:5,taxi,732,5,user,0,train,1
taxi:732:6,taxi,732,6,agent,1,train,0
taxi:732:7,taxi,732,7,user,0,train,0
taxi:732:8,taxi,732,8,agent,2,train,0
taxi:732:9,taxi,732,9,user,3,train,1
taxi:732:10,taxi,732,10,agent,2,train,1
taxi:733:1,taxi,733,1,user,1,train,0
taxi:733:2,taxi,733,2,agent,1,train,0
taxi:733:3,taxi,733,3,user,0,train,0
taxi:733:4,taxi,733,4,agent,2,train,0
taxi:733:5,taxi,733,5,user,3,train,1
taxi:733:6,taxi,733,6,agent,2,train,0
taxi:733:7,taxi,733,7,user,3,train,1
taxi:733:8,taxi,733,8,agent,2,train,0
taxi:733:9,taxi,733,9,user,0,train,0
taxi:733:10,taxi,733,10,agent,2,train,0
taxi:734:1,taxi,734,1,user,1,train,0
taxi:734:2,taxi,734,2,agent,2,train,1
taxi:734:3,taxi,734,3,user,0,train,0
taxi:734:4,taxi,734,4,agent,2,train,0
taxi:735:1,taxi,735,1,user,2,train,0
taxi:735:2,taxi,735,2,agent,1,train,0
taxi:735:3,taxi,735,3,user,2,train,0
taxi:735:4,taxi,735,4,agent,2,train,0
taxi:736:1,taxi,736,1,user,2,train,0
taxi:736:2,taxi,736,2,agent,2,train,1
taxi:736:3,taxi,736,3,user,2,train,0
taxi:736:4,taxi,736,4,agent,2,train,0
taxi:737:1,taxi,737,1,user,1,train,0
taxi:737:2,taxi,737,2,agent,2,train,0
taxi:737:3,taxi,737,3,user,2,train,0
taxi:737:4,taxi,737,4,agent,2,train,1
taxi:738:1,taxi,738,1,user,1,validation,0
taxi:738:2,taxi,738,2,agent,0,validation,1
taxi:738:3,taxi,738,3,user,2,validation,1
taxi:738:4,taxi,738,4,agent,0,validation,0
taxi:738:5,taxi,738,5,user,0,validation,0
taxi:738:6,taxi,738,6,agent,1,validation,0
taxi:738:7,taxi,738,7,user,0,validation,0
taxi:738:8,taxi,738,8,agent,2,validation,0
taxi:738:9,taxi,738,9,user,2,validation,0
taxi:738:10,taxi,738,10,agent,2,validation,0
taxi:739:1,taxi,739,1,user,1,test,0
taxi:739:2,taxi,739,2,agent,2,test,0
taxi:739:3,taxi,739,3,user,0,test,0
taxi:739:4,taxi,739,4,agent,1,test,0
taxi:739:5,taxi,739,5,user,2,test,0
taxi:739:6,taxi,739,6,agent,2,test,0
taxi:740:1,taxi,740,1,user,2,train,0
taxi:740:2,taxi,740,2,agent,2,train,0
taxi:740:3,taxi,740,3,user,2,train,0
taxi:740:4,taxi,740,4,agent,2,train,0
taxi:741:1,taxi,741,1,user,3,test,1
taxi:741:2,taxi,741,2,agent,3,test,1
taxi:741:3,taxi,741,3,user,2,test,0
taxi:741:4,taxi,741,4,agent,1,test,0
taxi:741:5,taxi,741,5,user,0,test,1
taxi:741:6,taxi,741,6,agent,1,test,0
taxi:741:7,taxi,741,7,user,0,test,0
taxi:741:8,taxi,741,8,agent,2,test,1
taxi:741:9,taxi,741,9,user,2,test,0
taxi:741:10,taxi,741,10,agent,2,test,0
taxi:742:1,taxi,742,1,user,2,train,0
taxi:742:2,taxi,742,2,agent,2,train,0
taxi:742:3,taxi,742,3,user,0,train,0
taxi:742:4,taxi,742,4,agent,2,train,0
taxi:742:5,taxi,742,5,user,2,train,1
taxi:742:6,taxi,742,6,agent,2,train,1
taxi:743:1,taxi,743,1,user,2,train,1
taxi:743:2,taxi,743,2,agent,2,train,0
taxi:743:3,taxi,743,3,user,2,train,0
taxi:743:4,taxi,743,4,agent,2,train,0
taxi:744:1,taxi,744,1,user,1,train,0
taxi:744:2,taxi,744,2,agent,2,train,1
taxi:744:3,taxi,744,3,user,0,train,0
taxi:744:4,taxi,744,4,agent,2,train,0
taxi:744:5,taxi,744,5,user,2,train,0
taxi:744:6,taxi,744,6,agent,2,train,0
taxi:745:1,taxi,745,1,user,1,train,1
taxi:745:2,taxi,745,2,agent,2,train,0
taxi:745:3,taxi,745,3,user,0,train,0
taxi:745:4,taxi,745,4,agent,1,train,0
taxi:745:5,taxi,745,5,user,0,train,0
taxi:745:6,taxi,745,6,agent,1,train,0
taxi:745:7,taxi,745,7,user,2,train,0
taxi:745:8,taxi,745,8,agent,2,train,1
taxi:745:9,taxi,745,9,user,2,train,1
taxi:745:10,taxi,745,10,agent,2,train,0
taxi:746:1,taxi,746,1,user,1,train,0
taxi:746:2,taxi,746,2,agent,0,train,1
taxi:746:3,taxi,746,3,user,0,train,0
taxi:746:4,taxi,746,4,agent,1,train,0
taxi:746:5,taxi,746,5,user,0,train,1
taxi:746:6,taxi,746,6,agent,0,train,0
taxi:746:7,taxi,746,7,user,0,train,1
taxi:746:8,taxi,746,8,agent,2,train,0
taxi:746:9,taxi,746,9,user,2,train,0
taxi:746:10,taxi,746,10,agent,2,train,0
taxi:746:11,taxi,746,11,user,0,train,0
taxi:746:12,taxi,746,12,agent,2,train,1
taxi:747:1,taxi,747,1,user,1,train,0
taxi:747:2,taxi,747,2,agent,1,train,0
taxi:747:3,taxi,747,3,user,0,train,0
taxi:747:4,taxi,747,4,agent,1,train,0
taxi:747:5,taxi,747,5,user,0,train,0
taxi:747:6,taxi,747,6,agent,2,train,0
taxi:747:7,taxi,747,7,user,0,train,0
taxi:747:8,taxi,747,8,agent,2,train,0
taxi:747:9,taxi,747,9,user,0,train,0
taxi:747:10,taxi,747,10,agent,2,train,0
taxi:747:11,taxi,747,11,user,3,train,0
taxi:747:12,taxi,747,12,agent,2,train,0
taxi:747:13,taxi,747,13,user,3,train,0
taxi:747:14,taxi,747,14,agent,3,train,1
taxi:748:1,taxi,748,1,user,1,test,0
taxi:748:2,taxi,748,2,agent,0,test,1
taxi:748:3,taxi,748,3,user,2,test,0
taxi:748:4,taxi,748,4,agent,2,test,0
taxi:748:5,taxi,748,5,user,2,test,0
taxi:748:6,taxi,748,6,agent,2,test,1
taxi:749:1,taxi,749,1,user,2,train,0
taxi:749:2,taxi,749,2,agent,2,train,1
taxi:749:3,taxi,749,3,user,2,train,1
taxi:749:4,taxi,749,4,agent,2,train,0
taxi:750:1,taxi,750,1,user,1,train,0
taxi:750:2,taxi,750,2,agent,0,train,0
taxi:750:3,taxi,750,3,user,2,train,1
taxi:750:4,taxi,750,4,agent,1,train,0
taxi:750:5,taxi,750,5,user,0,train,0
taxi:750:6,taxi,750,6,agent,1,train,1
taxi:750:7,taxi,750,7,user,2,train,0
taxi:750:8,taxi,750,8,agent,2,train,0
taxi:750:9,taxi,750,9,user,2,train,0
taxi:750:10,taxi,750,10,agent,2,train,0
taxi:751:1,taxi,751,1,user,2,test,1
taxi:751:2,taxi,751,2,agent,0,test,0
taxi:751:3,taxi,751,3,user,0,test,0
taxi:751:4,taxi,751,4,agent,1,test,1
taxi:751:5,taxi,751,5,user,0,test,0
taxi:751:6,taxi,751,6,agent,1,test,0
taxi:751:7,taxi,751,7,user,0,test,0
taxi:751:8,taxi,751,8,agent,2,test,0
taxi:751:9,taxi,751,9,user,0,test,0
taxi:751:10,taxi,751,10,agent,3,test,1
taxi:751:11,taxi,751,11,user,3,test,1
taxi:751:12,taxi,751,12,agent,2,test,0
taxi:751:13,taxi,751,13,user,2,test,0
taxi:751:14,taxi,751,14,agent,2,test,1
taxi:752:1,taxi,752,1,user,2,test,0
taxi:752:2,taxi,752,2,agent,2,test,0
taxi:752:3,taxi,752,3,user,2,test,0
taxi:752:4,taxi,752,4,agent,2,test,0
taxi:753:1,taxi,753,1,user,1,train,0
taxi:753:2,taxi,753,2,agent,2,train,1
taxi:753:3,taxi,753,3,user,3,train,1
taxi:753:4,taxi,753,4,agent,2,train,0
taxi:754:1,taxi,754,1,user,1,train,0
taxi:754:2,taxi,754,2,agent,2,train,0
taxi:754:3,taxi,754,3,user,0,train,0
taxi:754:4,taxi,754,4,agent,2,train,0
taxi:755:1,taxi,755,1,user,1,test,0
taxi:755:2,taxi,755,2,agent,1,test,0
taxi:755:3,taxi,755,3,user,3,test,1
taxi:755:4,taxi,755,4,agent,1,test,0
taxi:755:5,taxi,755,5,user,2,test,0
taxi:755:6,taxi,755,6,agent,1,test,0
taxi:755:7,taxi,755,7,user,0,test,1
taxi:755:8,taxi,755,8,agent,2,test,0
taxi:755:9,taxi,755,9,user,3,test,1
taxi:755:10,taxi,755,10,agent,2,test,0
taxi:756:1,taxi,756,1,user,2,train,0
taxi:756:2,taxi,756,2,agent,2,train,0
taxi:756:3,taxi,756,3,user,2,train,0
taxi:756:4,taxi,756,4,agent,2,train,0
taxi:756:5,taxi,756,5,user,3,train,0
taxi:756:6,taxi,756,6,agent,2,train,0
taxi:757:1,taxi,757,1,user,2,train,0
taxi:757:2,taxi,757,2,agent,2,train,1
taxi:757:3,taxi,757,3,user,0,train,1
taxi:757:4,taxi,757,4,agent,2,train,1
taxi:758:1,taxi,758,1,user,2,train,0
taxi:758:2,taxi,758,2,agent,2,train,1
taxi:758:3,taxi,758,3,user,2,train,0
taxi:758:4,taxi,758,4,agent,2,train,0
taxi:759:1,taxi,759,1,user,2,train,1
taxi:759:2,taxi,759,2,agent,2,train,0
taxi:759:3,taxi,759,3,user,0,train,0
taxi:759:4,taxi,759,4,agent,2,train,1
taxi:760:1,taxi,760,1,user,1,train,0
taxi:760:2,taxi,760,2,agent,2,train,0
taxi:760:3,taxi,760,3,user,0,train,1
taxi:760:4,taxi,760,4,agent,2,train,0
taxi:761:1,taxi,761,1,user,0,train,0
taxi:761:2,taxi,761,2,agent,2,train,0
taxi:761:3,taxi,761,3,user,0,train,1
taxi:761:4,taxi,761,4,agent,3,train,1
taxi:762:1,taxi,762,1,user,1,train,0
taxi:762:2,taxi,762,2,agent,2,train,0
taxi:762:3,taxi,762,3,user,0,train,0
taxi:762:4,taxi,762,4,agent,2,train,0
taxi:762:5,taxi,762,5,user,3,train,1
taxi:762:6,taxi,762,6,agent,3,train,1
taxi:762:7,taxi,762,7,user,2,train,0
taxi:762:8,taxi,762,8,agent,2,train,1
taxi:762:9,taxi,762,9,user,2,train,0
taxi:762:10,taxi,762,10,agent,2,train,0
taxi:763:1,taxi,763,1,user,2,train,0
taxi:763:2,taxi,763,2,agent,0,train,1
taxi:763:3,taxi,763,3,user,0,train,1
taxi:763:4,taxi,763,4,agent,0,train,0
taxi:763:5,taxi,763,5,user,0,train,1
taxi:763:6,taxi,763,6,agent,1,train,0
taxi:763:7,taxi,763,7,user,0,train,0
taxi:763:8,taxi,763,8,agent,1,train,0
taxi:763:9,taxi,763,9,user,0,train,0
taxi:763:10,taxi,763,10,agent,2,train,1
taxi:763:11,taxi,763,11,user,3,train,1
taxi:763:12,taxi,763,12,agent,2,train,0
taxi:763:13,taxi,763,13,user,0,train,0
taxi:763:14,taxi,763,14,agent,2,train,0
taxi:764:1,taxi,764,1,user,1,train,1
taxi:764:2,taxi,764,2,agent,0,train,0
taxi:764:3,taxi,764,3,user,2,train,0
taxi:764:4,taxi,764,4,agent,1,train,0
taxi:764:5,taxi,764,5,user,0,train,1
taxi:764:6,taxi,764,6,agent,2,train,1
taxi:764:7,taxi,764,7,user,2,train,0
taxi:764:8,taxi,764,8,agent,2,train,1
taxi:765:1,taxi,765,1,user,1,test,1
taxi:765:2,taxi,765,2,agent,0,test,1
taxi:765:3,taxi,765,3,user,0,test,0
taxi:765:4,taxi,765,4,agent,1,test,0
taxi:765:5,taxi,765,5,user,0,test,0
taxi:765:6,taxi,765,6,agent,0,test,1
taxi:765:7,taxi,765,7,user,0,test,0
taxi:765:8,taxi,765,8,agent,1,test,0
taxi:765:9,taxi,765,9,user,3,test,1
taxi:765:10,taxi,765,10,agent,2,test,0
taxi:766:1,taxi,766,1,user,1,train,0
taxi:766:2,taxi,766,2,agent,2,train,1
taxi:766:3,taxi,766,3,user,0,train,0
taxi:766:4,taxi,766,4,agent,2,train,1
taxi:767:1,taxi,767,1,user,3,train,0
taxi:767:2,taxi,767,2,agent,2,train,0
taxi:767:3,taxi,767,3,user,2,train,0
taxi:767:4,taxi,767,4,agent,2,train,0
taxi:768:1,taxi,768,1,user,1,train,1
taxi:768:2,taxi,768,2,agent,2,train,0
taxi:768:3,taxi,768,3,user,0,train,1
taxi:768:4,taxi,768,4,agent,1,train,1
taxi:768:5,taxi,768,5,user,0,train,0
taxi:768:6,taxi,768,6,agent,0,train,0
taxi:768:7,taxi,768,7,user,0,train,1
taxi:768:8,taxi,768,8,agent,1,train,0
taxi:768:9,taxi,768,9,user,0,train,0
taxi:768:10,taxi,768,10,agent,2,train,0
taxi:768:11,taxi,768,11,user,3,train,1
taxi:768:12,taxi,768,12,agent,2,train,0
taxi:768:13,taxi,768,13,user,0,train,0
taxi:768:14,taxi,768,14,agent,2,train,1
taxi:769:1,taxi,769,1,user,2,train,0
taxi:769:2,taxi,769,2,agent,1,train,1
taxi:769:3,taxi,769,3,user,0,train,0
taxi:769:4,taxi,769,4,agent,2,train,0
taxi:769:5,taxi,769,5,user,3,train,1
taxi:769:6,taxi,769,6,agent,2,train,0
taxi:770:1,taxi,770,1,user,1,test,0
taxi:770:2,taxi,770,2,agent,3,test,1
taxi:770:3,taxi,770,3,user,0,test,1
taxi:770:4,taxi,770,4,agent,1,test,0
taxi:770:5,taxi,770,5,user,0,test,0
taxi:770:6,taxi,770,6,agent,1,test,0
taxi:770:7,taxi,770,7,user,0,test,0
taxi:770:8,taxi,770,8,agent,1,test,0
taxi:770:9,taxi,770,9,user,0,test,1
taxi:770:10,taxi,770,10,agent,3,test,1
taxi:770:11,taxi,770,11,user,0,test,0
taxi:770:12,taxi,770,12,agent,1,test,0
taxi:770:13,taxi,770,13,user,2,test,1
taxi:770:14,taxi,770,14,agent,3,test,1
taxi:771:1,taxi,771,1,user,1,test,0
taxi:771:2,taxi,771,2,agent,2,test,0
taxi:771:3,taxi,771,3,user,0,test,0
taxi:771:4,taxi,771,4,agent,2,test,0
taxi:772:1,taxi,772,1,user,1,train,0
taxi:772:2,taxi,772,2,agent,2,train,0
taxi:772:3,taxi,772,3,user,2,train,0
taxi:772:4,taxi,772,4,agent,2,train,0
taxi:773:1,taxi,773,1,user,2,test,0
taxi:773:2,taxi,773,2,agent,2,test,0
taxi:773:3,taxi,773,3,user,0,test,0
taxi:773:4,taxi,773,4,agent,1,test,0
taxi:773:5,taxi,773,5,user,0,test,0
taxi:773:6,taxi,773,6,agent,1,test,0
taxi:773:7,taxi,773,7,user,2,test,0
taxi:773:8,taxi,773,8,agent,3,test,0
taxi:773:9,taxi,773,9,user,2,test,0
taxi:773:10,taxi,773,10,agent,2,test,1
taxi:774:1,taxi,774,1,user,2,test,1
taxi:774:2,taxi,774,2,agent,2,test,0
taxi:774:3,taxi,774,3,user,0,test,0
taxi:774:4,taxi,774,4,agent,2,test,0
taxi:774:5,taxi,774,5,user,2,test,0
taxi:774:6,taxi,774,6,agent,2,test,0
taxi:775:1,taxi,775,1,user,1,train,1
taxi:775:2,taxi,775,2,agent,1,train,0
taxi:775:3,taxi,775,3,user,0,train,0
taxi:775:4,taxi,775,4,agent,0,train,0
taxi:775:5,taxi,775,5,user,0,train,1
taxi:775:6,taxi,775,6,agent,3,train,0
taxi:775:7,taxi,775,7,user,2,train,0
taxi:775:8,taxi,775,8,agent,2,train,0
taxi:775:9,taxi,775,9,user,3,train,0
taxi:775:10,taxi,775,10,agent,2,train,0
taxi:776:1,taxi,776,1,user,1,train,0
taxi:776:2,taxi,776,2,agent,1,train,1
taxi:776:3,taxi,776,3,user,0,train,0
taxi:776:4,taxi,776,4,agent,1,train,0
taxi:776:5,taxi,776,5,user,0,train,0
taxi:776:6,taxi,776,6,agent,2,train,0
taxi:776:7,taxi,776,7,user,3,train,0
taxi:776:8,taxi,776,8,agent,2,train,0
taxi:777:1,taxi,777,1,user,1,validation,1
taxi:777:2,taxi,777,2,agent,1,validation,0
taxi:777:3,taxi,777,3,user,0,validation,0
taxi:777:4,taxi,777,4,agent,2,validation,0
taxi:777:5,taxi,777,5,user,3,validation,1
taxi:777:6,taxi,777,6,agent,2,validation,0
taxi:778:1,taxi,778,1,user,1,test,0
taxi:778:2,taxi,778,2,agent,2,test,0
taxi:778:3,taxi,778,3,user,3,test,1
taxi:778:4,taxi,778,4,agent,2,test,0
taxi:778:5,taxi,778,5,user,0,test,1
taxi:778:6,taxi,778,6,agent,2,test,0
taxi:779:1,taxi,779,1,user,1,train,0
taxi:779:2,taxi,779,2,agent,2,train,0
taxi:779:3,taxi,779,3,user,0,train,0
taxi:779:4,taxi,779,4,agent,2,train,0
taxi:779:5,taxi,779,5,user,3,train,0
taxi:779:6,taxi,779,6,agent,2,train,0
taxi:779:7,taxi,779,7,user,0,train,1
taxi:779:8,taxi,779,8,agent,2,train,0
taxi:780:1,taxi,780,1,user,1,train,0
taxi:780:2,taxi,780,2,agent,3,train,1
taxi:780:3,taxi,780,3,user,0,train,0
taxi:780:4,taxi,780,4,agent,1,train,0
taxi:780:5,taxi,780,5,user,0,train,0
taxi:780:6,taxi,780,6,agent,1,train,0
taxi:780:7,taxi,780,7,user,0,train,0
taxi:780:8,taxi,780,8,agent,2,train,0
taxi:781:1,taxi,781,1,user,2,train,1
taxi:781:2,taxi,781,2,agent,1,train,0
taxi:781:3,taxi,781,3,user,0,train,0
taxi:781:4,taxi,781,4,agent,1,train,1
taxi:781:5,taxi,781,5,user,0,train,1
taxi:781:6,taxi,781,6,agent,1,train,0
taxi:781:7,taxi,781,7,user,0,train,1
taxi:781:8,taxi,781,8,agent,2,train,0
taxi:781:9,taxi,781,9,user,3,train,0
taxi:781:10,taxi,781,10,agent,2,train,0
taxi:781:11,taxi,781,11,user,0,train,1
taxi:781:12,taxi,781,12,agent,2,train,0
taxi:782:1,taxi,782,1,user,1,train,0
taxi:782:2,taxi,782,2,agent,1,train,0
taxi:782:3,taxi,782,3,user,2,train,0
taxi:782:4,taxi,782,4,agent,1,train,0
taxi:782:5,taxi,782,5,user,0,train,0
taxi:782:6,taxi,782,6,agent,2,train,0
taxi:783:1,taxi,783,1,user,2,train,0
taxi:783:2,taxi,783,2,agent,2,train,1
taxi:783:3,taxi,783,3,user,0,train,0
taxi:783:4,taxi,783,4,agent,1,train,0
taxi:783:5,taxi,783,5,user,3,train,1
taxi:783:6,taxi,783,6,agent,2,train,0
taxi:783:7,taxi,783,7,user,0,train,1
taxi:783:8,taxi,783,8,agent,2,train,0
taxi:784:1,taxi,784,1,user,1,test,1
taxi:784:2,taxi,784,2,agent,0,test,1
taxi:784:3,taxi,784,3,user,0,test,0
taxi:784:4,taxi,784,4,agent,1,test,1
taxi:784:5,taxi,784,5,user,0,test,0
taxi:784:6,taxi,784,6,agent,1,test,1
taxi:784:7,taxi,784,7,user,0,test,0
taxi:784:8,taxi,784,8,agent,2,test,0
taxi:784:9,taxi,784,9,user,0,test,0
taxi:784:10,taxi,784,10,agent,2,test,1
taxi:784:11,taxi,784,11,user,3,test,1
taxi:784:12,taxi,784,12,agent,3,test,1
taxi:785:1,taxi,785,1,user,2,train,0
taxi:785:2,taxi,785,2,agent,0,train,0
taxi:785:3,taxi,785,3,user,0,train,0
taxi:785:4,taxi,785,4,agent,0,train,0
taxi:785:5,taxi,785,5,user,0,train,0
taxi:785:6,taxi,785,6,agent,1,train,1
taxi:785:7,taxi,785,7,user,0,train,0
taxi:785:8,taxi,785,8,agent,1,train,1
taxi:785:9,taxi,785,9,user,2,train,1
taxi:785:10,taxi,785,10,agent,2,train,1
taxi:785:11,taxi,785,11,user,3,train,0
taxi:785:12,taxi,785,12,agent,2,train,1
taxi:785:13,taxi,785,13,user,0,train,0
taxi:785:14,taxi,785,14,agent,2,train,1
taxi:786:1,taxi,786,1,user,2,train,0
taxi:786:2,taxi,786,2,agent,2,train,0
taxi:786:3,taxi,786,3,user,0,train,1
taxi:786:4,taxi,786,4,agent,2,train,0
taxi:787:1,taxi,787,1,user,2,train,0
taxi:787:2,taxi,787,2,agent,2,train,0
taxi:787:3,taxi,787,3,user,3,train,1
taxi:787:4,taxi,787,4,agent,2,train,0
taxi:788:1,taxi,788,1,user,1,train,0
taxi:788:2,taxi,788,2,agent,2,train,0
taxi:788:3,taxi,788,3,user,0,train,0
taxi:788:4,taxi,788,4,agent,1,train,0
taxi:788:5,taxi,788,5,user,0,train,0
taxi:788:6,taxi,788,6,agent,1,train,0
taxi:788:7,taxi,788,7,user,0,train,0
taxi:788:8,taxi,788,8,agent,1,train,1
taxi:788:9,taxi,788,9,user,2,train,0
taxi:788:10,taxi,788,10,agent,2,train,1
taxi:789:1,taxi,789,1,user,2,train,0
taxi:789:2,taxi,789,2,agent,1,train,0
taxi:789:3,taxi,789,3,user,0,train,0
taxi:789:4,taxi,789,4,agent,1,train,0
taxi:789:5,taxi,789,5,user,0,train,1
taxi:789:6,taxi,789,6,agent,2,train,0
taxi:789:7,taxi,789,7,user,0,train,0
taxi:789:8,taxi,789,8,agent,2,train,0
taxi:790:1,taxi,790,1,user,1,validation,1
taxi:790:2,taxi,790,2,agent,2,validation,0
taxi:790:3,taxi,790,3,user,2,validation,0
taxi:790:4,taxi,790,4,agent,2,validation,1
taxi:791:1,taxi,791,1,user,2,validation,0
taxi:791:2,taxi,791,2,agent,1,validation,0
taxi:791:3,taxi,791,3,user,0,validation,1
taxi:791:4,taxi,791,4,agent,1,validation,0
taxi:791:5,taxi,791,5,user,0,validation,0
taxi:791:6,taxi,791,6,agent,0,validation,0
taxi:791:7,taxi,791,7,user,0,validation,0
taxi:791:8,taxi,791,8,agent,2,validation,1
taxi:791:9,taxi,791,9,user,0,validation,0
taxi:791:10,taxi,791,10,agent,3,validation,1
taxi:791:11,taxi,791,11,user,2,validation,0
taxi:791:12,taxi,791,12,agent,2,validation,1
taxi:792:1,taxi,792,1,user,1,train,0
taxi:792:2,taxi,792,2,agent,2,train,1
taxi:792:3,taxi,792,3,user,0,train,0
taxi:792:4,taxi,792,4,agent,2,train,0
taxi:793:1,taxi,793,1,user,1,test,0
taxi:793:2,taxi,793,2,agent,2,test,0
taxi:793:3,taxi,793,3,user,3,test,1
taxi:793:4,taxi,793,4,agent,2,test,1
taxi:794:1,taxi,794,1,user,0,train,0
taxi:794:2,taxi,794,2,agent,1,train,0
taxi:794:3,taxi,794,3,user,0,train,0
taxi:794:4,taxi,794,4,agent,2,train,0
taxi:794:5,taxi,794,5,user,0,train,0
taxi:794:6,taxi,794,6,agent,1,train,1
taxi:794:7,taxi,794,7,user,0,train,0
taxi:794:8,taxi,794,8,agent,2,train,0
taxi:794:9,taxi,794,9,user,2,train,1
taxi:794:10,taxi,794,10,agent,2,train,0
taxi:795:1,taxi,795,1,user,1,train,0
taxi:795:2,taxi,795,2,agent,0,train,0
taxi:795:3,taxi,795,3,user,0,train,0
taxi:795:4,taxi,795,4,agent,0,train,0
taxi:795:5,taxi,795,5,user,0,train,0
taxi:795:6,taxi,795,6,agent,1,train,0
taxi:795:7,taxi,795,7,user,0,train,0
taxi:795:8,taxi,795,8,agent,2,train,0
taxi:795:9,taxi,795,9,user,2,train,0
taxi:795:10,taxi,795,10,agent,2,train,0
taxi:795:11,taxi,795,11,user,0,train,0
taxi:795:12,taxi,795,12,agent,2,train,0
taxi:796:1,taxi,796,1,user,1,train,0
taxi:796:2,taxi,796,2,agent,1,train,0
taxi:796:3,taxi,796,3,user,3,train,0
taxi:796:4,taxi,796,4,agent,2,train,0
taxi:797:1,taxi,797,1,user,2,validation,0
taxi:797:2,taxi,797,2,agent,1,validation,0
taxi:797:3,taxi,797,3,user,0,validation,0
taxi:797:4,taxi,797,4,agent,1,validation,0
taxi:797:5,taxi,797,5,user,0,validation,0
taxi:797:6,taxi,797,6,agent,1,validation,1
taxi:797:7,taxi,797,7,user,0,validation,0
taxi:797:8,taxi,797,8,agent,2,validation,0
taxi:797:9,taxi,797,9,user,3,validation,1
taxi:797:10,taxi,797,10,agent,2,validation,1
taxi:798:1,taxi,798,1,user,3,train,0
taxi:798:2,taxi,798,2,agent,3,train,1
taxi:798:3,taxi,798,3,user,1,train,1
taxi:798:4,taxi,798,4,agent,3,train,0
taxi:799:1,taxi,799,1,user,1,train,1
taxi:799:2,taxi,799,2,agent,2,train,1
taxi:799:3,taxi,799,3,user,3,train,1
taxi:799:4,taxi,799,4,agent,2,train,0
taxi:800:1,taxi,800,1,user,1,train,1
taxi:800:2,taxi,800,2,agent,0,train,0
taxi:800:3,taxi,800,3,user,0,train,0
taxi:800:4,taxi,800,4,agent,1,train,0
taxi:800:5,taxi,800,5,user,0,train,0
taxi:800:6,taxi,800,6,agent,0,train,1
taxi:800:7,taxi,800,7,user,0,train,1
taxi:800:8,taxi,800,8,agent,0,train,0
taxi:800:9,taxi,800,9,user,0,train,0
taxi:800:10,taxi,800,10,agent,1,train,0
taxi:800:11,taxi,800,11,user,0,train,0
taxi:800:12,taxi,800,12,agent,2,train,0
taxi:800:13,taxi,800,13,user,0,train,0
taxi:800:14,taxi,800,14,agent,1,train,1
taxi:800:15,taxi,800,15,user,0,train,0
taxi:800:16,taxi,800,16,agent,2,train,0
taxi:801:1,taxi,801,1,user,1,test,1
taxi:801:2,taxi,801,2,agent,0,test,0
taxi:801:3,taxi,801,3,user,0,test,0
taxi:801:4,taxi,801,4,agent,1,test,0
taxi:801:5,taxi,801,5,user,0,test,0
taxi:801:6,taxi,801,6,agent,1,test,0
taxi:801:7,taxi,801,7,user,0,test,0
taxi:801:8,taxi,801,8,agent,2,test,1
taxi:801:9,taxi,801,9,user,0,test,0
taxi:801:10,taxi,801,10,agent,2,test,1
taxi:802:1,taxi,802,1,user,1,train,0
taxi:802:2,taxi,802,2,agent,2,train,0
taxi:802:3,taxi,802,3,user,0,train,0
taxi:802:4,taxi,802,4,agent,0,train,1
taxi:802:5,taxi,802,5,user,0,train,1
taxi:802:6,taxi,802,6,agent,0,train,0
taxi:802:7,taxi,802,7,user,0,train,0
taxi:802:8,taxi,802,8,agent,0,train,1
taxi:802:9,taxi,802,9,user,0,train,0
taxi:802:10,taxi,802,10,agent,1,train,0
taxi:802:11,taxi,802,11,user,0,train,0
taxi:802:12,taxi,802,12,agent,2,train,0
taxi:802:13,taxi,802,13,user,2,train,0
taxi:802:14,taxi,802,14,agent,2,train,0
taxi:802:15,taxi,802,15,user,0,train,1
taxi:802:16,taxi,802,16,agent,2,train,0
taxi:803:1,taxi,803,1,user,1,train,0
taxi:803:2,taxi,803,2,agent,2,train,0
taxi:803:3,taxi,803,3,user,0,train,0
taxi:803:4,taxi,803,4,agent,0,train,0
taxi:803:5,taxi,803,5,user,0,train,1
taxi:803:6,taxi,803,6,agent,0,train,0
taxi:803:7,taxi,803,7,user,0,train,0
taxi:803:8,taxi,803,8,agent,2,train,0
taxi:803:9,taxi,803,9,user,0,train,1
taxi:803:10,taxi,803,10,agent,2,train,0
taxi:803:11,taxi,803,11,user,0,train,1
taxi:803:12,taxi,803,12,agent,2,train,0
taxi:804:1,taxi,804,1,user,1,train,0
taxi:804:2,taxi,804,2,agent,0,train,0
taxi:804:3,taxi,804,3,user,0,train,0
taxi:804:4,taxi,804,4,agent,1,train,1
taxi:804:5,taxi,804,5,user,0,train,0
taxi:804:6,taxi,804,6,agent,2,train,0
taxi:804:7,taxi,804,7,user,1,train,0
taxi:804:8,taxi,804,8,agent,1,train,0
taxi:805:1,taxi,805,1,user,1,train,0
taxi:805:2,taxi,805,2,agent,0,train,0
taxi:805:3,taxi,805,3,user,0,train,0
taxi:805:4,taxi,805,4,agent,0,train,0
taxi:805:5,taxi,805,5,user,0,train,0
taxi:805:6,taxi,805,6,agent,0,train,0
taxi:805:7,taxi,805,7,user,0,train,0
taxi:805:8,taxi,805,8,agent,2,train,0
taxi:805:9,taxi,805,9,user,2,train,0
taxi:805:10,taxi,805,10,agent,2,train,0
taxi:806:1,taxi,806,1,user,2,train,0
taxi:806:2,taxi,806,2,agent,0,train,0
taxi:806:3,taxi,806,3,user,0,train,0
taxi:806:4,taxi,806,4,agent,2,train,0
taxi:806:5,taxi,806,5,user,2,train,0
taxi:806:6,taxi,806,6,agent,2,train,1
taxi:806:7,taxi,806,7,user,2,train,0
taxi:806:8,taxi,806,8,agent,2,train,0
taxi:806:9,taxi,806,9,user,0,train,0
taxi:806:10,taxi,806,10,agent,2,train,1
taxi:807:1,taxi,807,1,user,0,train,0
taxi:807:2,taxi,807,2,agent,1,train,0
taxi:807:3,taxi,807,3,user,0,train,0
taxi:807:4,taxi,807,4,agent,1,train,0
taxi:807:5,taxi,807,5,user,0,train,0
taxi:807:6,taxi,807,6,agent,2,train,0
taxi:807:7,taxi,807,7,user,2,train,1
taxi:807:8,taxi,807,8,agent,2,train,0
taxi:808:1,taxi,808,1,user,2,validation,0
taxi:808:2,taxi,808,2,agent,2,validation,0
taxi:808:3,taxi,808,3,user,2,validation,0
taxi:808:4,taxi,808,4,agent,2,validation,0
taxi:809:1,taxi,809,1,user,1,train,0
taxi:809:2,taxi,809,2,agent,0,train,0
taxi:809:3,taxi,809,3,user,0,train,1
taxi:809:4,taxi,809,4,agent,2,train,0
taxi:809:5,taxi,809,5,user,2,train,0
taxi:809:6,taxi,809,6,agent,2,train,0
taxi:810:1,taxi,810,1,user,3,train,1
taxi:810:2,taxi,810,2,agent,1,train,0
taxi:810:3,taxi,810,3,user,0,train,1
taxi:810:4,taxi,810,4,agent,2,train,0
taxi:810:5,taxi,810,5,user,2,train,0
taxi:810:6,taxi,810,6,agent,2,train,1
taxi:810:7,taxi,810,7,user,0,train,0
taxi:810:8,taxi,810,8,agent,2,train,0
taxi:811:1,taxi,811,1,user,2,test,0
taxi:811:2,taxi,811,2,agent,2,test,0
taxi:811:3,taxi,811,3,user,2,test,0
taxi:811:4,taxi,811,4,agent,2,test,1
taxi:811:5,taxi,811,5,user,3,test,0
taxi:811:6,taxi,811,6,agent,2,test,0
taxi:812:1,taxi,812,1,user,1,validation,0
taxi:812:2,taxi,812,2,agent,2,validation,0
taxi:812:3,taxi,812,3,user,2,validation,0
taxi:812:4,taxi,812,4,agent,2,validation,0
taxi:813:1,taxi,813,1,user,1,validation,0
taxi:813:2,taxi,813,2,agent,2,validation,0
taxi:813:3,taxi,813,3,user,2,validation,0
taxi:813:4,taxi,813,4,agent,2,validation,1
taxi:814:1,taxi,814,1,user,1,train,1
taxi:814:2,taxi,814,2,agent,1,train,0
taxi:814:3,taxi,814,3,user,3,train,0
taxi:814:4,taxi,814,4,agent,1,train,0
taxi:814:5,taxi,814,5,user,0,train,0
taxi:814:6,taxi,814,6,agent,1,train,0
taxi:814:7,taxi,814,7,user,0,train,0
taxi:814:8,taxi,814,8,agent,2,train,0
taxi:814:9,taxi,814,9,user,3,train,0
taxi:814:10,taxi,814,10,agent,1,train,0
taxi:814:11,taxi,814,11,user,0,train,0
taxi:814:12,taxi,814,12,agent,2,train,0
taxi:815:1,taxi,815,1,user,1,train,0
taxi:815:2,taxi,815,2,agent,0,train,0
taxi:815:3,taxi,815,3,user,0,train,0
taxi:815:4,taxi,815,4,agent,1,train,0
taxi:815:5,taxi,815,5,user,0,train,0
taxi:815:6,taxi,815,6,agent,2,train,0
taxi:815:7,taxi,815,7,user,3,train,1
taxi:815:8,taxi,815,8,agent,2,train,0
taxi:815:9,taxi,815,9,user,3,train,0
taxi:815:10,taxi,815,10,agent,1,train,1
taxi:815:11,taxi,815,11,user,0,train,0
taxi:815:12,taxi,815,12,agent,2,train,0
taxi:816:1,taxi,816,1,user,1,test,0
taxi:816:2,taxi,816,2,agent,0,test,0
taxi:816:3,taxi,816,3,user,0,test,0
taxi:816:4,taxi,816,4,agent,1,test,1
taxi:816:5,taxi,816,5,user,0,test,0
taxi:816:6,taxi,816,6,agent,2,test,0
taxi:816:7,taxi,816,7,user,2,test,0
taxi:816:8,taxi,816,8,agent,2,test,0
taxi:817:1,taxi,817,1,user,0,validation,0
taxi:817:2,taxi,817,2,agent,2,validation,0
taxi:817:3,taxi,817,3,user,3,validation,1
taxi:817:4,taxi,817,4,agent,2,validation,0
taxi:818:1,taxi,818,1,user,1,train,0
taxi:818:2,taxi,818,2,agent,1,train,0
taxi:818:3,taxi,818,3,user,0,train,0
taxi:818:4,taxi,818,4,agent,2,train,1
taxi:818:5,taxi,818,5,user,2,train,0
taxi:818:6,taxi,818,6,agent,2,train,1
taxi:819:1,taxi,819,1,user,2,train,0
taxi:819:2,taxi,819,2,agent,2,train,0
taxi:819:3,taxi,819,3,user,2,train,0
taxi:819:4,taxi,819,4,agent,2,train,0
taxi:820:1,taxi,820,1,user,1,train,0
taxi:820:2,taxi,820,2,agent,1,train,0
taxi:820:3,taxi,820,3,user,0,train,0
taxi:820:4,taxi,820,4,agent,0,train,0
taxi:820:5,taxi,820,5,user,0,train,0
taxi:820:6,taxi,820,6,agent,2,train,0
taxi:820:7,taxi,820,7,user,2,train,1
taxi:820:8,taxi,820,8,agent,2,train,0
taxi:821:1,taxi,821,1,user,1,train,0
taxi:821:2,taxi,821,2,agent,2,train,0
taxi:821:3,taxi,821,3,user,2,train,0
taxi:821:4,taxi,821,4,agent,2,train,1
taxi:822:1,taxi,822,1,user,3,train,1
taxi:822:2,taxi,822,2,agent,0,train,0
taxi:822:3,taxi,822,3,user,0,train,1
taxi:822:4,taxi,822,4,agent,2,train,0
taxi:822:5,taxi,822,5,user,3,train,0
taxi:822:6,taxi,822,6,agent,2,train,0
taxi:823:1,taxi,823,1,user,1,test,0
taxi:823:2,taxi,823,2,agent,2,test,0
taxi:823:3,taxi,823,3,user,2,test,1
taxi:823:4,taxi,823,4,agent,2,test,0
taxi:824:1,taxi,824,1,user,2,train,0
taxi:824:2,taxi,824,2,agent,0,train,0
taxi:824:3,taxi,824,3,user,0,train,0
taxi:824:4,taxi,824,4,agent,1,train,0
taxi:824:5,taxi,824,5,user,0,train,0
taxi:824:6,taxi,824,6,agent,2,train,0
taxi:824:7,taxi,824,7,user,2,train,0
taxi:824:8,taxi,824,8,agent,2,train,0
taxi:825:1,taxi,825,1,user,0,test,0
taxi:825:2,taxi,825,2,agent,0,test,0
taxi:825:3,taxi,825,3,user,2,test,0
taxi:825:4,taxi,825,4,agent,1,test,1
taxi:825:5,taxi,825,5,user,0,test,0
taxi:825:6,taxi,825,6,agent,2,test,0
taxi:825:7,taxi,825,7,user,1,test,0
taxi:825:8,taxi,825,8,agent,2,test,0
taxi:825:9,taxi,825,9,user,3,test,1
taxi:825:10,taxi,825,10,agent,3,test,0
taxi:825:11,taxi,825,11,user,0,test,0
taxi:825:12,taxi,825,12,agent,2,test,1
taxi:826:1,taxi,826,1,user,1,train,0
taxi:826:2,taxi,826,2,agent,1,train,0
taxi:826:3,taxi,826,3,user,0,train,0
taxi:826:4,taxi,826,4,agent,2,train,0
taxi:826:5,taxi,826,5,user,2,train,1
taxi:826:6,taxi,826,6,agent,2,train,0
taxi:827:1,taxi,827,1,user,0,train,0
taxi:827:2,taxi,827,2,agent,0,train,0
taxi:827:3,taxi,827,3,user,0,train,0
taxi:827:4,taxi,827,4,agent,1,train,0
taxi:827:5,taxi,827,5,user,0,train,1
taxi:827:6,taxi,827,6,agent,2,train,0
taxi:827:7,taxi,827,7,user,0,train,0
taxi:827:8,taxi,827,8,agent,2,train,0
taxi:828:1,taxi,828,1,user,0,test,1
taxi:828:2,taxi,828,2,agent,1,test,0
taxi:828:3,taxi,828,3,user,0,test,1
taxi:828:4,taxi,828,4,agent,0,test,0
taxi:828:5,taxi,828,5,user,0,test,0
taxi:828:6,taxi,828,6,agent,0,test,0
taxi:828:7,taxi,828,7,user,0,test,0
taxi:828:8,taxi,828,8,agent,2,test,0
taxi:828:9,taxi,828,9,user,0,test,0
taxi:828:10,taxi,828,10,agent,2,test,1
taxi:829:1,taxi,829,1,user,1,test,0
taxi:829:2,taxi,829,2,agent,2,test,0
taxi:829:3,taxi,829,3,user,3,test,0
taxi:829:4,taxi,829,4,agent,1,test,0
taxi:829:5,taxi,829,5,user,0,test,0
taxi:829:6,taxi,829,6,agent,1,test,0
taxi:829:7,taxi,829,7,user,0,test,0
taxi:829:8,taxi,829,8,agent,2,test,0
taxi:829:9,taxi,829,9,user,3,test,1
taxi:829:10,taxi,829,10,agent,2,test,0
taxi:830:1,taxi,830,1,user,3,test,1
taxi:830:2,taxi,830,2,agent,2,test,0
taxi:830:3,taxi,830,3,user,0,test,0
taxi:830:4,taxi,830,4,agent,2,test,1
taxi:830:5,taxi,830,5,user,0,test,0
taxi:830:6,taxi,830,6,agent,2,test,0
taxi:831:1,taxi,831,1,user,1,train,0
taxi:831:2,taxi,831,2,agent,0,train,0
taxi:831:3,taxi,831,3,user,0,train,1
taxi:831:4,taxi,831,4,agent,1,train,0
taxi:831:5,taxi,831,5,user,0,train,0
taxi:831:6,taxi,831,6,agent,1,train,1
taxi:831:7,taxi,831,7,user,2,train,0
taxi:831:8,taxi,831,8,agent,2,train,0
taxi:832:1,taxi,832,1,user,2,train,0
taxi:832:2,taxi,832,2,agent,1,train,0
taxi:832:3,taxi,832,3,user,2,train,0
taxi:832:4,taxi,832,4,agent,2,train,1
taxi:833:1,taxi,833,1,user,1,test,0
taxi:833:2,taxi,833,2,agent,0,test,0
taxi:833:3,taxi,833,3,user,0,test,0
taxi:833:4,taxi,833,4,agent,1,test,1
taxi:833:5,taxi,833,5,user,0,test,0
taxi:833:6,taxi,833,6,agent,2,test,0
taxi:833:7,taxi,833,7,user,1,test,0
taxi:833:8,taxi,833,8,agent,2,test,0
taxi:833:9,taxi,833,9,user,3,test,1
taxi:833:10,taxi,833,10,agent,1,test,0
taxi:833:11,taxi,833,11,user,0,test,0
taxi:833:12,taxi,833,12,agent,2,test,0
taxi:834:1,taxi,834,1,user,1,test,0
taxi:834:2,taxi,834,2,agent,3,test,0
taxi:834:3,taxi,834,3,user,0,test,0
taxi:834:4,taxi,834,4,agent,0,test,1
taxi:834:5,taxi,834,5,user,0,test,1
taxi:834:6,taxi,834,6,agent,2,test,0
taxi:834:7,taxi,834,7,user,3,test,1
taxi:834:8,taxi,834,8,agent,2,test,0
taxi:835:1,taxi,835,1,user,3,train,0
taxi:835:2,taxi,835,2,agent,3,train,0
taxi:835:3,taxi,835,3,user,3,train,0
taxi:835:4,taxi,835,4,agent,3,train,1
taxi:835:5,taxi,835,5,user,0,train,0
taxi:835:6,taxi,835,6,agent,2,train,1
taxi:835:7,taxi,835,7,user,0,train,1
taxi:835:8,taxi,835,8,agent,2,train,1
taxi:835:9,taxi,835,9,user,0,train,0
taxi:835:10,taxi,835,10,agent,2,train,1
taxi:836:1,taxi,836,1,user,1,validation,0
taxi:836:2,taxi,836,2,agent,0,validation,0
taxi:836:3,taxi,836,3,user,0,validation,0
taxi:836:4,taxi,836,4,agent,0,validation,0
taxi:836:5,taxi,836,5,user,0,validation,0
taxi:836:6,taxi,836,6,agent,2,validation,0
taxi:836:7,taxi,836,7,user,0,validation,0
taxi:836:8,taxi,836,8,agent,2,validation,1
taxi:837:1,taxi,837,1,user,3,train,1
taxi:837:2,taxi,837,2,agent,1,train,0
taxi:837:3,taxi,837,3,user,0,train,0
taxi:837:4,taxi,837,4,agent,1,train,0
taxi:837:5,taxi,837,5,user,3,train,0
taxi:837:6,taxi,837,6,agent,2,train,1
taxi:837:7,taxi,837,7,user,3,train,1
taxi:837:8,taxi,837,8,agent,2,train,0
taxi:838:1,taxi,838,1,user,1,train,0
taxi:838:2,taxi,838,2,agent,2,train,0
taxi:838:3,taxi,838,3,user,0,train,0
taxi:838:4,taxi,838,4,agent,2,train,0
taxi:838:5,taxi,838,5,user,3,train,1
taxi:838:6,taxi,838,6,agent,2,train,1
taxi:839:1,taxi,839,1,user,1,train,0
taxi:839:2,taxi,839,2,agent,2,train,0
taxi:839:3,taxi,839,3,user,0,train,1
taxi:839:4,taxi,839,4,agent,2,train,0
taxi:840:1,taxi,840,1,user,3,train,1
taxi:840:2,taxi,840,2,agent,2,train,0
taxi:840:3,taxi,840,3,user,3,train,1
taxi:840:4,taxi,840,4,agent,2,train,0
taxi:840:5,taxi,840,5,user,3,train,0
taxi:840:6,taxi,840,6,agent,2,train,0
taxi:841:1,taxi,841,1,user,3,train,1
taxi:841:2,taxi,841,2,agent,2,train,0
taxi:841:3,taxi,841,3,user,3,train,1
taxi:841:4,taxi,841,4,agent,1,train,0
taxi:841:5,taxi,841,5,user,0,train,0
taxi:841:6,taxi,841,6,agent,3,train,1
taxi:841:7,taxi,841,7,user,0,train,0
taxi:841:8,taxi,841,8,agent,2,train,0
taxi:841:9,taxi,841,9,user,2,train,0
taxi:841:10,taxi,841,10,agent,2,train,0
taxi:842:1,taxi,842,1,user,2,validation,0
taxi:842:2,taxi,842,2,agent,2,validation,0
taxi:842:3,taxi,842,3,user,0,validation,0
taxi:842:4,taxi,842,4,agent,2,validation,0
taxi:843:1,taxi,843,1,user,3,train,0
taxi:843:2,taxi,843,2,agent,2,train,0
taxi:843:3,taxi,843,3,user,2,train,0
taxi:843:4,taxi,843,4,agent,2,train,0
taxi:844:1,taxi,844,1,user,0,test,0
taxi:844:2,taxi,844,2,agent,1,test,0
taxi:844:3,taxi,844,3,user,0,test,0
taxi:844:4,taxi,844,4,agent,0,test,0
taxi:844:5,taxi,844,5,user,0,test,0
taxi:844:6,taxi,844,6,agent,0,test,1
taxi:844:7,taxi,844,7,user,0,test,0
taxi:844:8,taxi,844,8,agent,0,test,1
taxi:844:9,taxi,844,9,user,0,test,0
taxi:844:10,taxi,844,10,agent,2,test,0
taxi:844:11,taxi,844,11,user,2,test,0
taxi:844:12,taxi,844,12,agent,2,test,0
taxi:845:1,taxi,845,1,user,2,train,1
taxi:845:2,taxi,845,2,agent,2,train,0
taxi:845:3,taxi,845,3,user,2,train,0
taxi:845:4,taxi,845,4,agent,2,train,1
taxi:846:1,taxi,846,1,user,3,test,0
taxi:846:2,taxi,846,2,agent,1,test,0
taxi:846:3,taxi,846,3,user,3,test,1
taxi:846:4,taxi,846,4,agent,3,test,1
taxi:846:5,taxi,846,5,user,3,test,1
taxi:846:6,taxi,846,6,agent,2,test,0
taxi:847:1,taxi,847,1,user,3,train,1
taxi:847:2,taxi,847,2,agent,1,train,0
taxi:847:3,taxi,847,3,user,0,train,1
taxi:847:4,taxi,847,4,agent,2,train,0
taxi:847:5,taxi,847,5,user,0,train,1
taxi:847:6,taxi,847,6,agent,2,train,0
taxi:847:7,taxi,847,7,user,2,train,0
taxi:847:8,taxi,847,8,agent,2,train,0
taxi:848:1,taxi,848,1,user,1,train,0
taxi:848:2,taxi,848,2,agent,0,train,0
taxi:848:3,taxi,848,3,user,0,train,0
taxi:848:4,taxi,848,4,agent,1,train,0
taxi:848:5,taxi,848,5,user,0,train,0
taxi:848:6,taxi,848,6,agent,2,train,0
taxi:848:7,taxi,848,7,user,3,train,1
taxi:848:8,taxi,848,8,agent,0,train,0
taxi:848:9,taxi,848,9,user,0,train,0
taxi:848:10,taxi,848,10,agent,2,train,0
taxi:849:1,taxi,849,1,user,1,validation,0
taxi:849:2,taxi,849,2,agent,1,validation,0
taxi:849:3,taxi,849,3,user,0,validation,0
taxi:849:4,taxi,849,4,agent,0,validation,0
taxi:849:5,taxi,849,5,user,0,validation,0
taxi:849:6,taxi,849,6,agent,2,validation,0
taxi:849:7,taxi,849,7,user,0,validation,0
taxi:849:8,taxi,849,8,agent,2,validation,0
taxi:850:1,taxi,850,1,user,3,validation,1
taxi:850:2,taxi,850,2,agent,2,validation,0
taxi:850:3,taxi,850,3,user,0,validation,0
taxi:850:4,taxi,850,4,agent,2,validation,1
taxi:851:1,taxi,851,1,user,1,train,0
taxi:851:2,taxi,851,2,agent,1,train,1
taxi:851:3,taxi,851,3,user,0,train,0
taxi:851:4,taxi,851,4,agent,2,train,0
taxi:851:5,taxi,851,5,user,2,train,0
taxi:851:6,taxi,851,6,agent,2,train,0
taxi:852:1,taxi,852,1,user,2,train,1
taxi:852:2,taxi,852,2,agent,0,train,1
taxi:852:3,taxi,852,3,user,0,train,0
taxi:852:4,taxi,852,4,agent,0,train,1
taxi:852:5,taxi,852,5,user,0,train,0
taxi:852:6,taxi,852,6,agent,2,train,0
taxi:852:7,taxi,852,7,user,2,train,1
taxi:852:8,taxi,852,8,agent,2,train,0
taxi:853:1,taxi,853,1,user,1,train,0
taxi:853:2,taxi,853,2,agent,1,train,0
taxi:853:3,taxi,853,3,user,0,train,0
taxi:853:4,taxi,853,4,agent,0,train,0
taxi:853:5,taxi,853,5,user,0,train,0
taxi:853:6,taxi,853,6,agent,0,train,0
taxi:853:7,taxi,853,7,user,0,train,1
taxi:853:8,taxi,853,8,agent,2,train,1
taxi:853:9,taxi,853,9,user,0,train,0
taxi:853:10,taxi,853,10,agent,2,train,0
taxi:854:1,taxi,854,1,user,1,train,0
taxi:854:2,taxi,854,2,agent,0,train,1
taxi:854:3,taxi,854,3,user,0,train,0
taxi:854:4,taxi,854,4,agent,1,train,1
taxi:854:5,taxi,854,5,user,0,train,0
taxi:854:6,taxi,854,6,agent,2,train,0
taxi:854:7,taxi,854,7,user,2,train,0
taxi:854:8,taxi,854,8,agent,2,train,1
taxi:854:9,taxi,854,9,user,0,train,1
taxi:854:10,taxi,854,10,agent,2,train,0
taxi:855:1,taxi,855,1,user,2,train,1
taxi:855:2,taxi,855,2,agent,2,train,0
taxi:855:3,taxi,855,3,user,2,train,0
taxi:855:4,taxi,855,4,agent,2,train,0
taxi:856:1,taxi,856,1,user,2,train,1
taxi:856:2,taxi,856,2,agent,2,train,0
taxi:856:3,taxi,856,3,user,3,train,1
taxi:856:4,taxi,856,4,agent,2,train,0
taxi:857:1,taxi,857,1,user,0,test,0
taxi:857:2,taxi,857,2,agent,0,test,0
taxi:857:3,taxi,857,3,user,0,test,0
taxi:857:4,taxi,857,4,agent,0,test,0
taxi:857:5,taxi,857,5,user,0,test,1
taxi:857:6,taxi,857,6,agent,1,test,0
taxi:857:7,taxi,857,7,user,0,test,0
taxi:857:8,taxi,857,8,agent,0,test,0
taxi:857:9,taxi,857,9,user,0,test,0
taxi:857:10,taxi,857,10,agent,2,test,0
taxi:857:11,taxi,857,11,user,0,test,0
taxi:857:12,taxi,857,12,agent,2,test,0
taxi:858:1,taxi,858,1,user,1,train,0
taxi:858:2,taxi,858,2,agent,2,train,0
taxi:858:3,taxi,858,3,user,3,train,1
taxi:858:4,taxi,858,4,agent,1,train,0
taxi:858:5,taxi,858,5,user,0,train,1
taxi:858:6,taxi,858,6,agent,1,train,0
taxi:858:7,taxi,858,7,user,2,train,0
taxi:858:8,taxi,858,8,agent,1,train,0
taxi:858:9,taxi,858,9,user,0,train,0
taxi:858:10,taxi,858,10,agent,2,train,0
taxi:858:11,taxi,858,11,user,2,train,0
taxi:858:12,taxi,858,12,agent,2,train,1
taxi:858:13,taxi,858,13,user,2,train,0
taxi:858:14,taxi,858,14,agent,1,train,0
taxi:858:15,taxi,858,15,user,0,train,1
taxi:858:16,taxi,858,16,agent,2,train,1
taxi:859:1,taxi,859,1,user,3,train,1
taxi:859:2,taxi,859,2,agent,2,train,0
taxi:859:3,taxi,859,3,user,2,train,0
taxi:859:4,taxi,859,4,agent,2,train,0
taxi:860:1,taxi,860,1,user,2,train,0
taxi:860:2,taxi,860,2,agent,2,train,0
taxi:860:3,taxi,860,3,user,2,train,1
taxi:860:4,taxi,860,4,agent,2,train,1
taxi:861:1,taxi,861,1,user,1,test,0
taxi:861:2,taxi,861,2,agent,1,test,0
taxi:861:3,taxi,861,3,user,0,test,0
taxi:861:4,taxi,861,4,agent,1,test,0
taxi:861:5,taxi,861,5,user,0,test,0
taxi:861:6,taxi,861,6,agent,2,test,0
taxi:861:7,taxi,861,7,user,3,test,0
taxi:861:8,taxi,861,8,agent,2,test,0
taxi:862:1,taxi,862,1,user,1,train,0
taxi:862:2,taxi,862,2,agent,0,train,0
taxi:862:3,taxi,862,3,user,0,train,0
taxi:862:4,taxi,862,4,agent,1,train,0
taxi:862:5,taxi,862,5,user,0,train,0
taxi:862:6,taxi,862,6,agent,2,train,0
taxi:862:7,taxi,862,7,user,2,train,0
taxi:862:8,taxi,862,8,agent,2,train,1
taxi:863:1,taxi,863,1,user,1,train,0
taxi:863:2,taxi,863,2,agent,2,train,0
taxi:863:3,taxi,863,3,user,2,train,0
taxi:863:4,taxi,863,4,agent,2,train,0
taxi:864:1,taxi,864,1,user,3,validation,1
taxi:864:2,taxi,864,2,agent,2,validation,0
taxi:864:3,taxi,864,3,user,2,validation,0
taxi:864:4,taxi,864,4,agent,2,validation,0
taxi:865:1,taxi,865,1,user,2,validation,0
taxi:865:2,taxi,865,2,agent,2,validation,0
taxi:865:3,taxi,865,3,user,3,validation,0
taxi:865:4,taxi,865,4,agent,1,validation,0
taxi:865:5,taxi,865,5,user,0,validation,0
taxi:865:6,taxi,865,6,agent,2,validation,0
taxi:866:1,taxi,866,1,user,3,validation,0
taxi:866:2,taxi,866,2,agent,2,validation,1
taxi:866:3,taxi,866,3,user,3,validation,1
taxi:866:4,taxi,866,4,agent,2,validation,1
taxi:867:1,taxi,867,1,user,2,train,1
taxi:867:2,taxi,867,2,agent,2,train,0
taxi:867:3,taxi,867,3,user,3,train,1
taxi:867:4,taxi,867,4,agent,2,train,0
taxi:868:1,taxi,868,1,user,3,validation,0
taxi:868:2,taxi,868,2,agent,2,validation,0
taxi:868:3,taxi,868,3,user,0,validation,1
taxi:868:4,taxi,868,4,agent,2,validation,0
taxi:869:1,taxi,869,1,user,3,train,1
taxi:869:2,taxi,869,2,agent,2,train,0
taxi:869:3,taxi,869,3,user,2,train,1
taxi:869:4,taxi,869,4,agent,2,train,1
taxi:870:1,taxi,870,1,user,2,train,0
taxi:870:2,taxi,870,2,agent,2,train,0
taxi:870:3,taxi,870,3,user,2,train,0
taxi:870:4,taxi,870,4,agent,2,train,0
taxi:871:1,taxi,871,1,user,2,test,1
taxi:871:2,taxi,871,2,agent,2,test,0
taxi:871:3,taxi,871,3,user,3,test,0
taxi:871:4,taxi,871,4,agent,2,test,0
taxi:872:1,taxi,872,1,user,3,train,1
taxi:872:2,taxi,872,2,agent,2,train,0
taxi:872:3,taxi,872,3,user,0,train,0
taxi:872:4,taxi,872,4,agent,2,train,0
taxi:873:1,taxi,873,1,user,2,train,0
taxi:873:2,taxi,873,2,agent,2,train,0
taxi:873:3,taxi,873,3,user,0,train,0
taxi:873:4,taxi,873,4,agent,2,train,0
taxi:873:5,taxi,873,5,user,3,train,1
taxi:873:6,taxi,873,6,agent,2,train,0
taxi:874:1,taxi,874,1,user,3,train,0
taxi:874:2,taxi,874,2,agent,2,train,0
taxi:874:3,taxi,874,3,user,3,train,0
taxi:874:4,taxi,874,4,agent,2,train,1
taxi:874:5,taxi,874,5,user,0,train,0
taxi:874:6,taxi,874,6,agent,2,train,1
taxi:875:1,taxi,875,1,user,3,train,1
taxi:875:2,taxi,875,2,agent,0,train,0
taxi:875:3,taxi,875,3,user,0,train,1
taxi:875:4,taxi,875,4,agent,1,train,0
taxi:875:5,taxi,875,5,user,0,train,1
taxi:875:6,taxi,875,6,agent,0,train,0
taxi:875:7,taxi,875,7,user,2,train,0
taxi:875:8,taxi,875,8,agent,0,train,1
taxi:875:9,taxi,875,9,user,0,train,0
taxi:875:10,taxi,875,10,agent,2,train,0
taxi:875:11,taxi,875,11,user,3,train,1
taxi:875:12,taxi,875,12,agent,2,train,0
taxi:876:1,taxi,876,1,user,2,train,0
taxi:876:2,taxi,876,2,agent,2,train,0
taxi:876:3,taxi,876,3,user,1,train,0
taxi:876:4,taxi,876,4,agent,2,train,0
taxi:877:1,taxi,877,1,user,1,train,0
taxi:877:2,taxi,877,2,agent,2,train,0
taxi:877:3,taxi,877,3,user,3,train,1
taxi:877:4,taxi,877,4,agent,2,train,0
taxi:878:1,taxi,878,1,user,2,train,0
taxi:878:2,taxi,878,2,agent,2,train,0
taxi:878:3,taxi,878,3,user,3,train,1
taxi:878:4,taxi,878,4,agent,1,train,0
taxi:878:5,taxi,878,5,user,2,train,0
taxi:878:6,taxi,878,6,agent,2,train,0
taxi:879:1,taxi,879,1,user,2,train,0
taxi:879:2,taxi,879,2,agent,1,train,0
taxi:879:3,taxi,879,3,user,0,train,0
taxi:879:4,taxi,879,4,agent,1,train,0
taxi:879:5,taxi,879,5,user,0,train,0
taxi:879:6,taxi,879,6,agent,0,train,1
taxi:879:7,taxi,879,7,user,0,train,0
taxi:879:8,taxi,879,8,agent,2,train,0
taxi:879:9,taxi,879,9,user,3,train,1
taxi:879:10,taxi,879,10,agent,2,train,0
taxi:880:1,taxi,880,1,user,1,train,0
taxi:880:2,taxi,880,2,agent,2,train,0
taxi:880:3,taxi,880,3,user,0,train,0
taxi:880:4,taxi,880,4,agent,2,train,0
taxi:881:1,taxi,881,1,user,3,train,1
taxi:881:2,taxi,881,2,agent,2,train,0
taxi:881:3,taxi,881,3,user,2,train,0
taxi:881:4,taxi,881,4,agent,2,train,0
taxi:881:5,taxi,881,5,user,2,train,0
taxi:881:6,taxi,881,6,agent,2,train,1
taxi:882:1,taxi,882,1,user,3,test,1
taxi:882:2,taxi,882,2,agent,1,test,0
taxi:882:3,taxi,882,3,user,0,test,0
taxi:882:4,taxi,882,4,agent,0,test,1
taxi:882:5,taxi,882,5,user,0,test,1
taxi:882:6,taxi,882,6,agent,0,test,0
taxi:882:7,taxi,882,7,user,0,test,0
taxi:882:8,taxi,882,8,agent,2,test,0
taxi:882:9,taxi,882,9,user,2,test,0
taxi:882:10,taxi,882,10,agent,2,test,0
taxi:882:11,taxi,882,11,user,0,test,0
taxi:882:12,taxi,882,12,agent,2,test,1
taxi:883:1,taxi,883,1,user,3,validation,0
taxi:883:2,taxi,883,2,agent,1,validation,0
taxi:883:3,taxi,883,3,user,0,validation,0
taxi:883:4,taxi,883,4,agent,2,validation,0
taxi:883:5,taxi,883,5,user,2,validation,0
taxi:883:6,taxi,883,6,agent,2,validation,1
taxi:883:7,taxi,883,7,user,0,validation,0
taxi:883:8,taxi,883,8,agent,2,validation,0
taxi:884:1,taxi,884,1,user,3,train,1
taxi:884:2,taxi,884,2,agent,1,train,0
taxi:884:3,taxi,884,3,user,3,train,0
taxi:884:4,taxi,884,4,agent,2,train,0
taxi:884:5,taxi,884,5,user,3,train,1
taxi:884:6,taxi,884,6,agent,2,train,1
taxi:884:7,taxi,884,7,user,0,train,0
taxi:884:8,taxi,884,8,agent,2,train,0
taxi:885:1,taxi,885,1,user,2,train,0
taxi:885:2,taxi,885,2,agent,2,train,0
taxi:885:3,taxi,885,3,user,3,train,1
taxi:885:4,taxi,885,4,agent,2,train,0
taxi:886:1,taxi,886,1,user,3,validation,1
taxi:886:2,taxi,886,2,agent,1,validation,0
taxi:886:3,taxi,886,3,user,0,validation,0
taxi:886:4,taxi,886,4,agent,2,validation,0
taxi:886:5,taxi,886,5,user,2,validation,0
taxi:886:6,taxi,886,6,agent,2,validation,1
taxi:887:1,taxi,887,1,user,2,validation,0
taxi:887:2,taxi,887,2,agent,2,validation,1
taxi:887:3,taxi,887,3,user,3,validation,0
taxi:887:4,taxi,887,4,agent,2,validation,0
taxi:888:1,taxi,888,1,user,3,train,1
taxi:888:2,taxi,888,2,agent,1,train,1
taxi:888:3,taxi,888,3,user,0,train,0
taxi:888:4,taxi,888,4,agent,1,train,0
taxi:888:5,taxi,888,5,user,2,train,0
taxi:888:6,taxi,888,6,agent,2,train,0
taxi:888:7,taxi,888,7,user,3,train,1
taxi:888:8,taxi,888,8,agent,2,train,0
taxi:889:1,taxi,889,1,user,2,train,0
taxi:889:2,taxi,889,2,agent,2,train,0
taxi:889:3,taxi,889,3,user,3,train,0
taxi:889:4,taxi,889,4,agent,2,train,1
taxi:890:1,taxi,890,1,user,3,train,1
taxi:890:2,taxi,890,2,agent,2,train,0
taxi:890:3,taxi,890,3,user,2,train,0
taxi:890:4,taxi,890,4,agent,2,train,0
taxi:891:1,taxi,891,1,user,1,train,0
taxi:891:2,taxi,891,2,agent,2,train,0
taxi:891:3,taxi,891,3,user,3,train,1
taxi:891:4,taxi,891,4,agent,2,train,0
taxi:891:5,taxi,891,5,user,0,train,0
taxi:891:6,taxi,891,6,agent,1,train,0
taxi:891:7,taxi,891,7,user,0,train,0
taxi:891:8,taxi,891,8,agent,2,train,0
taxi:892:1,taxi,892,1,user,2,train,0
taxi:892:2,taxi,892,2,agent,2,train,0
taxi:892:3,taxi,892,3,user,3,train,1
taxi:892:4,taxi,892,4,agent,2,train,0
taxi:892:5,taxi,892,5,user,2,train,0
taxi:892:6,taxi,892,6,agent,2,train,1
taxi:893:1,taxi,893,1,user,2,train,0
taxi:893:2,taxi,893,2,agent,0,train,1
taxi:893:3,taxi,893,3,user,0,train,1
taxi:893:4,taxi,893,4,agent,0,train,0
taxi:893:5,taxi,893,5,user,0,train,1
taxi:893:6,taxi,893,6,agent,0,train,0
taxi:893:7,taxi,893,7,user,0,train,0
taxi:893:8,taxi,893,8,agent,0,train,1
taxi:893:9,taxi,893,9,user,0,train,0
taxi:893:10,taxi,893,10,agent,1,train,0
taxi:893:11,taxi,893,11,user,0,train,0
taxi:893:12,taxi,893,12,agent,2,train,0
taxi:893:13,taxi,893,13,user,1,train,0
taxi:893:14,taxi,893,14,agent,2,train,1
taxi:893:15,taxi,893,15,user,2,train,1
taxi:893:16,taxi,893,16,agent,2,train,0
taxi:893:17,taxi,893,17,user,0,train,0
taxi:893:18,taxi,893,18,agent,2,train,1
taxi:894:1,taxi,894,1,user,3,train,1
taxi:894:2,taxi,894,2,agent,1,train,0
taxi:894:3,taxi,894,3,user,0,train,0
taxi:894:4,taxi,894,4,agent,2,train,0
taxi:894:5,taxi,894,5,user,2,train,1
taxi:894:6,taxi,894,6,agent,2,train,1
taxi:895:1,taxi,895,1,user,1,train,0
taxi:895:2,taxi,895,2,agent,2,train,0
taxi:895:3,taxi,895,3,user,3,train,0
taxi:895:4,taxi,895,4,agent,1,train,0
taxi:895:5,taxi,895,5,user,0,train,0
taxi:895:6,taxi,895,6,agent,1,train,0
taxi:895:7,taxi,895,7,user,0,train,0
taxi:895:8,taxi,895,8,agent,2,train,0
taxi:895:9,taxi,895,9,user,0,train,0
taxi:895:10,taxi,895,10,agent,2,train,0
taxi:896:1,taxi,896,1,user,3,train,1
taxi:896:2,taxi,896,2,agent,2,train,0
taxi:896:3,taxi,896,3,user,3,train,0
taxi:896:4,taxi,896,4,agent,1,train,1
taxi:896:5,taxi,896,5,user,0,train,0
taxi:896:6,taxi,896,6,agent,2,train,1
taxi:897:1,taxi,897,1,user,2,test,1
taxi:897:2,taxi,897,2,agent,2,test,1
taxi:897:3,taxi,897,3,user,2,test,0
taxi:897:4,taxi,897,4,agent,2,test,0
taxi:898:1,taxi,898,1,user,1,train,0
taxi:898:2,taxi,898,2,agent,2,train,0
taxi:898:3,taxi,898,3,user,3,train,1
taxi:898:4,taxi,898,4,agent,2,train,0
taxi:898:5,taxi,898,5,user,2,train,0
taxi:898:6,taxi,898,6,agent,2,train,0
taxi:899:1,taxi,899,1,user,2,train,0
taxi:899:2,taxi,899,2,agent,2,train,0
taxi:899:3,taxi,899,3,user,3,train,1
taxi:899:4,taxi,899,4,agent,2,train,0
taxi:900:1,taxi,900,1,user,2,test,0
taxi:900:2,taxi,900,2,agent,2,test,0
taxi:900:3,taxi,900,3,user,3,test,1
taxi:900:4,taxi,900,4,agent,2,test,0
taxi:900:5,taxi,900,5,user,2,test,0
taxi:900:6,taxi,900,6,agent,2,test,0
taxi:901:1,taxi,901,1,user,1,test,0
taxi:901:2,taxi,901,2,agent,2,test,0
taxi:901:3,taxi,901,3,user,3,test,1
taxi:901:4,taxi,901,4,agent,2,test,1
taxi:902:1,taxi,902,1,user,1,test,0
taxi:902:2,taxi,902,2,agent,2,test,0
taxi:902:3,taxi,902,3,user,3,test,1
taxi:902:4,taxi,902,4,agent,2,test,0
taxi:903:1,taxi,903,1,user,3,train,0
taxi:903:2,taxi,903,2,agent,2,train,1
taxi:903:3,taxi,903,3,user,2,train,1
taxi:903:4,taxi,903,4,agent,2,train,1
taxi:904:1,taxi,904,1,user,2,train,1
taxi:904:2,taxi,904,2,agent,2,train,0
taxi:904:3,taxi,904,3,user,2,train,0
taxi:904:4,taxi,904,4,agent,2,train,0
taxi:905:1,taxi,905,1,user,1,train,0
taxi:905:2,taxi,905,2,agent,2,train,0
taxi:905:3,taxi,905,3,user,2,train,0
taxi:905:4,taxi,905,4,agent,2,train,0
taxi:906:1,taxi,906,1,user,2,train,1
taxi:906:2,taxi,906,2,agent,2,train,0
taxi:906:3,taxi,906,3,user,3,train,1
taxi:906:4,taxi,906,4,agent,2,train,0
taxi:907:1,taxi,907,1,user,1,train,0
taxi:907:2,taxi,907,2,agent,2,train,0
taxi:907:3,taxi,907,3,user,3,train,1
taxi:907:4,taxi,907,4,agent,2,train,0
taxi:908:1,taxi,908,1,user,2,train,0
taxi:908:2,taxi,908,2,agent,2,train,0
taxi:908:3,taxi,908,3,user,3,train,0
taxi:908:4,taxi,908,4,agent,2,train,1
taxi:909:1,taxi,909,1,user,3,train,1
taxi:909:2,taxi,909,2,agent,2,train,0
taxi:909:3,taxi,909,3,user,0,train,0
taxi:909:4,taxi,909,4,agent,1,train,0
taxi:909:5,taxi,909,5,user,0,train,0
taxi:909:6,taxi,909,6,agent,1,train,0
taxi:909:7,taxi,909,7,user,2,train,0
taxi:909:8,taxi,909,8,agent,2,train,0
taxi:909:9,taxi,909,9,user,3,train,1
taxi:909:10,taxi,909,10,agent,2,train,0
taxi:910:1,taxi,910,1,user,3,train,1
taxi:910:2,taxi,910,2,agent,2,train,0
taxi:910:3,taxi,910,3,user,0,train,0
taxi:910:4,taxi,910,4,agent,2,train,0
taxi:910:5,taxi,910,5,user,2,train,1
taxi:910:6,taxi,910,6,agent,2,train,0
taxi:911:1,taxi,911,1,user,1,train,0
taxi:911:2,taxi,911,2,agent,2,train,0
taxi:911:3,taxi,911,3,user,2,train,0
taxi:911:4,taxi,911,4,agent,2,train,0
taxi:911:5,taxi,911,5,user,0,train,0
taxi:911:6,taxi,911,6,agent,1,train,0
taxi:911:7,taxi,911,7,user,0,train,1
taxi:911:8,taxi,911,8,agent,1,train,0
taxi:911:9,taxi,911,9,user,0,train,0
taxi:911:10,taxi,911,10,agent,2,train,0
taxi:911:11,taxi,911,11,user,3,train,0
taxi:911:12,taxi,911,12,agent,2,train,0
taxi:912:1,taxi,912,1,user,1,test,0
taxi:912:2,taxi,912,2,agent,3,test,1
taxi:912:3,taxi,912,3,user,0,test,0
taxi:912:4,taxi,912,4,agent,1,test,0
taxi:912:5,taxi,912,5,user,0,test,0
taxi:912:6,taxi,912,6,agent,2,test,0
taxi:912:7,taxi,912,7,user,3,test,1
taxi:912:8,taxi,912,8,agent,2,test,0
taxi:913:1,taxi,913,1,user,3,train,1
taxi:913:2,taxi,913,2,agent,2,train,1
taxi:913:3,taxi,913,3,user,2,train,0
taxi:913:4,taxi,913,4,agent,2,train,0
taxi:914:1,taxi,914,1,user,3,validation,0
taxi:914:2,taxi,914,2,agent,0,validation,0
taxi:914:3,taxi,914,3,user,2,validation,0
taxi:914:4,taxi,914,4,agent,0,validation,1
taxi:914:5,taxi,914,5,user,0,validation,0
taxi:914:6,taxi,914,6,agent,1,validation,1
taxi:914:7,taxi,914,7,user,2,validation,0
taxi:914:8,taxi,914,8,agent,2,validation,1
taxi:914:9,taxi,914,9,user,3,validation,1
taxi:914:10,taxi,914,10,agent,2,validation,0
taxi:915:1,taxi,915,1,user,2,validation,0
taxi:915:2,taxi,915,2,agent,2,validation,1
taxi:915:3,taxi,915,3,user,3,validation,1
taxi:915:4,taxi,915,4,agent,2,validation,0
taxi:915:5,taxi,915,5,user,2,validation,1
taxi:915:6,taxi,915,6,agent,2,validation,0
taxi:916:1,taxi,916,1,user,2,train,0
taxi:916:2,taxi,916,2,agent,0,train,1
taxi:916:3,taxi,916,3,user,0,train,0
taxi:916:4,taxi,916,4,agent,1,train,1
taxi:916:5,taxi,916,5,user,0,train,0
taxi:916:6,taxi,916,6,agent,2,train,0
taxi:916:7,taxi,916,7,user,3,train,0
taxi:916:8,taxi,916,8,agent,2,train,0
taxi:917:1,taxi,917,1,user,2,train,0
taxi:917:2,taxi,917,2,agent,2,train,0
taxi:917:3,taxi,917,3,user,0,train,0
taxi:917:4,taxi,917,4,agent,2,train,0
taxi:917:5,taxi,917,5,user,3,train,1
taxi:917:6,taxi,917,6,agent,2,train,1
taxi:918:1,taxi,918,1,user,1,validation,0
taxi:918:2,taxi,918,2,agent,0,validation,0
taxi:918:3,taxi,918,3,user,0,validation,0
taxi:918:4,taxi,918,4,agent,1,validation,1
taxi:918:5,taxi,918,5,user,0,validation,0
taxi:918:6,taxi,918,6,agent,2,validation,1
taxi:918:7,taxi,918,7,user,0,validation,0
taxi:918:8,taxi,918,8,agent,1,validation,0
taxi:918:9,taxi,918,9,user,0,validation,0
taxi:918:10,taxi,918,10,agent,2,validation,0
taxi:918:11,taxi,918,11,user,2,validation,0
taxi:918:12,taxi,918,12,agent,2,validation,0
taxi:918:13,taxi,918,13,user,0,validation,0
taxi:918:14,taxi,918,14,agent,2,validation,0
taxi:919:1,taxi,919,1,user,3,train,1
taxi:919:2,taxi,919,2,agent,2,train,0
taxi:919:3,taxi,919,3,user,2,train,1
taxi:919:4,taxi,919,4,agent,2,train,0
taxi:919:5,taxi,919,5,user,0,train,0
taxi:919:6,taxi,919,6,agent,2,train,0
taxi:920:1,taxi,920,1,user,3,train,1
taxi:920:2,taxi,920,2,agent,2,train,0
taxi:920:3,taxi,920,3,user,0,train,0
taxi:920:4,taxi,920,4,agent,2,train,0
taxi:920:5,taxi,920,5,user,2,train,0
taxi:920:6,taxi,920,6,agent,2,train,0
taxi:921:1,taxi,921,1,user,3,train,1
taxi:921:2,taxi,921,2,agent,1,train,0
taxi:921:3,taxi,921,3,user,0,train,1
taxi:921:4,taxi,921,4,agent,2,train,1
taxi:921:5,taxi,921,5,user,2,train,0
taxi:921:6,taxi,921,6,agent,2,train,0
taxi:922:1,taxi,922,1,user,2,train,1
taxi:922:2,taxi,922,2,agent,2,train,0
taxi:922:3,taxi,922,3,user,3,train,1
taxi:922:4,taxi,922,4,agent,2,train,1
taxi:923:1,taxi,923,1,user,3,train,0
taxi:923:2,taxi,923,2,agent,2,train,0
taxi:923:3,taxi,923,3,user,3,train,1
taxi:923:4,taxi,923,4,agent,2,train,0
taxi:923:5,taxi,923,5,user,3,train,0
taxi:923:6,taxi,923,6,agent,2,train,1
taxi:924:1,taxi,924,1,user,2,train,0
taxi:924:2,taxi,924,2,agent,2,train,0
taxi:924:3,taxi,924,3,user,3,train,1
taxi:924:4,taxi,924,4,agent,2,train,0
taxi:925:1,taxi,925,1,user,1,validation,1
taxi:925:2,taxi,925,2,agent,2,validation,1
taxi:925:3,taxi,925,3,user,3,validation,0
taxi:925:4,taxi,925,4,agent,2,validation,0
taxi:925:5,taxi,925,5,user,2,validation,0
taxi:925:6,taxi,925,6,agent,3,validation,1
taxi:926:1,taxi,926,1,user,2,train,0
taxi:926:2,taxi,926,2,agent,2,train,0
taxi:926:3,taxi,926,3,user,3,train,1
taxi:926:4,taxi,926,4,agent,2,train,0
taxi:927:1,taxi,927,1,user,1,train,0
taxi:927:2,taxi,927,2,agent,2,train,0
taxi:927:3,taxi,927,3,user,3,train,1
taxi:927:4,taxi,927,4,agent,2,train,1
taxi:928:1,taxi,928,1,user,2,validation,1
taxi:928:2,taxi,928,2,agent,2,validation,0
taxi:928:3,taxi,928,3,user,3,validation,1
taxi:928:4,taxi,928,4,agent,2,validation,0
taxi:929:1,taxi,929,1,user,2,train,0
taxi:929:2,taxi,929,2,agent,2,train,1
taxi:929:3,taxi,929,3,user,3,train,1
taxi:929:4,taxi,929,4,agent,2,train,0
taxi:930:1,taxi,930,1,user,2,train,0
taxi:930:2,taxi,930,2,agent,2,train,0
taxi:930:3,taxi,930,3,user,2,train,0
taxi:930:4,taxi,930,4,agent,2,train,0
taxi:931:1,taxi,931,1,user,2,train,0
taxi:931:2,taxi,931,2,agent,2,train,0
taxi:931:3,taxi,931,3,user,3,train,0
taxi:931:4,taxi,931,4,agent,2,train,0
taxi:932:1,taxi,932,1,user,3,train,1
taxi:932:2,taxi,932,2,agent,0,train,0
taxi:932:3,taxi,932,3,user,0,train,1
taxi:932:4,taxi,932,4,agent,1,train,0
taxi:932:5,taxi,932,5,user,2,train,1
taxi:932:6,taxi,932,6,agent,1,train,0
taxi:932:7,taxi,932,7,user,2,train,0
taxi:932:8,taxi,932,8,agent,0,train,0
taxi:932:9,taxi,932,9,user,0,train,0
taxi:932:10,taxi,932,10,agent,2,train,0
taxi:932:11,taxi,932,11,user,2,train,0
taxi:932:12,taxi,932,12,agent,2,train,0
taxi:932:13,taxi,932,13,user,0,train,0
taxi:932:14,taxi,932,14,agent,2,train,0
taxi:933:1,taxi,933,1,user,3,train,0
taxi:933:2,taxi,933,2,agent,2,train,0
taxi:933:3,taxi,933,3,user,3,train,1
taxi:933:4,taxi,933,4,agent,2,train,0
taxi:934:1,taxi,934,1,user,2,validation,0
taxi:934:2,taxi,934,2,agent,2,validation,0
taxi:934:3,taxi,934,3,user,3,validation,0
taxi:934:4,taxi,934,4,agent,2,validation,0
taxi:934:5,taxi,934,5,user,3,validation,1
taxi:934:6,taxi,934,6,agent,2,validation,0
taxi:935:1,taxi,935,1,user,1,train,0
taxi:935:2,taxi,935,2,agent,3,train,0
taxi:935:3,taxi,935,3,user,0,train,0
taxi:935:4,taxi,935,4,agent,2,train,0
taxi:935:5,taxi,935,5,user,2,train,0
taxi:935:6,taxi,935,6,agent,1,train,1
taxi:935:7,taxi,935,7,user,0,train,0
taxi:935:8,taxi,935,8,agent,3,train,1
taxi:935:9,taxi,935,9,user,0,train,1
taxi:935:10,taxi,935,10,agent,1,train,0
taxi:935:11,taxi,935,11,user,0,train,0
taxi:935:12,taxi,935,12,agent,2,train,0
taxi:935:13,taxi,935,13,user,2,train,0
taxi:935:14,taxi,935,14,agent,2,train,1
taxi:935:15,taxi,935,15,user,0,train,1
taxi:935:16,taxi,935,16,agent,2,train,1
taxi:936:1,taxi,936,1,user,3,train,1
taxi:936:2,taxi,936,2,agent,0,train,0
taxi:936:3,taxi,936,3,user,0,train,0
taxi:936:4,taxi,936,4,agent,2,train,0
taxi:936:5,taxi,936,5,user,3,train,1
taxi:936:6,taxi,936,6,agent,2,train,0
taxi:937:1,taxi,937,1,user,2,train,1
taxi:937:2,taxi,937,2,agent,2,train,0
taxi:937:3,taxi,937,3,user,3,train,0
taxi:937:4,taxi,937,4,agent,2,train,1
taxi:938:1,taxi,938,1,user,1,validation,0
taxi:938:2,taxi,938,2,agent,3,validation,1
taxi:938:3,taxi,938,3,user,0,validation,0
taxi:938:4,taxi,938,4,agent,1,validation,0
taxi:938:5,taxi,938,5,user,3,validation,1
taxi:938:6,taxi,938,6,agent,2,validation,0
taxi:939:1,taxi,939,1,user,3,train,1
taxi:939:2,taxi,939,2,agent,1,train,0
taxi:939:3,taxi,939,3,user,0,train,1
taxi:939:4,taxi,939,4,agent,2,train,0
taxi:939:5,taxi,939,5,user,2,train,0
taxi:939:6,taxi,939,6,agent,2,train,0
taxi:940:1,taxi,940,1,user,3,train,1
taxi:940:2,taxi,940,2,agent,2,train,0
taxi:940:3,taxi,940,3,user,0,train,0
taxi:940:4,taxi,940,4,agent,1,train,0
taxi:940:5,taxi,940,5,user,0,train,0
taxi:940:6,taxi,940,6,agent,2,train,0
taxi:940:7,taxi,940,7,user,2,train,0
taxi:940:8,taxi,940,8,agent,2,train,0
taxi:941:1,taxi,941,1,user,3,train,1
taxi:941:2,taxi,941,2,agent,0,train,1
taxi:941:3,taxi,941,3,user,0,train,0
taxi:941:4,taxi,941,4,agent,1,train,0
taxi:941:5,taxi,941,5,user,0,train,1
taxi:941:6,taxi,941,6,agent,2,train,1
taxi:941:7,taxi,941,7,user,0,train,0
taxi:941:8,taxi,941,8,agent,2,train,0
taxi:941:9,taxi,941,9,user,0,train,0
taxi:941:10,taxi,941,10,agent,2,train,0
taxi:942:1,taxi,942,1,user,2,validation,0
taxi:942:2,taxi,942,2,agent,2,validation,0
taxi:942:3,taxi,942,3,user,2,validation,0
taxi:942:4,taxi,942,4,agent,2,validation,0
taxi:943:1,taxi,943,1,user,1,train,0
taxi:943:2,taxi,943,2,agent,0,train,0
taxi:943:3,taxi,943,3,user,0,train,0
taxi:943:4,taxi,943,4,agent,2,train,1
taxi:943:5,taxi,943,5,user,0,train,0
taxi:943:6,taxi,943,6,agent,2,train,0
taxi:944:1,taxi,944,1,user,3,train,0
taxi:944:2,taxi,944,2,agent,1,train,1
taxi:944:3,taxi,944,3,user,0,train,0
taxi:944:4,taxi,944,4,agent,1,train,0
taxi:944:5,taxi,944,5,user,2,train,0
taxi:944:6,taxi,944,6,agent,2,train,0
taxi:944:7,taxi,944,7,user,0,train,0
taxi:944:8,taxi,944,8,agent,2,train,0
taxi:944:9,taxi,944,9,user,3,train,1
taxi:944:10,taxi,944,10,agent,2,train,0
taxi:945:1,taxi,945,1,user,3,train,0
taxi:945:2,taxi,945,2,agent,2,train,0
taxi:945:3,taxi,945,3,user,2,train,0
taxi:945:4,taxi,945,4,agent,2,train,0
taxi:946:1,taxi,946,1,user,2,train,0
taxi:946:2,taxi,946,2,agent,2,train,0
taxi:946:3,taxi,946,3,user,0,train,0
taxi:946:4,taxi,946,4,agent,2,train,0
taxi:947:1,taxi,947,1,user,1,train,0
taxi:947:2,taxi,947,2,agent,2,train,0
taxi:947:3,taxi,947,3,user,2,train,0
taxi:947:4,taxi,947,4,agent,2,train,1
taxi:948:1,taxi,948,1,user,1,train,1
taxi:948:2,taxi,948,2,agent,2,train,1
taxi:948:3,taxi,948,3,user,3,train,1
taxi:948:4,taxi,948,4,agent,2,train,0
taxi:949:1,taxi,949,1,user,2,validation,0
taxi:949:2,taxi,949,2,agent,2,validation,1
taxi:949:3,taxi,949,3,user,3,validation,0
taxi:949:4,taxi,949,4,agent,2,validation,0
taxi:950:1,taxi,950,1,user,0,train,0
taxi:950:2,taxi,950,2,agent,2,train,1
taxi:950:3,taxi,950,3,user,1,train,0
taxi:950:4,taxi,950,4,agent,2,train,1
taxi:951:1,taxi,951,1,user,1,train,1
taxi:951:2,taxi,951,2,agent,3,train,1
taxi:951:3,taxi,951,3,user,2,train,0
taxi:951:4,taxi,951,4,agent,2,train,0
taxi:951:5,taxi,951,5,user,3,train,0
taxi:951:6,taxi,951,6,agent,3,train,1
taxi:951:7,taxi,951,7,user,2,train,0
taxi:951:8,taxi,951,8,agent,2,train,1
taxi:952:1,taxi,952,1,user,3,train,1
taxi:952:2,taxi,952,2,agent,1,train,0
taxi:952:3,taxi,952,3,user,0,train,0
taxi:952:4,taxi,952,4,agent,2,train,0
taxi:952:5,taxi,952,5,user,3,train,1
taxi:952:6,taxi,952,6,agent,2,train,0
taxi:953:1,taxi,953,1,user,2,train,0
taxi:953:2,taxi,953,2,agent,2,train,0
taxi:953:3,taxi,953,3,user,3,train,0
taxi:953:4,taxi,953,4,agent,2,train,1
taxi:954:1,taxi,954,1,user,1,train,0
taxi:954:2,taxi,954,2,agent,2,train,0
taxi:954:3,taxi,954,3,user,0,train,0
taxi:954:4,taxi,954,4,agent,1,train,0
taxi:954:5,taxi,954,5,user,0,train,0
taxi:954:6,taxi,954,6,agent,1,train,0
taxi:954:7,taxi,954,7,user,0,train,0
taxi:954:8,taxi,954,8,agent,1,train,0
taxi:954:9,taxi,954,9,user,0,train,0
taxi:954:10,taxi,954,10,agent,1,train,0
taxi:954:11,taxi,954,11,user,0,train,0
taxi:954:12,taxi,954,12,agent,2,train,0
taxi:954:13,taxi,954,13,user,0,train,0
taxi:954:14,taxi,954,14,agent,2,train,0
taxi:955:1,taxi,955,1,user,2,train,1
taxi:955:2,taxi,955,2,agent,2,train,0
taxi:955:3,taxi,955,3,user,2,train,0
taxi:955:4,taxi,955,4,agent,2,train,0
taxi:956:1,taxi,956,1,user,2,train,0
taxi:956:2,taxi,956,2,agent,2,train,0
taxi:956:3,taxi,956,3,user,2,train,0
taxi:956:4,taxi,956,4,agent,2,train,0
taxi:957:1,taxi,957,1,user,1,train,0
taxi:957:2,taxi,957,2,agent,2,train,0
taxi:957:3,taxi,957,3,user,3,train,1
taxi:957:4,taxi,957,4,agent,2,train,0
taxi:958:1,taxi,958,1,user,0,train,0
taxi:958:2,taxi,958,2,agent,0,train,1
taxi:958:3,taxi,958,3,user,0,train,1
taxi:958:4,taxi,958,4,agent,1,train,0
taxi:958:5,taxi,958,5,user,0,train,0
taxi:958:6,taxi,958,6,agent,2,train,0
taxi:958:7,taxi,958,7,user,0,train,0
taxi:958:8,taxi,958,8,agent,2,train,0
taxi:959:1,taxi,959,1,user,2,train,0
taxi:959:2,taxi,959,2,agent,2,train,0
taxi:959:3,taxi,959,3,user,3,train,1
taxi:959:4,taxi,959,4,agent,2,train,0
taxi:960:1,taxi,960,1,user,1,test,0
taxi:960:2,taxi,960,2,agent,2,test,0
taxi:960:3,taxi,960,3,user,3,test,1
taxi:960:4,taxi,960,4,agent,2,test,0
taxi:961:1,taxi,961,1,user,1,train,1
taxi:961:2,taxi,961,2,agent,2,train,0
taxi:961:3,taxi,961,3,user,0,train,0
taxi:961:4,taxi,961,4,agent,2,train,0
taxi:962:1,taxi,962,1,user,2,train,0
taxi:962:2,taxi,962,2,agent,2,train,1
taxi:962:3,taxi,962,3,user,2,train,1
taxi:962:4,taxi,962,4,agent,2,train,1
taxi:963:1,taxi,963,1,user,2,test,0
taxi:963:2,taxi,963,2,agent,2,test,0
taxi:963:3,taxi,963,3,user,3,test,0
taxi:963:4,taxi,963,4,agent,2,test,0
taxi:964:1,taxi,964,1,user,2,train,0
taxi:964:2,taxi,964,2,agent,2,train,0
taxi:964:3,taxi,964,3,user,2,train,0
taxi:964:4,taxi,964,4,agent,2,train,1
taxi:965:1,taxi,965,1,user,2,validation,0
taxi:965:2,taxi,965,2,agent,2,validation,0
taxi:965:3,taxi,965,3,user,3,validation,1
taxi:965:4,taxi,965,4,agent,2,validation,0
taxi:966:1,taxi,966,1,user,2,train,0
taxi:966:2,taxi,966,2,agent,2,train,0
taxi:966:3,taxi,966,3,user,3,train,1
taxi:966:4,taxi,966,4,agent,2,train,0
taxi:967:1,taxi,967,1,user,1,test,0
taxi:967:2,taxi,967,2,agent,2,test,0
taxi:967:3,taxi,967,3,user,3,test,1
taxi:967:4,taxi,967,4,agent,2,test,1
taxi:967:5,taxi,967,5,user,0,test,0
taxi:967:6,taxi,967,6,agent,2,test,0
taxi:968:1,taxi,968,1,user,3,train,0
taxi:968:2,taxi,968,2,agent,2,train,1
taxi:968:3,taxi,968,3,user,3,train,1
taxi:968:4,taxi,968,4,agent,2,train,0
taxi:968:5,taxi,968,5,user,0,train,0
taxi:968:6,taxi,968,6,agent,2,train,1
taxi:969:1,taxi,969,1,user,1,train,0
taxi:969:2,taxi,969,2,agent,2,train,1
taxi:969:3,taxi,969,3,user,0,train,1
taxi:969:4,taxi,969,4,agent,2,train,0
taxi:969:5,taxi,969,5,user,2,train,0
taxi:969:6,taxi,969,6,agent,2,train,0
taxi:970:1,taxi,970,1,user,2,train,0
taxi:970:2,taxi,970,2,agent,2,train,0
taxi:970:3,taxi,970,3,user,3,train,1
taxi:970:4,taxi,970,4,agent,2,train,0
taxi:971:1,taxi,971,1,user,1,train,1
taxi:971:2,taxi,971,2,agent,2,train,0
taxi:971:3,taxi,971,3,user,2,train,0
taxi:971:4,taxi,971,4,agent,2,train,0
taxi:972:1,taxi,972,1,user,2,train,1
taxi:972:2,taxi,972,2,agent,2,train,0
taxi:972:3,taxi,972,3,user,3,train,1
taxi:972:4,taxi,972,4,agent,2,train,0
taxi:973:1,taxi,973,1,user,1,train,0
taxi:973:2,taxi,973,2,agent,3,train,1
taxi:973:3,taxi,973,3,user,2,train,1
taxi:973:4,taxi,973,4,agent,1,train,0
taxi:974:1,taxi,974,1,user,1,validation,0
taxi:974:2,taxi,974,2,agent,2,validation,1
taxi:974:3,taxi,974,3,user,3,validation,1
taxi:974:4,taxi,974,4,agent,1,validation,0
taxi:974:5,taxi,974,5,user,0,validation,0
taxi:974:6,taxi,974,6,agent,2,validation,0
taxi:974:7,taxi,974,7,user,0,validation,0
taxi:974:8,taxi,974,8,agent,2,validation,0
taxi:975:1,taxi,975,1,user,2,train,0
taxi:975:2,taxi,975,2,agent,2,train,1
taxi:975:3,taxi,975,3,user,3,train,1
taxi:975:4,taxi,975,4,agent,2,train,0
taxi:976:1,taxi,976,1,user,1,train,0
taxi:976:2,taxi,976,2,agent,2,train,1
taxi:976:3,taxi,976,3,user,2,train,0
taxi:976:4,taxi,976,4,agent,2,train,0
taxi:977:1,taxi,977,1,user,1,train,0
taxi:977:2,taxi,977,2,agent,2,train,1
taxi:977:3,taxi,977,3,user,2,train,0
taxi:977:4,taxi,977,4,agent,1,train,1
taxi:977:5,taxi,977,5,user,2,train,0
taxi:977:6,taxi,977,6,agent,2,train,0
taxi:978:1,taxi,978,1,user,3,train,1
taxi:978:2,taxi,978,2,agent,2,train,0
taxi:978:3,taxi,978,3,user,2,train,0
taxi:978:4,taxi,978,4,agent,2,train,0
taxi:979:1,taxi,979,1,user,1,train,1
taxi:979:2,taxi,979,2,agent,2,train,0
taxi:979:3,taxi,979,3,user,2,train,0
taxi:979:4,taxi,979,4,agent,2,train,0
taxi:980:1,taxi,980,1,user,3,train,0
taxi:980:2,taxi,980,2,agent,2,train,0
taxi:980:3,taxi,980,3,user,2,train,0
taxi:980:4,taxi,980,4,agent,2,train,0
taxi:981:1,taxi,981,1,user,1,train,1
taxi:981:2,taxi,981,2,agent,0,train,0
taxi:981:3,taxi,981,3,user,0,train,0
taxi:981:4,taxi,981,4,agent,1,train,0
taxi:981:5,taxi,981,5,user,0,train,1
taxi:981:6,taxi,981,6,agent,2,train,0
taxi:981:7,taxi,981,7,user,0,train,0
taxi:981:8,taxi,981,8,agent,2,train,0
taxi:982:1,taxi,982,1,user,3,train,1
taxi:982:2,taxi,982,2,agent,1,train,0
taxi:982:3,taxi,982,3,user,2,train,0
taxi:982:4,taxi,982,4,agent,1,train,0
taxi:982:5,taxi,982,5,user,2,train,0
taxi:982:6,taxi,982,6,agent,0,train,0
taxi:982:7,taxi,982,7,user,0,train,0
taxi:982:8,taxi,982,8,agent,2,train,1
taxi:982:9,taxi,982,9,user,3,train,0
taxi:982:10,taxi,982,10,agent,2,train,1
taxi:983:1,taxi,983,1,user,1,train,1
taxi:983:2,taxi,983,2,agent,1,train,0
taxi:983:3,taxi,983,3,user,0,train,1
taxi:983:4,taxi,983,4,agent,0,train,0
taxi:983:5,taxi,983,5,user,0,train,0
taxi:983:6,taxi,983,6,agent,2,train,1
taxi:983:7,taxi,983,7,user,0,train,0
taxi:983:8,taxi,983,8,agent,2,train,0
taxi:984:1,taxi,984,1,user,3,train,1
taxi:984:2,taxi,984,2,agent,2,train,0
taxi:984:3,taxi,984,3,user,0,train,0
taxi:984:4,taxi,984,4,agent,0,train,0
taxi:985:1,taxi,985,1,user,0,test,0
taxi:985:2,taxi,985,2,agent,0,test,0
taxi:986:1,taxi,986,1,user,0,train,0
taxi:986:2,taxi,986,2,agent,1,train,0
taxi:987:1,taxi,987,1,user,3,test,1
taxi:987:2,taxi,987,2,agent,1,test,0
taxi:987:3,taxi,987,3,user,0,test,0
taxi:987:4,taxi,987,4,agent,2,test,1
taxi:987:5,taxi,987,5,user,2,test,0
taxi:987:6,taxi,987,6,agent,2,test,0
taxi:988:1,taxi,988,1,user,0,train,0
taxi:988:2,taxi,988,2,agent,1,train,0
taxi:989:1,taxi,989,1,user,2,train,0
taxi:989:2,taxi,989,2,agent,0,train,0
taxi:990:1,taxi,990,1,user,1,train,0
taxi:990:2,taxi,990,2,agent,2,train,0
taxi:990:3,taxi,990,3,user,0,train,1
taxi:990:4,taxi,990,4,agent,1,train,0
taxi:990:5,taxi,990,5,user,0,train,0
taxi:990:6,taxi,990,6,agent,1,train,0
taxi:990:7,taxi,990,7,user,0,train,0
taxi:990:8,taxi,990,8,agent,2,train,0
taxi:990:9,taxi,990,9,user,3,train,0
taxi:990:10,taxi,990,10,agent,2,train,0
taxi:991:1,taxi,991,1,user,0,test,0
taxi:991:2,taxi,991,2,agent,0,test,0
taxi:992:1,taxi,992,1,user,1,train,0
taxi:992:2,taxi,992,2,agent,0,train,0
taxi:992:3,taxi,992,3,user,0,train,1
taxi:992:4,taxi,992,4,agent,1,train,1
taxi:992:5,taxi,992,5,user,2,train,0
taxi:992:6,taxi,992,6,agent,2,train,0
taxi:993:1,taxi,993,1,user,0,train,0
taxi:993:2,taxi,993,2,agent,0,train,0
taxi:994:1,taxi,994,1,user,1,train,0
taxi:994:2,taxi,994,2,agent,1,train,1
taxi:995:1,taxi,995,1,user,1,test,0
taxi:995:2,taxi,995,2,agent,1,test,0
taxi:996:1,taxi,996,1,user,1,train,0
taxi:996:2,taxi,996,2,agent,1,train,0
taxi:997:1,taxi,997,1,user,1,train,0
taxi:997:2,taxi,997,2,agent,0,train,0
taxi:998:1,taxi,998,1,user,1,train,0
taxi:998:2,taxi,998,2,agent,0,train,1
taxi:999:1,taxi,999,1,user,1,test,1
taxi:999:2,taxi,999,2,agent,1,test,0
taxi:1000:1,taxi,1000,1,user,1,train,0
taxi:1000:2,taxi,1000,2,agent,0,train,0
taxi:1001:1,taxi,1001,1,user,3,train,1
taxi:1001:2,taxi,1001,2,agent,1,train,0
taxi:1002:1,taxi,1002,1,user,1,validation,0
taxi:1002:2,taxi,1002,2,agent,0,validation,1
taxi:1003:1,taxi,1003,1,user,1,train,0
taxi:1003:2,taxi,1003,2,agent,1,train,0
taxi:1004:1,taxi,1004,1,user,1,validation,1
taxi:1004:2,taxi,1004,2,agent,1,validation,0
taxi:1005:1,taxi,1005,1,user,1,train,0
taxi:1005:2,taxi,1005,2,agent,1,train,0
taxi:1006:1,taxi,1006,1,user,1,train,0
taxi:1006:2,taxi,1006,2,agent,1,train,0
taxi:1007:1,taxi,1007,1,user,1,train,0
taxi:1007:2,taxi,1007,2,agent,1,train,0
taxi:1008:1,taxi,1008,1,user,1,test,0
taxi:1008:2,taxi,1008,2,agent,0,test,1
taxi:1009:1,taxi,1009,1,user,1,train,0
taxi:1009:2,taxi,1009,2,agent,0,train,0
taxi:1010:1,taxi,1010,1,user,1,test,0
taxi:1010:2,taxi,1010,2,agent,0,test,1
taxi:1011:1,taxi,1011,1,user,1,train,0
taxi:1011:2,taxi,1011,2,agent,0,train,0
taxi:1012:1,taxi,1012,1,user,2,train,0
taxi:1012:2,taxi,1012,2,agent,0,train,0
taxi:1012:3,taxi,1012,3,user,0,train,0
taxi:1012:4,taxi,1012,4,agent,1,train,0
taxi:1012:5,taxi,1012,5,user,0,train,0
taxi:1012:6,taxi,1012,6,agent,0,train,0
taxi:1012:7,taxi,1012,7,user,0,train,0
taxi:1012:8,taxi,1012,8,agent,2,train,0
taxi:1013:1,taxi,1013,1,user,1,train,0
taxi:1013:2,taxi,1013,2,agent,0,train,0
taxi:1014:1,taxi,1014,1,user,1,train,1
taxi:1014:2,taxi,1014,2,agent,0,train,0
taxi:1015:1,taxi,1015,1,user,1,test,0
taxi:1015:2,taxi,1015,2,agent,0,test,0
taxi:1016:1,taxi,1016,1,user,1,train,0
taxi:1016:2,taxi,1016,2,agent,0,train,0
taxi:1017:1,taxi,1017,1,user,1,test,0
taxi:1017:2,taxi,1017,2,agent,1,test,0
taxi:1018:1,taxi,1018,1,user,0,test,0
taxi:1018:2,taxi,1018,2,agent,0,test,0
taxi:1018:3,taxi,1018,3,user,2,test,0
taxi:1018:4,taxi,1018,4,agent,0,test,0
taxi:1018:5,taxi,1018,5,user,0,test,0
taxi:1018:6,taxi,1018,6,agent,0,test,0
taxi:1018:7,taxi,1018,7,user,0,test,0
taxi:1018:8,taxi,1018,8,agent,0,test,0
taxi:1018:9,taxi,1018,9,user,0,test,0
taxi:1018:10,taxi,1018,10,agent,2,test,0
taxi:1018:11,taxi,1018,11,user,2,test,0
taxi:1018:12,taxi,1018,12,agent,1,test,0
taxi:1018:13,taxi,1018,13,user,0,test,1
taxi:1018:14,taxi,1018,14,agent,2,test,0
taxi:1019:1,taxi,1019,1,user,1,train,0
taxi:1019:2,taxi,1019,2,agent,0,train,0
taxi:1020:1,taxi,1020,1,user,1,train,0
taxi:1020:2,taxi,1020,2,agent,0,train,0
taxi:1021:1,taxi,1021,1,user,1,test,1
taxi:1021:2,taxi,1021,2,agent,0,test,0
taxi:1022:1,taxi,1022,1,user,1,train,0
taxi:1022:2,taxi,1022,2,agent,1,train,0
taxi:1023:1,taxi,1023,1,user,1,train,0
taxi:1023:2,taxi,1023,2,agent,1,train,0
taxi:1024:1,taxi,1024,1,user,2,validation,1
taxi:1024:2,taxi,1024,2,agent,1,validation,0
taxi:1024:3,taxi,1024,3,user,0,validation,0
taxi:1024:4,taxi,1024,4,agent,0,validation,0
taxi:1025:1,taxi,1025,1,user,1,train,1
taxi:1025:2,taxi,1025,2,agent,0,train,0
taxi:1026:1,taxi,1026,1,user,1,train,0
taxi:1026:2,taxi,1026,2,agent,0,train,1
taxi:1027:1,taxi,1027,1,user,1,train,0
taxi:1027:2,taxi,1027,2,agent,0,train,0
taxi:1028:1,taxi,1028,1,user,1,train,0
taxi:1028:2,taxi,1028,2,agent,1,train,0
taxi:1029:1,taxi,1029,1,user,1,train,0
taxi:1029:2,taxi,1029,2,agent,2,train,0
taxi:1029:3,taxi,1029,3,user,0,train,1
taxi:1029:4,taxi,1029,4,agent,1,train,0
taxi:1029:5,taxi,1029,5,user,3,train,1
taxi:1029:6,taxi,1029,6,agent,1,train,0
taxi:1029:7,taxi,1029,7,user,0,train,0
taxi:1029:8,taxi,1029,8,agent,1,train,0
taxi:1029:9,taxi,1029,9,user,3,train,1
taxi:1029:10,taxi,1029,10,agent,1,train,0
taxi:1029:11,taxi,1029,11,user,0,train,0
taxi:1029:12,taxi,1029,12,agent,2,train,0
taxi:1030:1,taxi,1030,1,user,1,validation,0
taxi:1030:2,taxi,1030,2,agent,0,validation,0
taxi:1031:1,taxi,1031,1,user,1,train,0
taxi:1031:2,taxi,1031,2,agent,0,train,0
taxi:1031:3,taxi,1031,3,user,0,train,0
taxi:1031:4,taxi,1031,4,agent,0,train,1
taxi:1031:5,taxi,1031,5,user,0,train,0
taxi:1031:6,taxi,1031,6,agent,1,train,0
taxi:1032:1,taxi,1032,1,user,1,train,1
taxi:1032:2,taxi,1032,2,agent,1,train,0
taxi:1033:1,taxi,1033,1,user,1,train,0
taxi:1033:2,taxi,1033,2,agent,1,train,0
taxi:1034:1,taxi,1034,1,user,1,test,0
taxi:1034:2,taxi,1034,2,agent,0,test,0
taxi:1035:1,taxi,1035,1,user,1,train,0
taxi:1035:2,taxi,1035,2,agent,0,train,0
taxi:1036:1,taxi,1036,1,user,1,train,1
taxi:1036:2,taxi,1036,2,agent,1,train,1
taxi:1037:1,taxi,1037,1,user,1,test,0
taxi:1037:2,taxi,1037,2,agent,1,test,0
taxi:1038:1,taxi,1038,1,user,3,train,1
taxi:1038:2,taxi,1038,2,agent,0,train,0
taxi:1038:3,taxi,1038,3,user,2,train,0
taxi:1038:4,taxi,1038,4,agent,1,train,0
taxi:1038:5,taxi,1038,5,user,0,train,1
taxi:1038:6,taxi,1038,6,agent,2,train,1
taxi:1038:7,taxi,1038,7,user,3,train,1
taxi:1038:8,taxi,1038,8,agent,2,train,0
taxi:1039:1,taxi,1039,1,user,0,train,1
taxi:1039:2,taxi,1039,2,agent,0,train,0
taxi:1039:3,taxi,1039,3,user,0,train,0
taxi:1039:4,taxi,1039,4,agent,1,train,1
taxi:1039:5,taxi,1039,5,user,0,train,0
taxi:1039:6,taxi,1039,6,agent,0,train,0
taxi:1039:7,taxi,1039,7,user,0,train,1
taxi:1039:8,taxi,1039,8,agent,2,train,0
taxi:1039:9,taxi,1039,9,user,2,train,0
taxi:1039:10,taxi,1039,10,agent,2,train,0
taxi:1040:1,taxi,1040,1,user,1,train,0
taxi:1040:2,taxi,1040,2,agent,0,train,0
taxi:1040:3,taxi,1040,3,user,0,train,0
taxi:1040:4,taxi,1040,4,agent,0,train,0
taxi:1040:5,taxi,1040,5,user,0,train,1
taxi:1040:6,taxi,1040,6,agent,0,train,0
taxi:1041:1,taxi,1041,1,user,1,validation,0
taxi:1041:2,taxi,1041,2,agent,0,validation,0
taxi:1041:3,taxi,1041,3,user,0,validation,0
taxi:1041:4,taxi,1041,4,agent,1,validation,0
taxi:1041:5,taxi,1041,5,user,0,validation,0
taxi:1041:6,taxi,1041,6,agent,0,validation,0
taxi:1041:7,taxi,1041,7,user,0,validation,1
taxi:1041:8,taxi,1041,8,agent,2,validation,0
taxi:1041:9,taxi,1041,9,user,0,validation,0
taxi:1041:10,taxi,1041,10,agent,2,validation,0
taxi:1042:1,taxi,1042,1,user,3,validation,1
taxi:1042:2,taxi,1042,2,agent,0,validation,0
taxi:1042:3,taxi,1042,3,user,0,validation,0
taxi:1042:4,taxi,1042,4,agent,1,validation,0
taxi:1042:5,taxi,1042,5,user,0,validation,0
taxi:1042:6,taxi,1042,6,agent,0,validation,0
taxi:1042:7,taxi,1042,7,user,0,validation,0
taxi:1042:8,taxi,1042,8,agent,2,validation,1
taxi:1042:9,taxi,1042,9,user,3,validation,1
taxi:1042:10,taxi,1042,10,agent,2,validation,0
taxi:1043:1,taxi,1043,1,user,1,test,1
taxi:1043:2,taxi,1043,2,agent,0,test,0
taxi:1043:3,taxi,1043,3,user,0,test,0
taxi:1043:4,taxi,1043,4,agent,1,test,0
taxi:1043:5,taxi,1043,5,user,0,test,0
taxi:1043:6,taxi,1043,6,agent,0,test,0
taxi:1043:7,taxi,1043,7,user,0,test,1
taxi:1043:8,taxi,1043,8,agent,2,test,0
taxi:1043:9,taxi,1043,9,user,0,test,0
taxi:1043:10,taxi,1043,10,agent,2,test,0
taxi:1044:1,taxi,1044,1,user,3,train,1
taxi:1044:2,taxi,1044,2,agent,1,train,0
taxi:1044:3,taxi,1044,3,user,2,train,1
taxi:1044:4,taxi,1044,4,agent,1,train,0
taxi:1044:5,taxi,1044,5,user,2,train,0
taxi:1044:6,taxi,1044,6,agent,1,train,0
taxi:1044:7,taxi,1044,7,user,0,train,0
taxi:1044:8,taxi,1044,8,agent,2,train,0
taxi:1044:9,taxi,1044,9,user,3,train,1
taxi:1044:10,taxi,1044,10,agent,2,train,0
taxi:1045:1,taxi,1045,1,user,3,validation,1
taxi:1045:2,taxi,1045,2,agent,0,validation,1
taxi:1045:3,taxi,1045,3,user,0,validation,1
taxi:1045:4,taxi,1045,4,agent,0,validation,0
taxi:1045:5,taxi,1045,5,user,0,validation,0
taxi:1045:6,taxi,1045,6,agent,1,validation,0
taxi:1045:7,taxi,1045,7,user,0,validation,1
taxi:1045:8,taxi,1045,8,agent,1,validation,0
taxi:1045:9,taxi,1045,9,user,2,validation,0
taxi:1045:10,taxi,1045,10,agent,2,validation,0
taxi:1045:11,taxi,1045,11,user,3,validation,1
taxi:1045:12,taxi,1045,12,agent,2,validation,0
taxi:1046:1,taxi,1046,1,user,3,train,1
taxi:1046:2,taxi,1046,2,agent,1,train,0
taxi:1046:3,taxi,1046,3,user,0,train,0
taxi:1046:4,taxi,1046,4,agent,0,train,1
taxi:1047:1,taxi,1047,1,user,1,train,0
taxi:1047:2,taxi,1047,2,agent,0,train,0
taxi:1048:1,taxi,1048,1,user,2,validation,0
taxi:1048:2,taxi,1048,2,agent,1,validation,0
taxi:1048:3,taxi,1048,3,user,0,validation,0
taxi:1048:4,taxi,1048,4,agent,0,validation,0
taxi:1048:5,taxi,1048,5,user,0,validation,0
taxi:1048:6,taxi,1048,6,agent,0,validation,0
taxi:1048:7,taxi,1048,7,user,2,validation,0
taxi:1048:8,taxi,1048,8,agent,0,validation,0
taxi:1048:9,taxi,1048,9,user,2,validation,0
taxi:1048:10,taxi,1048,10,agent,2,validation,1
taxi:1049:1,taxi,1049,1,user,3,test,1
taxi:1049:2,taxi,1049,2,agent,0,test,0
taxi:1049:3,taxi,1049,3,user,2,test,0
taxi:1049:4,taxi,1049,4,agent,1,test,0
taxi:1049:5,taxi,1049,5,user,0,test,0
taxi:1049:6,taxi,1049,6,agent,2,test,0
taxi:1049:7,taxi,1049,7,user,3,test,1
taxi:1049:8,taxi,1049,8,agent,2,test,1
taxi:1050:1,taxi,1050,1,user,2,train,0
taxi:1050:2,taxi,1050,2,agent,1,train,0
taxi:1050:3,taxi,1050,3,user,2,train,0
taxi:1050:4,taxi,1050,4,agent,1,train,0
taxi:1050:5,taxi,1050,5,user,0,train,0
taxi:1050:6,taxi,1050,6,agent,0,train,1
taxi:1050:7,taxi,1050,7,user,0,train,0
taxi:1050:8,taxi,1050,8,agent,0,train,0
taxi:1050:9,taxi,1050,9,user,3,train,1
taxi:1050:10,taxi,1050,10,agent,2,train,0
taxi:1051:1,taxi,1051,1,user,1,test,0
taxi:1051:2,taxi,1051,2,agent,2,test,0
taxi:1051:3,taxi,1051,3,user,3,test,1
taxi:1051:4,taxi,1051,4,agent,0,test,0
taxi:1051:5,taxi,1051,5,user,0,test,0
taxi:1051:6,taxi,1051,6,agent,0,test,1
taxi:1051:7,taxi,1051,7,user,0,test,0
taxi:1051:8,taxi,1051,8,agent,2,test,0
taxi:1051:9,taxi,1051,9,user,1,test,0
taxi:1051:10,taxi,1051,10,agent,2,test,0
taxi:1052:1,taxi,1052,1,user,1,train,0
taxi:1052:2,taxi,1052,2,agent,1,train,0
taxi:1052:3,taxi,1052,3,user,0,train,0
taxi:1052:4,taxi,1052,4,agent,1,train,0
taxi:1052:5,taxi,1052,5,user,0,train,0
taxi:1052:6,taxi,1052,6,agent,0,train,0
taxi:1052:7,taxi,1052,7,user,0,train,0
taxi:1052:8,taxi,1052,8,agent,2,train,1
taxi:1052:9,taxi,1052,9,user,0,train,0
taxi:1052:10,taxi,1052,10,agent,2,train,0
taxi:1053:1,taxi,1053,1,user,1,test,0
taxi:1053:2,taxi,1053,2,agent,3,test,0
taxi:1053:3,taxi,1053,3,user,2,test,0
taxi:1053:4,taxi,1053,4,agent,2,test,0
taxi:1053:5,taxi,1053,5,user,2,test,0
taxi:1053:6,taxi,1053,6,agent,2,test,1
taxi:1054:1,taxi,1054,1,user,1,train,0
taxi:1054:2,taxi,1054,2,agent,0,train,0
taxi:1054:3,taxi,1054,3,user,0,train,0
taxi:1054:4,taxi,1054,4,agent,1,train,1
taxi:1054:5,taxi,1054,5,user,0,train,1
taxi:1054:6,taxi,1054,6,agent,0,train,1
taxi:1055:1,taxi,1055,1,user,2,test,0
taxi:1055:2,taxi,1055,2,agent,0,test,0
taxi:1055:3,taxi,1055,3,user,1,test,0
taxi:1055:4,taxi,1055,4,agent,1,test,1
taxi:1055:5,taxi,1055,5,user,1,test,1
taxi:1055:6,taxi,1055,6,agent,0,test,1
taxi:1055:7,taxi,1055,7,user,0,test,1
taxi:1055:8,taxi,1055,8,agent,0,test,0
taxi:1056:1,taxi,1056,1,user,3,train,1
taxi:1056:2,taxi,1056,2,agent,0,train,0
taxi:1056:3,taxi,1056,3,user,3,train,1
taxi:1056:4,taxi,1056,4,agent,1,train,0
taxi:1056:5,taxi,1056,5,user,0,train,0
taxi:1056:6,taxi,1056,6,agent,1,train,1
taxi:1056:7,taxi,1056,7,user,0,train,0
taxi:1056:8,taxi,1056,8,agent,2,train,0
taxi:1056:9,taxi,1056,9,user,2,train,0
taxi:1056:10,taxi,1056,10,agent,2,train,1
taxi:1057:1,taxi,1057,1,user,1,test,0
taxi:1057:2,taxi,1057,2,agent,0,test,0
taxi:1057:3,taxi,1057,3,user,0,test,0
taxi:1057:4,taxi,1057,4,agent,1,test,1
taxi:1057:5,taxi,1057,5,user,0,test,0
taxi:1057:6,taxi,1057,6,agent,0,test,0
taxi:1057:7,taxi,1057,7,user,0,test,0
taxi:1057:8,taxi,1057,8,agent,0,test,0
taxi:1057:9,taxi,1057,9,user,0,test,1
taxi:1057:10,taxi,1057,10,agent,2,test,1
taxi:1057:11,taxi,1057,11,user,2,test,0
taxi:1057:12,taxi,1057,12,agent,2,test,1
taxi:1058:1,taxi,1058,1,user,3,train,0
taxi:1058:2,taxi,1058,2,agent,1,train,0
taxi:1059:1,taxi,1059,1,user,0,train,0
taxi:1059:2,taxi,1059,2,agent,1,train,0
taxi:1059:3,taxi,1059,3,user,2,train,0
taxi:1059:4,taxi,1059,4,agent,0,train,0
taxi:1059:5,taxi,1059,5,user,0,train,0
taxi:1059:6,taxi,1059,6,agent,1,train,0
taxi:1059:7,taxi,1059,7,user,0,train,0
taxi:1059:8,taxi,1059,8,agent,2,train,0
taxi:1059:9,taxi,1059,9,user,2,train,0
taxi:1059:10,taxi,1059,10,agent,2,train,1
taxi:1060:1,taxi,1060,1,user,2,train,0
taxi:1060:2,taxi,1060,2,agent,1,train,0
taxi:1060:3,taxi,1060,3,user,0,train,1
taxi:1060:4,taxi,1060,4,agent,2,train,0
taxi:1060:5,taxi,1060,5,user,2,train,0
taxi:1060:6,taxi,1060,6,agent,2,train,0
taxi:1061:1,taxi,1061,1,user,2,test,0
taxi:1061:2,taxi,1061,2,agent,1,test,0
taxi:1061:3,taxi,1061,3,user,0,test,0
taxi:1061:4,taxi,1061,4,agent,2,test,0
taxi:1061:5,taxi,1061,5,user,0,test,0
taxi:1061:6,taxi,1061,6,agent,2,test,0
taxi:1062:1,taxi,1062,1,user,3,test,1
taxi:1062:2,taxi,1062,2,agent,1,test,0
taxi:1062:3,taxi,1062,3,user,0,test,1
taxi:1062:4,taxi,1062,4,agent,0,test,1
taxi:1062:5,taxi,1062,5,user,0,test,0
taxi:1062:6,taxi,1062,6,agent,0,test,0
taxi:1062:7,taxi,1062,7,user,0,test,0
taxi:1062:8,taxi,1062,8,agent,2,test,0
taxi:1062:9,taxi,1062,9,user,2,test,0
taxi:1062:10,taxi,1062,10,agent,1,test,1
taxi:1062:11,taxi,1062,11,user,2,test,1
taxi:1062:12,taxi,1062,12,agent,2,test,1
taxi:1062:13,taxi,1062,13,user,2,test,1
taxi:1062:14,taxi,1062,14,agent,2,test,0
taxi:1063:1,taxi,1063,1,user,2,train,1
taxi:1063:2,taxi,1063,2,agent,3,train,1
taxi:1063:3,taxi,1063,3,user,2,train,0
taxi:1063:4,taxi,1063,4,agent,2,train,0
taxi:1063:5,taxi,1063,5,user,3,train,0
taxi:1063:6,taxi,1063,6,agent,2,train,1
taxi:1064:1,taxi,1064,1,user,2,train,0
taxi:1064:2,taxi,1064,2,agent,1,train,1
taxi:1065:1,taxi,1065,1,user,3,test,1
taxi:1065:2,taxi,1065,2,agent,0,test,1
taxi:1065:3,taxi,1065,3,user,0,test,0
taxi:1065:4,taxi,1065,4,agent,0,test,1
taxi:1065:5,taxi,1065,5,user,0,test,0
taxi:1065:6,taxi,1065,6,agent,0,test,1
taxi:1066:1,taxi,1066,1,user,1,validation,0
taxi:1066:2,taxi,1066,2,agent,1,validation,0
taxi:1067:1,taxi,1067,1,user,0,train,0
taxi:1067:2,taxi,1067,2,agent,1,train,0
taxi:1067:3,taxi,1067,3,user,0,train,0
taxi:1067:4,taxi,1067,4,agent,0,train,0
taxi:1067:5,taxi,1067,5,user,0,train,0
taxi:1067:6,taxi,1067,6,agent,0,train,0
taxi:1067:7,taxi,1067,7,user,0,train,0
taxi:1067:8,taxi,1067,8,agent,1,train,1
taxi:1067:9,taxi,1067,9,user,0,train,0
taxi:1067:10,taxi,1067,10,agent,2,train,0
taxi:1067:11,taxi,1067,11,user,2,train,1
taxi:1067:12,taxi,1067,12,agent,2,train,0
taxi:1068:1,taxi,1068,1,user,2,validation,0
taxi:1068:2,taxi,1068,2,agent,0,validation,0
taxi:1068:3,taxi,1068,3,user,2,validation,0
taxi:1068:4,taxi,1068,4,agent,1,validation,0
taxi:1068:5,taxi,1068,5,user,0,validation,0
taxi:1068:6,taxi,1068,6,agent,1,validation,0
taxi:1068:7,taxi,1068,7,user,0,validation,0
taxi:1068:8,taxi,1068,8,agent,2,validation,0
taxi:1068:9,taxi,1068,9,user,0,validation,0
taxi:1068:10,taxi,1068,10,agent,2,validation,1
taxi:1068:11,taxi,1068,11,user,3,validation,0
taxi:1068:12,taxi,1068,12,agent,2,validation,0
taxi:1069:1,taxi,1069,1,user,2,train,0
taxi:1069:2,taxi,1069,2,agent,1,train,1
taxi:1069:3,taxi,1069,3,user,0,train,0
taxi:1069:4,taxi,1069,4,agent,3,train,1
taxi:1070:1,taxi,1070,1,user,1,test,1
taxi:1070:2,taxi,1070,2,agent,2,test,1
taxi:1070:3,taxi,1070,3,user,3,test,1
taxi:1070:4,taxi,1070,4,agent,0,test,0
taxi:1070:5,taxi,1070,5,user,0,test,0
taxi:1070:6,taxi,1070,6,agent,2,test,0
taxi:1071:1,taxi,1071,1,user,2,train,0
taxi:1071:2,taxi,1071,2,agent,1,train,0
taxi:1071:3,taxi,1071,3,user,0,train,0
taxi:1071:4,taxi,1071,4,agent,2,train,0
taxi:1071:5,taxi,1071,5,user,2,train,0
taxi:1071:6,taxi,1071,6,agent,2,train,0
taxi:1072:1,taxi,1072,1,user,3,train,1
taxi:1072:2,taxi,1072,2,agent,3,train,1
taxi:1072:3,taxi,1072,3,user,2,train,1
taxi:1072:4,taxi,1072,4,agent,1,train,0
taxi:1072:5,taxi,1072,5,user,2,train,0
taxi:1072:6,taxi,1072,6,agent,0,train,0
taxi:1073:1,taxi,1073,1,user,1,train,0
taxi:1073:2,taxi,1073,2,agent,0,train,0
taxi:1073:3,taxi,1073,3,user,0,train,1
taxi:1073:4,taxi,1073,4,agent,1,train,0
taxi:1073:5,taxi,1073,5,user,0,train,0
taxi:1073:6,taxi,1073,6,agent,1,train,0
taxi:1074:1,taxi,1074,1,user,1,train,0
taxi:1074:2,taxi,1074,2,agent,0,train,0
taxi:1074:3,taxi,1074,3,user,0,train,0
taxi:1074:4,taxi,1074,4,agent,1,train,1
taxi:1074:5,taxi,1074,5,user,0,train,0
taxi:1074:6,taxi,1074,6,agent,0,train,0
taxi:1075:1,taxi,1075,1,user,3,test,0
taxi:1075:2,taxi,1075,2,agent,3,test,1
taxi:1075:3,taxi,1075,3,user,3,test,1
taxi:1075:4,taxi,1075,4,agent,1,test,0
taxi:1075:5,taxi,1075,5,user,2,test,0
taxi:1075:6,taxi,1075,6,agent,0,test,1
taxi:1075:7,taxi,1075,7,user,0,test,0
taxi:1075:8,taxi,1075,8,agent,0,test,0
taxi:1076:1,taxi,1076,1,user,0,train,0
taxi:1076:2,taxi,1076,2,agent,0,train,0
taxi:1076:3,taxi,1076,3,user,0,train,0
taxi:1076:4,taxi,1076,4,agent,0,train,1
taxi:1077:1,taxi,1077,1,user,3,validation,1
taxi:1077:2,taxi,1077,2,agent,1,validation,0
taxi:1077:3,taxi,1077,3,user,1,validation,0
taxi:1077:4,taxi,1077,4,agent,1,validation,1
taxi:1077:5,taxi,1077,5,user,0,validation,0
taxi:1077:6,taxi,1077,6,agent,0,validation,0
taxi:1078:1,taxi,1078,1,user,2,train,0
taxi:1078:2,taxi,1078,2,agent,0,train,1
taxi:1078:3,taxi,1078,3,user,0,train,0
taxi:1078:4,taxi,1078,4,agent,0,train,1
taxi:1078:5,taxi,1078,5,user,0,train,0
taxi:1078:6,taxi,1078,6,agent,1,train,0
taxi:1079:1,taxi,1079,1,user,1,test,1
taxi:1079:2,taxi,1079,2,agent,0,test,0
taxi:1079:3,taxi,1079,3,user,0,test,0
taxi:1079:4,taxi,1079,4,agent,0,test,0
taxi:1080:1,taxi,1080,1,user,1,train,0
taxi:1080:2,taxi,1080,2,agent,0,train,1
taxi:1080:3,taxi,1080,3,user,2,train,0
taxi:1080:4,taxi,1080,4,agent,1,train,0
taxi:1080:5,taxi,1080,5,user,2,train,1
taxi:1080:6,taxi,1080,6,agent,0,train,0
taxi:1081:1,taxi,1081,1,user,3,train,1
taxi:1081:2,taxi,1081,2,agent,3,train,1
taxi:1081:3,taxi,1081,3,user,2,train,0
taxi:1081:4,taxi,1081,4,agent,1,train,0
taxi:1081:5,taxi,1081,5,user,0,train,0
taxi:1081:6,taxi,1081,6,agent,1,train,1
taxi:1081:7,taxi,1081,7,user,0,train,0
taxi:1081:8,taxi,1081,8,agent,0,train,0
taxi:1082:1,taxi,1082,1,user,1,train,0
taxi:1082:2,taxi,1082,2,agent,0,train,1
taxi:1082:3,taxi,1082,3,user,0,train,0
taxi:1082:4,taxi,1082,4,agent,0,train,0
taxi:1083:1,taxi,1083,1,user,0,test,0
taxi:1083:2,taxi,1083,2,agent,2,test,1
taxi:1083:3,taxi,1083,3,user,0,test,0
taxi:1083:4,taxi,1083,4,agent,2,test,0
taxi:1084:1,taxi,1084,1,user,2,train,0
taxi:1084:2,taxi,1084,2,agent,0,train,0
taxi:1084:3,taxi,1084,3,user,0,train,1
taxi:1084:4,taxi,1084,4,agent,1,train,0
taxi:1084:5,taxi,1084,5,user,2,train,0
taxi:1084:6,taxi,1084,6,agent,2,train,0
taxi:1085:1,taxi,1085,1,user,3,train,0
taxi:1085:2,taxi,1085,2,agent,2,train,0
taxi:1085:3,taxi,1085,3,user,2,train,0
taxi:1085:4,taxi,1085,4,agent,0,train,0
taxi:1085:5,taxi,1085,5,user,0,train,0
taxi:1085:6,taxi,1085,6,agent,0,train,1
taxi:1085:7,taxi,1085,7,user,0,train,0
taxi:1085:8,taxi,1085,8,agent,2,train,0
taxi:1086:1,taxi,1086,1,user,1,train,0
taxi:1086:2,taxi,1086,2,agent,0,train,0
taxi:1086:3,taxi,1086,3,user,0,train,0
taxi:1086:4,taxi,1086,4,agent,0,train,0
taxi:1087:1,taxi,1087,1,user,2,train,0
taxi:1087:2,taxi,1087,2,agent,1,train,0
taxi:1087:3,taxi,1087,3,user,0,train,0
taxi:1087:4,taxi,1087,4,agent,2,train,1
taxi:1087:5,taxi,1087,5,user,3,train,1
taxi:1087:6,taxi,1087,6,agent,2,train,1
taxi:1088:1,taxi,1088,1,user,3,train,1
taxi:1088:2,taxi,1088,2,agent,0,train,0
taxi:1088:3,taxi,1088,3,user,0,train,1
taxi:1088:4,taxi,1088,4,agent,2,train,0
taxi:1088:5,taxi,1088,5,user,0,train,0
taxi:1088:6,taxi,1088,6,agent,2,train,0
taxi:1089:1,taxi,1089,1,user,3,train,0
taxi:1089:2,taxi,1089,2,agent,1,train,0
taxi:1089:3,taxi,1089,3,user,2,train,0
taxi:1089:4,taxi,1089,4,agent,2,train,1
taxi:1089:5,taxi,1089,5,user,2,train,1
taxi:1089:6,taxi,1089,6,agent,2,train,0
taxi:1089:7,taxi,1089,7,user,3,train,0
taxi:1089:8,taxi,1089,8,agent,2,train,0
taxi:1090:1,taxi,1090,1,user,2,validation,0
taxi:1090:2,taxi,1090,2,agent,0,validation,1
taxi:1090:3,taxi,1090,3,user,0,validation,0
taxi:1090:4,taxi,1090,4,agent,1,validation,0
taxi:1090:5,taxi,1090,5,user,2,validation,0
taxi:1090:6,taxi,1090,6,agent,2,validation,0
taxi:1091:1,taxi,1091,1,user,1,train,0
taxi:1091:2,taxi,1091,2,agent,1,train,0
taxi:1091:3,taxi,1091,3,user,0,train,0
taxi:1091:4,taxi,1091,4,agent,2,train,1
taxi:1091:5,taxi,1091,5,user,3,train,1
taxi:1091:6,taxi,1091,6,agent,2,train,0
taxi:1092:1,taxi,1092,1,user,2,train,0
taxi:1092:2,taxi,1092,2,agent,0,train,0
taxi:1092:3,taxi,1092,3,user,0,train,0
taxi:1092:4,taxi,1092,4,agent,1,train,0
taxi:1092:5,taxi,1092,5,user,2,train,0
taxi:1092:6,taxi,1092,6,agent,0,train,0
taxi:1092:7,taxi,1092,7,user,3,train,0
taxi:1092:8,taxi,1092,8,agent,2,train,1
taxi:1093:1,taxi,1093,1,user,3,train,0
taxi:1093:2,taxi,1093,2,agent,1,train,0
taxi:1093:3,taxi,1093,3,user,2,train,0
taxi:1093:4,taxi,1093,4,agent,0,train,0
taxi:1093:5,taxi,1093,5,user,0,train,0
taxi:1093:6,taxi,1093,6,agent,1,train,0
taxi:1093:7,taxi,1093,7,user,3,train,1
taxi:1093:8,taxi,1093,8,agent,2,train,0
taxi:1094:1,taxi,1094,1,user,3,train,0
taxi:1094:2,taxi,1094,2,agent,0,train,0
taxi:1094:3,taxi,1094,3,user,0,train,0
taxi:1094:4,taxi,1094,4,agent,1,train,0
taxi:1094:5,taxi,1094,5,user,0,train,0
taxi:1094:6,taxi,1094,6,agent,0,train,0
taxi:1094:7,taxi,1094,7,user,0,train,0
taxi:1094:8,taxi,1094,8,agent,2,train,0
taxi:1094:9,taxi,1094,9,user,3,train,1
taxi:1094:10,taxi,1094,10,agent,2,train,1
taxi:1095:1,taxi,1095,1,user,1,train,0
taxi:1095:2,taxi,1095,2,agent,1,train,1
taxi:1095:3,taxi,1095,3,user,0,train,0
taxi:1095:4,taxi,1095,4,agent,1,train,1
taxi:1095:5,taxi,1095,5,user,0,train,0
taxi:1095:6,taxi,1095,6,agent,2,train,0
taxi:1095:7,taxi,1095,7,user,2,train,0
taxi:1095:8,taxi,1095,8,agent,1,train,1
taxi:1095:9,taxi,1095,9,user,2,train,1
taxi:1095:10,taxi,1095,10,agent,2,train,0
taxi:1096:1,taxi,1096,1,user,3,test,1
taxi:1096:2,taxi,1096,2,agent,2,test,0
taxi:1096:3,taxi,1096,3,user,3,test,1
taxi:1096:4,taxi,1096,4,agent,2,test,0
taxi:1096:5,taxi,1096,5,user,2,test,0
taxi:1096:6,taxi,1096,6,agent,2,test,0
taxi:1097:1,taxi,1097,1,user,3,train,1
taxi:1097:2,taxi,1097,2,agent,0,train,0
taxi:1097:3,taxi,1097,3,user,0,train,0
taxi:1097:4,taxi,1097,4,agent,1,train,0
taxi:1097:5,taxi,1097,5,user,0,train,1
taxi:1097:6,taxi,1097,6,agent,1,train,0
taxi:1097:7,taxi,1097,7,user,3,train,1
taxi:1097:8,taxi,1097,8,agent,2,train,1
taxi:1098:1,taxi,1098,1,user,1,validation,0
taxi:1098:2,taxi,1098,2,agent,0,validation,1
taxi:1098:3,taxi,1098,3,user,0,validation,0
taxi:1098:4,taxi,1098,4,agent,1,validation,0
taxi:1098:5,taxi,1098,5,user,0,validation,0
taxi:1098:6,taxi,1098,6,agent,1,validation,0
taxi:1098:7,taxi,1098,7,user,0,validation,0
taxi:1098:8,taxi,1098,8,agent,0,validation,1
taxi:1098:9,taxi,1098,9,user,0,validation,0
taxi:1098:10,taxi,1098,10,agent,2,validation,0
taxi:1099:1,taxi,1099,1,user,1,train,0
taxi:1099:2,taxi,1099,2,agent,0,train,0
taxi:1099:3,taxi,1099,3,user,0,train,0
taxi:1099:4,taxi,1099,4,agent,1,train,1
taxi:1099:5,taxi,1099,5,user,0,train,1
taxi:1099:6,taxi,1099,6,agent,1,train,0
taxi:1100:1,taxi,1100,1,user,1,train,1
taxi:1100:2,taxi,1100,2,agent,0,train,0
taxi:1100:3,taxi,1100,3,user,0,train,0
taxi:1100:4,taxi,1100,4,agent,0,train,0
taxi:1100:5,taxi,1100,5,user,0,train,0
taxi:1100:6,taxi,1100,6,agent,0,train,0
taxi:1100:7,taxi,1100,7,user,0,train,0
taxi:1100:8,taxi,1100,8,agent,2,train,0
taxi:1101:1,taxi,1101,1,user,1,train,0
taxi:1101:2,taxi,1101,2,agent,0,train,0
taxi:1101:3,taxi,1101,3,user,0,train,0
taxi:1101:4,taxi,1101,4,agent,0,train,0
taxi:1101:5,taxi,1101,5,user,3,train,1
taxi:1101:6,taxi,1101,6,agent,1,train,1
taxi:1101:7,taxi,1101,7,user,0,train,0
taxi:1101:8,taxi,1101,8,agent,1,train,0
taxi:1102:1,taxi,1102,1,user,1,train,0
taxi:1102:2,taxi,1102,2,agent,0,train,0
taxi:1102:3,taxi,1102,3,user,0,train,0
taxi:1102:4,taxi,1102,4,agent,0,train,0
taxi:1102:5,taxi,1102,5,user,0,train,0
taxi:1102:6,taxi,1102,6,agent,0,train,0
taxi:1102:7,taxi,1102,7,user,0,train,1
taxi:1102:8,taxi,1102,8,agent,0,train,0
taxi:1103:1,taxi,1103,1,user,3,test,1
taxi:1103:2,taxi,1103,2,agent,0,test,0
taxi:1103:3,taxi,1103,3,user,2,test,0
taxi:1103:4,taxi,1103,4,agent,0,test,1
taxi:1103:5,taxi,1103,5,user,0,test,1
taxi:1103:6,taxi,1103,6,agent,0,test,0
taxi:1103:7,taxi,1103,7,user,2,test,1
taxi:1103:8,taxi,1103,8,agent,2,test,0
taxi:1103:9,taxi,1103,9,user,3,test,1
taxi:1103:10,taxi,1103,10,agent,3,test,1
taxi:1104:1,taxi,1104,1,user,3,train,0
taxi:1104:2,taxi,1104,2,agent,1,train,0
taxi:1104:3,taxi,1104,3,user,0,train,0
taxi:1104:4,taxi,1104,4,agent,1,train,0
taxi:1104:5,taxi,1104,5,user,0,train,0
taxi:1104:6,taxi,1104,6,agent,2,train,0
taxi:1104:7,taxi,1104,7,user,0,train,0
taxi:1104:8,taxi,1104,8,agent,2,train,0
taxi:1104:9,taxi,1104,9,user,3,train,1
taxi:1104:10,taxi,1104,10,agent,2,train,0
taxi:1105:1,taxi,1105,1,user,2,test,0
taxi:1105:2,taxi,1105,2,agent,1,test,1
taxi:1105:3,taxi,1105,3,user,2,test,1
taxi:1105:4,taxi,1105,4,agent,1,test,0
taxi:1105:5,taxi,1105,5,user,0,test,0
taxi:1105:6,taxi,1105,6,agent,2,test,0
taxi:1105:7,taxi,1105,7,user,3,test,1
taxi:1105:8,taxi,1105,8,agent,2,test,0
taxi:1106:1,taxi,1106,1,user,1,train,0
taxi:1106:2,taxi,1106,2,agent,0,train,0
taxi:1106:3,taxi,1106,3,user,0,train,0
taxi:1106:4,taxi,1106,4,agent,0,train,0
taxi:1106:5,taxi,1106,5,user,3,train,0
taxi:1106:6,taxi,1106,6,agent,1,train,0
taxi:1106:7,taxi,1106,7,user,0,train,0
taxi:1106:8,taxi,1106,8,agent,3,train,1
taxi:1106:9,taxi,1106,9,user,3,train,1
taxi:1106:10,taxi,1106,10,agent,2,train,0
taxi:1106:11,taxi,1106,11,user,3,train,1
taxi:1106:12,taxi,1106,12,agent,2,train,0
taxi:1107:1,taxi,1107,1,user,2,train,1
taxi:1107:2,taxi,1107,2,agent,1,train,0
taxi:1107:3,taxi,1107,3,user,2,train,0
taxi:1107:4,taxi,1107,4,agent,2,train,0
taxi:1107:5,taxi,1107,5,user,3,train,1
taxi:1107:6,taxi,1107,6,agent,2,train,0
taxi:1108:1,taxi,1108,1,user,1,train,0
taxi:1108:2,taxi,1108,2,agent,1,train,0
taxi:1108:3,taxi,1108,3,user,0,train,0
taxi:1108:4,taxi,1108,4,agent,1,train,0
taxi:1108:5,taxi,1108,5,user,0,train,0
taxi:1108:6,taxi,1108,6,agent,2,train,0
taxi:1108:7,taxi,1108,7,user,3,train,1
taxi:1108:8,taxi,1108,8,agent,2,train,1
taxi:1109:1,taxi,1109,1,user,2,train,0
taxi:1109:2,taxi,1109,2,agent,1,train,0
taxi:1109:3,taxi,1109,3,user,0,train,0
taxi:1109:4,taxi,1109,4,agent,2,train,0
taxi:1109:5,taxi,1109,5,user,3,train,1
taxi:1109:6,taxi,1109,6,agent,2,train,0
taxi:1110:1,taxi,1110,1,user,2,train,1
taxi:1110:2,taxi,1110,2,agent,0,train,0
taxi:1110:3,taxi,1110,3,user,0,train,0
taxi:1110:4,taxi,1110,4,agent,0,train,0
taxi:1110:5,taxi,1110,5,user,3,train,1
taxi:1110:6,taxi,1110,6,agent,2,train,0
taxi:1110:7,taxi,1110,7,user,3,train,0
taxi:1110:8,taxi,1110,8,agent,2,train,0
taxi:1111:1,taxi,1111,1,user,1,train,0
taxi:1111:2,taxi,1111,2,agent,0,train,0
taxi:1111:3,taxi,1111,3,user,2,train,0
taxi:1111:4,taxi,1111,4,agent,2,train,0
taxi:1111:5,taxi,1111,5,user,3,train,1
taxi:1111:6,taxi,1111,6,agent,2,train,0
taxi:1112:1,taxi,1112,1,user,2,train,0
taxi:1112:2,taxi,1112,2,agent,0,train,0
taxi:1112:3,taxi,1112,3,user,0,train,0
taxi:1112:4,taxi,1112,4,agent,2,train,0
taxi:1112:5,taxi,1112,5,user,3,train,1
taxi:1112:6,taxi,1112,6,agent,2,train,0
taxi:1113:1,taxi,1113,1,user,3,train,1
taxi:1113:2,taxi,1113,2,agent,0,train,0
taxi:1113:3,taxi,1113,3,user,0,train,0
taxi:1113:4,taxi,1113,4,agent,3,train,1
taxi:1113:5,taxi,1113,5,user,3,train,1
taxi:1113:6,taxi,1113,6,agent,2,train,0
taxi:1113:7,taxi,1113,7,user,3,train,1
taxi:1113:8,taxi,1113,8,agent,2,train,0
taxi:1114:1,taxi,1114,1,user,3,test,0
taxi:1114:2,taxi,1114,2,agent,0,test,0
taxi:1114:3,taxi,1114,3,user,3,test,0
taxi:1114:4,taxi,1114,4,agent,0,test,0
taxi:1114:5,taxi,1114,5,user,0,test,0
taxi:1114:6,taxi,1114,6,agent,1,test,0
taxi:1114:7,taxi,1114,7,user,3,test,0
taxi:1114:8,taxi,1114,8,agent,2,test,1
taxi:1114:9,taxi,1114,9,user,2,test,0
taxi:1114:10,taxi,1114,10,agent,2,test,1
taxi:1115:1,taxi,1115,1,user,3,train,0
taxi:1115:2,taxi,1115,2,agent,0,train,0
taxi:1115:3,taxi,1115,3,user,0,train,0
taxi:1115:4,taxi,1115,4,agent,0,train,0
taxi:1115:5,taxi,1115,5,user,0,train,0
taxi:1115:6,taxi,1115,6,agent,0,train,0
taxi:1115:7,taxi,1115,7,user,0,train,1
taxi:1115:8,taxi,1115,8,agent,0,train,0
taxi:1115:9,taxi,1115,9,user,3,train,0
taxi:1115:10,taxi,1115,10,agent,2,train,0
taxi:1115:11,taxi,1115,11,user,3,train,1
taxi:1115:12,taxi,1115,12,agent,2,train,0
taxi:1116:1,taxi,1116,1,user,1,train,0
taxi:1116:2,taxi,1116,2,agent,1,train,1
taxi:1116:3,taxi,1116,3,user,0,train,0
taxi:1116:4,taxi,1116,4,agent,2,train,0
taxi:1116:5,taxi,1116,5,user,2,train,0
taxi:1116:6,taxi,1116,6,agent,2,train,0
taxi:1117:1,taxi,1117,1,user,2,train,1
taxi:1117:2,taxi,1117,2,agent,1,train,0
taxi:1117:3,taxi,1117,3,user,0,train,0
taxi:1117:4,taxi,1117,4,agent,2,train,0
taxi:1117:5,taxi,1117,5,user,3,train,0
taxi:1117:6,taxi,1117,6,agent,2,train,1
taxi:1118:1,taxi,1118,1,user,1,train,0
taxi:1118:2,taxi,1118,2,agent,0,train,0
taxi:1118:3,taxi,1118,3,user,0,train,0
taxi:1118:4,taxi,1118,4,agent,1,train,1
taxi:1118:5,taxi,1118,5,user,0,train,0
taxi:1118:6,taxi,1118,6,agent,1,train,1
taxi:1118:7,taxi,1118,7,user,2,train,1
taxi:1118:8,taxi,1118,8,agent,2,train,0
taxi:1118:9,taxi,1118,9,user,3,train,0
taxi:1118:10,taxi,1118,10,agent,3,train,0
taxi:1119:1,taxi,1119,1,user,2,train,0
taxi:1119:2,taxi,1119,2,agent,1,train,0
taxi:1119:3,taxi,1119,3,user,0,train,1
taxi:1119:4,taxi,1119,4,agent,2,train,0
taxi:1119:5,taxi,1119,5,user,3,train,0
taxi:1119:6,taxi,1119,6,agent,2,train,0
taxi:1120:1,taxi,1120,1,user,2,train,0
taxi:1120:2,taxi,1120,2,agent,0,train,0
taxi:1120:3,taxi,1120,3,user,3,train,1
taxi:1120:4,taxi,1120,4,agent,2,train,0
taxi:1121:1,taxi,1121,1,user,1,validation,0
taxi:1121:2,taxi,1121,2,agent,0,validation,0
taxi:1121:3,taxi,1121,3,user,0,validation,0
taxi:1121:4,taxi,1121,4,agent,2,validation,0
taxi:1121:5,taxi,1121,5,user,3,validation,0
taxi:1121:6,taxi,1121,6,agent,2,validation,1
taxi:1122:1,taxi,1122,1,user,1,train,0
taxi:1122:2,taxi,1122,2,agent,1,train,1
taxi:1122:3,taxi,1122,3,user,2,train,0
taxi:1122:4,taxi,1122,4,agent,1,train,0
taxi:1122:5,taxi,1122,5,user,2,train,0
taxi:1122:6,taxi,1122,6,agent,2,train,0
taxi:1123:1,taxi,1123,1,user,1,validation,0
taxi:1123:2,taxi,1123,2,agent,1,validation,0
taxi:1123:3,taxi,1123,3,user,0,validation,0
taxi:1123:4,taxi,1123,4,agent,2,validation,0
taxi:1123:5,taxi,1123,5,user,0,validation,0
taxi:1123:6,taxi,1123,6,agent,2,validation,1
taxi:1124:1,taxi,1124,1,user,3,train,0
taxi:1124:2,taxi,1124,2,agent,1,train,0
taxi:1124:3,taxi,1124,3,user,0,train,0
taxi:1124:4,taxi,1124,4,agent,2,train,0
taxi:1124:5,taxi,1124,5,user,2,train,1
taxi:1124:6,taxi,1124,6,agent,2,train,0
taxi:1125:1,taxi,1125,1,user,1,train,1
taxi:1125:2,taxi,1125,2,agent,1,train,0
taxi:1125:3,taxi,1125,3,user,0,train,1
taxi:1125:4,taxi,1125,4,agent,1,train,0
taxi:1125:5,taxi,1125,5,user,3,train,1
taxi:1125:6,taxi,1125,6,agent,2,train,0
taxi:1126:1,taxi,1126,1,user,2,train,0
taxi:1126:2,taxi,1126,2,agent,2,train,0
taxi:1126:3,taxi,1126,3,user,3,train,0
taxi:1126:4,taxi,1126,4,agent,2,train,0
taxi:1127:1,taxi,1127,1,user,1,test,0
taxi:1127:2,taxi,1127,2,agent,1,test,0
taxi:1127:3,taxi,1127,3,user,0,test,0
taxi:1127:4,taxi,1127,4,agent,2,test,0
taxi:1127:5,taxi,1127,5,user,0,test,1
taxi:1127:6,taxi,1127,6,agent,2,test,0
taxi:1128:1,taxi,1128,1,user,2,test,0
taxi:1128:2,taxi,1128,2,agent,0,test,1
taxi:1128:3,taxi,1128,3,user,0,test,0
taxi:1128:4,taxi,1128,4,agent,0,test,0
taxi:1128:5,taxi,1128,5,user,2,test,0
taxi:1128:6,taxi,1128,6,agent,2,test,0
taxi:1128:7,taxi,1128,7,user,3,test,0
taxi:1128:8,taxi,1128,8,agent,2,test,0
taxi:1129:1,taxi,1129,1,user,1,test,1
taxi:1129:2,taxi,1129,2,agent,1,test,0
taxi:1129:3,taxi,1129,3,user,0,test,0
taxi:1129:4,taxi,1129,4,agent,2,test,0
taxi:1129:5,taxi,1129,5,user,0,test,1
taxi:1129:6,taxi,1129,6,agent,2,test,0
taxi:1130:1,taxi,1130,1,user,1,train,1
taxi:1130:2,taxi,1130,2,agent,1,train,0
taxi:1130:3,taxi,1130,3,user,0,train,0
taxi:1130:4,taxi,1130,4,agent,2,train,0
taxi:1130:5,taxi,1130,5,user,0,train,1
taxi:1130:6,taxi,1130,6,agent,2,train,0
taxi:1131:1,taxi,1131,1,user,1,test,0
taxi:1131:2,taxi,1131,2,agent,0,test,0
taxi:1131:3,taxi,1131,3,user,0,test,0
taxi:1131:4,taxi,1131,4,agent,2,test,0
taxi:1131:5,taxi,1131,5,user,2,test,0
taxi:1131:6,taxi,1131,6,agent,2,test,0
taxi:1132:1,taxi,1132,1,user,2,train,0
taxi:1132:2,taxi,1132,2,agent,1,train,0
taxi:1132:3,taxi,1132,3,user,2,train,0
taxi:1132:4,taxi,1132,4,agent,1,train,0
taxi:1132:5,taxi,1132,5,user,2,train,0
taxi:1132:6,taxi,1132,6,agent,2,train,0
taxi:1133:1,taxi,1133,1,user,3,train,1
taxi:1133:2,taxi,1133,2,agent,1,train,0
taxi:1133:3,taxi,1133,3,user,3,train,1
taxi:1133:4,taxi,1133,4,agent,1,train,0
taxi:1133:5,taxi,1133,5,user,0,train,0
taxi:1133:6,taxi,1133,6,agent,1,train,0
taxi:1133:7,taxi,1133,7,user,3,train,1
taxi:1133:8,taxi,1133,8,agent,2,train,0
taxi:1134:1,taxi,1134,1,user,1,train,0
taxi:1134:2,taxi,1134,2,agent,1,train,0
taxi:1134:3,taxi,1134,3,user,0,train,0
taxi:1134:4,taxi,1134,4,agent,1,train,1
taxi:1134:5,taxi,1134,5,user,3,train,1
taxi:1134:6,taxi,1134,6,agent,2,train,0
taxi:1135:1,taxi,1135,1,user,1,test,0
taxi:1135:2,taxi,1135,2,agent,1,test,1
taxi:1135:3,taxi,1135,3,user,0,test,0
taxi:1135:4,taxi,1135,4,agent,2,test,0
taxi:1135:5,taxi,1135,5,user,0,test,0
taxi:1135:6,taxi,1135,6,agent,2,test,0
taxi:1136:1,taxi,1136,1,user,2,train,0
taxi:1136:2,taxi,1136,2,agent,1,train,0
taxi:1136:3,taxi,1136,3,user,0,train,0
taxi:1136:4,taxi,1136,4,agent,1,train,0
taxi:1136:5,taxi,1136,5,user,3,train,0
taxi:1136:6,taxi,1136,6,agent,2,train,1
taxi:1137:1,taxi,1137,1,user,2,validation,0
taxi:1137:2,taxi,1137,2,agent,1,validation,0
taxi:1137:3,taxi,1137,3,user,2,validation,0
taxi:1137:4,taxi,1137,4,agent,2,validation,1
taxi:1137:5,taxi,1137,5,user,3,validation,1
taxi:1137:6,taxi,1137,6,agent,2,validation,1
taxi:1138:1,taxi,1138,1,user,2,test,0
taxi:1138:2,taxi,1138,2,agent,1,test,0
taxi:1138:3,taxi,1138,3,user,2,test,0
taxi:1138:4,taxi,1138,4,agent,2,test,0
taxi:1138:5,taxi,1138,5,user,3,test,0
taxi:1138:6,taxi,1138,6,agent,2,test,0
taxi:1139:1,taxi,1139,1,user,2,train,0
taxi:1139:2,taxi,1139,2,agent,3,train,1
taxi:1139:3,taxi,1139,3,user,2,train,0
taxi:1139:4,taxi,1139,4,agent,2,train,1
taxi:1139:5,taxi,1139,5,user,3,train,1
taxi:1139:6,taxi,1139,6,agent,2,train,0
taxi:1140:1,taxi,1140,1,user,1,test,1
taxi:1140:2,taxi,1140,2,agent,0,test,1
taxi:1140:3,taxi,1140,3,user,0,test,0
taxi:1140:4,taxi,1140,4,agent,1,test,0
taxi:1140:5,taxi,1140,5,user,0,test,0
taxi:1140:6,taxi,1140,6,agent,1,test,1
taxi:1140:7,taxi,1140,7,user,0,test,0
taxi:1140:8,taxi,1140,8,agent,2,test,0
taxi:1141:1,taxi,1141,1,user,2,train,0
taxi:1141:2,taxi,1141,2,agent,1,train,1
taxi:1141:3,taxi,1141,3,user,0,train,0
taxi:1141:4,taxi,1141,4,agent,1,train,0
taxi:1141:5,taxi,1141,5,user,3,train,1
taxi:1141:6,taxi,1141,6,agent,2,train,0
taxi:1142:1,taxi,1142,1,user,3,train,1
taxi:1142:2,taxi,1142,2,agent,0,train,0
taxi:1142:3,taxi,1142,3,user,0,train,0
taxi:1142:4,taxi,1142,4,agent,1,train,0
taxi:1142:5,taxi,1142,5,user,0,train,0
taxi:1142:6,taxi,1142,6,agent,1,train,0
taxi:1142:7,taxi,1142,7,user,3,train,0
taxi:1142:8,taxi,1142,8,agent,2,train,0
taxi:1143:1,taxi,1143,1,user,2,train,0
taxi:1143:2,taxi,1143,2,agent,1,train,0
taxi:1143:3,taxi,1143,3,user,2,train,0
taxi:1143:4,taxi,1143,4,agent,2,train,0
taxi:1143:5,taxi,1143,5,user,3,train,1
taxi:1143:6,taxi,1143,6,agent,2,train,0
taxi:1144:1,taxi,1144,1,user,3,train,0
taxi:1144:2,taxi,1144,2,agent,2,train,0
taxi:1144:3,taxi,1144,3,user,2,train,0
taxi:1144:4,taxi,1144,4,agent,2,train,0
taxi:1145:1,taxi,1145,1,user,2,test,0
taxi:1145:2,taxi,1145,2,agent,0,test,0
taxi:1145:3,taxi,1145,3,user,3,test,1
taxi:1145:4,taxi,1145,4,agent,2,test,0
taxi:1146:1,taxi,1146,1,user,1,train,0
taxi:1146:2,taxi,1146,2,agent,1,train,1
taxi:1146:3,taxi,1146,3,user,0,train,1
taxi:1146:4,taxi,1146,4,agent,2,train,0
taxi:1146:5,taxi,1146,5,user,3,train,1
taxi:1146:6,taxi,1146,6,agent,2,train,0
taxi:1147:1,taxi,1147,1,user,2,train,0
taxi:1147:2,taxi,1147,2,agent,0,train,0
taxi:1147:3,taxi,1147,3,user,2,train,0
taxi:1147:4,taxi,1147,4,agent,2,train,0
taxi:1148:1,taxi,1148,1,user,1,validation,0
taxi:1148:2,taxi,1148,2,agent,0,validation,0
taxi:1148:3,taxi,1148,3,user,3,validation,0
taxi:1148:4,taxi,1148,4,agent,2,validation,0
taxi:1149:1,taxi,1149,1,user,2,train,0
taxi:1149:2,taxi,1149,2,agent,1,train,0
taxi:1149:3,taxi,1149,3,user,2,train,0
taxi:1149:4,taxi,1149,4,agent,2,train,0
taxi:1149:5,taxi,1149,5,user,3,train,1
taxi:1149:6,taxi,1149,6,agent,2,train,0
taxi:1150:1,taxi,1150,1,user,1,train,0
taxi:1150:2,taxi,1150,2,agent,2,train,0
taxi:1150:3,taxi,1150,3,user,0,train,1
taxi:1150:4,taxi,1150,4,agent,3,train,1
taxi:1150:5,taxi,1150,5,user,0,train,0
taxi:1150:6,taxi,1150,6,agent,2,train,0
taxi:1150:7,taxi,1150,7,user,2,train,0
taxi:1150:8,taxi,1150,8,agent,2,train,0
taxi:1151:1,taxi,1151,1,user,1,train,0
taxi:1151:2,taxi,1151,2,agent,1,train,0
taxi:1151:3,taxi,1151,3,user,0,train,0
taxi:1151:4,taxi,1151,4,agent,2,train,0
taxi:1151:5,taxi,1151,5,user,0,train,0
taxi:1151:6,taxi,1151,6,agent,2,train,0
taxi:1152:1,taxi,1152,1,user,2,train,0
taxi:1152:2,taxi,1152,2,agent,0,train,0
taxi:1152:3,taxi,1152,3,user,3,train,1
taxi:1152:4,taxi,1152,4,agent,2,train,0
taxi:1153:1,taxi,1153,1,user,1,train,0
taxi:1153:2,taxi,1153,2,agent,1,train,0
taxi:1153:3,taxi,1153,3,user,0,train,0
taxi:1153:4,taxi,1153,4,agent,0,train,1
taxi:1153:5,taxi,1153,5,user,0,train,0
taxi:1153:6,taxi,1153,6,agent,2,train,0
taxi:1153:7,taxi,1153,7,user,3,train,0
taxi:1153:8,taxi,1153,8,agent,3,train,1
taxi:1154:1,taxi,1154,1,user,1,train,0
taxi:1154:2,taxi,1154,2,agent,0,train,1
taxi:1154:3,taxi,1154,3,user,0,train,0
taxi:1154:4,taxi,1154,4,agent,0,train,1
taxi:1154:5,taxi,1154,5,user,0,train,0
taxi:1154:6,taxi,1154,6,agent,0,train,0
taxi:1154:7,taxi,1154,7,user,0,train,0
taxi:1154:8,taxi,1154,8,agent,0,train,0
taxi:1154:9,taxi,1154,9,user,0,train,1
taxi:1154:10,taxi,1154,10,agent,1,train,0
taxi:1154:11,taxi,1154,11,user,3,train,1
taxi:1154:12,taxi,1154,12,agent,2,train,0
taxi:1155:1,taxi,1155,1,user,2,train,0
taxi:1155:2,taxi,1155,2,agent,0,train,0
taxi:1155:3,taxi,1155,3,user,0,train,0
taxi:1155:4,taxi,1155,4,agent,2,train,0
taxi:1155:5,taxi,1155,5,user,3,train,1
taxi:1155:6,taxi,1155,6,agent,2,train,0
taxi:1156:1,taxi,1156,1,user,2,test,0
taxi:1156:2,taxi,1156,2,agent,1,test,0
taxi:1156:3,taxi,1156,3,user,2,test,0
taxi:1156:4,taxi,1156,4,agent,1,test,0
taxi:1156:5,taxi,1156,5,user,2,test,0
taxi:1156:6,taxi,1156,6,agent,1,test,0
taxi:1156:7,taxi,1156,7,user,3,test,1
taxi:1156:8,taxi,1156,8,agent,2,test,0
taxi:1157:1,taxi,1157,1,user,1,train,0
taxi:1157:2,taxi,1157,2,agent,1,train,0
taxi:1157:3,taxi,1157,3,user,0,train,0
taxi:1157:4,taxi,1157,4,agent,2,train,0
taxi:1157:5,taxi,1157,5,user,0,train,0
taxi:1157:6,taxi,1157,6,agent,2,train,0
taxi:1158:1,taxi,1158,1,user,2,train,0
taxi:1158:2,taxi,1158,2,agent,1,train,0
taxi:1158:3,taxi,1158,3,user,0,train,0
taxi:1158:4,taxi,1158,4,agent,2,train,1
taxi:1158:5,taxi,1158,5,user,2,train,1
taxi:1158:6,taxi,1158,6,agent,2,train,0
taxi:1158:7,taxi,1158,7,user,3,train,1
taxi:1158:8,taxi,1158,8,agent,2,train,1
taxi:1159:1,taxi,1159,1,user,3,train,0
taxi:1159:2,taxi,1159,2,agent,2,train,1
taxi:1159:3,taxi,1159,3,user,3,train,1
taxi:1159:4,taxi,1159,4,agent,2,train,1
taxi:1160:1,taxi,1160,1,user,1,validation,0
taxi:1160:2,taxi,1160,2,agent,0,validation,1
taxi:1160:3,taxi,1160,3,user,0,validation,1
taxi:1160:4,taxi,1160,4,agent,3,validation,1
taxi:1160:5,taxi,1160,5,user,2,validation,0
taxi:1160:6,taxi,1160,6,agent,2,validation,0
taxi:1160:7,taxi,1160,7,user,0,validation,0
taxi:1160:8,taxi,1160,8,agent,2,validation,0
taxi:1161:1,taxi,1161,1,user,1,test,0
taxi:1161:2,taxi,1161,2,agent,1,test,1
taxi:1161:3,taxi,1161,3,user,0,test,0
taxi:1161:4,taxi,1161,4,agent,1,test,1
taxi:1161:5,taxi,1161,5,user,3,test,0
taxi:1161:6,taxi,1161,6,agent,2,test,0
taxi:1162:1,taxi,1162,1,user,3,train,0
taxi:1162:2,taxi,1162,2,agent,0,train,0
taxi:1162:3,taxi,1162,3,user,2,train,1
taxi:1162:4,taxi,1162,4,agent,2,train,0
taxi:1163:1,taxi,1163,1,user,2,train,0
taxi:1163:2,taxi,1163,2,agent,1,train,0
taxi:1163:3,taxi,1163,3,user,2,train,0
taxi:1163:4,taxi,1163,4,agent,2,train,0
taxi:1163:5,taxi,1163,5,user,3,train,0
taxi:1163:6,taxi,1163,6,agent,2,train,0
taxi:1164:1,taxi,1164,1,user,3,test,1
taxi:1164:2,taxi,1164,2,agent,0,test,1
taxi:1164:3,taxi,1164,3,user,0,test,0
taxi:1164:4,taxi,1164,4,agent,0,test,0
taxi:1164:5,taxi,1164,5,user,0,test,1
taxi:1164:6,taxi,1164,6,agent,0,test,0
taxi:1164:7,taxi,1164,7,user,0,test,1
taxi:1164:8,taxi,1164,8,agent,0,test,1
taxi:1164:9,taxi,1164,9,user,0,test,0
taxi:1164:10,taxi,1164,10,agent,1,test,0
taxi:1164:11,taxi,1164,11,user,2,test,0
taxi:1164:12,taxi,1164,12,agent,2,test,0
taxi:1165:1,taxi,1165,1,user,2,train,0
taxi:1165:2,taxi,1165,2,agent,1,train,0
taxi:1165:3,taxi,1165,3,user,0,train,0
taxi:1165:4,taxi,1165,4,agent,1,train,0
taxi:1165:5,taxi,1165,5,user,3,train,0
taxi:1165:6,taxi,1165,6,agent,2,train,0
taxi:1166:1,taxi,1166,1,user,2,train,1
taxi:1166:2,taxi,1166,2,agent,1,train,0
taxi:1166:3,taxi,1166,3,user,0,train,0
taxi:1166:4,taxi,1166,4,agent,2,train,0
taxi:1166:5,taxi,1166,5,user,0,train,0
taxi:1166:6,taxi,1166,6,agent,2,train,0
taxi:1167:1,taxi,1167,1,user,2,train,0
taxi:1167:2,taxi,1167,2,agent,1,train,1
taxi:1167:3,taxi,1167,3,user,0,train,0
taxi:1167:4,taxi,1167,4,agent,2,train,0
taxi:1167:5,taxi,1167,5,user,3,train,1
taxi:1167:6,taxi,1167,6,agent,2,train,0
taxi:1168:1,taxi,1168,1,user,1,test,1
taxi:1168:2,taxi,1168,2,agent,0,test,0
taxi:1168:3,taxi,1168,3,user,3,test,1
taxi:1168:4,taxi,1168,4,agent,2,test,1
taxi:1168:5,taxi,1168,5,user,3,test,0
taxi:1168:6,taxi,1168,6,agent,3,test,1
taxi:1169:1,taxi,1169,1,user,1,train,0
taxi:1169:2,taxi,1169,2,agent,1,train,0
taxi:1169:3,taxi,1169,3,user,0,train,0
taxi:1169:4,taxi,1169,4,agent,0,train,0
taxi:1169:5,taxi,1169,5,user,0,train,0
taxi:1169:6,taxi,1169,6,agent,1,train,1
taxi:1169:7,taxi,1169,7,user,0,train,0
taxi:1169:8,taxi,1169,8,agent,1,train,0
taxi:1169:9,taxi,1169,9,user,3,train,1
taxi:1169:10,taxi,1169,10,agent,2,train,1
taxi:1170:1,taxi,1170,1,user,3,test,1
taxi:1170:2,taxi,1170,2,agent,0,test,0
taxi:1170:3,taxi,1170,3,user,0,test,0
taxi:1170:4,taxi,1170,4,agent,2,test,0
taxi:1170:5,taxi,1170,5,user,3,test,1
taxi:1170:6,taxi,1170,6,agent,2,test,1
taxi:1171:1,taxi,1171,1,user,1,train,1
taxi:1171:2,taxi,1171,2,agent,1,train,0
taxi:1171:3,taxi,1171,3,user,0,train,0
taxi:1171:4,taxi,1171,4,agent,2,train,0
taxi:1171:5,taxi,1171,5,user,0,train,0
taxi:1171:6,taxi,1171,6,agent,2,train,0
taxi:1172:1,taxi,1172,1,user,1,test,0
taxi:1172:2,taxi,1172,2,agent,0,test,0
taxi:1172:3,taxi,1172,3,user,0,test,0
taxi:1172:4,taxi,1172,4,agent,0,test,0
taxi:1172:5,taxi,1172,5,user,0,test,0
taxi:1172:6,taxi,1172,6,agent,0,test,0
taxi:1172:7,taxi,1172,7,user,2,test,0
taxi:1172:8,taxi,1172,8,agent,2,test,1
taxi:1173:1,taxi,1173,1,user,1,validation,0
taxi:1173:2,taxi,1173,2,agent,1,validation,0
taxi:1173:3,taxi,1173,3,user,0,validation,0
taxi:1173:4,taxi,1173,4,agent,0,validation,0
taxi:1173:5,taxi,1173,5,user,0,validation,0
taxi:1173:6,taxi,1173,6,agent,0,validation,1
taxi:1173:7,taxi,1173,7,user,0,validation,0
taxi:1173:8,taxi,1173,8,agent,2,validation,0
taxi:1173:9,taxi,1173,9,user,2,validation,0
taxi:1173:10,taxi,1173,10,agent,2,validation,0
taxi:1174:1,taxi,1174,1,user,3,test,1
taxi:1174:2,taxi,1174,2,agent,1,test,1
taxi:1174:3,taxi,1174,3,user,2,test,0
taxi:1174:4,taxi,1174,4,agent,2,test,0
taxi:1174:5,taxi,1174,5,user,3,test,1
taxi:1174:6,taxi,1174,6,agent,2,test,0
taxi:1175:1,taxi,1175,1,user,1,train,0
taxi:1175:2,taxi,1175,2,agent,1,train,0
taxi:1175:3,taxi,1175,3,user,0,train,0
taxi:1175:4,taxi,1175,4,agent,1,train,0
taxi:1175:5,taxi,1175,5,user,2,train,0
taxi:1175:6,taxi,1175,6,agent,2,train,0
taxi:1176:1,taxi,1176,1,user,2,train,0
taxi:1176:2,taxi,1176,2,agent,0,train,1
taxi:1176:3,taxi,1176,3,user,3,train,1
taxi:1176:4,taxi,1176,4,agent,2,train,0
taxi:1177:1,taxi,1177,1,user,3,train,1
taxi:1177:2,taxi,1177,2,agent,0,train,1
taxi:1177:3,taxi,1177,3,user,0,train,0
taxi:1177:4,taxi,1177,4,agent,0,train,0
taxi:1177:5,taxi,1177,5,user,0,train,0
taxi:1177:6,taxi,1177,6,agent,0,train,0
taxi:1177:7,taxi,1177,7,user,0,train,0
taxi:1177:8,taxi,1177,8,agent,0,train,0
taxi:1177:9,taxi,1177,9,user,0,train,1
taxi:1177:10,taxi,1177,10,agent,1,train,0
taxi:1177:11,taxi,1177,11,user,3,train,0
taxi:1177:12,taxi,1177,12,agent,2,train,0
taxi:1178:1,taxi,1178,1,user,0,train,0
taxi:1178:2,taxi,1178,2,agent,1,train,0
taxi:1178:3,taxi,1178,3,user,0,train,0
taxi:1178:4,taxi,1178,4,agent,2,train,0
taxi:1178:5,taxi,1178,5,user,3,train,1
taxi:1178:6,taxi,1178,6,agent,2,train,0
taxi:1179:1,taxi,1179,1,user,1,train,0
taxi:1179:2,taxi,1179,2,agent,1,train,1
taxi:1179:3,taxi,1179,3,user,0,train,1
taxi:1179:4,taxi,1179,4,agent,2,train,0
taxi:1179:5,taxi,1179,5,user,0,train,1
taxi:1179:6,taxi,1179,6,agent,2,train,0
taxi:1180:1,taxi,1180,1,user,2,train,0
taxi:1180:2,taxi,1180,2,agent,2,train,0
taxi:1180:3,taxi,1180,3,user,2,train,0
taxi:1180:4,taxi,1180,4,agent,2,train,0
taxi:1180:5,taxi,1180,5,user,3,train,1
taxi:1180:6,taxi,1180,6,agent,2,train,0
taxi:1181:1,taxi,1181,1,user,2,train,0
taxi:1181:2,taxi,1181,2,agent,1,train,1
taxi:1181:3,taxi,1181,3,user,0,train,0
taxi:1181:4,taxi,1181,4,agent,1,train,1
taxi:1181:5,taxi,1181,5,user,3,train,0
taxi:1181:6,taxi,1181,6,agent,2,train,0
taxi:1182:1,taxi,1182,1,user,2,train,0
taxi:1182:2,taxi,1182,2,agent,0,train,0
taxi:1182:3,taxi,1182,3,user,3,train,0
taxi:1182:4,taxi,1182,4,agent,2,train,1
taxi:1183:1,taxi,1183,1,user,2,validation,1
taxi:1183:2,taxi,1183,2,agent,3,validation,1
taxi:1183:3,taxi,1183,3,user,2,validation,0
taxi:1183:4,taxi,1183,4,agent,2,validation,0
taxi:1183:5,taxi,1183,5,user,3,validation,0
taxi:1183:6,taxi,1183,6,agent,2,validation,0
taxi:1184:1,taxi,1184,1,user,2,train,0
taxi:1184:2,taxi,1184,2,agent,1,train,0
taxi:1184:3,taxi,1184,3,user,0,train,0
taxi:1184:4,taxi,1184,4,agent,1,train,0
taxi:1184:5,taxi,1184,5,user,3,train,1
taxi:1184:6,taxi,1184,6,agent,2,train,0
taxi:1185:1,taxi,1185,1,user,2,validation,1
taxi:1185:2,taxi,1185,2,agent,1,validation,0
taxi:1185:3,taxi,1185,3,user,2,validation,0
taxi:1185:4,taxi,1185,4,agent,2,validation,1
taxi:1185:5,taxi,1185,5,user,3,validation,0
taxi:1185:6,taxi,1185,6,agent,2,validation,0
taxi:1186:1,taxi,1186,1,user,3,test,0
taxi:1186:2,taxi,1186,2,agent,2,test,0
taxi:1186:3,taxi,1186,3,user,3,test,1
taxi:1186:4,taxi,1186,4,agent,2,test,0
taxi:1187:1,taxi,1187,1,user,3,train,0
taxi:1187:2,taxi,1187,2,agent,0,train,0
taxi:1187:3,taxi,1187,3,user,0,train,0
taxi:1187:4,taxi,1187,4,agent,3,train,1
taxi:1187:5,taxi,1187,5,user,3,train,1
taxi:1187:6,taxi,1187,6,agent,1,train,1
taxi:1187:7,taxi,1187,7,user,3,train,0
taxi:1187:8,taxi,1187,8,agent,2,train,0
taxi:1188:1,taxi,1188,1,user,2,train,0
taxi:1188:2,taxi,1188,2,agent,1,train,0
taxi:1188:3,taxi,1188,3,user,0,train,0
taxi:1188:4,taxi,1188,4,agent,2,train,0
taxi:1188:5,taxi,1188,5,user,2,train,0
taxi:1188:6,taxi,1188,6,agent,2,train,0
taxi:1189:1,taxi,1189,1,user,3,validation,1
taxi:1189:2,taxi,1189,2,agent,1,validation,0
taxi:1189:3,taxi,1189,3,user,0,validation,0
taxi:1189:4,taxi,1189,4,agent,1,validation,0
taxi:1189:5,taxi,1189,5,user,3,validation,1
taxi:1189:6,taxi,1189,6,agent,2,validation,0
taxi:1190:1,taxi,1190,1,user,1,train,0
taxi:1190:2,taxi,1190,2,agent,1,train,0
taxi:1190:3,taxi,1190,3,user,0,train,0
taxi:1190:4,taxi,1190,4,agent,2,train,0
taxi:1190:5,taxi,1190,5,user,0,train,1
taxi:1190:6,taxi,1190,6,agent,3,train,1
taxi:1190:7,taxi,1190,7,user,3,train,1
taxi:1190:8,taxi,1190,8,agent,2,train,0
taxi:1191:1,taxi,1191,1,user,1,train,0
taxi:1191:2,taxi,1191,2,agent,1,train,0
taxi:1191:3,taxi,1191,3,user,0,train,0
taxi:1191:4,taxi,1191,4,agent,2,train,0
taxi:1191:5,taxi,1191,5,user,0,train,0
taxi:1191:6,taxi,1191,6,agent,2,train,1
taxi:1192:1,taxi,1192,1,user,3,train,1
taxi:1192:2,taxi,1192,2,agent,0,train,0
taxi:1192:3,taxi,1192,3,user,0,train,0
taxi:1192:4,taxi,1192,4,agent,0,train,0
taxi:1192:5,taxi,1192,5,user,0,train,0
taxi:1192:6,taxi,1192,6,agent,1,train,0
taxi:1192:7,taxi,1192,7,user,3,train,1
taxi:1192:8,taxi,1192,8,agent,2,train,1
taxi:1193:1,taxi,1193,1,user,1,train,0
taxi:1193:2,taxi,1193,2,agent,1,train,0
taxi:1193:3,taxi,1193,3,user,0,train,0
taxi:1193:4,taxi,1193,4,agent,2,train,0
taxi:1193:5,taxi,1193,5,user,0,train,0
taxi:1193:6,taxi,1193,6,agent,3,train,1
taxi:1193:7,taxi,1193,7,user,2,train,0
taxi:1193:8,taxi,1193,8,agent,2,train,0
taxi:1194:1,taxi,1194,1,user,1,train,0
taxi:1194:2,taxi,1194,2,agent,1,train,1
taxi:1194:3,taxi,1194,3,user,0,train,0
taxi:1194:4,taxi,1194,4,agent,2,train,0
taxi:1194:5,taxi,1194,5,user,0,train,0
taxi:1194:6,taxi,1194,6,agent,2,train,0
taxi:1195:1,taxi,1195,1,user,2,train,0
taxi:1195:2,taxi,1195,2,agent,1,train,0
taxi:1195:3,taxi,1195,3,user,2,train,0
taxi:1195:4,taxi,1195,4,agent,2,train,0
taxi:1195:5,taxi,1195,5,user,3,train,1
taxi:1195:6,taxi,1195,6,agent,2,train,0
taxi:1196:1,taxi,1196,1,user,3,train,1
taxi:1196:2,taxi,1196,2,agent,0,train,1
taxi:1196:3,taxi,1196,3,user,0,train,0
taxi:1196:4,taxi,1196,4,agent,0,train,0
taxi:1196:5,taxi,1196,5,user,0,train,0
taxi:1196:6,taxi,1196,6,agent,1,train,1
taxi:1196:7,taxi,1196,7,user,3,train,1
taxi:1196:8,taxi,1196,8,agent,2,train,0
taxi:1197:1,taxi,1197,1,user,1,train,0
taxi:1197:2,taxi,1197,2,agent,1,train,0
taxi:1197:3,taxi,1197,3,user,0,train,1
taxi:1197:4,taxi,1197,4,agent,2,train,0
taxi:1197:5,taxi,1197,5,user,0,train,0
taxi:1197:6,taxi,1197,6,agent,2,train,1
taxi:1198:1,taxi,1198,1,user,1,train,0
taxi:1198:2,taxi,1198,2,agent,1,train,0
taxi:1198:3,taxi,1198,3,user,0,train,0
taxi:1198:4,taxi,1198,4,agent,2,train,0
taxi:1198:5,taxi,1198,5,user,0,train,0
taxi:1198:6,taxi,1198,6,agent,2,train,0
taxi:1199:1,taxi,1199,1,user,3,train,1
taxi:1199:2,taxi,1199,2,agent,0,train,0
taxi:1199:3,taxi,1199,3,user,3,train,1
taxi:1199:4,taxi,1199,4,agent,2,train,0
taxi:1200:1,taxi,1200,1,user,2,train,1
taxi:1200:2,taxi,1200,2,agent,1,train,0
taxi:1200:3,taxi,1200,3,user,0,train,0
taxi:1200:4,taxi,1200,4,agent,0,train,0
taxi:1200:5,taxi,1200,5,user,0,train,0
taxi:1200:6,taxi,1200,6,agent,1,train,1
taxi:1200:7,taxi,1200,7,user,0,train,0
taxi:1200:8,taxi,1200,8,agent,1,train,1
taxi:1200:9,taxi,1200,9,user,2,train,0
taxi:1200:10,taxi,1200,10,agent,2,train,0
taxi:1201:1,taxi,1201,1,user,3,train,1
taxi:1201:2,taxi,1201,2,agent,1,train,0
taxi:1201:3,taxi,1201,3,user,0,train,0
taxi:1201:4,taxi,1201,4,agent,2,train,0
taxi:1201:5,taxi,1201,5,user,3,train,1
taxi:1201:6,taxi,1201,6,agent,2,train,1
taxi:1202:1,taxi,1202,1,user,2,train,0
taxi:1202:2,taxi,1202,2,agent,1,train,0
taxi:1202:3,taxi,1202,3,user,2,train,0
taxi:1202:4,taxi,1202,4,agent,2,train,0
taxi:1202:5,taxi,1202,5,user,3,train,0
taxi:1202:6,taxi,1202,6,agent,2,train,0
taxi:1203:1,taxi,1203,1,user,1,train,0
taxi:1203:2,taxi,1203,2,agent,0,train,0
taxi:1203:3,taxi,1203,3,user,0,train,0
taxi:1203:4,taxi,1203,4,agent,1,train,0
taxi:1203:5,taxi,1203,5,user,0,train,1
taxi:1203:6,taxi,1203,6,agent,2,train,0
taxi:1203:7,taxi,1203,7,user,2,train,0
taxi:1203:8,taxi,1203,8,agent,2,train,1
taxi:1204:1,taxi,1204,1,user,1,test,0
taxi:1204:2,taxi,1204,2,agent,1,test,1
taxi:1204:3,taxi,1204,3,user,0,test,0
taxi:1204:4,taxi,1204,4,agent,2,test,0
taxi:1204:5,taxi,1204,5,user,0,test,1
taxi:1204:6,taxi,1204,6,agent,2,test,0
taxi:1205:1,taxi,1205,1,user,2,train,0
taxi:1205:2,taxi,1205,2,agent,1,train,0
taxi:1205:3,taxi,1205,3,user,0,train,0
taxi:1205:4,taxi,1205,4,agent,1,train,0
taxi:1205:5,taxi,1205,5,user,3,train,1
taxi:1205:6,taxi,1205,6,agent,2,train,0
taxi:1206:1,taxi,1206,1,user,3,train,0
taxi:1206:2,taxi,1206,2,agent,1,train,0
taxi:1206:3,taxi,1206,3,user,0,train,0
taxi:1206:4,taxi,1206,4,agent,1,train,0
taxi:1206:5,taxi,1206,5,user,3,train,1
taxi:1206:6,taxi,1206,6,agent,2,train,0
taxi:1207:1,taxi,1207,1,user,2,test,0
taxi:1207:2,taxi,1207,2,agent,1,test,0
taxi:1207:3,taxi,1207,3,user,2,test,0
taxi:1207:4,taxi,1207,4,agent,2,test,0
taxi:1207:5,taxi,1207,5,user,3,test,1
taxi:1207:6,taxi,1207,6,agent,2,test,1
taxi:1208:1,taxi,1208,1,user,2,validation,0
taxi:1208:2,taxi,1208,2,agent,1,validation,0
taxi:1208:3,taxi,1208,3,user,2,validation,1
taxi:1208:4,taxi,1208,4,agent,2,validation,0
taxi:1208:5,taxi,1208,5,user,3,validation,1
taxi:1208:6,taxi,1208,6,agent,2,validation,0
taxi:1209:1,taxi,1209,1,user,2,train,0
taxi:1209:2,taxi,1209,2,agent,0,train,0
taxi:1209:3,taxi,1209,3,user,3,train,0
taxi:1209:4,taxi,1209,4,agent,2,train,1
taxi:1210:1,taxi,1210,1,user,2,train,0
taxi:1210:2,taxi,1210,2,agent,1,train,0
taxi:1210:3,taxi,1210,3,user,2,train,0
taxi:1210:4,taxi,1210,4,agent,2,train,0
taxi:1210:5,taxi,1210,5,user,3,train,1
taxi:1210:6,taxi,1210,6,agent,2,train,1
taxi:1211:1,taxi,1211,1,user,1,test,1
taxi:1211:2,taxi,1211,2,agent,0,test,0
taxi:1211:3,taxi,1211,3,user,0,test,1
taxi:1211:4,taxi,1211,4,agent,1,test,0
taxi:1211:5,taxi,1211,5,user,0,test,0
taxi:1211:6,taxi,1211,6,agent,2,test,1
taxi:1211:7,taxi,1211,7,user,3,test,1
taxi:1211:8,taxi,1211,8,agent,2,test,1
taxi:1212:1,taxi,1212,1,user,1,train,0
taxi:1212:2,taxi,1212,2,agent,1,train,0
taxi:1212:3,taxi,1212,3,user,0,train,0
taxi:1212:4,taxi,1212,4,agent,3,train,1
taxi:1212:5,taxi,1212,5,user,0,train,0
taxi:1212:6,taxi,1212,6,agent,2,train,0
taxi:1212:7,taxi,1212,7,user,2,train,0
taxi:1212:8,taxi,1212,8,agent,2,train,0
taxi:1213:1,taxi,1213,1,user,1,train,0
taxi:1213:2,taxi,1213,2,agent,1,train,1
taxi:1213:3,taxi,1213,3,user,0,train,0
taxi:1213:4,taxi,1213,4,agent,1,train,1
taxi:1213:5,taxi,1213,5,user,2,train,0
taxi:1213:6,taxi,1213,6,agent,2,train,0
taxi:1214:1,taxi,1214,1,user,1,validation,0
taxi:1214:2,taxi,1214,2,agent,0,validation,0
taxi:1214:3,taxi,1214,3,user,0,validation,0
taxi:1214:4,taxi,1214,4,agent,1,validation,1
taxi:1214:5,taxi,1214,5,user,0,validation,0
taxi:1214:6,taxi,1214,6,agent,1,validation,0
taxi:1214:7,taxi,1214,7,user,2,validation,0
taxi:1214:8,taxi,1214,8,agent,2,validation,0
taxi:1215:1,taxi,1215,1,user,2,train,0
taxi:1215:2,taxi,1215,2,agent,0,train,0
taxi:1215:3,taxi,1215,3,user,0,train,0
taxi:1215:4,taxi,1215,4,agent,2,train,0
taxi:1215:5,taxi,1215,5,user,3,train,1
taxi:1215:6,taxi,1215,6,agent,2,train,0
taxi:1216:1,taxi,1216,1,user,2,train,0
taxi:1216:2,taxi,1216,2,agent,1,train,0
taxi:1216:3,taxi,1216,3,user,0,train,0
taxi:1216:4,taxi,1216,4,agent,1,train,0
taxi:1216:5,taxi,1216,5,user,3,train,1
taxi:1216:6,taxi,1216,6,agent,2,train,0
taxi:1217:1,taxi,1217,1,user,1,train,0
taxi:1217:2,taxi,1217,2,agent,1,train,0
taxi:1217:3,taxi,1217,3,user,0,train,0
taxi:1217:4,taxi,1217,4,agent,2,train,0
taxi:1217:5,taxi,1217,5,user,0,train,0
taxi:1217:6,taxi,1217,6,agent,2,train,0
taxi:1218:1,taxi,1218,1,user,2,test,0
taxi:1218:2,taxi,1218,2,agent,1,test,0
taxi:1218:3,taxi,1218,3,user,2,test,0
taxi:1218:4,taxi,1218,4,agent,2,test,0
taxi:1218:5,taxi,1218,5,user,3,test,1
taxi:1218:6,taxi,1218,6,agent,2,test,0
taxi:1219:1,taxi,1219,1,user,2,train,0
taxi:1219:2,taxi,1219,2,agent,1,train,0
taxi:1219:3,taxi,1219,3,user,0,train,0
taxi:1219:4,taxi,1219,4,agent,2,train,1
taxi:1219:5,taxi,1219,5,user,3,train,1
taxi:1219:6,taxi,1219,6,agent,2,train,0
taxi:1220:1,taxi,1220,1,user,1,validation,0
taxi:1220:2,taxi,1220,2,agent,0,validation,0
taxi:1220:3,taxi,1220,3,user,0,validation,0
taxi:1220:4,taxi,1220,4,agent,2,validation,0
taxi:1220:5,taxi,1220,5,user,3,validation,1
taxi:1220:6,taxi,1220,6,agent,2,validation,0
taxi:1221:1,taxi,1221,1,user,2,train,0
taxi:1221:2,taxi,1221,2,agent,0,train,0
taxi:1221:3,taxi,1221,3,user,0,train,1
taxi:1221:4,taxi,1221,4,agent,1,train,1
taxi:1221:5,taxi,1221,5,user,2,train,0
taxi:1221:6,taxi,1221,6,agent,2,train,0
taxi:1221:7,taxi,1221,7,user,2,train,0
taxi:1221:8,taxi,1221,8,agent,2,train,0
taxi:1222:1,taxi,1222,1,user,2,train,1
taxi:1222:2,taxi,1222,2,agent,1,train,1
taxi:1222:3,taxi,1222,3,user,2,train,0
taxi:1222:4,taxi,1222,4,agent,2,train,1
taxi:1222:5,taxi,1222,5,user,3,train,1
taxi:1222:6,taxi,1222,6,agent,2,train,0
taxi:1223:1,taxi,1223,1,user,2,train,0
taxi:1223:2,taxi,1223,2,agent,1,train,1
taxi:1223:3,taxi,1223,3,user,2,train,0
taxi:1223:4,taxi,1223,4,agent,2,train,0
taxi:1223:5,taxi,1223,5,user,3,train,1
taxi:1223:6,taxi,1223,6,agent,2,train,0
taxi:1224:1,taxi,1224,1,user,1,train,1
taxi:1224:2,taxi,1224,2,agent,0,train,0
taxi:1224:3,taxi,1224,3,user,0,train,0
taxi:1224:4,taxi,1224,4,agent,0,train,0
taxi:1224:5,taxi,1224,5,user,0,train,0
taxi:1224:6,taxi,1224,6,agent,1,train,0
taxi:1224:7,taxi,1224,7,user,3,train,1
taxi:1224:8,taxi,1224,8,agent,2,train,0
taxi:1225:1,taxi,1225,1,user,1,test,0
taxi:1225:2,taxi,1225,2,agent,0,test,1
taxi:1225:3,taxi,1225,3,user,0,test,0
taxi:1225:4,taxi,1225,4,agent,1,test,1
taxi:1225:5,taxi,1225,5,user,0,test,0
taxi:1225:6,taxi,1225,6,agent,2,test,0
taxi:1225:7,taxi,1225,7,user,3,test,1
taxi:1225:8,taxi,1225,8,agent,2,test,1
taxi:1226:1,taxi,1226,1,user,2,train,1
taxi:1226:2,taxi,1226,2,agent,1,train,0
taxi:1226:3,taxi,1226,3,user,2,train,1
taxi:1226:4,taxi,1226,4,agent,2,train,0
taxi:1226:5,taxi,1226,5,user,2,train,0
taxi:1226:6,taxi,1226,6,agent,2,train,0
taxi:1227:1,taxi,1227,1,user,1,train,0
taxi:1227:2,taxi,1227,2,agent,0,train,0
taxi:1227:3,taxi,1227,3,user,0,train,0
taxi:1227:4,taxi,1227,4,agent,1,train,0
taxi:1227:5,taxi,1227,5,user,2,train,0
taxi:1227:6,taxi,1227,6,agent,2,train,0
taxi:1227:7,taxi,1227,7,user,2,train,0
taxi:1227:8,taxi,1227,8,agent,2,train,0
taxi:1228:1,taxi,1228,1,user,1,test,0
taxi:1228:2,taxi,1228,2,agent,0,test,0
taxi:1228:3,taxi,1228,3,user,0,test,1
taxi:1228:4,taxi,1228,4,agent,0,test,0
taxi:1228:5,taxi,1228,5,user,0,test,0
taxi:1228:6,taxi,1228,6,agent,1,test,0
taxi:1228:7,taxi,1228,7,user,0,test,0
taxi:1228:8,taxi,1228,8,agent,1,test,0
taxi:1228:9,taxi,1228,9,user,3,test,1
taxi:1228:10,taxi,1228,10,agent,2,test,0
taxi:1229:1,taxi,1229,1,user,2,test,1
taxi:1229:2,taxi,1229,2,agent,1,test,0
taxi:1229:3,taxi,1229,3,user,0,test,1
taxi:1229:4,taxi,1229,4,agent,2,test,0
taxi:1229:5,taxi,1229,5,user,0,test,0
taxi:1229:6,taxi,1229,6,agent,3,test,1
taxi:1229:7,taxi,1229,7,user,2,test,1
taxi:1229:8,taxi,1229,8,agent,2,test,0
taxi:1230:1,taxi,1230,1,user,2,train,0
taxi:1230:2,taxi,1230,2,agent,1,train,1
taxi:1230:3,taxi,1230,3,user,2,train,0
taxi:1230:4,taxi,1230,4,agent,2,train,1
taxi:1230:5,taxi,1230,5,user,3,train,1
taxi:1230:6,taxi,1230,6,agent,2,train,0
taxi:1231:1,taxi,1231,1,user,2,test,1
taxi:1231:2,taxi,1231,2,agent,1,test,0
taxi:1231:3,taxi,1231,3,user,0,test,0
taxi:1231:4,taxi,1231,4,agent,1,test,0
taxi:1231:5,taxi,1231,5,user,3,test,1
taxi:1231:6,taxi,1231,6,agent,2,test,0
taxi:1232:1,taxi,1232,1,user,3,train,1
taxi:1232:2,taxi,1232,2,agent,2,train,0
taxi:1232:3,taxi,1232,3,user,0,train,0
taxi:1232:4,taxi,1232,4,agent,3,train,1
taxi:1232:5,taxi,1232,5,user,2,train,0
taxi:1232:6,taxi,1232,6,agent,1,train,1
taxi:1232:7,taxi,1232,7,user,0,train,0
taxi:1232:8,taxi,1232,8,agent,2,train,0
taxi:1232:9,taxi,1232,9,user,0,train,0
taxi:1232:10,taxi,1232,10,agent,2,train,0
taxi:1233:1,taxi,1233,1,user,1,train,0
taxi:1233:2,taxi,1233,2,agent,1,train,0
taxi:1233:3,taxi,1233,3,user,0,train,1
taxi:1233:4,taxi,1233,4,agent,2,train,0
taxi:1233:5,taxi,1233,5,user,0,train,0
taxi:1233:6,taxi,1233,6,agent,3,train,1
taxi:1233:7,taxi,1233,7,user,2,train,0
taxi:1233:8,taxi,1233,8,agent,2,train,0
taxi:1234:1,taxi,1234,1,user,3,validation,0
taxi:1234:2,taxi,1234,2,agent,1,validation,0
taxi:1234:3,taxi,1234,3,user,2,validation,1
taxi:1234:4,taxi,1234,4,agent,0,validation,0
taxi:1234:5,taxi,1234,5,user,2,validation,0
taxi:1234:6,taxi,1234,6,agent,1,validation,0
taxi:1235:1,taxi,1235,1,user,2,test,0
taxi:1235:2,taxi,1235,2,agent,1,test,0
taxi:1235:3,taxi,1235,3,user,0,test,0
taxi:1235:4,taxi,1235,4,agent,1,test,1
taxi:1235:5,taxi,1235,5,user,0,test,0
taxi:1235:6,taxi,1235,6,agent,1,test,0
taxi:1235:7,taxi,1235,7,user,3,test,0
taxi:1235:8,taxi,1235,8,agent,2,test,0
taxi:1236:1,taxi,1236,1,user,1,train,0
taxi:1236:2,taxi,1236,2,agent,1,train,0
taxi:1236:3,taxi,1236,3,user,0,train,0
taxi:1236:4,taxi,1236,4,agent,2,train,1
taxi:1236:5,taxi,1236,5,user,0,train,0
taxi:1236:6,taxi,1236,6,agent,3,train,1
taxi:1236:7,taxi,1236,7,user,2,train,0
taxi:1236:8,taxi,1236,8,agent,2,train,0
taxi:1237:1,taxi,1237,1,user,3,train,0
taxi:1237:2,taxi,1237,2,agent,1,train,0
taxi:1237:3,taxi,1237,3,user,0,train,0
taxi:1237:4,taxi,1237,4,agent,2,train,0
taxi:1237:5,taxi,1237,5,user,3,train,0
taxi:1237:6,taxi,1237,6,agent,2,train,0
taxi:1238:1,taxi,1238,1,user,3,train,1
taxi:1238:2,taxi,1238,2,agent,0,train,0
taxi:1238:3,taxi,1238,3,user,0,train,0
taxi:1238:4,taxi,1238,4,agent,0,train,0
taxi:1238:5,taxi,1238,5,user,0,train,0
taxi:1238:6,taxi,1238,6,agent,0,train,0
taxi:1238:7,taxi,1238,7,user,0,train,0
taxi:1238:8,taxi,1238,8,agent,0,train,0
taxi:1238:9,taxi,1238,9,user,0,train,0
taxi:1238:10,taxi,1238,10,agent,1,train,1
taxi:1238:11,taxi,1238,11,user,2,train,1
taxi:1238:12,taxi,1238,12,agent,2,train,0
taxi:1239:1,taxi,1239,1,user,1,validation,0
taxi:1239:2,taxi,1239,2,agent,0,validation,0
taxi:1239:3,taxi,1239,3,user,0,validation,0
taxi:1239:4,taxi,1239,4,agent,1,validation,1
taxi:1239:5,taxi,1239,5,user,0,validation,1
taxi:1239:6,taxi,1239,6,agent,1,validation,1
taxi:1239:7,taxi,1239,7,user,2,validation,0
taxi:1239:8,taxi,1239,8,agent,2,validation,0
taxi:1240:1,taxi,1240,1,user,2,test,1
taxi:1240:2,taxi,1240,2,agent,1,test,1
taxi:1240:3,taxi,1240,3,user,0,test,1
taxi:1240:4,taxi,1240,4,agent,1,test,1
taxi:1240:5,taxi,1240,5,user,2,test,1
taxi:1240:6,taxi,1240,6,agent,2,test,1
taxi:1241:1,taxi,1241,1,user,3,test,1
taxi:1241:2,taxi,1241,2,agent,0,test,0
taxi:1241:3,taxi,1241,3,user,0,test,0
taxi:1241:4,taxi,1241,4,agent,1,test,1
taxi:1241:5,taxi,1241,5,user,3,test,0
taxi:1241:6,taxi,1241,6,agent,2,test,0
taxi:1242:1,taxi,1242,1,user,2,train,0
taxi:1242:2,taxi,1242,2,agent,1,train,1
taxi:1242:3,taxi,1242,3,user,0,train,0
taxi:1242:4,taxi,1242,4,agent,2,train,0
taxi:1242:5,taxi,1242,5,user,0,train,0
taxi:1242:6,taxi,1242,6,agent,1,train,0
taxi:1242:7,taxi,1242,7,user,2,train,0
taxi:1242:8,taxi,1242,8,agent,2,train,0
taxi:1243:1,taxi,1243,1,user,3,train,0
taxi:1243:2,taxi,1243,2,agent,1,train,0
taxi:1243:3,taxi,1243,3,user,2,train,1
taxi:1243:4,taxi,1243,4,agent,0,train,0
taxi:1243:5,taxi,1243,5,user,2,train,0
taxi:1243:6,taxi,1243,6,agent,2,train,0
taxi:1243:7,taxi,1243,7,user,2,train,1
taxi:1243:8,taxi,1243,8,agent,1,train,1
taxi:1244:1,taxi,1244,1,user,2,train,0
taxi:1244:2,taxi,1244,2,agent,0,train,0
taxi:1244:3,taxi,1244,3,user,0,train,1
taxi:1244:4,taxi,1244,4,agent,0,train,0
taxi:1244:5,taxi,1244,5,user,0,train,0
taxi:1244:6,taxi,1244,6,agent,0,train,0
taxi:1244:7,taxi,1244,7,user,0,train,0
taxi:1244:8,taxi,1244,8,agent,1,train,0
taxi:1244:9,taxi,1244,9,user,2,train,0
taxi:1244:10,taxi,1244,10,agent,2,train,0
taxi:1245:1,taxi,1245,1,user,2,train,0
taxi:1245:2,taxi,1245,2,agent,1,train,1
taxi:1245:3,taxi,1245,3,user,0,train,0
taxi:1245:4,taxi,1245,4,agent,3,train,0
taxi:1246:1,taxi,1246,1,user,0,train,0
taxi:1246:2,taxi,1246,2,agent,1,train,0
taxi:1246:3,taxi,1246,3,user,0,train,0
taxi:1246:4,taxi,1246,4,agent,0,train,0
taxi:1246:5,taxi,1246,5,user,0,train,0
taxi:1246:6,taxi,1246,6,agent,1,train,0
taxi:1246:7,taxi,1246,7,user,3,train,1
taxi:1246:8,taxi,1246,8,agent,2,train,0
taxi:1247:1,taxi,1247,1,user,2,train,0
taxi:1247:2,taxi,1247,2,agent,0,train,0
taxi:1247:3,taxi,1247,3,user,0,train,0
taxi:1247:4,taxi,1247,4,agent,1,train,0
taxi:1247:5,taxi,1247,5,user,0,train,0
taxi:1247:6,taxi,1247,6,agent,1,train,0
taxi:1247:7,taxi,1247,7,user,1,train,0
taxi:1247:8,taxi,1247,8,agent,2,train,0
taxi:1247:9,taxi,1247,9,user,3,train,1
taxi:1247:10,taxi,1247,10,agent,2,train,0
taxi:1248:1,taxi,1248,1,user,2,train,0
taxi:1248:2,taxi,1248,2,agent,0,train,0
taxi:1248:3,taxi,1248,3,user,0,train,0
taxi:1248:4,taxi,1248,4,agent,2,train,0
taxi:1248:5,taxi,1248,5,user,3,train,1
taxi:1248:6,taxi,1248,6,agent,2,train,1
taxi:1249:1,taxi,1249,1,user,2,train,0
taxi:1249:2,taxi,1249,2,agent,1,train,0
taxi:1249:3,taxi,1249,3,user,2,train,0
taxi:1249:4,taxi,1249,4,agent,2,train,0
taxi:1250:1,taxi,1250,1,user,1,train,0
taxi:1250:2,taxi,1250,2,agent,0,train,0
taxi:1250:3,taxi,1250,3,user,2,train,0
taxi:1250:4,taxi,1250,4,agent,2,train,0
taxi:1251:1,taxi,1251,1,user,2,train,0
taxi:1251:2,taxi,1251,2,agent,1,train,0
taxi:1251:3,taxi,1251,3,user,0,train,1
taxi:1251:4,taxi,1251,4,agent,2,train,1
taxi:1252:1,taxi,1252,1,user,1,train,0
taxi:1252:2,taxi,1252,2,agent,1,train,0
taxi:1252:3,taxi,1252,3,user,0,train,0
taxi:1252:4,taxi,1252,4,agent,2,train,0
taxi:1253:1,taxi,1253,1,user,1,train,0
taxi:1253:2,taxi,1253,2,agent,1,train,0
taxi:1253:3,taxi,1253,3,user,0,train,0
taxi:1253:4,taxi,1253,4,agent,3,train,1
taxi:1253:5,taxi,1253,5,user,2,train,0
taxi:1253:6,taxi,1253,6,agent,2,train,0
taxi:1253:7,taxi,1253,7,user,3,train,0
taxi:1253:8,taxi,1253,8,agent,2,train,0
taxi:1254:1,taxi,1254,1,user,1,train,0
taxi:1254:2,taxi,1254,2,agent,0,train,0
taxi:1254:3,taxi,1254,3,user,0,train,1
taxi:1254:4,taxi,1254,4,agent,0,train,0
taxi:1254:5,taxi,1254,5,user,0,train,0
taxi:1254:6,taxi,1254,6,agent,0,train,1
taxi:1254:7,taxi,1254,7,user,0,train,0
taxi:1254:8,taxi,1254,8,agent,1,train,1
taxi:1254:9,taxi,1254,9,user,0,train,0
taxi:1254:10,taxi,1254,10,agent,2,train,1
taxi:1255:1,taxi,1255,1,user,3,train,0
taxi:1255:2,taxi,1255,2,agent,0,train,0
taxi:1255:3,taxi,1255,3,user,0,train,0
taxi:1255:4,taxi,1255,4,agent,1,train,0
taxi:1255:5,taxi,1255,5,user,0,train,0
taxi:1255:6,taxi,1255,6,agent,1,train,0
taxi:1255:7,taxi,1255,7,user,3,train,1
taxi:1255:8,taxi,1255,8,agent,2,train,0
taxi:1256:1,taxi,1256,1,user,1,train,0
taxi:1256:2,taxi,1256,2,agent,0,train,0
taxi:1256:3,taxi,1256,3,user,0,train,0
taxi:1256:4,taxi,1256,4,agent,0,train,0
taxi:1256:5,taxi,1256,5,user,0,train,1
taxi:1256:6,taxi,1256,6,agent,0,train,0
taxi:1256:7,taxi,1256,7,user,0,train,1
taxi:1256:8,taxi,1256,8,agent,0,train,0
taxi:1256:9,taxi,1256,9,user,0,train,0
taxi:1256:10,taxi,1256,10,agent,1,train,0
taxi:1256:11,taxi,1256,11,user,0,train,0
taxi:1256:12,taxi,1256,12,agent,2,train,1
taxi:1257:1,taxi,1257,1,user,3,train,1
taxi:1257:2,taxi,1257,2,agent,0,train,0
taxi:1257:3,taxi,1257,3,user,0,train,0
taxi:1257:4,taxi,1257,4,agent,0,train,0
taxi:1257:5,taxi,1257,5,user,0,train,0
taxi:1257:6,taxi,1257,6,agent,1,train,0
taxi:1257:7,taxi,1257,7,user,3,train,0
taxi:1257:8,taxi,1257,8,agent,2,train,0
taxi:1258:1,taxi,1258,1,user,1,test,0
taxi:1258:2,taxi,1258,2,agent,0,test,0
taxi:1258:3,taxi,1258,3,user,0,test,0
taxi:1258:4,taxi,1258,4,agent,0,test,0
taxi:1258:5,taxi,1258,5,user,0,test,0
taxi:1258:6,taxi,1258,6,agent,0,test,0
taxi:1258:7,taxi,1258,7,user,0,test,1
taxi:1258:8,taxi,1258,8,agent,0,test,0
taxi:1258:9,taxi,1258,9,user,0,test,0
taxi:1258:10,taxi,1258,10,agent,1,test,0
taxi:1258:11,taxi,1258,11,user,0,test,0
taxi:1258:12,taxi,1258,12,agent,2,test,0
taxi:1259:1,taxi,1259,1,user,1,test,0
taxi:1259:2,taxi,1259,2,agent,1,test,0
taxi:1259:3,taxi,1259,3,user,0,test,0
taxi:1259:4,taxi,1259,4,agent,2,test,1
taxi:1259:5,taxi,1259,5,user,3,test,1
taxi:1259:6,taxi,1259,6,agent,3,test,1
taxi:1259:7,taxi,1259,7,user,3,test,1
taxi:1259:8,taxi,1259,8,agent,3,test,1
taxi:1260:1,taxi,1260,1,user,2,test,0
taxi:1260:2,taxi,1260,2,agent,0,test,0
taxi:1260:3,taxi,1260,3,user,0,test,0
taxi:1260:4,taxi,1260,4,agent,1,test,0
taxi:1260:5,taxi,1260,5,user,0,test,0
taxi:1260:6,taxi,1260,6,agent,3,test,0
taxi:1261:1,taxi,1261,1,user,0,train,0
taxi:1261:2,taxi,1261,2,agent,1,train,0
taxi:1261:3,taxi,1261,3,user,2,train,0
taxi:1261:4,taxi,1261,4,agent,0,train,0
taxi:1261:5,taxi,1261,5,user,0,train,0
taxi:1261:6,taxi,1261,6,agent,1,train,1
taxi:1261:7,taxi,1261,7,user,0,train,1
taxi:1261:8,taxi,1261,8,agent,1,train,0
taxi:1261:9,taxi,1261,9,user,3,train,0
taxi:1261:10,taxi,1261,10,agent,2,train,1
taxi:1262:1,taxi,1262,1,user,3,validation,1
taxi:1262:2,taxi,1262,2,agent,0,validation,1
taxi:1262:3,taxi,1262,3,user,3,validation,1
taxi:1262:4,taxi,1262,4,agent,0,validation,1
taxi:1262:5,taxi,1262,5,user,0,validation,0
taxi:1262:6,taxi,1262,6,agent,1,validation,0
taxi:1262:7,taxi,1262,7,user,0,validation,0
taxi:1262:8,taxi,1262,8,agent,3,validation,0
taxi:1262:9,taxi,1262,9,user,3,validation,1
taxi:1262:10,taxi,1262,10,agent,2,validation,0
taxi:1262:11,taxi,1262,11,user,0,validation,0
taxi:1262:12,taxi,1262,12,agent,2,validation,0
taxi:1263:1,taxi,1263,1,user,3,train,0
taxi:1263:2,taxi,1263,2,agent,0,train,0
taxi:1263:3,taxi,1263,3,user,2,train,0
taxi:1263:4,taxi,1263,4,agent,1,train,0
taxi:1263:5,taxi,1263,5,user,0,train,0
taxi:1263:6,taxi,1263,6,agent,1,train,0
taxi:1263:7,taxi,1263,7,user,0,train,0
taxi:1263:8,taxi,1263,8,agent,2,train,0
taxi:1263:9,taxi,1263,9,user,3,train,1
taxi:1263:10,taxi,1263,10,agent,3,train,1
taxi:1264:1,taxi,1264,1,user,1,train,1
taxi:1264:2,taxi,1264,2,agent,1,train,0
taxi:1264:3,taxi,1264,3,user,2,train,0
taxi:1264:4,taxi,1264,4,agent,1,train,0
taxi:1264:5,taxi,1264,5,user,2,train,0
taxi:1264:6,taxi,1264,6,agent,2,train,1
taxi:1264:7,taxi,1264,7,user,3,train,1
taxi:1264:8,taxi,1264,8,agent,2,train,0
taxi:1265:1,taxi,1265,1,user,2,validation,0
taxi:1265:2,taxi,1265,2,agent,0,validation,0
taxi:1265:3,taxi,1265,3,user,0,validation,0
taxi:1265:4,taxi,1265,4,agent,2,validation,0
taxi:1265:5,taxi,1265,5,user,3,validation,0
taxi:1265:6,taxi,1265,6,agent,3,validation,1
taxi:1265:7,taxi,1265,7,user,3,validation,0
taxi:1265:8,taxi,1265,8,agent,2,validation,0
taxi:1265:9,taxi,1265,9,user,3,validation,1
taxi:1265:10,taxi,1265,10,agent,3,validation,1
taxi:1266:1,taxi,1266,1,user,3,train,1
taxi:1266:2,taxi,1266,2,agent,1,train,0
taxi:1266:3,taxi,1266,3,user,2,train,0
taxi:1266:4,taxi,1266,4,agent,3,train,1
taxi:1267:1,taxi,1267,1,user,3,test,0
taxi:1267:2,taxi,1267,2,agent,1,test,0
taxi:1267:3,taxi,1267,3,user,3,test,1
taxi:1267:4,taxi,1267,4,agent,2,test,0
taxi:1268:1,taxi,1268,1,user,3,train,1
taxi:1268:2,taxi,1268,2,agent,3,train,1
taxi:1268:3,taxi,1268,3,user,3,train,0
taxi:1268:4,taxi,1268,4,agent,2,train,1
taxi:1268:5,taxi,1268,5,user,0,train,0
taxi:1268:6,taxi,1268,6,agent,2,train,0
taxi:1269:1,taxi,1269,1,user,1,train,0
taxi:1269:2,taxi,1269,2,agent,0,train,1
taxi:1269:3,taxi,1269,3,user,0,train,1
taxi:1269:4,taxi,1269,4,agent,1,train,1
taxi:1269:5,taxi,1269,5,user,0,train,0
taxi:1269:6,taxi,1269,6,agent,2,train,1
taxi:1269:7,taxi,1269,7,user,2,train,0
taxi:1269:8,taxi,1269,8,agent,2,train,0
taxi:1270:1,taxi,1270,1,user,3,train,0
taxi:1270:2,taxi,1270,2,agent,1,train,0
taxi:1270:3,taxi,1270,3,user,2,train,0
taxi:1270:4,taxi,1270,4,agent,1,train,0
taxi:1270:5,taxi,1270,5,user,3,train,1
taxi:1270:6,taxi,1270,6,agent,2,train,0
taxi:1271:1,taxi,1271,1,user,3,test,1
taxi:1271:2,taxi,1271,2,agent,1,test,1
taxi:1271:3,taxi,1271,3,user,2,test,0
taxi:1271:4,taxi,1271,4,agent,1,test,0
taxi:1271:5,taxi,1271,5,user,3,test,1
taxi:1271:6,taxi,1271,6,agent,2,test,0
taxi:1272:1,taxi,1272,1,user,3,train,1
taxi:1272:2,taxi,1272,2,agent,0,train,1
taxi:1272:3,taxi,1272,3,user,3,train,1
taxi:1272:4,taxi,1272,4,agent,1,train,0
taxi:1272:5,taxi,1272,5,user,0,train,0
taxi:1272:6,taxi,1272,6,agent,2,train,0
taxi:1272:7,taxi,1272,7,user,3,train,0
taxi:1272:8,taxi,1272,8,agent,2,train,0
taxi:1273:1,taxi,1273,1,user,2,test,1
taxi:1273:2,taxi,1273,2,agent,1,test,0
taxi:1273:3,taxi,1273,3,user,2,test,0
taxi:1273:4,taxi,1273,4,agent,0,test,0
taxi:1273:5,taxi,1273,5,user,0,test,0
taxi:1273:6,taxi,1273,6,agent,0,test,0
taxi:1273:7,taxi,1273,7,user,1,test,0
taxi:1273:8,taxi,1273,8,agent,2,test,1
taxi:1273:9,taxi,1273,9,user,2,test,0
taxi:1273:10,taxi,1273,10,agent,2,test,0
taxi:1274:1,taxi,1274,1,user,3,train,1
taxi:1274:2,taxi,1274,2,agent,0,train,0
taxi:1274:3,taxi,1274,3,user,0,train,1
taxi:1274:4,taxi,1274,4,agent,0,train,0
taxi:1274:5,taxi,1274,5,user,0,train,0
taxi:1274:6,taxi,1274,6,agent,0,train,0
taxi:1274:7,taxi,1274,7,user,0,train,0
taxi:1274:8,taxi,1274,8,agent,0,train,0
taxi:1274:9,taxi,1274,9,user,0,train,0
taxi:1274:10,taxi,1274,10,agent,2,train,0
taxi:1274:11,taxi,1274,11,user,0,train,0
taxi:1274:12,taxi,1274,12,agent,3,train,1
taxi:1274:13,taxi,1274,13,user,3,train,1
taxi:1274:14,taxi,1274,14,agent,2,train,1
taxi:1275:1,taxi,1275,1,user,3,train,0
taxi:1275:2,taxi,1275,2,agent,0,train,1
taxi:1275:3,taxi,1275,3,user,3,train,1
taxi:1275:4,taxi,1275,4,agent,0,train,0
taxi:1275:5,taxi,1275,5,user,0,train,0
taxi:1275:6,taxi,1275,6,agent,1,train,0
taxi:1275:7,taxi,1275,7,user,0,train,0
taxi:1275:8,taxi,1275,8,agent,3,train,1
taxi:1275:9,taxi,1275,9,user,0,train,0
taxi:1275:10,taxi,1275,10,agent,0,train,1
taxi:1275:11,taxi,1275,11,user,0,train,1
taxi:1275:12,taxi,1275,12,agent,2,train,1
taxi:1275:13,taxi,1275,13,user,2,train,0
taxi:1275:14,taxi,1275,14,agent,2,train,1
taxi:1276:1,taxi,1276,1,user,1,train,0
taxi:1276:2,taxi,1276,2,agent,0,train,0
taxi:1276:3,taxi,1276,3,user,0,train,0
taxi:1276:4,taxi,1276,4,agent,0,train,0
taxi:1276:5,taxi,1276,5,user,0,train,0
taxi:1276:6,taxi,1276,6,agent,1,train,0
taxi:1276:7,taxi,1276,7,user,0,train,0
taxi:1276:8,taxi,1276,8,agent,0,train,0
taxi:1276:9,taxi,1276,9,user,0,train,0
taxi:1276:10,taxi,1276,10,agent,2,train,0
taxi:1276:11,taxi,1276,11,user,0,train,0
taxi:1276:12,taxi,1276,12,agent,2,train,0
taxi:1277:1,taxi,1277,1,user,1,train,0
taxi:1277:2,taxi,1277,2,agent,0,train,0
taxi:1277:3,taxi,1277,3,user,0,train,1
taxi:1277:4,taxi,1277,4,agent,0,train,0
taxi:1277:5,taxi,1277,5,user,0,train,0
taxi:1277:6,taxi,1277,6,agent,1,train,0
taxi:1277:7,taxi,1277,7,user,0,train,0
taxi:1277:8,taxi,1277,8,agent,0,train,1
taxi:1277:9,taxi,1277,9,user,0,train,0
taxi:1277:10,taxi,1277,10,agent,2,train,0
taxi:1277:11,taxi,1277,11,user,0,train,0
taxi:1277:12,taxi,1277,12,agent,2,train,0
taxi:1278:1,taxi,1278,1,user,3,train,1
taxi:1278:2,taxi,1278,2,agent,1,train,0
taxi:1278:3,taxi,1278,3,user,0,train,0
taxi:1278:4,taxi,1278,4,agent,2,train,0
taxi:1278:5,taxi,1278,5,user,3,train,1
taxi:1278:6,taxi,1278,6,agent,2,train,0
taxi:1279:1,taxi,1279,1,user,3,train,0
taxi:1279:2,taxi,1279,2,agent,0,train,0
taxi:1279:3,taxi,1279,3,user,0,train,0
taxi:1279:4,taxi,1279,4,agent,1,train,0
taxi:1279:5,taxi,1279,5,user,3,train,1
taxi:1279:6,taxi,1279,6,agent,1,train,1
taxi:1279:7,taxi,1279,7,user,0,train,0
taxi:1279:8,taxi,1279,8,agent,2,train,0
taxi:1279:9,taxi,1279,9,user,3,train,1
taxi:1279:10,taxi,1279,10,agent,2,train,1
taxi:1280:1,taxi,1280,1,user,3,train,0
taxi:1280:2,taxi,1280,2,agent,0,train,1
taxi:1280:3,taxi,1280,3,user,0,train,1
taxi:1280:4,taxi,1280,4,agent,0,train,0
taxi:1280:5,taxi,1280,5,user,3,train,1
taxi:1280:6,taxi,1280,6,agent,1,train,0
taxi:1280:7,taxi,1280,7,user,0,train,0
taxi:1280:8,taxi,1280,8,agent,2,train,0
taxi:1280:9,taxi,1280,9,user,3,train,1
taxi:1280:10,taxi,1280,10,agent,2,train,0
taxi:1281:1,taxi,1281,1,user,3,validation,1
taxi:1281:2,taxi,1281,2,agent,0,validation,0
taxi:1281:3,taxi,1281,3,user,2,validation,0
taxi:1281:4,taxi,1281,4,agent,1,validation,1
taxi:1281:5,taxi,1281,5,user,3,validation,1
taxi:1281:6,taxi,1281,6,agent,1,validation,0
taxi:1281:7,taxi,1281,7,user,0,validation,0
taxi:1281:8,taxi,1281,8,agent,2,validation,0
taxi:1281:9,taxi,1281,9,user,3,validation,1
taxi:1281:10,taxi,1281,10,agent,2,validation,0
taxi:1282:1,taxi,1282,1,user,3,train,1
taxi:1282:2,taxi,1282,2,agent,1,train,0
taxi:1282:3,taxi,1282,3,user,2,train,0
taxi:1282:4,taxi,1282,4,agent,0,train,0
taxi:1282:5,taxi,1282,5,user,2,train,1
taxi:1282:6,taxi,1282,6,agent,1,train,0
taxi:1283:1,taxi,1283,1,user,3,train,1
taxi:1283:2,taxi,1283,2,agent,0,train,0
taxi:1283:3,taxi,1283,3,user,0,train,0
taxi:1283:4,taxi,1283,4,agent,2,train,0
taxi:1283:5,taxi,1283,5,user,2,train,0
taxi:1283:6,taxi,1283,6,agent,2,train,0
taxi:1284:1,taxi,1284,1,user,3,train,0
taxi:1284:2,taxi,1284,2,agent,0,train,0
taxi:1284:3,taxi,1284,3,user,0,train,1
taxi:1284:4,taxi,1284,4,agent,2,train,0
taxi:1285:1,taxi,1285,1,user,3,validation,0
taxi:1285:2,taxi,1285,2,agent,0,validation,0
taxi:1285:3,taxi,1285,3,user,0,validation,0
taxi:1285:4,taxi,1285,4,agent,0,validation,0
taxi:1285:5,taxi,1285,5,user,0,validation,0
taxi:1285:6,taxi,1285,6,agent,0,validation,0
taxi:1285:7,taxi,1285,7,user,0,validation,0
taxi:1285:8,taxi,1285,8,agent,1,validation,0
taxi:1286:1,taxi,1286,1,user,1,train,0
taxi:1286:2,taxi,1286,2,agent,0,train,0
taxi:1286:3,taxi,1286,3,user,0,train,1
taxi:1286:4,taxi,1286,4,agent,2,train,0
taxi:1286:5,taxi,1286,5,user,2,train,0
taxi:1286:6,taxi,1286,6,agent,2,train,0
taxi:1286:7,taxi,1286,7,user,3,train,1
taxi:1286:8,taxi,1286,8,agent,2,train,0
taxi:1287:1,taxi,1287,1,user,3,train,1
taxi:1287:2,taxi,1287,2,agent,0,train,1
taxi:1287:3,taxi,1287,3,user,2,train,0
taxi:1287:4,taxi,1287,4,agent,0,train,0
taxi:1287:5,taxi,1287,5,user,0,train,1
taxi:1287:6,taxi,1287,6,agent,0,train,1
taxi:1287:7,taxi,1287,7,user,0,train,0
taxi:1287:8,taxi,1287,8,agent,0,train,0
taxi:1287:9,taxi,1287,9,user,0,train,0
taxi:1287:10,taxi,1287,10,agent,1,train,0
taxi:1288:1,taxi,1288,1,user,3,train,0
taxi:1288:2,taxi,1288,2,agent,1,train,0
taxi:1288:3,taxi,1288,3,user,0,train,0
taxi:1288:4,taxi,1288,4,agent,2,train,0
taxi:1289:1,taxi,1289,1,user,2,train,0
taxi:1289:2,taxi,1289,2,agent,0,train,0
taxi:1289:3,taxi,1289,3,user,0,train,0
taxi:1289:4,taxi,1289,4,agent,0,train,0
taxi:1289:5,taxi,1289,5,user,0,train,0
taxi:1289:6,taxi,1289,6,agent,0,train,0
taxi:1289:7,taxi,1289,7,user,0,train,0
taxi:1289:8,taxi,1289,8,agent,0,train,0
taxi:1289:9,taxi,1289,9,user,0,train,0
taxi:1289:10,taxi,1289,10,agent,2,train,0
taxi:1289:11,taxi,1289,11,user,3,train,1
taxi:1289:12,taxi,1289,12,agent,2,train,0
taxi:1290:1,taxi,1290,1,user,2,train,0
taxi:1290:2,taxi,1290,2,agent,1,train,0
taxi:1290:3,taxi,1290,3,user,0,train,0
taxi:1290:4,taxi,1290,4,agent,2,train,0
taxi:1290:5,taxi,1290,5,user,3,train,1
taxi:1290:6,taxi,1290,6,agent,2,train,1
taxi:1291:1,taxi,1291,1,user,3,train,0
taxi:1291:2,taxi,1291,2,agent,0,train,0
taxi:1291:3,taxi,1291,3,user,0,train,0
taxi:1291:4,taxi,1291,4,agent,1,train,0
taxi:1291:5,taxi,1291,5,user,0,train,0
taxi:1291:6,taxi,1291,6,agent,2,train,0
taxi:1291:7,taxi,1291,7,user,0,train,0
taxi:1291:8,taxi,1291,8,agent,2,train,0
taxi:1292:1,taxi,1292,1,user,3,train,0
taxi:1292:2,taxi,1292,2,agent,2,train,0
taxi:1292:3,taxi,1292,3,user,3,train,0
taxi:1292:4,taxi,1292,4,agent,1,train,0
taxi:1292:5,taxi,1292,5,user,0,train,1
taxi:1292:6,taxi,1292,6,agent,2,train,0
taxi:1292:7,taxi,1292,7,user,2,train,0
taxi:1292:8,taxi,1292,8,agent,2,train,0
taxi:1292:9,taxi,1292,9,user,3,train,1
taxi:1292:10,taxi,1292,10,agent,3,train,0
taxi:1293:1,taxi,1293,1,user,1,train,1
taxi:1293:2,taxi,1293,2,agent,1,train,1
taxi:1293:3,taxi,1293,3,user,0,train,1
taxi:1293:4,taxi,1293,4,agent,0,train,1
taxi:1293:5,taxi,1293,5,user,0,train,0
taxi:1293:6,taxi,1293,6,agent,2,train,0
taxi:1293:7,taxi,1293,7,user,0,train,1
taxi:1293:8,taxi,1293,8,agent,2,train,0
taxi:1294:1,taxi,1294,1,user,3,train,1
taxi:1294:2,taxi,1294,2,agent,3,train,1
taxi:1294:3,taxi,1294,3,user,3,train,1
taxi:1294:4,taxi,1294,4,agent,0,train,0
taxi:1295:1,taxi,1295,1,user,1,validation,0
taxi:1295:2,taxi,1295,2,agent,0,validation,0
taxi:1295:3,taxi,1295,3,user,0,validation,0
taxi:1295:4,taxi,1295,4,agent,1,validation,0
taxi:1295:5,taxi,1295,5,user,3,validation,0
taxi:1295:6,taxi,1295,6,agent,2,validation,1
taxi:1296:1,taxi,1296,1,user,1,train,0
taxi:1296:2,taxi,1296,2,agent,1,train,0
taxi:1296:3,taxi,1296,3,user,0,train,0
taxi:1296:4,taxi,1296,4,agent,2,train,1
taxi:1296:5,taxi,1296,5,user,3,train,1
taxi:1296:6,taxi,1296,6,agent,2,train,1
taxi:1297:1,taxi,1297,1,user,1,validation,0
taxi:1297:2,taxi,1297,2,agent,1,validation,0
taxi:1297:3,taxi,1297,3,user,0,validation,0
taxi:1297:4,taxi,1297,4,agent,2,validation,0
taxi:1297:5,taxi,1297,5,user,3,validation,0
taxi:1297:6,taxi,1297,6,agent,2,validation,0
taxi:1298:1,taxi,1298,1,user,2,train,0
taxi:1298:2,taxi,1298,2,agent,1,train,0
taxi:1298:3,taxi,1298,3,user,0,train,1
taxi:1298:4,taxi,1298,4,agent,2,train,1
taxi:1298:5,taxi,1298,5,user,0,train,0
taxi:1298:6,taxi,1298,6,agent,2,train,0
taxi:1298:7,taxi,1298,7,user,3,train,1
taxi:1298:8,taxi,1298,8,agent,2,train,0
taxi:1299:1,taxi,1299,1,user,2,train,0
taxi:1299:2,taxi,1299,2,agent,0,train,0
taxi:1299:3,taxi,1299,3,user,2,train,0
taxi:1299:4,taxi,1299,4,agent,1,train,0
taxi:1299:5,taxi,1299,5,user,0,train,0
taxi:1299:6,taxi,1299,6,agent,2,train,0
taxi:1299:7,taxi,1299,7,user,3,train,1
taxi:1299:8,taxi,1299,8,agent,2,train,1
taxi:1299:9,taxi,1299,9,user,2,train,0
taxi:1299:10,taxi,1299,10,agent,2,train,0
taxi:1300:1,taxi,1300,1,user,1,train,0
taxi:1300:2,taxi,1300,2,agent,1,train,1
taxi:1300:3,taxi,1300,3,user,2,train,0
taxi:1300:4,taxi,1300,4,agent,1,train,0
taxi:1300:5,taxi,1300,5,user,3,train,1
taxi:1300:6,taxi,1300,6,agent,2,train,0
taxi:1301:1,taxi,1301,1,user,3,train,1
taxi:1301:2,taxi,1301,2,agent,0,train,1
taxi:1301:3,taxi,1301,3,user,0,train,0
taxi:1301:4,taxi,1301,4,agent,0,train,0
taxi:1301:5,taxi,1301,5,user,0,train,0
taxi:1301:6,taxi,1301,6,agent,1,train,0
taxi:1301:7,taxi,1301,7,user,0,train,0
taxi:1301:8,taxi,1301,8,agent,1,train,0
taxi:1301:9,taxi,1301,9,user,3,train,1
taxi:1301:10,taxi,1301,10,agent,2,train,1
taxi:1302:1,taxi,1302,1,user,1,test,0
taxi:1302:2,taxi,1302,2,agent,1,test,0
taxi:1302:3,taxi,1302,3,user,0,test,0
taxi:1302:4,taxi,1302,4,agent,3,test,0
taxi:1302:5,taxi,1302,5,user,0,test,1
taxi:1302:6,taxi,1302,6,agent,3,test,1
taxi:1303:1,taxi,1303,1,user,3,train,1
taxi:1303:2,taxi,1303,2,agent,0,train,0
taxi:1303:3,taxi,1303,3,user,0,train,0
taxi:1303:4,taxi,1303,4,agent,1,train,0
taxi:1303:5,taxi,1303,5,user,3,train,1
taxi:1303:6,taxi,1303,6,agent,2,train,0
taxi:1304:1,taxi,1304,1,user,1,train,0
taxi:1304:2,taxi,1304,2,agent,0,train,0
taxi:1304:3,taxi,1304,3,user,0,train,0
taxi:1304:4,taxi,1304,4,agent,0,train,0
taxi:1304:5,taxi,1304,5,user,0,train,0
taxi:1304:6,taxi,1304,6,agent,1,train,0
taxi:1304:7,taxi,1304,7,user,0,train,0
taxi:1304:8,taxi,1304,8,agent,2,train,0
taxi:1305:1,taxi,1305,1,user,2,train,0
taxi:1305:2,taxi,1305,2,agent,1,train,0
taxi:1305:3,taxi,1305,3,user,0,train,0
taxi:1305:4,taxi,1305,4,agent,0,train,0
taxi:1305:5,taxi,1305,5,user,0,train,1
taxi:1305:6,taxi,1305,6,agent,2,train,0
taxi:1305:7,taxi,1305,7,user,0,train,0
taxi:1305:8,taxi,1305,8,agent,2,train,0
taxi:1306:1,taxi,1306,1,user,1,train,0
taxi:1306:2,taxi,1306,2,agent,1,train,0
taxi:1306:3,taxi,1306,3,user,1,train,1
taxi:1306:4,taxi,1306,4,agent,2,train,1
taxi:1307:1,taxi,1307,1,user,3,train,0
taxi:1307:2,taxi,1307,2,agent,2,train,0
taxi:1307:3,taxi,1307,3,user,0,train,1
taxi:1307:4,taxi,1307,4,agent,2,train,1
taxi:1308:1,taxi,1308,1,user,2,train,0
taxi:1308:2,taxi,1308,2,agent,0,train,0
taxi:1308:3,taxi,1308,3,user,0,train,0
taxi:1308:4,taxi,1308,4,agent,1,train,1
taxi:1308:5,taxi,1308,5,user,0,train,1
taxi:1308:6,taxi,1308,6,agent,2,train,0
taxi:1308:7,taxi,1308,7,user,0,train,1
taxi:1308:8,taxi,1308,8,agent,2,train,0
taxi:1309:1,taxi,1309,1,user,2,train,1
taxi:1309:2,taxi,1309,2,agent,1,train,1
taxi:1309:3,taxi,1309,3,user,0,train,0
taxi:1309:4,taxi,1309,4,agent,2,train,0
taxi:1309:5,taxi,1309,5,user,0,train,0
taxi:1309:6,taxi,1309,6,agent,2,train,0
taxi:1310:1,taxi,1310,1,user,0,train,0
taxi:1310:2,taxi,1310,2,agent,0,train,0
taxi:1310:3,taxi,1310,3,user,0,train,0
taxi:1310:4,taxi,1310,4,agent,0,train,0
taxi:1310:5,taxi,1310,5,user,0,train,0
taxi:1310:6,taxi,1310,6,agent,0,train,0
taxi:1310:7,taxi,1310,7,user,0,train,0
taxi:1310:8,taxi,1310,8,agent,2,train,0
taxi:1310:9,taxi,1310,9,user,0,train,1
taxi:1310:10,taxi,1310,10,agent,2,train,1
taxi:1311:1,taxi,1311,1,user,1,train,0
taxi:1311:2,taxi,1311,2,agent,0,train,1
taxi:1311:3,taxi,1311,3,user,2,train,0
taxi:1311:4,taxi,1311,4,agent,2,train,0
taxi:1311:5,taxi,1311,5,user,3,train,0
taxi:1311:6,taxi,1311,6,agent,2,train,1
taxi:1312:1,taxi,1312,1,user,1,train,0
taxi:1312:2,taxi,1312,2,agent,1,train,0
taxi:1312:3,taxi,1312,3,user,0,train,0
taxi:1312:4,taxi,1312,4,agent,0,train,0
taxi:1312:5,taxi,1312,5,user,2,train,0
taxi:1312:6,taxi,1312,6,agent,2,train,0
taxi:1312:7,taxi,1312,7,user,2,train,0
taxi:1312:8,taxi,1312,8,agent,2,train,1
taxi:1313:1,taxi,1313,1,user,2,train,0
taxi:1313:2,taxi,1313,2,agent,1,train,0
taxi:1313:3,taxi,1313,3,user,2,train,0
taxi:1313:4,taxi,1313,4,agent,2,train,1
taxi:1313:5,taxi,1313,5,user,3,train,0
taxi:1313:6,taxi,1313,6,agent,2,train,1
taxi:1314:1,taxi,1314,1,user,1,test,0
taxi:1314:2,taxi,1314,2,agent,1,test,0
taxi:1314:3,taxi,1314,3,user,2,test,0
taxi:1314:4,taxi,1314,4,agent,0,test,0
taxi:1314:5,taxi,1314,5,user,0,test,0
taxi:1314:6,taxi,1314,6,agent,2,test,0
taxi:1314:7,taxi,1314,7,user,2,test,1
taxi:1314:8,taxi,1314,8,agent,2,test,0
taxi:1315:1,taxi,1315,1,user,1,train,0
taxi:1315:2,taxi,1315,2,agent,0,train,0
taxi:1315:3,taxi,1315,3,user,2,train,0
taxi:1315:4,taxi,1315,4,agent,2,train,0
taxi:1315:5,taxi,1315,5,user,3,train,1
taxi:1315:6,taxi,1315,6,agent,2,train,0
taxi:1316:1,taxi,1316,1,user,1,test,0
taxi:1316:2,taxi,1316,2,agent,0,test,1
taxi:1316:3,taxi,1316,3,user,0,test,0
taxi:1316:4,taxi,1316,4,agent,0,test,0
taxi:1316:5,taxi,1316,5,user,0,test,0
taxi:1316:6,taxi,1316,6,agent,1,test,1
taxi:1316:7,taxi,1316,7,user,0,test,0
taxi:1316:8,taxi,1316,8,agent,2,test,0
taxi:1317:1,taxi,1317,1,user,1,train,1
taxi:1317:2,taxi,1317,2,agent,0,train,1
taxi:1317:3,taxi,1317,3,user,0,train,0
taxi:1317:4,taxi,1317,4,agent,0,train,0
taxi:1317:5,taxi,1317,5,user,0,train,1
taxi:1317:6,taxi,1317,6,agent,0,train,0
taxi:1317:7,taxi,1317,7,user,0,train,0
taxi:1317:8,taxi,1317,8,agent,2,train,0
taxi:1317:9,taxi,1317,9,user,0,train,0
taxi:1317:10,taxi,1317,10,agent,2,train,0
taxi:1318:1,taxi,1318,1,user,2,test,0
taxi:1318:2,taxi,1318,2,agent,1,test,0
taxi:1318:3,taxi,1318,3,user,2,test,0
taxi:1318:4,taxi,1318,4,agent,2,test,0
taxi:1318:5,taxi,1318,5,user,2,test,0
taxi:1318:6,taxi,1318,6,agent,2,test,0
taxi:1319:1,taxi,1319,1,user,2,train,0
taxi:1319:2,taxi,1319,2,agent,0,train,0
taxi:1319:3,taxi,1319,3,user,2,train,0
taxi:1319:4,taxi,1319,4,agent,1,train,0
taxi:1319:5,taxi,1319,5,user,3,train,1
taxi:1319:6,taxi,1319,6,agent,2,train,0
taxi:1320:1,taxi,1320,1,user,1,test,0
taxi:1320:2,taxi,1320,2,agent,1,test,0
taxi:1320:3,taxi,1320,3,user,3,test,0
taxi:1320:4,taxi,1320,4,agent,2,test,0
taxi:1321:1,taxi,1321,1,user,2,train,0
taxi:1321:2,taxi,1321,2,agent,0,train,0
taxi:1321:3,taxi,1321,3,user,0,train,0
taxi:1321:4,taxi,1321,4,agent,1,train,0
taxi:1321:5,taxi,1321,5,user,2,train,1
taxi:1321:6,taxi,1321,6,agent,1,train,1
taxi:1321:7,taxi,1321,7,user,2,train,1
taxi:1321:8,taxi,1321,8,agent,2,train,0
taxi:1322:1,taxi,1322,1,user,1,train,0
taxi:1322:2,taxi,1322,2,agent,0,train,0
taxi:1322:3,taxi,1322,3,user,0,train,0
taxi:1322:4,taxi,1322,4,agent,0,train,0
taxi:1322:5,taxi,1322,5,user,0,train,0
taxi:1322:6,taxi,1322,6,agent,0,train,0
taxi:1322:7,taxi,1322,7,user,0,train,0
taxi:1322:8,taxi,1322,8,agent,1,train,1
taxi:1322:9,taxi,1322,9,user,0,train,0
taxi:1322:10,taxi,1322,10,agent,2,train,0
taxi:1323:1,taxi,1323,1,user,0,test,0
taxi:1323:2,taxi,1323,2,agent,1,test,0
taxi:1323:3,taxi,1323,3,user,2,test,0
taxi:1323:4,taxi,1323,4,agent,1,test,0
taxi:1323:5,taxi,1323,5,user,0,test,0
taxi:1323:6,taxi,1323,6,agent,1,test,1
taxi:1323:7,taxi,1323,7,user,3,test,1
taxi:1323:8,taxi,1323,8,agent,2,test,0
taxi:1324:1,taxi,1324,1,user,3,validation,0
taxi:1324:2,taxi,1324,2,agent,1,validation,0
taxi:1324:3,taxi,1324,3,user,0,validation,0
taxi:1324:4,taxi,1324,4,agent,1,validation,0
taxi:1324:5,taxi,1324,5,user,0,validation,1
taxi:1324:6,taxi,1324,6,agent,1,validation,0
taxi:1324:7,taxi,1324,7,user,0,validation,0
taxi:1324:8,taxi,1324,8,agent,2,validation,1
taxi:1325:1,taxi,1325,1,user,2,train,1
taxi:1325:2,taxi,1325,2,agent,1,train,0
taxi:1325:3,taxi,1325,3,user,0,train,0
taxi:1325:4,taxi,1325,4,agent,1,train,0
taxi:1325:5,taxi,1325,5,user,2,train,0
taxi:1325:6,taxi,1325,6,agent,2,train,0
taxi:1326:1,taxi,1326,1,user,3,test,1
taxi:1326:2,taxi,1326,2,agent,1,test,0
taxi:1326:3,taxi,1326,3,user,0,test,0
taxi:1326:4,taxi,1326,4,agent,1,test,0
taxi:1326:5,taxi,1326,5,user,3,test,1
taxi:1326:6,taxi,1326,6,agent,2,test,1
taxi:1327:1,taxi,1327,1,user,3,train,1
taxi:1327:2,taxi,1327,2,agent,0,train,0
taxi:1327:3,taxi,1327,3,user,0,train,0
taxi:1327:4,taxi,1327,4,agent,1,train,0
taxi:1327:5,taxi,1327,5,user,0,train,0
taxi:1327:6,taxi,1327,6,agent,2,train,1
taxi:1327:7,taxi,1327,7,user,3,train,1
taxi:1327:8,taxi,1327,8,agent,2,train,0
taxi:1328:1,taxi,1328,1,user,1,train,0
taxi:1328:2,taxi,1328,2,agent,0,train,0
taxi:1328:3,taxi,1328,3,user,2,train,0
taxi:1328:4,taxi,1328,4,agent,1,train,0
taxi:1328:5,taxi,1328,5,user,2,train,0
taxi:1328:6,taxi,1328,6,agent,0,train,0
taxi:1328:7,taxi,1328,7,user,3,train,0
taxi:1328:8,taxi,1328,8,agent,2,train,0
taxi:1329:1,taxi,1329,1,user,3,train,1
taxi:1329:2,taxi,1329,2,agent,0,train,0
taxi:1329:3,taxi,1329,3,user,0,train,0
taxi:1329:4,taxi,1329,4,agent,1,train,0
taxi:1329:5,taxi,1329,5,user,3,train,0
taxi:1329:6,taxi,1329,6,agent,2,train,0
taxi:1330:1,taxi,1330,1,user,1,validation,1
taxi:1330:2,taxi,1330,2,agent,1,validation,1
taxi:1330:3,taxi,1330,3,user,2,validation,0
taxi:1330:4,taxi,1330,4,agent,1,validation,0
taxi:1330:5,taxi,1330,5,user,3,validation,1
taxi:1330:6,taxi,1330,6,agent,2,validation,0
taxi:1331:1,taxi,1331,1,user,2,train,0
taxi:1331:2,taxi,1331,2,agent,1,train,0
taxi:1331:3,taxi,1331,3,user,2,train,0
taxi:1331:4,taxi,1331,4,agent,1,train,1
taxi:1331:5,taxi,1331,5,user,2,train,0
taxi:1331:6,taxi,1331,6,agent,2,train,0
taxi:1331:7,taxi,1331,7,user,2,train,1
taxi:1331:8,taxi,1331,8,agent,1,train,0
taxi:1331:9,taxi,1331,9,user,3,train,1
taxi:1331:10,taxi,1331,10,agent,2,train,0
taxi:1332:1,taxi,1332,1,user,2,train,0
taxi:1332:2,taxi,1332,2,agent,1,train,0
taxi:1332:3,taxi,1332,3,user,0,train,0
taxi:1332:4,taxi,1332,4,agent,1,train,0
taxi:1332:5,taxi,1332,5,user,0,train,0
taxi:1332:6,taxi,1332,6,agent,1,train,0
taxi:1332:7,taxi,1332,7,user,3,train,1
taxi:1332:8,taxi,1332,8,agent,2,train,0
taxi:1333:1,taxi,1333,1,user,0,train,0
taxi:1333:2,taxi,1333,2,agent,0,train,0
taxi:1333:3,taxi,1333,3,user,2,train,0
taxi:1333:4,taxi,1333,4,agent,0,train,0
taxi:1333:5,taxi,1333,5,user,0,train,0
taxi:1333:6,taxi,1333,6,agent,1,train,0
taxi:1333:7,taxi,1333,7,user,0,train,0
taxi:1333:8,taxi,1333,8,agent,1,train,0
taxi:1333:9,taxi,1333,9,user,0,train,1
taxi:1333:10,taxi,1333,10,agent,2,train,0
taxi:1334:1,taxi,1334,1,user,1,train,0
taxi:1334:2,taxi,1334,2,agent,0,train,0
taxi:1334:3,taxi,1334,3,user,3,train,1
taxi:1334:4,taxi,1334,4,agent,1,train,1
taxi:1334:5,taxi,1334,5,user,0,train,0
taxi:1334:6,taxi,1334,6,agent,1,train,0
taxi:1334:7,taxi,1334,7,user,2,train,0
taxi:1334:8,taxi,1334,8,agent,2,train,0
taxi:1335:1,taxi,1335,1,user,2,train,0
taxi:1335:2,taxi,1335,2,agent,1,train,1
taxi:1335:3,taxi,1335,3,user,0,train,0
taxi:1335:4,taxi,1335,4,agent,2,train,0
taxi:1335:5,taxi,1335,5,user,3,train,1
taxi:1335:6,taxi,1335,6,agent,2,train,0
taxi:1336:1,taxi,1336,1,user,2,train,1
taxi:1336:2,taxi,1336,2,agent,0,train,0
taxi:1336:3,taxi,1336,3,user,0,train,0
taxi:1336:4,taxi,1336,4,agent,1,train,0
taxi:1336:5,taxi,1336,5,user,1,train,1
taxi:1336:6,taxi,1336,6,agent,3,train,1
taxi:1336:7,taxi,1336,7,user,0,train,1
taxi:1336:8,taxi,1336,8,agent,1,train,0
taxi:1336:9,taxi,1336,9,user,0,train,0
taxi:1336:10,taxi,1336,10,agent,0,train,0
taxi:1336:11,taxi,1336,11,user,0,train,1
taxi:1336:12,taxi,1336,12,agent,2,train,0
taxi:1336:13,taxi,1336,13,user,3,train,0
taxi:1336:14,taxi,1336,14,agent,2,train,1
taxi:1337:1,taxi,1337,1,user,1,train,0
taxi:1337:2,taxi,1337,2,agent,0,train,0
taxi:1337:3,taxi,1337,3,user,3,train,0
taxi:1337:4,taxi,1337,4,agent,1,train,1
taxi:1337:5,taxi,1337,5,user,3,train,0
taxi:1337:6,taxi,1337,6,agent,2,train,0
taxi:1338:1,taxi,1338,1,user,1,test,0
taxi:1338:2,taxi,1338,2,agent,0,test,0
taxi:1338:3,taxi,1338,3,user,0,test,0
taxi:1338:4,taxi,1338,4,agent,1,test,0
taxi:1338:5,taxi,1338,5,user,0,test,0
taxi:1338:6,taxi,1338,6,agent,2,test,0
taxi:1338:7,taxi,1338,7,user,2,test,0
taxi:1338:8,taxi,1338,8,agent,2,test,0
taxi:1339:1,taxi,1339,1,user,2,test,0
taxi:1339:2,taxi,1339,2,agent,1,test,1
taxi:1339:3,taxi,1339,3,user,0,test,0
taxi:1339:4,taxi,1339,4,agent,1,test,1
taxi:1339:5,taxi,1339,5,user,0,test,0
taxi:1339:6,taxi,1339,6,agent,2,test,1
taxi:1339:7,taxi,1339,7,user,3,test,1
taxi:1339:8,taxi,1339,8,agent,2,test,0
taxi:1340:1,taxi,1340,1,user,3,test,1
taxi:1340:2,taxi,1340,2,agent,1,test,1
taxi:1340:3,taxi,1340,3,user,0,test,0
taxi:1340:4,taxi,1340,4,agent,0,test,0
taxi:1340:5,taxi,1340,5,user,0,test,0
taxi:1340:6,taxi,1340,6,agent,2,test,0
taxi:1340:7,taxi,1340,7,user,3,test,1
taxi:1340:8,taxi,1340,8,agent,2,test,0
taxi:1341:1,taxi,1341,1,user,3,train,1
taxi:1341:2,taxi,1341,2,agent,1,train,0
taxi:1341:3,taxi,1341,3,user,0,train,0
taxi:1341:4,taxi,1341,4,agent,1,train,0
taxi:1341:5,taxi,1341,5,user,3,train,1
taxi:1341:6,taxi,1341,6,agent,2,train,0
taxi:1342:1,taxi,1342,1,user,2,train,0
taxi:1342:2,taxi,1342,2,agent,0,train,0
taxi:1342:3,taxi,1342,3,user,0,train,0
taxi:1342:4,taxi,1342,4,agent,1,train,0
taxi:1342:5,taxi,1342,5,user,2,train,0
taxi:1342:6,taxi,1342,6,agent,2,train,0
taxi:1343:1,taxi,1343,1,user,1,validation,1
taxi:1343:2,taxi,1343,2,agent,0,validation,0
taxi:1343:3,taxi,1343,3,user,0,validation,0
taxi:1343:4,taxi,1343,4,agent,1,validation,0
taxi:1343:5,taxi,1343,5,user,0,validation,0
taxi:1343:6,taxi,1343,6,agent,2,validation,0
taxi:1343:7,taxi,1343,7,user,2,validation,1
taxi:1343:8,taxi,1343,8,agent,2,validation,0
taxi:1344:1,taxi,1344,1,user,1,test,0
taxi:1344:2,taxi,1344,2,agent,0,test,1
taxi:1344:3,taxi,1344,3,user,2,test,0
taxi:1344:4,taxi,1344,4,agent,2,test,0
taxi:1344:5,taxi,1344,5,user,2,test,0
taxi:1344:6,taxi,1344,6,agent,2,test,1
taxi:1345:1,taxi,1345,1,user,2,test,0
taxi:1345:2,taxi,1345,2,agent,1,test,0
taxi:1345:3,taxi,1345,3,user,0,test,0
taxi:1345:4,taxi,1345,4,agent,1,test,0
taxi:1345:5,taxi,1345,5,user,0,test,0
taxi:1345:6,taxi,1345,6,agent,2,test,0
taxi:1345:7,taxi,1345,7,user,3,test,0
taxi:1345:8,taxi,1345,8,agent,2,test,0
taxi:1346:1,taxi,1346,1,user,1,train,0
taxi:1346:2,taxi,1346,2,agent,0,train,0
taxi:1346:3,taxi,1346,3,user,2,train,0
taxi:1346:4,taxi,1346,4,agent,1,train,0
taxi:1346:5,taxi,1346,5,user,2,train,0
taxi:1346:6,taxi,1346,6,agent,2,train,0
taxi:1347:1,taxi,1347,1,user,2,train,0
taxi:1347:2,taxi,1347,2,agent,1,train,1
taxi:1347:3,taxi,1347,3,user,2,train,0
taxi:1347:4,taxi,1347,4,agent,1,train,1
taxi:1347:5,taxi,1347,5,user,3,train,0
taxi:1347:6,taxi,1347,6,agent,2,train,0
taxi:1348:1,taxi,1348,1,user,1,train,1
taxi:1348:2,taxi,1348,2,agent,0,train,0
taxi:1348:3,taxi,1348,3,user,0,train,0
taxi:1348:4,taxi,1348,4,agent,1,train,0
taxi:1348:5,taxi,1348,5,user,0,train,0
taxi:1348:6,taxi,1348,6,agent,1,train,0
taxi:1348:7,taxi,1348,7,user,0,train,0
taxi:1348:8,taxi,1348,8,agent,2,train,0
taxi:1348:9,taxi,1348,9,user,0,train,0
taxi:1348:10,taxi,1348,10,agent,2,train,0
taxi:1349:1,taxi,1349,1,user,1,validation,0
taxi:1349:2,taxi,1349,2,agent,1,validation,0
taxi:1349:3,taxi,1349,3,user,0,validation,0
taxi:1349:4,taxi,1349,4,agent,1,validation,0
taxi:1349:5,taxi,1349,5,user,3,validation,1
taxi:1349:6,taxi,1349,6,agent,2,validation,0
taxi:1350:1,taxi,1350,1,user,1,train,0
taxi:1350:2,taxi,1350,2,agent,0,train,0
taxi:1350:3,taxi,1350,3,user,0,train,0
taxi:1350:4,taxi,1350,4,agent,1,train,1
taxi:1350:5,taxi,1350,5,user,0,train,0
taxi:1350:6,taxi,1350,6,agent,2,train,0
taxi:1350:7,taxi,1350,7,user,3,train,1
taxi:1350:8,taxi,1350,8,agent,2,train,1
taxi:1351:1,taxi,1351,1,user,2,train,1
taxi:1351:2,taxi,1351,2,agent,0,train,0
taxi:1351:3,taxi,1351,3,user,0,train,0
taxi:1351:4,taxi,1351,4,agent,1,train,0
taxi:1351:5,taxi,1351,5,user,0,train,0
taxi:1351:6,taxi,1351,6,agent,1,train,1
taxi:1351:7,taxi,1351,7,user,3,train,0
taxi:1351:8,taxi,1351,8,agent,2,train,0
taxi:1352:1,taxi,1352,1,user,2,train,0
taxi:1352:2,taxi,1352,2,agent,2,train,0
taxi:1352:3,taxi,1352,3,user,0,train,1
taxi:1352:4,taxi,1352,4,agent,2,train,0
taxi:1352:5,taxi,1352,5,user,2,train,0
taxi:1352:6,taxi,1352,6,agent,2,train,0
taxi:1352:7,taxi,1352,7,user,0,train,0
taxi:1352:8,taxi,1352,8,agent,2,train,0
taxi:1353:1,taxi,1353,1,user,3,validation,0
taxi:1353:2,taxi,1353,2,agent,0,validation,0
taxi:1353:3,taxi,1353,3,user,0,validation,0
taxi:1353:4,taxi,1353,4,agent,0,validation,1
taxi:1353:5,taxi,1353,5,user,0,validation,0
taxi:1353:6,taxi,1353,6,agent,0,validation,0
taxi:1353:7,taxi,1353,7,user,0,validation,1
taxi:1353:8,taxi,1353,8,agent,2,validation,1
taxi:1353:9,taxi,1353,9,user,3,validation,1
taxi:1353:10,taxi,1353,10,agent,2,validation,1
taxi:1354:1,taxi,1354,1,user,3,validation,1
taxi:1354:2,taxi,1354,2,agent,1,validation,1
taxi:1354:3,taxi,1354,3,user,0,validation,1
taxi:1354:4,taxi,1354,4,agent,1,validation,1
taxi:1354:5,taxi,1354,5,user,3,validation,1
taxi:1354:6,taxi,1354,6,agent,1,validation,0
taxi:1354:7,taxi,1354,7,user,3,validation,0
taxi:1354:8,taxi,1354,8,agent,2,validation,0
taxi:1355:1,taxi,1355,1,user,1,train,0
taxi:1355:2,taxi,1355,2,agent,0,train,1
taxi:1355:3,taxi,1355,3,user,2,train,1
taxi:1355:4,taxi,1355,4,agent,1,train,0
taxi:1355:5,taxi,1355,5,user,0,train,0
taxi:1355:6,taxi,1355,6,agent,0,train,0
taxi:1355:7,taxi,1355,7,user,2,train,0
taxi:1355:8,taxi,1355,8,agent,2,train,0
taxi:1356:1,taxi,1356,1,user,3,train,1
taxi:1356:2,taxi,1356,2,agent,0,train,0
taxi:1356:3,taxi,1356,3,user,0,train,0
taxi:1356:4,taxi,1356,4,agent,1,train,0
taxi:1356:5,taxi,1356,5,user,2,train,1
taxi:1356:6,taxi,1356,6,agent,1,train,0
taxi:1356:7,taxi,1356,7,user,3,train,0
taxi:1356:8,taxi,1356,8,agent,2,train,0
taxi:1357:1,taxi,1357,1,user,3,train,1
taxi:1357:2,taxi,1357,2,agent,1,train,0
taxi:1357:3,taxi,1357,3,user,2,train,0
taxi:1357:4,taxi,1357,4,agent,2,train,0
taxi:1357:5,taxi,1357,5,user,3,train,1
taxi:1357:6,taxi,1357,6,agent,2,train,0
taxi:1358:1,taxi,1358,1,user,3,train,1
taxi:1358:2,taxi,1358,2,agent,1,train,1
taxi:1358:3,taxi,1358,3,user,0,train,0
taxi:1358:4,taxi,1358,4,agent,1,train,1
taxi:1358:5,taxi,1358,5,user,3,train,0
taxi:1358:6,taxi,1358,6,agent,2,train,0
taxi:1359:1,taxi,1359,1,user,1,train,0
taxi:1359:2,taxi,1359,2,agent,0,train,0
taxi:1359:3,taxi,1359,3,user,0,train,1
taxi:1359:4,taxi,1359,4,agent,2,train,0
taxi:1359:5,taxi,1359,5,user,3,train,1
taxi:1359:6,taxi,1359,6,agent,2,train,0
taxi:1360:1,taxi,1360,1,user,1,test,0
taxi:1360:2,taxi,1360,2,agent,0,test,0
taxi:1360:3,taxi,1360,3,user,0,test,0
taxi:1360:4,taxi,1360,4,agent,0,test,0
taxi:1360:5,taxi,1360,5,user,0,test,0
taxi:1360:6,taxi,1360,6,agent,0,test,0
taxi:1360:7,taxi,1360,7,user,0,test,0
taxi:1360:8,taxi,1360,8,agent,2,test,1
taxi:1360:9,taxi,1360,9,user,0,test,1
taxi:1360:10,taxi,1360,10,agent,2,test,1
taxi:1361:1,taxi,1361,1,user,3,train,1
taxi:1361:2,taxi,1361,2,agent,0,train,0
taxi:1361:3,taxi,1361,3,user,0,train,0
taxi:1361:4,taxi,1361,4,agent,0,train,0
taxi:1361:5,taxi,1361,5,user,0,train,0
taxi:1361:6,taxi,1361,6,agent,0,train,0
taxi:1361:7,taxi,1361,7,user,0,train,1
taxi:1361:8,taxi,1361,8,agent,1,train,0
taxi:1361:9,taxi,1361,9,user,3,train,0
taxi:1361:10,taxi,1361,10,agent,2,train,0
taxi:1362:1,taxi,1362,1,user,2,train,1
taxi:1362:2,taxi,1362,2,agent,0,train,0
taxi:1362:3,taxi,1362,3,user,0,train,0
taxi:1362:4,taxi,1362,4,agent,0,train,0
taxi:1362:5,taxi,1362,5,user,0,train,0
taxi:1362:6,taxi,1362,6,agent,2,train,1
taxi:1362:7,taxi,1362,7,user,2,train,1
taxi:1362:8,taxi,1362,8,agent,2,train,1
taxi:1363:1,taxi,1363,1,user,3,train,0
taxi:1363:2,taxi,1363,2,agent,1,train,0
taxi:1363:3,taxi,1363,3,user,2,train,1
taxi:1363:4,taxi,1363,4,agent,1,train,0
taxi:1363:5,taxi,1363,5,user,2,train,0
taxi:1363:6,taxi,1363,6,agent,2,train,0
taxi:1364:1,taxi,1364,1,user,3,test,0
taxi:1364:2,taxi,1364,2,agent,3,test,1
taxi:1364:3,taxi,1364,3,user,2,test,0
taxi:1364:4,taxi,1364,4,agent,0,test,0
taxi:1364:5,taxi,1364,5,user,0,test,0
taxi:1364:6,taxi,1364,6,agent,1,test,1
taxi:1364:7,taxi,1364,7,user,2,test,0
taxi:1364:8,taxi,1364,8,agent,0,test,1
taxi:1364:9,taxi,1364,9,user,2,test,1
taxi:1364:10,taxi,1364,10,agent,1,test,0
taxi:1364:11,taxi,1364,11,user,0,test,0
taxi:1364:12,taxi,1364,12,agent,2,test,1
taxi:1364:13,taxi,1364,13,user,3,test,0
taxi:1364:14,taxi,1364,14,agent,2,test,0
taxi:1365:1,taxi,1365,1,user,3,test,1
taxi:1365:2,taxi,1365,2,agent,1,test,0
taxi:1365:3,taxi,1365,3,user,0,test,0
taxi:1365:4,taxi,1365,4,agent,1,test,0
taxi:1365:5,taxi,1365,5,user,2,test,0
taxi:1365:6,taxi,1365,6,agent,3,test,1
taxi:1365:7,taxi,1365,7,user,3,test,1
taxi:1365:8,taxi,1365,8,agent,2,test,0
taxi:1366:1,taxi,1366,1,user,1,train,0
taxi:1366:2,taxi,1366,2,agent,2,train,0
taxi:1366:3,taxi,1366,3,user,2,train,1
taxi:1366:4,taxi,1366,4,agent,0,train,0
taxi:1366:5,taxi,1366,5,user,3,train,1
taxi:1366:6,taxi,1366,6,agent,2,train,0
taxi:1367:1,taxi,1367,1,user,1,test,0
taxi:1367:2,taxi,1367,2,agent,0,test,0
taxi:1367:3,taxi,1367,3,user,3,test,1
taxi:1367:4,taxi,1367,4,agent,1,test,0
taxi:1367:5,taxi,1367,5,user,3,test,1
taxi:1367:6,taxi,1367,6,agent,1,test,1
taxi:1367:7,taxi,1367,7,user,3,test,1
taxi:1367:8,taxi,1367,8,agent,2,test,1
taxi:1368:1,taxi,1368,1,user,3,test,1
taxi:1368:2,taxi,1368,2,agent,1,test,0
taxi:1368:3,taxi,1368,3,user,0,test,0
taxi:1368:4,taxi,1368,4,agent,1,test,0
taxi:1368:5,taxi,1368,5,user,1,test,0
taxi:1368:6,taxi,1368,6,agent,3,test,1
taxi:1368:7,taxi,1368,7,user,3,test,1
taxi:1368:8,taxi,1368,8,agent,2,test,0
taxi:1369:1,taxi,1369,1,user,3,train,0
taxi:1369:2,taxi,1369,2,agent,1,train,0
taxi:1369:3,taxi,1369,3,user,2,train,0
taxi:1369:4,taxi,1369,4,agent,2,train,0
taxi:1369:5,taxi,1369,5,user,3,train,0
taxi:1369:6,taxi,1369,6,agent,2,train,1
taxi:1370:1,taxi,1370,1,user,3,train,1
taxi:1370:2,taxi,1370,2,agent,0,train,0
taxi:1370:3,taxi,1370,3,user,0,train,0
taxi:1370:4,taxi,1370,4,agent,1,train,0
taxi:1370:5,taxi,1370,5,user,0,train,0
taxi:1370:6,taxi,1370,6,agent,2,train,1
taxi:1370:7,taxi,1370,7,user,2,train,1
taxi:1370:8,taxi,1370,8,agent,2,train,1
taxi:1371:1,taxi,1371,1,user,2,train,0
taxi:1371:2,taxi,1371,2,agent,0,train,0
taxi:1371:3,taxi,1371,3,user,2,train,0
taxi:1371:4,taxi,1371,4,agent,2,train,0
taxi:1371:5,taxi,1371,5,user,3,train,1
taxi:1371:6,taxi,1371,6,agent,2,train,0
taxi:1372:1,taxi,1372,1,user,1,test,0
taxi:1372:2,taxi,1372,2,agent,0,test,0
taxi:1372:3,taxi,1372,3,user,0,test,0
taxi:1372:4,taxi,1372,4,agent,0,test,0
taxi:1372:5,taxi,1372,5,user,0,test,1
taxi:1372:6,taxi,1372,6,agent,0,test,1
taxi:1372:7,taxi,1372,7,user,0,test,0
taxi:1372:8,taxi,1372,8,agent,1,test,0
taxi:1372:9,taxi,1372,9,user,0,test,1
taxi:1372:10,taxi,1372,10,agent,2,test,0
taxi:1373:1,taxi,1373,1,user,2,train,0
taxi:1373:2,taxi,1373,2,agent,1,train,0
taxi:1373:3,taxi,1373,3,user,0,train,0
taxi:1373:4,taxi,1373,4,agent,1,train,1
taxi:1373:5,taxi,1373,5,user,0,train,0
taxi:1373:6,taxi,1373,6,agent,2,train,0
taxi:1373:7,taxi,1373,7,user,3,train,1
taxi:1373:8,taxi,1373,8,agent,2,train,0
taxi:1374:1,taxi,1374,1,user,2,train,0
taxi:1374:2,taxi,1374,2,agent,1,train,0
taxi:1374:3,taxi,1374,3,user,0,train,0
taxi:1374:4,taxi,1374,4,agent,0,train,0
taxi:1374:5,taxi,1374,5,user,0,train,0
taxi:1374:6,taxi,1374,6,agent,0,train,0
taxi:1374:7,taxi,1374,7,user,2,train,0
taxi:1374:8,taxi,1374,8,agent,1,train,0
taxi:1374:9,taxi,1374,9,user,3,train,1
taxi:1374:10,taxi,1374,10,agent,2,train,0
taxi:1375:1,taxi,1375,1,user,3,test,1
taxi:1375:2,taxi,1375,2,agent,0,test,0
taxi:1375:3,taxi,1375,3,user,0,test,1
taxi:1375:4,taxi,1375,4,agent,1,test,0
taxi:1375:5,taxi,1375,5,user,0,test,1
taxi:1375:6,taxi,1375,6,agent,0,test,0
taxi:1375:7,taxi,1375,7,user,0,test,0
taxi:1375:8,taxi,1375,8,agent,1,test,0
taxi:1376:1,taxi,1376,1,user,3,train,0
taxi:1376:2,taxi,1376,2,agent,1,train,0
taxi:1376:3,taxi,1376,3,user,2,train,0
taxi:1376:4,taxi,1376,4,agent,2,train,0
taxi:1376:5,taxi,1376,5,user,3,train,1
taxi:1376:6,taxi,1376,6,agent,2,train,0
taxi:1377:1,taxi,1377,1,user,2,train,0
taxi:1377:2,taxi,1377,2,agent,0,train,0
taxi:1377:3,taxi,1377,3,user,0,train,0
taxi:1377:4,taxi,1377,4,agent,3,train,1
taxi:1377:5,taxi,1377,5,user,3,train,0
taxi:1377:6,taxi,1377,6,agent,2,train,1
taxi:1378:1,taxi,1378,1,user,2,train,1
taxi:1378:2,taxi,1378,2,agent,1,train,0
taxi:1378:3,taxi,1378,3,user,0,train,0
taxi:1378:4,taxi,1378,4,agent,2,train,1
taxi:1379:1,taxi,1379,1,user,1,train,0
taxi:1379:2,taxi,1379,2,agent,1,train,0
taxi:1379:3,taxi,1379,3,user,3,train,0
taxi:1379:4,taxi,1379,4,agent,1,train,0
taxi:1379:5,taxi,1379,5,user,0,train,0
taxi:1379:6,taxi,1379,6,agent,3,train,0
taxi:1379:7,taxi,1379,7,user,3,train,1
taxi:1379:8,taxi,1379,8,agent,2,train,0
taxi:1380:1,taxi,1380,1,user,1,train,0
taxi:1380:2,taxi,1380,2,agent,2,train,0
taxi:1380:3,taxi,1380,3,user,3,train,0
taxi:1380:4,taxi,1380,4,agent,2,train,0
taxi:1381:1,taxi,1381,1,user,1,train,0
taxi:1381:2,taxi,1381,2,agent,1,train,1
taxi:1381:3,taxi,1381,3,user,0,train,0
taxi:1381:4,taxi,1381,4,agent,0,train,0
taxi:1381:5,taxi,1381,5,user,2,train,0
taxi:1381:6,taxi,1381,6,agent,2,train,1
taxi:1381:7,taxi,1381,7,user,3,train,0
taxi:1381:8,taxi,1381,8,agent,2,train,0
taxi:1382:1,taxi,1382,1,user,0,train,0
taxi:1382:2,taxi,1382,2,agent,0,train,0
taxi:1382:3,taxi,1382,3,user,2,train,0
taxi:1382:4,taxi,1382,4,agent,2,train,0
taxi:1382:5,taxi,1382,5,user,3,train,0
taxi:1382:6,taxi,1382,6,agent,2,train,1
taxi:1383:1,taxi,1383,1,user,3,train,1
taxi:1383:2,taxi,1383,2,agent,1,train,1
taxi:1383:3,taxi,1383,3,user,0,train,0
taxi:1383:4,taxi,1383,4,agent,2,train,0
taxi:1383:5,taxi,1383,5,user,3,train,1
taxi:1383:6,taxi,1383,6,agent,2,train,0
taxi:1384:1,taxi,1384,1,user,1,test,0
taxi:1384:2,taxi,1384,2,agent,0,test,0
taxi:1384:3,taxi,1384,3,user,0,test,1
taxi:1384:4,taxi,1384,4,agent,0,test,0
taxi:1384:5,taxi,1384,5,user,0,test,0
taxi:1384:6,taxi,1384,6,agent,1,test,0
taxi:1384:7,taxi,1384,7,user,0,test,0
taxi:1384:8,taxi,1384,8,agent,1,test,0
taxi:1384:9,taxi,1384,9,user,0,test,1
taxi:1384:10,taxi,1384,10,agent,2,test,0
taxi:1385:1,taxi,1385,1,user,1,train,0
taxi:1385:2,taxi,1385,2,agent,0,train,0
taxi:1385:3,taxi,1385,3,user,0,train,1
taxi:1385:4,taxi,1385,4,agent,2,train,1
taxi:1385:5,taxi,1385,5,user,0,train,0
taxi:1385:6,taxi,1385,6,agent,2,train,0
taxi:1386:1,taxi,1386,1,user,2,validation,0
taxi:1386:2,taxi,1386,2,agent,1,validation,0
taxi:1386:3,taxi,1386,3,user,2,validation,0
taxi:1386:4,taxi,1386,4,agent,2,validation,1
taxi:1386:5,taxi,1386,5,user,2,validation,0
taxi:1386:6,taxi,1386,6,agent,2,validation,1
taxi:1386:7,taxi,1386,7,user,3,validation,1
taxi:1386:8,taxi,1386,8,agent,2,validation,1
taxi:1387:1,taxi,1387,1,user,2,train,0
taxi:1387:2,taxi,1387,2,agent,2,train,0
taxi:1387:3,taxi,1387,3,user,3,train,1
taxi:1387:4,taxi,1387,4,agent,2,train,0
taxi:1388:1,taxi,1388,1,user,3,train,0
taxi:1388:2,taxi,1388,2,agent,1,train,0
taxi:1388:3,taxi,1388,3,user,0,train,0
taxi:1388:4,taxi,1388,4,agent,2,train,0
taxi:1388:5,taxi,1388,5,user,0,train,0
taxi:1388:6,taxi,1388,6,agent,3,train,0
taxi:1388:7,taxi,1388,7,user,3,train,1
taxi:1388:8,taxi,1388,8,agent,2,train,0
taxi:1389:1,taxi,1389,1,user,1,train,0
taxi:1389:2,taxi,1389,2,agent,1,train,0
taxi:1389:3,taxi,1389,3,user,2,train,0
taxi:1389:4,taxi,1389,4,agent,1,train,1
taxi:1389:5,taxi,1389,5,user,3,train,1
taxi:1389:6,taxi,1389,6,agent,1,train,0
taxi:1389:7,taxi,1389,7,user,3,train,1
taxi:1389:8,taxi,1389,8,agent,2,train,0
taxi:1390:1,taxi,1390,1,user,0,train,0
taxi:1390:2,taxi,1390,2,agent,0,train,0
taxi:1390:3,taxi,1390,3,user,2,train,0
taxi:1390:4,taxi,1390,4,agent,2,train,0
taxi:1391:1,taxi,1391,1,user,1,train,0
taxi:1391:2,taxi,1391,2,agent,0,train,0
taxi:1391:3,taxi,1391,3,user,0,train,0
taxi:1391:4,taxi,1391,4,agent,0,train,0
taxi:1391:5,taxi,1391,5,user,0,train,0
taxi:1391:6,taxi,1391,6,agent,0,train,0
taxi:1391:7,taxi,1391,7,user,0,train,0
taxi:1391:8,taxi,1391,8,agent,2,train,0
taxi:1391:9,taxi,1391,9,user,3,train,0
taxi:1391:10,taxi,1391,10,agent,2,train,0
taxi:1392:1,taxi,1392,1,user,1,validation,0
taxi:1392:2,taxi,1392,2,agent,0,validation,0
taxi:1392:3,taxi,1392,3,user,0,validation,0
taxi:1392:4,taxi,1392,4,agent,2,validation,0
taxi:1392:5,taxi,1392,5,user,0,validation,1
taxi:1392:6,taxi,1392,6,agent,2,validation,0
taxi:1393:1,taxi,1393,1,user,2,test,0
taxi:1393:2,taxi,1393,2,agent,0,test,0
taxi:1393:3,taxi,1393,3,user,0,test,0
taxi:1393:4,taxi,1393,4,agent,1,test,0
taxi:1393:5,taxi,1393,5,user,0,test,0
taxi:1393:6,taxi,1393,6,agent,1,test,0
taxi:1393:7,taxi,1393,7,user,0,test,0
taxi:1393:8,taxi,1393,8,agent,2,test,0
taxi:1394:1,taxi,1394,1,user,2,train,0
taxi:1394:2,taxi,1394,2,agent,0,train,1
taxi:1394:3,taxi,1394,3,user,0,train,0
taxi:1394:4,taxi,1394,4,agent,1,train,0
taxi:1394:5,taxi,1394,5,user,0,train,0
taxi:1394:6,taxi,1394,6,agent,1,train,0
taxi:1394:7,taxi,1394,7,user,0,train,0
taxi:1394:8,taxi,1394,8,agent,2,train,0
taxi:1394:9,taxi,1394,9,user,2,train,0
taxi:1394:10,taxi,1394,10,agent,2,train,1
taxi:1395:1,taxi,1395,1,user,3,test,0
taxi:1395:2,taxi,1395,2,agent,0,test,0
taxi:1395:3,taxi,1395,3,user,3,test,1
taxi:1395:4,taxi,1395,4,agent,1,test,0
taxi:1395:5,taxi,1395,5,user,3,test,1
taxi:1395:6,taxi,1395,6,agent,1,test,0
taxi:1395:7,taxi,1395,7,user,3,test,0
taxi:1395:8,taxi,1395,8,agent,2,test,0
taxi:1396:1,taxi,1396,1,user,1,train,0
taxi:1396:2,taxi,1396,2,agent,0,train,0
taxi:1396:3,taxi,1396,3,user,2,train,0
taxi:1396:4,taxi,1396,4,agent,2,train,0
taxi:1396:5,taxi,1396,5,user,0,train,1
taxi:1396:6,taxi,1396,6,agent,2,train,0
taxi:1397:1,taxi,1397,1,user,1,train,0
taxi:1397:2,taxi,1397,2,agent,0,train,0
taxi:1397:3,taxi,1397,3,user,2,train,0
taxi:1397:4,taxi,1397,4,agent,2,train,0
taxi:1397:5,taxi,1397,5,user,0,train,0
taxi:1397:6,taxi,1397,6,agent,2,train,0
taxi:1398:1,taxi,1398,1,user,3,train,1
taxi:1398:2,taxi,1398,2,agent,0,train,0
taxi:1398:3,taxi,1398,3,user,2,train,1
taxi:1398:4,taxi,1398,4,agent,0,train,0
taxi:1398:5,taxi,1398,5,user,0,train,0
taxi:1398:6,taxi,1398,6,agent,0,train,0
taxi:1398:7,taxi,1398,7,user,0,train,0
taxi:1398:8,taxi,1398,8,agent,0,train,0
taxi:1398:9,taxi,1398,9,user,0,train,0
taxi:1398:10,taxi,1398,10,agent,2,train,0
taxi:1399:1,taxi,1399,1,user,1,test,0
taxi:1399:2,taxi,1399,2,agent,1,test,0
taxi:1399:3,taxi,1399,3,user,0,test,0
taxi:1399:4,taxi,1399,4,agent,2,test,0
taxi:1399:5,taxi,1399,5,user,0,test,0
taxi:1399:6,taxi,1399,6,agent,2,test,0
taxi:1400:1,taxi,1400,1,user,3,train,1
taxi:1400:2,taxi,1400,2,agent,1,train,1
taxi:1400:3,taxi,1400,3,user,2,train,0
taxi:1400:4,taxi,1400,4,agent,1,train,0
taxi:1400:5,taxi,1400,5,user,0,train,0
taxi:1400:6,taxi,1400,6,agent,1,train,0
taxi:1400:7,taxi,1400,7,user,3,train,1
taxi:1400:8,taxi,1400,8,agent,2,train,0
taxi:1401:1,taxi,1401,1,user,1,train,0
taxi:1401:2,taxi,1401,2,agent,0,train,0
taxi:1401:3,taxi,1401,3,user,0,train,0
taxi:1401:4,taxi,1401,4,agent,2,train,1
taxi:1401:5,taxi,1401,5,user,3,train,1
taxi:1401:6,taxi,1401,6,agent,2,train,0
taxi:1402:1,taxi,1402,1,user,3,test,1
taxi:1402:2,taxi,1402,2,agent,1,test,0
taxi:1402:3,taxi,1402,3,user,0,test,0
taxi:1402:4,taxi,1402,4,agent,2,test,0
taxi:1402:5,taxi,1402,5,user,2,test,1
taxi:1402:6,taxi,1402,6,agent,2,test,0
taxi:1403:1,taxi,1403,1,user,2,test,0
taxi:1403:2,taxi,1403,2,agent,1,test,0
taxi:1403:3,taxi,1403,3,user,0,test,0
taxi:1403:4,taxi,1403,4,agent,2,test,0
taxi:1403:5,taxi,1403,5,user,3,test,0
taxi:1403:6,taxi,1403,6,agent,2,test,0
taxi:1404:1,taxi,1404,1,user,1,test,0
taxi:1404:2,taxi,1404,2,agent,0,test,0
taxi:1404:3,taxi,1404,3,user,0,test,1
taxi:1404:4,taxi,1404,4,agent,2,test,0
taxi:1404:5,taxi,1404,5,user,3,test,0
taxi:1404:6,taxi,1404,6,agent,2,test,0
taxi:1405:1,taxi,1405,1,user,1,test,0
taxi:1405:2,taxi,1405,2,agent,1,test,0
taxi:1405:3,taxi,1405,3,user,0,test,1
taxi:1405:4,taxi,1405,4,agent,2,test,0
taxi:1405:5,taxi,1405,5,user,0,test,1
taxi:1405:6,taxi,1405,6,agent,2,test,1
taxi:1406:1,taxi,1406,1,user,1,train,1
taxi:1406:2,taxi,1406,2,agent,1,train,0
taxi:1406:3,taxi,1406,3,user,0,train,0
taxi:1406:4,taxi,1406,4,agent,2,train,0
taxi:1406:5,taxi,1406,5,user,2,train,0
taxi:1406:6,taxi,1406,6,agent,2,train,1
taxi:1407:1,taxi,1407,1,user,0,train,0
taxi:1407:2,taxi,1407,2,agent,0,train,0
taxi:1407:3,taxi,1407,3,user,0,train,0
taxi:1407:4,taxi,1407,4,agent,2,train,1
taxi:1407:5,taxi,1407,5,user,0,train,0
taxi:1407:6,taxi,1407,6,agent,2,train,0
taxi:1408:1,taxi,1408,1,user,1,train,0
taxi:1408:2,taxi,1408,2,agent,1,train,0
taxi:1408:3,taxi,1408,3,user,0,train,1
taxi:1408:4,taxi,1408,4,agent,0,train,0
taxi:1408:5,taxi,1408,5,user,0,train,0
taxi:1408:6,taxi,1408,6,agent,0,train,0
taxi:1408:7,taxi,1408,7,user,0,train,0
taxi:1408:8,taxi,1408,8,agent,2,train,0
taxi:1408:9,taxi,1408,9,user,3,train,1
taxi:1408:10,taxi,1408,10,agent,2,train,0
taxi:1409:1,taxi,1409,1,user,3,train,1
taxi:1409:2,taxi,1409,2,agent,1,train,0
taxi:1409:3,taxi,1409,3,user,2,train,1
taxi:1409:4,taxi,1409,4,agent,0,train,0
taxi:1409:5,taxi,1409,5,user,0,train,0
taxi:1409:6,taxi,1409,6,agent,2,train,1
taxi:1409:7,taxi,1409,7,user,2,train,0
taxi:1409:8,taxi,1409,8,agent,2,train,1
taxi:1410:1,taxi,1410,1,user,3,validation,1
taxi:1410:2,taxi,1410,2,agent,0,validation,0
taxi:1410:3,taxi,1410,3,user,3,validation,1
taxi:1410:4,taxi,1410,4,agent,1,validation,0
taxi:1410:5,taxi,1410,5,user,0,validation,0
taxi:1410:6,taxi,1410,6,agent,2,validation,0
taxi:1410:7,taxi,1410,7,user,0,validation,0
taxi:1410:8,taxi,1410,8,agent,2,validation,1
taxi:1410:9,taxi,1410,9,user,2,validation,0
taxi:1410:10,taxi,1410,10,agent,2,validation,1
taxi:1411:1,taxi,1411,1,user,1,test,0
taxi:1411:2,taxi,1411,2,agent,1,test,0
taxi:1411:3,taxi,1411,3,user,0,test,1
taxi:1411:4,taxi,1411,4,agent,2,test,1
taxi:1411:5,taxi,1411,5,user,3,test,0
taxi:1411:6,taxi,1411,6,agent,3,test,0
taxi:1411:7,taxi,1411,7,user,3,test,1
taxi:1411:8,taxi,1411,8,agent,2,test,0
taxi:1412:1,taxi,1412,1,user,0,train,0
taxi:1412:2,taxi,1412,2,agent,0,train,0
taxi:1412:3,taxi,1412,3,user,0,train,0
taxi:1412:4,taxi,1412,4,agent,2,train,0
taxi:1412:5,taxi,1412,5,user,2,train,0
taxi:1412:6,taxi,1412,6,agent,2,train,0
taxi:1413:1,taxi,1413,1,user,3,train,1
taxi:1413:2,taxi,1413,2,agent,1,train,0
taxi:1413:3,taxi,1413,3,user,3,train,1
taxi:1413:4,taxi,1413,4,agent,0,train,1
taxi:1413:5,taxi,1413,5,user,0,train,1
taxi:1413:6,taxi,1413,6,agent,1,train,0
taxi:1413:7,taxi,1413,7,user,2,train,0
taxi:1413:8,taxi,1413,8,agent,2,train,1
taxi:1414:1,taxi,1414,1,user,1,validation,0
taxi:1414:2,taxi,1414,2,agent,0,validation,0
taxi:1414:3,taxi,1414,3,user,3,validation,1
taxi:1414:4,taxi,1414,4,agent,2,validation,0
taxi:1415:1,taxi,1415,1,user,2,train,0
taxi:1415:2,taxi,1415,2,agent,0,train,1
taxi:1415:3,taxi,1415,3,user,2,train,0
taxi:1415:4,taxi,1415,4,agent,2,train,0
taxi:1415:5,taxi,1415,5,user,2,train,0
taxi:1415:6,taxi,1415,6,agent,2,train,0
taxi:1416:1,taxi,1416,1,user,1,train,1
taxi:1416:2,taxi,1416,2,agent,0,train,0
taxi:1416:3,taxi,1416,3,user,0,train,1
taxi:1416:4,taxi,1416,4,agent,1,train,0
taxi:1416:5,taxi,1416,5,user,0,train,0
taxi:1416:6,taxi,1416,6,agent,2,train,0
taxi:1416:7,taxi,1416,7,user,3,train,1
taxi:1416:8,taxi,1416,8,agent,2,train,1
taxi:1417:1,taxi,1417,1,user,3,train,0
taxi:1417:2,taxi,1417,2,agent,1,train,0
taxi:1417:3,taxi,1417,3,user,0,train,0
taxi:1417:4,taxi,1417,4,agent,0,train,0
taxi:1417:5,taxi,1417,5,user,0,train,1
taxi:1417:6,taxi,1417,6,agent,0,train,0
taxi:1417:7,taxi,1417,7,user,2,train,0
taxi:1417:8,taxi,1417,8,agent,2,train,0
taxi:1417:9,taxi,1417,9,user,3,train,1
taxi:1417:10,taxi,1417,10,agent,2,train,0
taxi:1418:1,taxi,1418,1,user,1,validation,1
taxi:1418:2,taxi,1418,2,agent,0,validation,0
taxi:1418:3,taxi,1418,3,user,0,validation,0
taxi:1418:4,taxi,1418,4,agent,1,validation,0
taxi:1418:5,taxi,1418,5,user,0,validation,1
taxi:1418:6,taxi,1418,6,agent,2,validation,0
taxi:1419:1,taxi,1419,1,user,3,test,1
taxi:1419:2,taxi,1419,2,agent,0,test,0
taxi:1419:3,taxi,1419,3,user,2,test,1
taxi:1419:4,taxi,1419,4,agent,0,test,0
taxi:1419:5,taxi,1419,5,user,0,test,1
taxi:1419:6,taxi,1419,6,agent,1,test,0
taxi:1419:7,taxi,1419,7,user,2,test,0
taxi:1419:8,taxi,1419,8,agent,2,test,0
taxi:1419:9,taxi,1419,9,user,3,test,1
taxi:1419:10,taxi,1419,10,agent,2,test,0
taxi:1420:1,taxi,1420,1,user,1,train,0
taxi:1420:2,taxi,1420,2,agent,2,train,0
taxi:1420:3,taxi,1420,3,user,3,train,1
taxi:1420:4,taxi,1420,4,agent,2,train,0
taxi:1421:1,taxi,1421,1,user,1,train,0
taxi:1421:2,taxi,1421,2,agent,0,train,0
taxi:1421:3,taxi,1421,3,user,0,train,0
taxi:1421:4,taxi,1421,4,agent,0,train,0
taxi:1421:5,taxi,1421,5,user,3,train,1
taxi:1421:6,taxi,1421,6,agent,1,train,0
taxi:1421:7,taxi,1421,7,user,2,train,1
taxi:1421:8,taxi,1421,8,agent,2,train,0
taxi:1422:1,taxi,1422,1,user,2,validation,0
taxi:1422:2,taxi,1422,2,agent,0,validation,0
taxi:1422:3,taxi,1422,3,user,0,validation,1
taxi:1422:4,taxi,1422,4,agent,1,validation,0
taxi:1422:5,taxi,1422,5,user,0,validation,0
taxi:1422:6,taxi,1422,6,agent,1,validation,0
taxi:1422:7,taxi,1422,7,user,3,validation,1
taxi:1422:8,taxi,1422,8,agent,3,validation,0
taxi:1423:1,taxi,1423,1,user,2,validation,0
taxi:1423:2,taxi,1423,2,agent,1,validation,0
taxi:1423:3,taxi,1423,3,user,0,validation,0
taxi:1423:4,taxi,1423,4,agent,2,validation,0
taxi:1423:5,taxi,1423,5,user,3,validation,0
taxi:1423:6,taxi,1423,6,agent,3,validation,1
taxi:1423:7,taxi,1423,7,user,3,validation,1
taxi:1423:8,taxi,1423,8,agent,2,validation,0
taxi:1424:1,taxi,1424,1,user,1,test,0
taxi:1424:2,taxi,1424,2,agent,1,test,0
taxi:1424:3,taxi,1424,3,user,0,test,0
taxi:1424:4,taxi,1424,4,agent,2,test,0
taxi:1424:5,taxi,1424,5,user,0,test,0
taxi:1424:6,taxi,1424,6,agent,2,test,1
taxi:1425:1,taxi,1425,1,user,1,test,0
taxi:1425:2,taxi,1425,2,agent,0,test,0
taxi:1425:3,taxi,1425,3,user,0,test,0
taxi:1425:4,taxi,1425,4,agent,2,test,1
taxi:1425:5,taxi,1425,5,user,3,test,1
taxi:1425:6,taxi,1425,6,agent,2,test,0
taxi:1426:1,taxi,1426,1,user,1,train,0
taxi:1426:2,taxi,1426,2,agent,1,train,0
taxi:1426:3,taxi,1426,3,user,0,train,0
taxi:1426:4,taxi,1426,4,agent,2,train,0
taxi:1426:5,taxi,1426,5,user,2,train,0
taxi:1426:6,taxi,1426,6,agent,2,train,0
taxi:1427:1,taxi,1427,1,user,2,train,0
taxi:1427:2,taxi,1427,2,agent,0,train,0
taxi:1427:3,taxi,1427,3,user,3,train,1
taxi:1427:4,taxi,1427,4,agent,2,train,0
taxi:1428:1,taxi,1428,1,user,1,train,0
taxi:1428:2,taxi,1428,2,agent,1,train,0
taxi:1428:3,taxi,1428,3,user,0,train,0
taxi:1428:4,taxi,1428,4,agent,2,train,0
taxi:1428:5,taxi,1428,5,user,0,train,0
taxi:1428:6,taxi,1428,6,agent,2,train,0
taxi:1429:1,taxi,1429,1,user,1,train,0
taxi:1429:2,taxi,1429,2,agent,0,train,0
taxi:1429:3,taxi,1429,3,user,2,train,0
taxi:1429:4,taxi,1429,4,agent,0,train,0
taxi:1429:5,taxi,1429,5,user,2,train,1
taxi:1429:6,taxi,1429,6,agent,1,train,0
taxi:1429:7,taxi,1429,7,user,0,train,0
taxi:1429:8,taxi,1429,8,agent,1,train,0
taxi:1429:9,taxi,1429,9,user,3,train,1
taxi:1429:10,taxi,1429,10,agent,2,train,0
taxi:1430:1,taxi,1430,1,user,3,train,0
taxi:1430:2,taxi,1430,2,agent,0,train,0
taxi:1430:3,taxi,1430,3,user,0,train,0
taxi:1430:4,taxi,1430,4,agent,0,train,0
taxi:1430:5,taxi,1430,5,user,0,train,0
taxi:1430:6,taxi,1430,6,agent,0,train,1
taxi:1430:7,taxi,1430,7,user,0,train,0
taxi:1430:8,taxi,1430,8,agent,1,train,1
taxi:1430:9,taxi,1430,9,user,3,train,0
taxi:1430:10,taxi,1430,10,agent,2,train,1
taxi:1431:1,taxi,1431,1,user,1,train,0
taxi:1431:2,taxi,1431,2,agent,0,train,0
taxi:1431:3,taxi,1431,3,user,0,train,1
taxi:1431:4,taxi,1431,4,agent,1,train,1
taxi:1431:5,taxi,1431,5,user,0,train,0
taxi:1431:6,taxi,1431,6,agent,1,train,0
taxi:1431:7,taxi,1431,7,user,3,train,1
taxi:1431:8,taxi,1431,8,agent,2,train,0
taxi:1432:1,taxi,1432,1,user,1,test,0
taxi:1432:2,taxi,1432,2,agent,0,test,0
taxi:1432:3,taxi,1432,3,user,0,test,0
taxi:1432:4,taxi,1432,4,agent,0,test,0
taxi:1432:5,taxi,1432,5,user,0,test,0
taxi:1432:6,taxi,1432,6,agent,0,test,0
taxi:1432:7,taxi,1432,7,user,0,test,0
taxi:1432:8,taxi,1432,8,agent,0,test,0
taxi:1432:9,taxi,1432,9,user,0,test,1
taxi:1432:10,taxi,1432,10,agent,1,test,0
taxi:1432:11,taxi,1432,11,user,0,test,1
taxi:1432:12,taxi,1432,12,agent,2,test,0
taxi:1433:1,taxi,1433,1,user,3,train,1
taxi:1433:2,taxi,1433,2,agent,0,train,0
taxi:1433:3,taxi,1433,3,user,0,train,0
taxi:1433:4,taxi,1433,4,agent,0,train,0
taxi:1433:5,taxi,1433,5,user,2,train,0
taxi:1433:6,taxi,1433,6,agent,1,train,1
taxi:1433:7,taxi,1433,7,user,0,train,1
taxi:1433:8,taxi,1433,8,agent,1,train,0
taxi:1433:9,taxi,1433,9,user,2,train,1
taxi:1433:10,taxi,1433,10,agent,2,train,0
taxi:1434:1,taxi,1434,1,user,2,train,0
taxi:1434:2,taxi,1434,2,agent,0,train,0
taxi:1434:3,taxi,1434,3,user,0,train,0
taxi:1434:4,taxi,1434,4,agent,0,train,0
taxi:1434:5,taxi,1434,5,user,0,train,1
taxi:1434:6,taxi,1434,6,agent,0,train,0
taxi:1434:7,taxi,1434,7,user,0,train,0
taxi:1434:8,taxi,1434,8,agent,1,train,0
taxi:1434:9,taxi,1434,9,user,3,train,1
taxi:1434:10,taxi,1434,10,agent,2,train,0
taxi:1435:1,taxi,1435,1,user,3,train,0
taxi:1435:2,taxi,1435,2,agent,0,train,0
taxi:1435:3,taxi,1435,3,user,2,train,0
taxi:1435:4,taxi,1435,4,agent,2,train,0
taxi:1435:5,taxi,1435,5,user,2,train,0
taxi:1435:6,taxi,1435,6,agent,2,train,1
taxi:1436:1,taxi,1436,1,user,2,train,0
taxi:1436:2,taxi,1436,2,agent,1,train,1
taxi:1436:3,taxi,1436,3,user,0,train,1
taxi:1436:4,taxi,1436,4,agent,2,train,0
taxi:1436:5,taxi,1436,5,user,3,train,0
taxi:1436:6,taxi,1436,6,agent,2,train,0
taxi:1437:1,taxi,1437,1,user,1,train,0
taxi:1437:2,taxi,1437,2,agent,0,train,0
taxi:1437:3,taxi,1437,3,user,0,train,0
taxi:1437:4,taxi,1437,4,agent,1,train,0
taxi:1437:5,taxi,1437,5,user,0,train,0
taxi:1437:6,taxi,1437,6,agent,1,train,0
taxi:1437:7,taxi,1437,7,user,3,train,1
taxi:1437:8,taxi,1437,8,agent,2,train,0
taxi:1438:1,taxi,1438,1,user,3,train,0
taxi:1438:2,taxi,1438,2,agent,0,train,1
taxi:1438:3,taxi,1438,3,user,0,train,0
taxi:1438:4,taxi,1438,4,agent,0,train,0
taxi:1438:5,taxi,1438,5,user,0,train,0
taxi:1438:6,taxi,1438,6,agent,0,train,1
taxi:1438:7,taxi,1438,7,user,0,train,1
taxi:1438:8,taxi,1438,8,agent,1,train,0
taxi:1438:9,taxi,1438,9,user,3,train,1
taxi:1438:10,taxi,1438,10,agent,2,train,0
taxi:1439:1,taxi,1439,1,user,1,train,0
taxi:1439:2,taxi,1439,2,agent,1,train,0
taxi:1439:3,taxi,1439,3,user,0,train,0
taxi:1439:4,taxi,1439,4,agent,1,train,1
taxi:1439:5,taxi,1439,5,user,3,train,0
taxi:1439:6,taxi,1439,6,agent,2,train,0
taxi:1439:7,taxi,1439,7,user,3,train,1
taxi:1439:8,taxi,1439,8,agent,2,train,1
taxi:1440:1,taxi,1440,1,user,2,train,0
taxi:1440:2,taxi,1440,2,agent,1,train,0
taxi:1440:3,taxi,1440,3,user,0,train,0
taxi:1440:4,taxi,1440,4,agent,1,train,0
taxi:1440:5,taxi,1440,5,user,0,train,0
taxi:1440:6,taxi,1440,6,agent,1,train,0
taxi:1440:7,taxi,1440,7,user,3,train,0
taxi:1440:8,taxi,1440,8,agent,2,train,0
taxi:1441:1,taxi,1441,1,user,1,train,0
taxi:1441:2,taxi,1441,2,agent,0,train,1
taxi:1441:3,taxi,1441,3,user,3,train,1
taxi:1441:4,taxi,1441,4,agent,0,train,0
taxi:1441:5,taxi,1441,5,user,0,train,0
taxi:1441:6,taxi,1441,6,agent,0,train,0
taxi:1441:7,taxi,1441,7,user,0,train,0
taxi:1441:8,taxi,1441,8,agent,0,train,0
taxi:1441:9,taxi,1441,9,user,0,train,0
taxi:1441:10,taxi,1441,10,agent,1,train,0
taxi:1441:11,taxi,1441,11,user,3,train,0
taxi:1441:12,taxi,1441,12,agent,2,train,0
taxi:1442:1,taxi,1442,1,user,2,validation,0
taxi:1442:2,taxi,1442,2,agent,1,validation,1
taxi:1442:3,taxi,1442,3,user,2,validation,0
taxi:1442:4,taxi,1442,4,agent,2,validation,0
taxi:1442:5,taxi,1442,5,user,3,validation,1
taxi:1442:6,taxi,1442,6,agent,2,validation,0
taxi:1443:1,taxi,1443,1,user,1,train,1
taxi:1443:2,taxi,1443,2,agent,0,train,0
taxi:1443:3,taxi,1443,3,user,0,train,1
taxi:1443:4,taxi,1443,4,agent,0,train,1
taxi:1443:5,taxi,1443,5,user,0,train,1
taxi:1443:6,taxi,1443,6,agent,0,train,0
taxi:1443:7,taxi,1443,7,user,0,train,1
taxi:1443:8,taxi,1443,8,agent,0,train,0
taxi:1443:9,taxi,1443,9,user,0,train,0
taxi:1443:10,taxi,1443,10,agent,1,train,0
taxi:1443:11,taxi,1443,11,user,0,train,0
taxi:1443:12,taxi,1443,12,agent,2,train,0
taxi:1444:1,taxi,1444,1,user,1,test,0
taxi:1444:2,taxi,1444,2,agent,3,test,0
taxi:1444:3,taxi,1444,3,user,2,test,0
taxi:1444:4,taxi,1444,4,agent,1,test,0
taxi:1444:5,taxi,1444,5,user,0,test,1
taxi:1444:6,taxi,1444,6,agent,1,test,0
taxi:1444:7,taxi,1444,7,user,2,test,1
taxi:1444:8,taxi,1444,8,agent,2,test,0
taxi:1445:1,taxi,1445,1,user,2,train,0
taxi:1445:2,taxi,1445,2,agent,1,train,0
taxi:1445:3,taxi,1445,3,user,3,train,1
taxi:1445:4,taxi,1445,4,agent,2,train,1
taxi:1445:5,taxi,1445,5,user,3,train,1
taxi:1445:6,taxi,1445,6,agent,2,train,0
taxi:1446:1,taxi,1446,1,user,3,test,1
taxi:1446:2,taxi,1446,2,agent,1,test,0
taxi:1446:3,taxi,1446,3,user,0,test,0
taxi:1446:4,taxi,1446,4,agent,1,test,0
taxi:1446:5,taxi,1446,5,user,0,test,0
taxi:1446:6,taxi,1446,6,agent,2,test,1
taxi:1447:1,taxi,1447,1,user,1,train,0
taxi:1447:2,taxi,1447,2,agent,1,train,0
taxi:1447:3,taxi,1447,3,user,0,train,0
taxi:1447:4,taxi,1447,4,agent,1,train,0
taxi:1448:1,taxi,1448,1,user,1,validation,0
taxi:1448:2,taxi,1448,2,agent,0,validation,0
taxi:1448:3,taxi,1448,3,user,0,validation,0
taxi:1448:4,taxi,1448,4,agent,1,validation,0
taxi:1448:5,taxi,1448,5,user,0,validation,0
taxi:1448:6,taxi,1448,6,agent,1,validation,0
taxi:1448:7,taxi,1448,7,user,3,validation,1
taxi:1448:8,taxi,1448,8,agent,2,validation,0
taxi:1449:1,taxi,1449,1,user,3,train,1
taxi:1449:2,taxi,1449,2,agent,0,train,0
taxi:1449:3,taxi,1449,3,user,3,train,1
taxi:1449:4,taxi,1449,4,agent,2,train,0
taxi:1449:5,taxi,1449,5,user,3,train,1
taxi:1449:6,taxi,1449,6,agent,3,train,1
taxi:1449:7,taxi,1449,7,user,3,train,1
taxi:1449:8,taxi,1449,8,agent,3,train,1
taxi:1450:1,taxi,1450,1,user,3,train,1
taxi:1450:2,taxi,1450,2,agent,1,train,0
taxi:1450:3,taxi,1450,3,user,2,train,1
taxi:1450:4,taxi,1450,4,agent,2,train,0
taxi:1450:5,taxi,1450,5,user,2,train,0
taxi:1450:6,taxi,1450,6,agent,2,train,1
taxi:1451:1,taxi,1451,1,user,1,validation,0
taxi:1451:2,taxi,1451,2,agent,0,validation,0
taxi:1451:3,taxi,1451,3,user,0,validation,1
taxi:1451:4,taxi,1451,4,agent,0,validation,0
taxi:1451:5,taxi,1451,5,user,0,validation,0
taxi:1451:6,taxi,1451,6,agent,0,validation,0
taxi:1451:7,taxi,1451,7,user,0,validation,1
taxi:1451:8,taxi,1451,8,agent,1,validation,0
taxi:1451:9,taxi,1451,9,user,0,validation,1
taxi:1451:10,taxi,1451,10,agent,2,validation,0
taxi:1452:1,taxi,1452,1,user,3,train,1
taxi:1452:2,taxi,1452,2,agent,0,train,1
taxi:1452:3,taxi,1452,3,user,0,train,0
taxi:1452:4,taxi,1452,4,agent,1,train,1
taxi:1452:5,taxi,1452,5,user,0,train,1
taxi:1452:6,taxi,1452,6,agent,2,train,0
taxi:1452:7,taxi,1452,7,user,3,train,1
taxi:1452:8,taxi,1452,8,agent,3,train,0
taxi:1453:1,taxi,1453,1,user,2,train,1
taxi:1453:2,taxi,1453,2,agent,1,train,0
taxi:1453:3,taxi,1453,3,user,0,train,0
taxi:1453:4,taxi,1453,4,agent,1,train,0
taxi:1453:5,taxi,1453,5,user,0,train,0
taxi:1453:6,taxi,1453,6,agent,2,train,1
taxi:1453:7,taxi,1453,7,user,3,train,1
taxi:1453:8,taxi,1453,8,agent,2,train,1
taxi:1454:1,taxi,1454,1,user,2,validation,0
taxi:1454:2,taxi,1454,2,agent,0,validation,0
taxi:1454:3,taxi,1454,3,user,2,validation,0
taxi:1454:4,taxi,1454,4,agent,1,validation,1
taxi:1454:5,taxi,1454,5,user,3,validation,0
taxi:1454:6,taxi,1454,6,agent,2,validation,0
taxi:1455:1,taxi,1455,1,user,1,validation,0
taxi:1455:2,taxi,1455,2,agent,0,validation,1
taxi:1455:3,taxi,1455,3,user,3,validation,0
taxi:1455:4,taxi,1455,4,agent,0,validation,0
taxi:1455:5,taxi,1455,5,user,2,validation,0
taxi:1455:6,taxi,1455,6,agent,0,validation,1
taxi:1455:7,taxi,1455,7,user,2,validation,1
taxi:1455:8,taxi,1455,8,agent,2,validation,0
taxi:1456:1,taxi,1456,1,user,3,train,1
taxi:1456:2,taxi,1456,2,agent,1,train,0
taxi:1456:3,taxi,1456,3,user,0,train,0
taxi:1456:4,taxi,1456,4,agent,0,train,0
taxi:1456:5,taxi,1456,5,user,2,train,0
taxi:1456:6,taxi,1456,6,agent,0,train,0
taxi:1456:7,taxi,1456,7,user,0,train,0
taxi:1456:8,taxi,1456,8,agent,2,train,0
taxi:1457:1,taxi,1457,1,user,1,validation,0
taxi:1457:2,taxi,1457,2,agent,0,validation,0
taxi:1457:3,taxi,1457,3,user,0,validation,1
taxi:1457:4,taxi,1457,4,agent,1,validation,0
taxi:1458:1,taxi,1458,1,user,2,train,1
taxi:1458:2,taxi,1458,2,agent,0,train,0
taxi:1458:3,taxi,1458,3,user,0,train,0
taxi:1458:4,taxi,1458,4,agent,2,train,0
taxi:1458:5,taxi,1458,5,user,2,train,0
taxi:1458:6,taxi,1458,6,agent,3,train,1
taxi:1459:1,taxi,1459,1,user,2,train,0
taxi:1459:2,taxi,1459,2,agent,1,train,1
taxi:1459:3,taxi,1459,3,user,0,train,1
taxi:1459:4,taxi,1459,4,agent,2,train,1
taxi:1459:5,taxi,1459,5,user,2,train,1
taxi:1459:6,taxi,1459,6,agent,2,train,1
taxi:1460:1,taxi,1460,1,user,3,test,1
taxi:1460:2,taxi,1460,2,agent,1,test,0
taxi:1460:3,taxi,1460,3,user,0,test,0
taxi:1460:4,taxi,1460,4,agent,2,test,0
taxi:1461:1,taxi,1461,1,user,1,test,1
taxi:1461:2,taxi,1461,2,agent,2,test,0
taxi:1461:3,taxi,1461,3,user,0,test,0
taxi:1461:4,taxi,1461,4,agent,2,test,0
taxi:1461:5,taxi,1461,5,user,2,test,0
taxi:1461:6,taxi,1461,6,agent,3,test,1
taxi:1461:7,taxi,1461,7,user,2,test,0
taxi:1461:8,taxi,1461,8,agent,2,test,0
taxi:1461:9,taxi,1461,9,user,0,test,1
taxi:1461:10,taxi,1461,10,agent,2,test,0
taxi:1462:1,taxi,1462,1,user,1,train,0
taxi:1462:2,taxi,1462,2,agent,1,train,0
taxi:1462:3,taxi,1462,3,user,0,train,0
taxi:1462:4,taxi,1462,4,agent,1,train,0
taxi:1462:5,taxi,1462,5,user,0,train,1
taxi:1462:6,taxi,1462,6,agent,2,train,0
taxi:1462:7,taxi,1462,7,user,3,train,0
taxi:1462:8,taxi,1462,8,agent,2,train,1
taxi:1462:9,taxi,1462,9,user,0,train,0
taxi:1462:10,taxi,1462,10,agent,2,train,0
taxi:1463:1,taxi,1463,1,user,3,train,1
taxi:1463:2,taxi,1463,2,agent,0,train,1
taxi:1463:3,taxi,1463,3,user,2,train,0
taxi:1463:4,taxi,1463,4,agent,0,train,0
taxi:1463:5,taxi,1463,5,user,0,train,0
taxi:1463:6,taxi,1463,6,agent,1,train,0
taxi:1463:7,taxi,1463,7,user,0,train,0
taxi:1463:8,taxi,1463,8,agent,1,train,0
taxi:1464:1,taxi,1464,1,user,3,train,1
taxi:1464:2,taxi,1464,2,agent,2,train,1
taxi:1464:3,taxi,1464,3,user,0,train,0
taxi:1464:4,taxi,1464,4,agent,3,train,1
taxi:1464:5,taxi,1464,5,user,2,train,0
taxi:1464:6,taxi,1464,6,agent,2,train,0
taxi:1464:7,taxi,1464,7,user,2,train,1
taxi:1464:8,taxi,1464,8,agent,2,train,0
taxi:1465:1,taxi,1465,1,user,1,train,0
taxi:1465:2,taxi,1465,2,agent,0,train,0
taxi:1465:3,taxi,1465,3,user,2,train,1
taxi:1465:4,taxi,1465,4,agent,1,train,0
taxi:1465:5,taxi,1465,5,user,0,train,1
taxi:1465:6,taxi,1465,6,agent,1,train,0
taxi:1466:1,taxi,1466,1,user,2,train,0
taxi:1466:2,taxi,1466,2,agent,1,train,0
taxi:1466:3,taxi,1466,3,user,0,train,0
taxi:1466:4,taxi,1466,4,agent,1,train,0
taxi:1467:1,taxi,1467,1,user,2,train,0
taxi:1467:2,taxi,1467,2,agent,0,train,0
taxi:1467:3,taxi,1467,3,user,0,train,0
taxi:1467:4,taxi,1467,4,agent,1,train,0
taxi:1467:5,taxi,1467,5,user,0,train,0
taxi:1467:6,taxi,1467,6,agent,3,train,1
taxi:1467:7,taxi,1467,7,user,3,train,0
taxi:1467:8,taxi,1467,8,agent,3,train,1
taxi:1467:9,taxi,1467,9,user,0,train,0
taxi:1467:10,taxi,1467,10,agent,2,train,0
taxi:1467:11,taxi,1467,11,user,2,train,0
taxi:1467:12,taxi,1467,12,agent,2,train,0
taxi:1468:1,taxi,1468,1,user,1,train,1
taxi:1468:2,taxi,1468,2,agent,0,train,1
taxi:1468:3,taxi,1468,3,user,3,train,1
taxi:1468:4,taxi,1468,4,agent,1,train,0
taxi:1468:5,taxi,1468,5,user,2,train,0
taxi:1468:6,taxi,1468,6,agent,1,train,0
taxi:1469:1,taxi,1469,1,user,1,train,0
taxi:1469:2,taxi,1469,2,agent,1,train,0
taxi:1469:3,taxi,1469,3,user,0,train,0
taxi:1469:4,taxi,1469,4,agent,0,train,0
taxi:1469:5,taxi,1469,5,user,0,train,0
taxi:1469:6,taxi,1469,6,agent,2,train,0
taxi:1469:7,taxi,1469,7,user,3,train,1
taxi:1469:8,taxi,1469,8,agent,2,train,0
taxi:1470:1,taxi,1470,1,user,1,test,0
taxi:1470:2,taxi,1470,2,agent,0,test,0
taxi:1470:3,taxi,1470,3,user,3,test,1
taxi:1470:4,taxi,1470,4,agent,1,test,0
taxi:1471:1,taxi,1471,1,user,2,test,0
taxi:1471:2,taxi,1471,2,agent,1,test,0
taxi:1471:3,taxi,1471,3,user,2,test,1
taxi:1471:4,taxi,1471,4,agent,2,test,0
taxi:1472:1,taxi,1472,1,user,1,train,0
taxi:1472:2,taxi,1472,2,agent,2,train,0
taxi:1472:3,taxi,1472,3,user,2,train,0
taxi:1472:4,taxi,1472,4,agent,1,train,0
taxi:1472:5,taxi,1472,5,user,0,train,0
taxi:1472:6,taxi,1472,6,agent,1,train,0
taxi:1473:1,taxi,1473,1,user,1,train,0
taxi:1473:2,taxi,1473,2,agent,0,train,0
taxi:1473:3,taxi,1473,3,user,0,train,0
taxi:1473:4,taxi,1473,4,agent,1,train,0
taxi:1473:5,taxi,1473,5,user,0,train,1
taxi:1473:6,taxi,1473,6,agent,1,train,1
taxi:1474:1,taxi,1474,1,user,0,validation,0
taxi:1474:2,taxi,1474,2,agent,0,validation,0
taxi:1474:3,taxi,1474,3,user,0,validation,1
taxi:1474:4,taxi,1474,4,agent,1,validation,0
taxi:1474:5,taxi,1474,5,user,0,validation,0
taxi:1474:6,taxi,1474,6,agent,1,validation,1
taxi:1475:1,taxi,1475,1,user,1,train,0
taxi:1475:2,taxi,1475,2,agent,2,train,1
taxi:1475:3,taxi,1475,3,user,0,train,0
taxi:1475:4,taxi,1475,4,agent,1,train,0
taxi:1475:5,taxi,1475,5,user,0,train,0
taxi:1475:6,taxi,1475,6,agent,3,train,1
taxi:1475:7,taxi,1475,7,user,0,train,0
taxi:1475:8,taxi,1475,8,agent,2,train,0
taxi:1475:9,taxi,1475,9,user,3,train,0
taxi:1475:10,taxi,1475,10,agent,2,train,0
taxi:1476:1,taxi,1476,1,user,0,test,0
taxi:1476:2,taxi,1476,2,agent,0,test,0
taxi:1476:3,taxi,1476,3,user,0,test,1
taxi:1476:4,taxi,1476,4,agent,0,test,0
taxi:1476:5,taxi,1476,5,user,0,test,0
taxi:1476:6,taxi,1476,6,agent,2,test,0
taxi:1476:7,taxi,1476,7,user,2,test,0
taxi:1476:8,taxi,1476,8,agent,3,test,0
taxi:1476:9,taxi,1476,9,user,3,test,1
taxi:1476:10,taxi,1476,10,agent,1,test,0
taxi:1476:11,taxi,1476,11,user,0,test,0
taxi:1476:12,taxi,1476,12,agent,2,test,0
taxi:1477:1,taxi,1477,1,user,2,test,0
taxi:1477:2,taxi,1477,2,agent,0,test,0
taxi:1477:3,taxi,1477,3,user,0,test,0
taxi:1477:4,taxi,1477,4,agent,0,test,0
taxi:1477:5,taxi,1477,5,user,0,test,0
taxi:1477:6,taxi,1477,6,agent,0,test,0
taxi:1477:7,taxi,1477,7,user,0,test,0
taxi:1477:8,taxi,1477,8,agent,1,test,1
taxi:1477:9,taxi,1477,9,user,3,test,1
taxi:1477:10,taxi,1477,10,agent,2,test,0
taxi:1478:1,taxi,1478,1,user,0,train,0
taxi:1478:2,taxi,1478,2,agent,1,train,0
taxi:1478:3,taxi,1478,3,user,0,train,0
taxi:1478:4,taxi,1478,4,agent,2,train,1
taxi:1478:5,taxi,1478,5,user,3,train,1
taxi:1478:6,taxi,1478,6,agent,2,train,0
taxi:1478:7,taxi,1478,7,user,0,train,0
taxi:1478:8,taxi,1478,8,agent,3,train,1
taxi:1479:1,taxi,1479,1,user,3,train,1
taxi:1479:2,taxi,1479,2,agent,1,train,1
taxi:1479:3,taxi,1479,3,user,2,train,1
taxi:1479:4,taxi,1479,4,agent,1,train,0
taxi:1479:5,taxi,1479,5,user,3,train,1
taxi:1479:6,taxi,1479,6,agent,0,train,1
taxi:1479:7,taxi,1479,7,user,0,train,0
taxi:1479:8,taxi,1479,8,agent,3,train,1
taxi:1480:1,taxi,1480,1,user,1,train,0
taxi:1480:2,taxi,1480,2,agent,0,train,0
taxi:1480:3,taxi,1480,3,user,0,train,0
taxi:1480:4,taxi,1480,4,agent,1,train,1
taxi:1480:5,taxi,1480,5,user,0,train,0
taxi:1480:6,taxi,1480,6,agent,1,train,0
taxi:1480:7,taxi,1480,7,user,0,train,0
taxi:1480:8,taxi,1480,8,agent,2,train,1
taxi:1481:1,taxi,1481,1,user,3,train,0
taxi:1481:2,taxi,1481,2,agent,1,train,0
taxi:1481:3,taxi,1481,3,user,0,train,0
taxi:1481:4,taxi,1481,4,agent,1,train,0
taxi:1481:5,taxi,1481,5,user,3,train,1
taxi:1481:6,taxi,1481,6,agent,2,train,0
taxi:1481:7,taxi,1481,7,user,0,train,0
taxi:1481:8,taxi,1481,8,agent,2,train,1
taxi:1482:1,taxi,1482,1,user,3,train,0
taxi:1482:2,taxi,1482,2,agent,1,train,0
taxi:1482:3,taxi,1482,3,user,3,train,1
taxi:1482:4,taxi,1482,4,agent,2,train,0
taxi:1482:5,taxi,1482,5,user,3,train,1
taxi:1482:6,taxi,1482,6,agent,2,train,1
taxi:1483:1,taxi,1483,1,user,1,validation,0
taxi:1483:2,taxi,1483,2,agent,2,validation,0
taxi:1483:3,taxi,1483,3,user,0,validation,0
taxi:1483:4,taxi,1483,4,agent,0,validation,0
taxi:1483:5,taxi,1483,5,user,0,validation,0
taxi:1483:6,taxi,1483,6,agent,0,validation,1
taxi:1483:7,taxi,1483,7,user,0,validation,0
taxi:1483:8,taxi,1483,8,agent,2,validation,0
taxi:1483:9,taxi,1483,9,user,2,validation,1
taxi:1483:10,taxi,1483,10,agent,1,validation,0
taxi:1483:11,taxi,1483,11,user,3,validation,0
taxi:1483:12,taxi,1483,12,agent,3,validation,1
taxi:1483:13,taxi,1483,13,user,2,validation,0
taxi:1483:14,taxi,1483,14,agent,2,validation,0
taxi:1483:15,taxi,1483,15,user,0,validation,0
taxi:1483:16,taxi,1483,16,agent,2,validation,0
taxi:1484:1,taxi,1484,1,user,3,train,1
taxi:1484:2,taxi,1484,2,agent,1,train,0
taxi:1484:3,taxi,1484,3,user,0,train,1
taxi:1484:4,taxi,1484,4,agent,1,train,0
taxi:1484:5,taxi,1484,5,user,0,train,1
taxi:1484:6,taxi,1484,6,agent,2,train,0
taxi:1484:7,taxi,1484,7,user,3,train,1
taxi:1484:8,taxi,1484,8,agent,2,train,0
taxi:1484:9,taxi,1484,9,user,0,train,0
taxi:1484:10,taxi,1484,10,agent,2,train,0
taxi:1485:1,taxi,1485,1,user,3,validation,0
taxi:1485:2,taxi,1485,2,agent,0,validation,0
taxi:1485:3,taxi,1485,3,user,0,validation,1
taxi:1485:4,taxi,1485,4,agent,2,validation,0
taxi:1485:5,taxi,1485,5,user,3,validation,1
taxi:1485:6,taxi,1485,6,agent,2,validation,0
taxi:1486:1,taxi,1486,1,user,0,train,1
taxi:1486:2,taxi,1486,2,agent,1,train,0
taxi:1486:3,taxi,1486,3,user,2,train,1
taxi:1486:4,taxi,1486,4,agent,1,train,0
taxi:1486:5,taxi,1486,5,user,0,train,0
taxi:1486:6,taxi,1486,6,agent,1,train,0
taxi:1486:7,taxi,1486,7,user,0,train,0
taxi:1486:8,taxi,1486,8,agent,2,train,0
taxi:1486:9,taxi,1486,9,user,0,train,0
taxi:1486:10,taxi,1486,10,agent,2,train,0
taxi:1487:1,taxi,1487,1,user,2,train,0
taxi:1487:2,taxi,1487,2,agent,1,train,0
taxi:1487:3,taxi,1487,3,user,0,train,0
taxi:1487:4,taxi,1487,4,agent,1,train,0
taxi:1487:5,taxi,1487,5,user,0,train,0
taxi:1487:6,taxi,1487,6,agent,2,train,0
taxi:1487:7,taxi,1487,7,user,3,train,0
taxi:1487:8,taxi,1487,8,agent,2,train,0
taxi:1488:1,taxi,1488,1,user,3,test,1
taxi:1488:2,taxi,1488,2,agent,0,test,0
taxi:1488:3,taxi,1488,3,user,0,test,0
taxi:1488:4,taxi,1488,4,agent,1,test,1
taxi:1488:5,taxi,1488,5,user,2,test,0
taxi:1488:6,taxi,1488,6,agent,2,test,0
taxi:1488:7,taxi,1488,7,user,2,test,0
taxi:1488:8,taxi,1488,8,agent,2,test,1
taxi:1489:1,taxi,1489,1,user,3,train,1
taxi:1489:2,taxi,1489,2,agent,1,train,0
taxi:1489:3,taxi,1489,3,user,0,train,0
taxi:1489:4,taxi,1489,4,agent,1,train,1
taxi:1489:5,taxi,1489,5,user,3,train,0
taxi:1489:6,taxi,1489,6,agent,2,train,0
taxi:1490:1,taxi,1490,1,user,0,train,0
taxi:1490:2,taxi,1490,2,agent,0,train,0
taxi:1490:3,taxi,1490,3,user,2,train,0
taxi:1490:4,taxi,1490,4,agent,1,train,0
taxi:1490:5,taxi,1490,5,user,0,train,1
taxi:1490:6,taxi,1490,6,agent,2,train,0
taxi:1490:7,taxi,1490,7,user,3,train,0
taxi:1490:8,taxi,1490,8,agent,2,train,0
taxi:1491:1,taxi,1491,1,user,3,train,1
taxi:1491:2,taxi,1491,2,agent,1,train,0
taxi:1491:3,taxi,1491,3,user,0,train,0
taxi:1491:4,taxi,1491,4,agent,1,train,1
taxi:1491:5,taxi,1491,5,user,2,train,0
taxi:1491:6,taxi,1491,6,agent,2,train,0
taxi:1491:7,taxi,1491,7,user,3,train,0
taxi:1491:8,taxi,1491,8,agent,2,train,1
taxi:1492:1,taxi,1492,1,user,3,train,0
taxi:1492:2,taxi,1492,2,agent,1,train,0
taxi:1492:3,taxi,1492,3,user,0,train,0
taxi:1492:4,taxi,1492,4,agent,0,train,0
taxi:1492:5,taxi,1492,5,user,0,train,0
taxi:1492:6,taxi,1492,6,agent,1,train,0
taxi:1492:7,taxi,1492,7,user,0,train,0
taxi:1492:8,taxi,1492,8,agent,1,train,0
taxi:1492:9,taxi,1492,9,user,3,train,1
taxi:1492:10,taxi,1492,10,agent,2,train,0
taxi:1493:1,taxi,1493,1,user,2,test,0
taxi:1493:2,taxi,1493,2,agent,1,test,0
taxi:1493:3,taxi,1493,3,user,0,test,0
taxi:1493:4,taxi,1493,4,agent,1,test,0
taxi:1493:5,taxi,1493,5,user,3,test,0
taxi:1493:6,taxi,1493,6,agent,2,test,1
taxi:1493:7,taxi,1493,7,user,3,test,0
taxi:1493:8,taxi,1493,8,agent,2,test,1
taxi:1493:9,taxi,1493,9,user,0,test,1
taxi:1493:10,taxi,1493,10,agent,2,test,0
taxi:1494:1,taxi,1494,1,user,1,train,0
taxi:1494:2,taxi,1494,2,agent,0,train,1
taxi:1494:3,taxi,1494,3,user,0,train,0
taxi:1494:4,taxi,1494,4,agent,1,train,0
taxi:1494:5,taxi,1494,5,user,0,train,0
taxi:1494:6,taxi,1494,6,agent,2,train,0
taxi:1494:7,taxi,1494,7,user,3,train,0
taxi:1494:8,taxi,1494,8,agent,2,train,0
taxi:1494:9,taxi,1494,9,user,0,train,0
taxi:1494:10,taxi,1494,10,agent,2,train,0
taxi:1495:1,taxi,1495,1,user,3,test,1
taxi:1495:2,taxi,1495,2,agent,1,test,0
taxi:1495:3,taxi,1495,3,user,2,test,0
taxi:1495:4,taxi,1495,4,agent,1,test,0
taxi:1495:5,taxi,1495,5,user,0,test,0
taxi:1495:6,taxi,1495,6,agent,1,test,0
taxi:1495:7,taxi,1495,7,user,3,test,1
taxi:1495:8,taxi,1495,8,agent,2,test,0
taxi:1495:9,taxi,1495,9,user,0,test,0
taxi:1495:10,taxi,1495,10,agent,3,test,1
taxi:1496:1,taxi,1496,1,user,1,train,0
taxi:1496:2,taxi,1496,2,agent,1,train,0
taxi:1496:3,taxi,1496,3,user,0,train,0
taxi:1496:4,taxi,1496,4,agent,1,train,0
taxi:1496:5,taxi,1496,5,user,2,train,0
taxi:1496:6,taxi,1496,6,agent,2,train,0
taxi:1497:1,taxi,1497,1,user,2,train,0
taxi:1497:2,taxi,1497,2,agent,2,train,1
taxi:1497:3,taxi,1497,3,user,0,train,0
taxi:1497:4,taxi,1497,4,agent,1,train,0
taxi:1498:1,taxi,1498,1,user,3,train,1
taxi:1498:2,taxi,1498,2,agent,0,train,1
taxi:1498:3,taxi,1498,3,user,0,train,0
taxi:1498:4,taxi,1498,4,agent,0,train,0
taxi:1498:5,taxi,1498,5,user,0,train,1
taxi:1498:6,taxi,1498,6,agent,0,train,0
taxi:1498:7,taxi,1498,7,user,0,train,0
taxi:1498:8,taxi,1498,8,agent,0,train,0
taxi:1498:9,taxi,1498,9,user,0,train,0
taxi:1498:10,taxi,1498,10,agent,1,train,0
taxi:1498:11,taxi,1498,11,user,3,train,0
taxi:1498:12,taxi,1498,12,agent,2,train,0
taxi:1499:1,taxi,1499,1,user,3,train,0
taxi:1499:2,taxi,1499,2,agent,1,train,1
taxi:1499:3,taxi,1499,3,user,0,train,1
taxi:1499:4,taxi,1499,4,agent,0,train,0
taxi:1499:5,taxi,1499,5,user,0,train,0
taxi:1499:6,taxi,1499,6,agent,1,train,0
taxi:1499:7,taxi,1499,7,user,0,train,0
taxi:1499:8,taxi,1499,8,agent,1,train,1
taxi:1499:9,taxi,1499,9,user,3,train,0
taxi:1499:10,taxi,1499,10,agent,2,train,0
taxi:1499:11,taxi,1499,11,user,0,train,0
taxi:1499:12,taxi,1499,12,agent,2,train,0
taxi:1500:1,taxi,1500,1,user,3,train,0
taxi:1500:2,taxi,1500,2,agent,1,train,0
taxi:1500:3,taxi,1500,3,user,0,train,0
taxi:1500:4,taxi,1500,4,agent,0,train,1
taxi:1500:5,taxi,1500,5,user,0,train,0
taxi:1500:6,taxi,1500,6,agent,0,train,0
taxi:1501:1,taxi,1501,1,user,3,test,1
taxi:1501:2,taxi,1501,2,agent,1,test,0
taxi:1501:3,taxi,1501,3,user,0,test,0
taxi:1501:4,taxi,1501,4,agent,0,test,0
taxi:1501:5,taxi,1501,5,user,0,test,0
taxi:1501:6,taxi,1501,6,agent,1,test,0
taxi:1501:7,taxi,1501,7,user,0,test,0
taxi:1501:8,taxi,1501,8,agent,2,test,0
taxi:1502:1,taxi,1502,1,user,3,validation,1
taxi:1502:2,taxi,1502,2,agent,1,validation,0
taxi:1502:3,taxi,1502,3,user,0,validation,0
taxi:1502:4,taxi,1502,4,agent,1,validation,0
taxi:1502:5,taxi,1502,5,user,0,validation,0
taxi:1502:6,taxi,1502,6,agent,2,validation,0
taxi:1502:7,taxi,1502,7,user,0,validation,0
taxi:1502:8,taxi,1502,8,agent,2,validation,0
taxi:1503:1,taxi,1503,1,user,2,test,0
taxi:1503:2,taxi,1503,2,agent,0,test,0
taxi:1503:3,taxi,1503,3,user,0,test,1
taxi:1503:4,taxi,1503,4,agent,0,test,0
taxi:1503:5,taxi,1503,5,user,0,test,0
taxi:1503:6,taxi,1503,6,agent,0,test,0
taxi:1503:7,taxi,1503,7,user,0,test,1
taxi:1503:8,taxi,1503,8,agent,2,test,0
taxi:1503:9,taxi,1503,9,user,3,test,1
taxi:1503:10,taxi,1503,10,agent,2,test,0
taxi:1504:1,taxi,1504,1,user,3,test,1
taxi:1504:2,taxi,1504,2,agent,0,test,0
taxi:1504:3,taxi,1504,3,user,0,test,0
taxi:1504:4,taxi,1504,4,agent,2,test,0
taxi:1504:5,taxi,1504,5,user,0,test,0
taxi:1504:6,taxi,1504,6,agent,2,test,0
taxi:1504:7,taxi,1504,7,user,0,test,0
taxi:1504:8,taxi,1504,8,agent,2,test,0
taxi:1505:1,taxi,1505,1,user,1,train,0
taxi:1505:2,taxi,1505,2,agent,0,train,0
taxi:1505:3,taxi,1505,3,user,0,train,0
taxi:1505:4,taxi,1505,4,agent,2,train,0
taxi:1505:5,taxi,1505,5,user,0,train,0
taxi:1505:6,taxi,1505,6,agent,2,train,0
taxi:1505:7,taxi,1505,7,user,0,train,0
taxi:1505:8,taxi,1505,8,agent,2,train,0
taxi:1506:1,taxi,1506,1,user,3,test,1
taxi:1506:2,taxi,1506,2,agent,0,test,0
taxi:1506:3,taxi,1506,3,user,2,test,0
taxi:1506:4,taxi,1506,4,agent,1,test,1
taxi:1506:5,taxi,1506,5,user,0,test,0
taxi:1506:6,taxi,1506,6,agent,2,test,1
taxi:1506:7,taxi,1506,7,user,0,test,0
taxi:1506:8,taxi,1506,8,agent,3,test,0
taxi:1507:1,taxi,1507,1,user,2,train,0
taxi:1507:2,taxi,1507,2,agent,0,train,1
taxi:1507:3,taxi,1507,3,user,0,train,1
taxi:1507:4,taxi,1507,4,agent,0,train,1
taxi:1507:5,taxi,1507,5,user,0,train,1
taxi:1507:6,taxi,1507,6,agent,2,train,0
taxi:1507:7,taxi,1507,7,user,3,train,0
taxi:1507:8,taxi,1507,8,agent,2,train,0
taxi:1508:1,taxi,1508,1,user,3,train,1
taxi:1508:2,taxi,1508,2,agent,1,train,0
taxi:1508:3,taxi,1508,3,user,0,train,0
taxi:1508:4,taxi,1508,4,agent,1,train,1
taxi:1508:5,taxi,1508,5,user,0,train,0
taxi:1508:6,taxi,1508,6,agent,3,train,1
taxi:1508:7,taxi,1508,7,user,3,train,1
taxi:1508:8,taxi,1508,8,agent,2,train,1
taxi:1508:9,taxi,1508,9,user,3,train,1
taxi:1508:10,taxi,1508,10,agent,2,train,0
taxi:1508:11,taxi,1508,11,user,3,train,1
taxi:1508:12,taxi,1508,12,agent,2,train,0
taxi:1509:1,taxi,1509,1,user,1,train,0
taxi:1509:2,taxi,1509,2,agent,1,train,0
taxi:1509:3,taxi,1509,3,user,0,train,0
taxi:1509:4,taxi,1509,4,agent,1,train,0
taxi:1509:5,taxi,1509,5,user,0,train,0
taxi:1509:6,taxi,1509,6,agent,2,train,1
taxi:1509:7,taxi,1509,7,user,0,train,0
taxi:1509:8,taxi,1509,8,agent,2,train,0
taxi:1509:9,taxi,1509,9,user,0,train,0
taxi:1509:10,taxi,1509,10,agent,2,train,1
taxi:1510:1,taxi,1510,1,user,1,train,0
taxi:1510:2,taxi,1510,2,agent,1,train,0
taxi:1510:3,taxi,1510,3,user,1,train,1
taxi:1510:4,taxi,1510,4,agent,2,train,1
taxi:1510:5,taxi,1510,5,user,2,train,1
taxi:1510:6,taxi,1510,6,agent,2,train,1
taxi:1510:7,taxi,1510,7,user,0,train,0
taxi:1510:8,taxi,1510,8,agent,2,train,0
taxi:1510:9,taxi,1510,9,user,3,train,1
taxi:1510:10,taxi,1510,10,agent,2,train,1
taxi:1511:1,taxi,1511,1,user,3,train,1
taxi:1511:2,taxi,1511,2,agent,0,train,0
taxi:1511:3,taxi,1511,3,user,0,train,1
taxi:1511:4,taxi,1511,4,agent,3,train,0
taxi:1511:5,taxi,1511,5,user,3,train,1
taxi:1511:6,taxi,1511,6,agent,2,train,0
taxi:1511:7,taxi,1511,7,user,3,train,1
taxi:1511:8,taxi,1511,8,agent,2,train,0
taxi:1512:1,taxi,1512,1,user,3,train,1
taxi:1512:2,taxi,1512,2,agent,1,train,0
taxi:1512:3,taxi,1512,3,user,0,train,1
taxi:1512:4,taxi,1512,4,agent,2,train,1
taxi:1512:5,taxi,1512,5,user,0,train,0
taxi:1512:6,taxi,1512,6,agent,2,train,0
taxi:1513:1,taxi,1513,1,user,1,train,0
taxi:1513:2,taxi,1513,2,agent,1,train,0
taxi:1513:3,taxi,1513,3,user,0,train,0
taxi:1513:4,taxi,1513,4,agent,1,train,0
taxi:1513:5,taxi,1513,5,user,2,train,1
taxi:1513:6,taxi,1513,6,agent,1,train,0
taxi:1513:7,taxi,1513,7,user,0,train,0
taxi:1513:8,taxi,1513,8,agent,2,train,1
taxi:1513:9,taxi,1513,9,user,2,train,0
taxi:1513:10,taxi,1513,10,agent,2,train,0
taxi:1514:1,taxi,1514,1,user,1,test,0
taxi:1514:2,taxi,1514,2,agent,0,test,0
taxi:1514:3,taxi,1514,3,user,0,test,0
taxi:1514:4,taxi,1514,4,agent,2,test,0
taxi:1514:5,taxi,1514,5,user,3,test,1
taxi:1514:6,taxi,1514,6,agent,1,test,0
taxi:1514:7,taxi,1514,7,user,0,test,0
taxi:1514:8,taxi,1514,8,agent,2,test,0
taxi:1515:1,taxi,1515,1,user,3,train,1
taxi:1515:2,taxi,1515,2,agent,1,train,0
taxi:1515:3,taxi,1515,3,user,0,train,0
taxi:1515:4,taxi,1515,4,agent,1,train,0
taxi:1515:5,taxi,1515,5,user,3,train,0
taxi:1515:6,taxi,1515,6,agent,2,train,0
taxi:1515:7,taxi,1515,7,user,3,train,0
taxi:1515:8,taxi,1515,8,agent,2,train,0
taxi:1516:1,taxi,1516,1,user,1,validation,1
taxi:1516:2,taxi,1516,2,agent,1,validation,0
taxi:1516:3,taxi,1516,3,user,0,validation,0
taxi:1516:4,taxi,1516,4,agent,2,validation,1
taxi:1516:5,taxi,1516,5,user,0,validation,0
taxi:1516:6,taxi,1516,6,agent,2,validation,0
taxi:1516:7,taxi,1516,7,user,0,validation,0
taxi:1516:8,taxi,1516,8,agent,2,validation,0
taxi:1517:1,taxi,1517,1,user,1,train,1
taxi:1517:2,taxi,1517,2,agent,1,train,0
taxi:1517:3,taxi,1517,3,user,0,train,0
taxi:1517:4,taxi,1517,4,agent,2,train,1
taxi:1517:5,taxi,1517,5,user,0,train,0
taxi:1517:6,taxi,1517,6,agent,2,train,0
taxi:1517:7,taxi,1517,7,user,0,train,0
taxi:1517:8,taxi,1517,8,agent,2,train,0
taxi:1518:1,taxi,1518,1,user,3,train,0
taxi:1518:2,taxi,1518,2,agent,0,train,0
taxi:1518:3,taxi,1518,3,user,0,train,0
taxi:1518:4,taxi,1518,4,agent,0,train,1
taxi:1518:5,taxi,1518,5,user,0,train,0
taxi:1518:6,taxi,1518,6,agent,0,train,0
taxi:1518:7,taxi,1518,7,user,0,train,0
taxi:1518:8,taxi,1518,8,agent,2,train,0
taxi:1518:9,taxi,1518,9,user,3,train,0
taxi:1518:10,taxi,1518,10,agent,2,train,0
taxi:1519:1,taxi,1519,1,user,3,train,1
taxi:1519:2,taxi,1519,2,agent,1,train,0
taxi:1519:3,taxi,1519,3,user,0,train,0
taxi:1519:4,taxi,1519,4,agent,2,train,0
taxi:1519:5,taxi,1519,5,user,0,train,0
taxi:1519:6,taxi,1519,6,agent,2,train,0
taxi:1519:7,taxi,1519,7,user,0,train,0
taxi:1519:8,taxi,1519,8,agent,2,train,0
taxi:1520:1,taxi,1520,1,user,1,train,0
taxi:1520:2,taxi,1520,2,agent,1,train,0
taxi:1520:3,taxi,1520,3,user,0,train,1
taxi:1520:4,taxi,1520,4,agent,2,train,0
taxi:1520:5,taxi,1520,5,user,0,train,0
taxi:1520:6,taxi,1520,6,agent,2,train,0
taxi:1521:1,taxi,1521,1,user,1,validation,0
taxi:1521:2,taxi,1521,2,agent,1,validation,0
taxi:1521:3,taxi,1521,3,user,0,validation,0
taxi:1521:4,taxi,1521,4,agent,0,validation,0
taxi:1521:5,taxi,1521,5,user,0,validation,0
taxi:1521:6,taxi,1521,6,agent,1,validation,0
taxi:1521:7,taxi,1521,7,user,0,validation,1
taxi:1521:8,taxi,1521,8,agent,2,validation,0
taxi:1521:9,taxi,1521,9,user,3,validation,1
taxi:1521:10,taxi,1521,10,agent,2,validation,1
taxi:1521:11,taxi,1521,11,user,0,validation,1
taxi:1521:12,taxi,1521,12,agent,2,validation,0
taxi:1522:1,taxi,1522,1,user,2,train,0
taxi:1522:2,taxi,1522,2,agent,0,train,0
taxi:1522:3,taxi,1522,3,user,0,train,1
taxi:1522:4,taxi,1522,4,agent,0,train,0
taxi:1522:5,taxi,1522,5,user,0,train,0
taxi:1522:6,taxi,1522,6,agent,0,train,0
taxi:1522:7,taxi,1522,7,user,2,train,0
taxi:1522:8,taxi,1522,8,agent,2,train,0
taxi:1522:9,taxi,1522,9,user,0,train,0
taxi:1522:10,taxi,1522,10,agent,2,train,0
taxi:1522:11,taxi,1522,11,user,0,train,0
taxi:1522:12,taxi,1522,12,agent,2,train,0
taxi:1523:1,taxi,1523,1,user,0,train,0
taxi:1523:2,taxi,1523,2,agent,2,train,0
taxi:1523:3,taxi,1523,3,user,0,train,0
taxi:1523:4,taxi,1523,4,agent,1,train,0
taxi:1523:5,taxi,1523,5,user,0,train,0
taxi:1523:6,taxi,1523,6,agent,1,train,0
taxi:1523:7,taxi,1523,7,user,2,train,1
taxi:1523:8,taxi,1523,8,agent,2,train,0
taxi:1523:9,taxi,1523,9,user,3,train,1
taxi:1523:10,taxi,1523,10,agent,2,train,1
taxi:1524:1,taxi,1524,1,user,1,train,0
taxi:1524:2,taxi,1524,2,agent,1,train,0
taxi:1524:3,taxi,1524,3,user,0,train,1
taxi:1524:4,taxi,1524,4,agent,0,train,0
taxi:1524:5,taxi,1524,5,user,0,train,0
taxi:1524:6,taxi,1524,6,agent,3,train,1
taxi:1524:7,taxi,1524,7,user,3,train,0
taxi:1524:8,taxi,1524,8,agent,2,train,0
taxi:1524:9,taxi,1524,9,user,0,train,0
taxi:1524:10,taxi,1524,10,agent,2,train,0
taxi:1525:1,taxi,1525,1,user,3,train,1
taxi:1525:2,taxi,1525,2,agent,0,train,1
taxi:1525:3,taxi,1525,3,user,0,train,0
taxi:1525:4,taxi,1525,4,agent,1,train,0
taxi:1525:5,taxi,1525,5,user,2,train,0
taxi:1525:6,taxi,1525,6,agent,2,train,0
taxi:1525:7,taxi,1525,7,user,3,train,1
taxi:1525:8,taxi,1525,8,agent,2,train,0
taxi:1526:1,taxi,1526,1,user,1,train,1
taxi:1526:2,taxi,1526,2,agent,1,train,0
taxi:1526:3,taxi,1526,3,user,0,train,0
taxi:1526:4,taxi,1526,4,agent,0,train,0
taxi:1526:5,taxi,1526,5,user,0,train,1
taxi:1526:6,taxi,1526,6,agent,0,train,0
taxi:1526:7,taxi,1526,7,user,0,train,0
taxi:1526:8,taxi,1526,8,agent,2,train,0
taxi:1526:9,taxi,1526,9,user,3,train,0
taxi:1526:10,taxi,1526,10,agent,2,train,0
taxi:1526:11,taxi,1526,11,user,0,train,0
taxi:1526:12,taxi,1526,12,agent,2,train,1
taxi:1527:1,taxi,1527,1,user,3,train,1
taxi:1527:2,taxi,1527,2,agent,1,train,0
taxi:1527:3,taxi,1527,3,user,2,train,0
taxi:1527:4,taxi,1527,4,agent,2,train,1
taxi:1527:5,taxi,1527,5,user,2,train,1
taxi:1527:6,taxi,1527,6,agent,2,train,1
taxi:1527:7,taxi,1527,7,user,3,train,1
taxi:1527:8,taxi,1527,8,agent,2,train,0
taxi:1528:1,taxi,1528,1,user,1,train,0
taxi:1528:2,taxi,1528,2,agent,0,train,0
taxi:1528:3,taxi,1528,3,user,0,train,0
taxi:1528:4,taxi,1528,4,agent,0,train,0
taxi:1528:5,taxi,1528,5,user,0,train,0
taxi:1528:6,taxi,1528,6,agent,0,train,0
taxi:1528:7,taxi,1528,7,user,0,train,1
taxi:1528:8,taxi,1528,8,agent,2,train,0
taxi:1528:9,taxi,1528,9,user,0,train,1
taxi:1528:10,taxi,1528,10,agent,2,train,0
taxi:1528:11,taxi,1528,11,user,0,train,0
taxi:1528:12,taxi,1528,12,agent,2,train,0
taxi:1529:1,taxi,1529,1,user,3,train,0
taxi:1529:2,taxi,1529,2,agent,1,train,1
taxi:1529:3,taxi,1529,3,user,2,train,1
taxi:1529:4,taxi,1529,4,agent,1,train,1
taxi:1529:5,taxi,1529,5,user,0,train,0
taxi:1529:6,taxi,1529,6,agent,3,train,1
taxi:1529:7,taxi,1529,7,user,3,train,1
taxi:1529:8,taxi,1529,8,agent,2,train,1
taxi:1529:9,taxi,1529,9,user,0,train,0
taxi:1529:10,taxi,1529,10,agent,2,train,0
taxi:1530:1,taxi,1530,1,user,3,train,0
taxi:1530:2,taxi,1530,2,agent,3,train,1
taxi:1530:3,taxi,1530,3,user,0,train,0
taxi:1530:4,taxi,1530,4,agent,1,train,0
taxi:1530:5,taxi,1530,5,user,0,train,0
taxi:1530:6,taxi,1530,6,agent,2,train,0
taxi:1530:7,taxi,1530,7,user,0,train,0
taxi:1530:8,taxi,1530,8,agent,1,train,0
taxi:1530:9,taxi,1530,9,user,3,train,1
taxi:1530:10,taxi,1530,10,agent,2,train,0
taxi:1531:1,taxi,1531,1,user,3,train,0
taxi:1531:2,taxi,1531,2,agent,2,train,0
taxi:1531:3,taxi,1531,3,user,2,train,0
taxi:1531:4,taxi,1531,4,agent,1,train,0
taxi:1531:5,taxi,1531,5,user,0,train,0
taxi:1531:6,taxi,1531,6,agent,2,train,0
taxi:1531:7,taxi,1531,7,user,3,train,0
taxi:1531:8,taxi,1531,8,agent,2,train,0
taxi:1531:9,taxi,1531,9,user,0,train,0
taxi:1531:10,taxi,1531,10,agent,2,train,0
taxi:1532:1,taxi,1532,1,user,1,train,1
taxi:1532:2,taxi,1532,2,agent,0,train,0
taxi:1532:3,taxi,1532,3,user,0,train,0
taxi:1532:4,taxi,1532,4,agent,0,train,0
taxi:1532:5,taxi,1532,5,user,0,train,1
taxi:1532:6,taxi,1532,6,agent,0,train,0
taxi:1532:7,taxi,1532,7,user,0,train,0
taxi:1532:8,taxi,1532,8,agent,0,train,0
taxi:1532:9,taxi,1532,9,user,0,train,0
taxi:1532:10,taxi,1532,10,agent,3,train,1
taxi:1532:11,taxi,1532,11,user,3,train,0
taxi:1532:12,taxi,1532,12,agent,2,train,1
taxi:1533:1,taxi,1533,1,user,1,validation,0
taxi:1533:2,taxi,1533,2,agent,0,validation,0
taxi:1533:3,taxi,1533,3,user,0,validation,0
taxi:1533:4,taxi,1533,4,agent,1,validation,0
taxi:1533:5,taxi,1533,5,user,0,validation,0
taxi:1533:6,taxi,1533,6,agent,2,validation,0
taxi:1533:7,taxi,1533,7,user,2,validation,0
taxi:1533:8,taxi,1533,8,agent,2,validation,1
taxi:1533:9,taxi,1533,9,user,0,validation,1
taxi:1533:10,taxi,1533,10,agent,2,validation,1
taxi:1534:1,taxi,1534,1,user,1,train,0
taxi:1534:2,taxi,1534,2,agent,0,train,1
taxi:1534:3,taxi,1534,3,user,0,train,0
taxi:1534:4,taxi,1534,4,agent,3,train,0
taxi:1534:5,taxi,1534,5,user,2,train,0
taxi:1534:6,taxi,1534,6,agent,2,train,0
taxi:1534:7,taxi,1534,7,user,0,train,0
taxi:1534:8,taxi,1534,8,agent,2,train,1
taxi:1534:9,taxi,1534,9,user,3,train,1
taxi:1534:10,taxi,1534,10,agent,2,train,1
taxi:1535:1,taxi,1535,1,user,3,train,1
taxi:1535:2,taxi,1535,2,agent,0,train,1
taxi:1535:3,taxi,1535,3,user,0,train,0
taxi:1535:4,taxi,1535,4,agent,2,train,0
taxi:1535:5,taxi,1535,5,user,3,train,1
taxi:1535:6,taxi,1535,6,agent,2,train,1
taxi:1536:1,taxi,1536,1,user,3,train,0
taxi:1536:2,taxi,1536,2,agent,1,train,1
taxi:1536:3,taxi,1536,3,user,2,train,0
taxi:1536:4,taxi,1536,4,agent,2,train,0
taxi:1536:5,taxi,1536,5,user,3,train,1
taxi:1536:6,taxi,1536,6,agent,2,train,0
taxi:1537:1,taxi,1537,1,user,2,test,0
taxi:1537:2,taxi,1537,2,agent,2,test,0
taxi:1537:3,taxi,1537,3,user,2,test,0
taxi:1537:4,taxi,1537,4,agent,2,test,0
taxi:1538:1,taxi,1538,1,user,3,train,1
taxi:1538:2,taxi,1538,2,agent,0,train,1
taxi:1538:3,taxi,1538,3,user,0,train,0
taxi:1538:4,taxi,1538,4,agent,2,train,0
taxi:1538:5,taxi,1538,5,user,3,train,1
taxi:1538:6,taxi,1538,6,agent,2,train,0
taxi:1539:1,taxi,1539,1,user,3,train,0
taxi:1539:2,taxi,1539,2,agent,0,train,0
taxi:1539:3,taxi,1539,3,user,2,train,1
taxi:1539:4,taxi,1539,4,agent,0,train,0
taxi:1539:5,taxi,1539,5,user,0,train,0
taxi:1539:6,taxi,1539,6,agent,0,train,0
taxi:1539:7,taxi,1539,7,user,0,train,0
taxi:1539:8,taxi,1539,8,agent,1,train,0
taxi:1539:9,taxi,1539,9,user,0,train,1
taxi:1539:10,taxi,1539,10,agent,2,train,0
taxi:1539:11,taxi,1539,11,user,3,train,0
taxi:1539:12,taxi,1539,12,agent,2,train,0
taxi:1540:1,taxi,1540,1,user,1,test,0
taxi:1540:2,taxi,1540,2,agent,2,test,0
taxi:1540:3,taxi,1540,3,user,3,test,1
taxi:1540:4,taxi,1540,4,agent,1,test,0
taxi:1540:5,taxi,1540,5,user,0,test,1
taxi:1540:6,taxi,1540,6,agent,2,test,0
taxi:1540:7,taxi,1540,7,user,2,test,0
taxi:1540:8,taxi,1540,8,agent,3,test,1
taxi:1540:9,taxi,1540,9,user,0,test,0
taxi:1540:10,taxi,1540,10,agent,2,test,0
taxi:1541:1,taxi,1541,1,user,3,test,0
taxi:1541:2,taxi,1541,2,agent,1,test,0
taxi:1541:3,taxi,1541,3,user,2,test,0
taxi:1541:4,taxi,1541,4,agent,1,test,1
taxi:1541:5,taxi,1541,5,user,0,test,0
taxi:1541:6,taxi,1541,6,agent,1,test,0
taxi:1541:7,taxi,1541,7,user,3,test,1
taxi:1541:8,taxi,1541,8,agent,2,test,0
taxi:1542:1,taxi,1542,1,user,3,validation,1
taxi:1542:2,taxi,1542,2,agent,1,validation,1
taxi:1542:3,taxi,1542,3,user,0,validation,0
taxi:1542:4,taxi,1542,4,agent,1,validation,0
taxi:1542:5,taxi,1542,5,user,3,validation,1
taxi:1542:6,taxi,1542,6,agent,2,validation,0
taxi:1542:7,taxi,1542,7,user,3,validation,1
taxi:1542:8,taxi,1542,8,agent,3,validation,1
taxi:1543:1,taxi,1543,1,user,1,validation,1
taxi:1543:2,taxi,1543,2,agent,1,validation,0
taxi:1543:3,taxi,1543,3,user,2,validation,1
taxi:1543:4,taxi,1543,4,agent,0,validation,0
taxi:1543:5,taxi,1543,5,user,0,validation,0
taxi:1543:6,taxi,1543,6,agent,0,validation,0
taxi:1543:7,taxi,1543,7,user,0,validation,0
taxi:1543:8,taxi,1543,8,agent,2,validation,0
taxi:1543:9,taxi,1543,9,user,0,validation,0
taxi:1543:10,taxi,1543,10,agent,2,validation,0
taxi:1544:1,taxi,1544,1,user,1,train,1
taxi:1544:2,taxi,1544,2,agent,1,train,0
taxi:1544:3,taxi,1544,3,user,0,train,0
taxi:1544:4,taxi,1544,4,agent,2,train,0
taxi:1544:5,taxi,1544,5,user,0,train,0
taxi:1544:6,taxi,1544,6,agent,2,train,0
taxi:1544:7,taxi,1544,7,user,0,train,1
taxi:1544:8,taxi,1544,8,agent,2,train,0
taxi:1545:1,taxi,1545,1,user,1,validation,0
taxi:1545:2,taxi,1545,2,agent,0,validation,0
taxi:1545:3,taxi,1545,3,user,2,validation,0
taxi:1545:4,taxi,1545,4,agent,0,validation,1
taxi:1545:5,taxi,1545,5,user,0,validation,0
taxi:1545:6,taxi,1545,6,agent,2,validation,1
taxi:1545:7,taxi,1545,7,user,2,validation,0
taxi:1545:8,taxi,1545,8,agent,2,validation,0
taxi:1545:9,taxi,1545,9,user,3,validation,1
taxi:1545:10,taxi,1545,10,agent,2,validation,0
taxi:1545:11,taxi,1545,11,user,0,validation,0
taxi:1545:12,taxi,1545,12,agent,2,validation,0
taxi:1546:1,taxi,1546,1,user,1,train,0
taxi:1546:2,taxi,1546,2,agent,0,train,1
taxi:1546:3,taxi,1546,3,user,0,train,1
taxi:1546:4,taxi,1546,4,agent,1,train,0
taxi:1546:5,taxi,1546,5,user,0,train,1
taxi:1546:6,taxi,1546,6,agent,0,train,0
taxi:1546:7,taxi,1546,7,user,0,train,0
taxi:1546:8,taxi,1546,8,agent,2,train,0
taxi:1546:9,taxi,1546,9,user,3,train,1
taxi:1546:10,taxi,1546,10,agent,2,train,0
taxi:1547:1,taxi,1547,1,user,1,test,1
taxi:1547:2,taxi,1547,2,agent,0,test,0
taxi:1547:3,taxi,1547,3,user,0,test,1
taxi:1547:4,taxi,1547,4,agent,2,test,0
taxi:1547:5,taxi,1547,5,user,0,test,0
taxi:1547:6,taxi,1547,6,agent,2,test,1
taxi:1548:1,taxi,1548,1,user,1,train,1
taxi:1548:2,taxi,1548,2,agent,1,train,0
taxi:1548:3,taxi,1548,3,user,0,train,0
taxi:1548:4,taxi,1548,4,agent,0,train,1
taxi:1548:5,taxi,1548,5,user,0,train,0
taxi:1548:6,taxi,1548,6,agent,0,train,0
taxi:1548:7,taxi,1548,7,user,0,train,0
taxi:1548:8,taxi,1548,8,agent,1,train,0
taxi:1548:9,taxi,1548,9,user,3,train,1
taxi:1548:10,taxi,1548,10,agent,2,train,0
taxi:1548:11,taxi,1548,11,user,0,train,0
taxi:1548:12,taxi,1548,12,agent,2,train,0
taxi:1549:1,taxi,1549,1,user,0,train,0
taxi:1549:2,taxi,1549,2,agent,1,train,0
taxi:1549:3,taxi,1549,3,user,0,train,0
taxi:1549:4,taxi,1549,4,agent,0,train,0
taxi:1549:5,taxi,1549,5,user,0,train,0
taxi:1549:6,taxi,1549,6,agent,1,train,0
taxi:1549:7,taxi,1549,7,user,0,train,0
taxi:1549:8,taxi,1549,8,agent,2,train,0
taxi:1550:1,taxi,1550,1,user,1,train,0
taxi:1550:2,taxi,1550,2,agent,0,train,0
taxi:1550:3,taxi,1550,3,user,0,train,0
taxi:1550:4,taxi,1550,4,agent,0,train,0
taxi:1550:5,taxi,1550,5,user,0,train,0
taxi:1550:6,taxi,1550,6,agent,1,train,0
taxi:1550:7,taxi,1550,7,user,0,train,0
taxi:1550:8,taxi,1550,8,agent,1,train,1
taxi:1550:9,taxi,1550,9,user,0,train,0
taxi:1550:10,taxi,1550,10,agent,2,train,0
taxi:1551:1,taxi,1551,1,user,1,train,0
taxi:1551:2,taxi,1551,2,agent,0,train,0
taxi:1551:3,taxi,1551,3,user,2,train,0
taxi:1551:4,taxi,1551,4,agent,0,train,0
taxi:1551:5,taxi,1551,5,user,0,train,0
taxi:1551:6,taxi,1551,6,agent,1,train,0
taxi:1551:7,taxi,1551,7,user,0,train,0
taxi:1551:8,taxi,1551,8,agent,1,train,0
taxi:1551:9,taxi,1551,9,user,0,train,0
taxi:1551:10,taxi,1551,10,agent,2,train,0
taxi:1552:1,taxi,1552,1,user,3,train,0
taxi:1552:2,taxi,1552,2,agent,1,train,1
taxi:1552:3,taxi,1552,3,user,0,train,0
taxi:1552:4,taxi,1552,4,agent,1,train,0
taxi:1552:5,taxi,1552,5,user,3,train,0
taxi:1552:6,taxi,1552,6,agent,0,train,0
taxi:1552:7,taxi,1552,7,user,0,train,0
taxi:1552:8,taxi,1552,8,agent,2,train,1
taxi:1552:9,taxi,1552,9,user,3,train,0
taxi:1552:10,taxi,1552,10,agent,2,train,0
taxi:1553:1,taxi,1553,1,user,1,train,1
taxi:1553:2,taxi,1553,2,agent,0,train,1
taxi:1553:3,taxi,1553,3,user,2,train,0
taxi:1553:4,taxi,1553,4,agent,1,train,0
taxi:1553:5,taxi,1553,5,user,2,train,0
taxi:1553:6,taxi,1553,6,agent,1,train,0
taxi:1553:7,taxi,1553,7,user,2,train,0
taxi:1553:8,taxi,1553,8,agent,3,train,1
taxi:1553:9,taxi,1553,9,user,0,train,0
taxi:1553:10,taxi,1553,10,agent,2,train,0
taxi:1553:11,taxi,1553,11,user,2,train,1
taxi:1553:12,taxi,1553,12,agent,2,train,1
taxi:1554:1,taxi,1554,1,user,3,train,0
taxi:1554:2,taxi,1554,2,agent,1,train,0
taxi:1554:3,taxi,1554,3,user,0,train,0
taxi:1554:4,taxi,1554,4,agent,2,train,0
taxi:1554:5,taxi,1554,5,user,3,train,1
taxi:1554:6,taxi,1554,6,agent,2,train,0
taxi:1555:1,taxi,1555,1,user,3,train,1
taxi:1555:2,taxi,1555,2,agent,1,train,0
taxi:1555:3,taxi,1555,3,user,0,train,0
taxi:1555:4,taxi,1555,4,agent,0,train,0
taxi:1555:5,taxi,1555,5,user,0,train,0
taxi:1555:6,taxi,1555,6,agent,0,train,1
taxi:1555:7,taxi,1555,7,user,2,train,1
taxi:1555:8,taxi,1555,8,agent,2,train,1
taxi:1555:9,taxi,1555,9,user,2,train,1
taxi:1555:10,taxi,1555,10,agent,2,train,0
taxi:1556:1,taxi,1556,1,user,1,train,1
taxi:1556:2,taxi,1556,2,agent,1,train,0
taxi:1556:3,taxi,1556,3,user,0,train,0
taxi:1556:4,taxi,1556,4,agent,0,train,0
taxi:1556:5,taxi,1556,5,user,0,train,0
taxi:1556:6,taxi,1556,6,agent,0,train,0
taxi:1556:7,taxi,1556,7,user,0,train,0
taxi:1556:8,taxi,1556,8,agent,3,train,1
taxi:1556:9,taxi,1556,9,user,3,train,1
taxi:1556:10,taxi,1556,10,agent,2,train,0
taxi:1556:11,taxi,1556,11,user,2,train,0
taxi:1556:12,taxi,1556,12,agent,2,train,0
taxi:1557:1,taxi,1557,1,user,1,train,0
taxi:1557:2,taxi,1557,2,agent,0,train,0
taxi:1557:3,taxi,1557,3,user,0,train,0
taxi:1557:4,taxi,1557,4,agent,0,train,1
taxi:1557:5,taxi,1557,5,user,0,train,0
taxi:1557:6,taxi,1557,6,agent,0,train,0
taxi:1557:7,taxi,1557,7,user,0,train,0
taxi:1557:8,taxi,1557,8,agent,0,train,0
taxi:1557:9,taxi,1557,9,user,0,train,0
taxi:1557:10,taxi,1557,10,agent,2,train,0
taxi:1557:11,taxi,1557,11,user,0,train,0
taxi:1557:12,taxi,1557,12,agent,2,train,0
taxi:1558:1,taxi,1558,1,user,3,test,1
taxi:1558:2,taxi,1558,2,agent,3,test,1
taxi:1558:3,taxi,1558,3,user,3,test,1
taxi:1558:4,taxi,1558,4,agent,1,test,0
taxi:1558:5,taxi,1558,5,user,0,test,0
taxi:1558:6,taxi,1558,6,agent,1,test,0
taxi:1558:7,taxi,1558,7,user,0,test,1
taxi:1558:8,taxi,1558,8,agent,2,test,0
taxi:1558:9,taxi,1558,9,user,0,test,0
taxi:1558:10,taxi,1558,10,agent,2,test,0
taxi:1559:1,taxi,1559,1,user,3,train,0
taxi:1559:2,taxi,1559,2,agent,0,train,0
taxi:1559:3,taxi,1559,3,user,0,train,0
taxi:1559:4,taxi,1559,4,agent,1,train,1
taxi:1559:5,taxi,1559,5,user,0,train,0
taxi:1559:6,taxi,1559,6,agent,3,train,1
taxi:1559:7,taxi,1559,7,user,2,train,1
taxi:1559:8,taxi,1559,8,agent,2,train,1
taxi:1559:9,taxi,1559,9,user,2,train,1
taxi:1559:10,taxi,1559,10,agent,2,train,0
taxi:1559:11,taxi,1559,11,user,3,train,1
taxi:1559:12,taxi,1559,12,agent,2,train,1
taxi:1560:1,taxi,1560,1,user,2,train,0
taxi:1560:2,taxi,1560,2,agent,1,train,0
taxi:1560:3,taxi,1560,3,user,0,train,0
taxi:1560:4,taxi,1560,4,agent,0,train,1
taxi:1560:5,taxi,1560,5,user,0,train,0
taxi:1560:6,taxi,1560,6,agent,0,train,0
taxi:1560:7,taxi,1560,7,user,2,train,0
taxi:1560:8,taxi,1560,8,agent,2,train,0
taxi:1560:9,taxi,1560,9,user,2,train,1
taxi:1560:10,taxi,1560,10,agent,2,train,1
taxi:1561:1,taxi,1561,1,user,1,train,0
taxi:1561:2,taxi,1561,2,agent,2,train,0
taxi:1561:3,taxi,1561,3,user,2,train,1
taxi:1561:4,taxi,1561,4,agent,1,train,1
taxi:1561:5,taxi,1561,5,user,0,train,1
taxi:1561:6,taxi,1561,6,agent,1,train,0
taxi:1561:7,taxi,1561,7,user,0,train,0
taxi:1561:8,taxi,1561,8,agent,2,train,0
taxi:1561:9,taxi,1561,9,user,3,train,1
taxi:1561:10,taxi,1561,10,agent,2,train,0
taxi:1562:1,taxi,1562,1,user,1,train,0
taxi:1562:2,taxi,1562,2,agent,2,train,0
taxi:1562:3,taxi,1562,3,user,3,train,1
taxi:1562:4,taxi,1562,4,agent,1,train,0
taxi:1562:5,taxi,1562,5,user,0,train,0
taxi:1562:6,taxi,1562,6,agent,3,train,1
taxi:1562:7,taxi,1562,7,user,2,train,0
taxi:1562:8,taxi,1562,8,agent,2,train,0
taxi:1563:1,taxi,1563,1,user,3,test,1
taxi:1563:2,taxi,1563,2,agent,1,test,1
taxi:1563:3,taxi,1563,3,user,0,test,1
taxi:1563:4,taxi,1563,4,agent,1,test,0
taxi:1563:5,taxi,1563,5,user,0,test,1
taxi:1563:6,taxi,1563,6,agent,0,test,0
taxi:1563:7,taxi,1563,7,user,0,test,0
taxi:1563:8,taxi,1563,8,agent,2,test,1
taxi:1563:9,taxi,1563,9,user,3,test,1
taxi:1563:10,taxi,1563,10,agent,3,test,1
taxi:1563:11,taxi,1563,11,user,0,test,0
taxi:1563:12,taxi,1563,12,agent,2,test,1
taxi:1564:1,taxi,1564,1,user,1,train,0
taxi:1564:2,taxi,1564,2,agent,0,train,0
taxi:1564:3,taxi,1564,3,user,0,train,1
taxi:1564:4,taxi,1564,4,agent,0,train,0
taxi:1564:5,taxi,1564,5,user,0,train,1
taxi:1564:6,taxi,1564,6,agent,1,train,0
taxi:1564:7,taxi,1564,7,user,0,train,0
taxi:1564:8,taxi,1564,8,agent,2,train,1
taxi:1564:9,taxi,1564,9,user,3,train,1
taxi:1564:10,taxi,1564,10,agent,2,train,1
taxi:1564:11,taxi,1564,11,user,0,train,0
taxi:1564:12,taxi,1564,12,agent,1,train,0
taxi:1564:13,taxi,1564,13,user,0,train,0
taxi:1564:14,taxi,1564,14,agent,2,train,1
taxi:1565:1,taxi,1565,1,user,0,train,0
taxi:1565:2,taxi,1565,2,agent,1,train,1
taxi:1565:3,taxi,1565,3,user,2,train,0
taxi:1565:4,taxi,1565,4,agent,0,train,0
taxi:1565:5,taxi,1565,5,user,0,train,0
taxi:1565:6,taxi,1565,6,agent,1,train,0
taxi:1565:7,taxi,1565,7,user,0,train,1
taxi:1565:8,taxi,1565,8,agent,2,train,1
taxi:1565:9,taxi,1565,9,user,0,train,1
taxi:1565:10,taxi,1565,10,agent,2,train,0
taxi:1566:1,taxi,1566,1,user,1,test,1
taxi:1566:2,taxi,1566,2,agent,2,test,0
taxi:1566:3,taxi,1566,3,user,0,test,0
taxi:1566:4,taxi,1566,4,agent,1,test,0
taxi:1566:5,taxi,1566,5,user,0,test,0
taxi:1566:6,taxi,1566,6,agent,2,test,0
taxi:1567:1,taxi,1567,1,user,3,train,1
taxi:1567:2,taxi,1567,2,agent,1,train,1
taxi:1567:3,taxi,1567,3,user,0,train,0
taxi:1567:4,taxi,1567,4,agent,2,train,1
taxi:1567:5,taxi,1567,5,user,3,train,0
taxi:1567:6,taxi,1567,6,agent,2,train,1
taxi:1568:1,taxi,1568,1,user,3,test,1
taxi:1568:2,taxi,1568,2,agent,1,test,0
taxi:1568:3,taxi,1568,3,user,3,test,1
taxi:1568:4,taxi,1568,4,agent,2,test,1
taxi:1568:5,taxi,1568,5,user,3,test,1
taxi:1568:6,taxi,1568,6,agent,2,test,0
taxi:1569:1,taxi,1569,1,user,3,train,1
taxi:1569:2,taxi,1569,2,agent,1,train,0
taxi:1569:3,taxi,1569,3,user,2,train,0
taxi:1569:4,taxi,1569,4,agent,2,train,1
taxi:1569:5,taxi,1569,5,user,3,train,1
taxi:1569:6,taxi,1569,6,agent,2,train,0
taxi:1570:1,taxi,1570,1,user,3,train,1
taxi:1570:2,taxi,1570,2,agent,1,train,0
taxi:1570:3,taxi,1570,3,user,0,train,0
taxi:1570:4,taxi,1570,4,agent,2,train,0
taxi:1570:5,taxi,1570,5,user,2,train,0
taxi:1570:6,taxi,1570,6,agent,2,train,0
taxi:1571:1,taxi,1571,1,user,3,train,0
taxi:1571:2,taxi,1571,2,agent,1,train,0
taxi:1571:3,taxi,1571,3,user,0,train,0
taxi:1571:4,taxi,1571,4,agent,2,train,0
taxi:1571:5,taxi,1571,5,user,3,train,1
taxi:1571:6,taxi,1571,6,agent,2,train,0
taxi:1572:1,taxi,1572,1,user,3,train,1
taxi:1572:2,taxi,1572,2,agent,1,train,0
taxi:1572:3,taxi,1572,3,user,0,train,1
taxi:1572:4,taxi,1572,4,agent,2,train,1
taxi:1572:5,taxi,1572,5,user,3,train,1
taxi:1572:6,taxi,1572,6,agent,2,train,0
taxi:1573:1,taxi,1573,1,user,3,train,1
taxi:1573:2,taxi,1573,2,agent,1,train,0
taxi:1573:3,taxi,1573,3,user,0,train,0
taxi:1573:4,taxi,1573,4,agent,2,train,0
taxi:1573:5,taxi,1573,5,user,3,train,1
taxi:1573:6,taxi,1573,6,agent,2,train,0
taxi:1574:1,taxi,1574,1,user,3,validation,1
taxi:1574:2,taxi,1574,2,agent,1,validation,1
taxi:1574:3,taxi,1574,3,user,0,validation,1
taxi:1574:4,taxi,1574,4,agent,2,validation,0
taxi:1574:5,taxi,1574,5,user,3,validation,0
taxi:1574:6,taxi,1574,6,agent,2,validation,0
taxi:1575:1,taxi,1575,1,user,3,train,0
taxi:1575:2,taxi,1575,2,agent,1,train,0
taxi:1575:3,taxi,1575,3,user,0,train,0
taxi:1575:4,taxi,1575,4,agent,2,train,0
taxi:1575:5,taxi,1575,5,user,3,train,1
taxi:1575:6,taxi,1575,6,agent,2,train,0
taxi:1576:1,taxi,1576,1,user,3,train,0
taxi:1576:2,taxi,1576,2,agent,1,train,0
taxi:1576:3,taxi,1576,3,user,0,train,0
taxi:1576:4,taxi,1576,4,agent,2,train,0
taxi:1576:5,taxi,1576,5,user,3,train,1
taxi:1576:6,taxi,1576,6,agent,2,train,0
taxi:1577:1,taxi,1577,1,user,3,train,1
taxi:1577:2,taxi,1577,2,agent,1,train,0
taxi:1577:3,taxi,1577,3,user,0,train,0
taxi:1577:4,taxi,1577,4,agent,2,train,1
taxi:1577:5,taxi,1577,5,user,2,train,0
taxi:1577:6,taxi,1577,6,agent,2,train,0
taxi:1578:1,taxi,1578,1,user,3,train,1
taxi:1578:2,taxi,1578,2,agent,1,train,1
taxi:1578:3,taxi,1578,3,user,0,train,0
taxi:1578:4,taxi,1578,4,agent,2,train,0
taxi:1578:5,taxi,1578,5,user,3,train,0
taxi:1578:6,taxi,1578,6,agent,2,train,0
taxi:1579:1,taxi,1579,1,user,3,validation,1
taxi:1579:2,taxi,1579,2,agent,1,validation,0
taxi:1579:3,taxi,1579,3,user,0,validation,0
taxi:1579:4,taxi,1579,4,agent,2,validation,1
taxi:1579:5,taxi,1579,5,user,3,validation,1
taxi:1579:6,taxi,1579,6,agent,2,validation,0
taxi:1580:1,taxi,1580,1,user,3,train,0
taxi:1580:2,taxi,1580,2,agent,1,train,1
taxi:1580:3,taxi,1580,3,user,0,train,0
taxi:1580:4,taxi,1580,4,agent,2,train,1
taxi:1580:5,taxi,1580,5,user,3,train,1
taxi:1580:6,taxi,1580,6,agent,2,train,0
taxi:1581:1,taxi,1581,1,user,3,train,1
taxi:1581:2,taxi,1581,2,agent,1,train,0
taxi:1581:3,taxi,1581,3,user,0,train,0
taxi:1581:4,taxi,1581,4,agent,2,train,1
taxi:1581:5,taxi,1581,5,user,3,train,0
taxi:1581:6,taxi,1581,6,agent,2,train,0
taxi:1582:1,taxi,1582,1,user,3,train,1
taxi:1582:2,taxi,1582,2,agent,1,train,1
taxi:1582:3,taxi,1582,3,user,0,train,0
taxi:1582:4,taxi,1582,4,agent,2,train,0
taxi:1582:5,taxi,1582,5,user,3,train,1
taxi:1582:6,taxi,1582,6,agent,2,train,0
taxi:1583:1,taxi,1583,1,user,3,train,1
taxi:1583:2,taxi,1583,2,agent,1,train,0
taxi:1583:3,taxi,1583,3,user,0,train,0
taxi:1583:4,taxi,1583,4,agent,2,train,0
taxi:1583:5,taxi,1583,5,user,3,train,0
taxi:1583:6,taxi,1583,6,agent,2,train,0
taxi:1583:7,taxi,1583,7,user,0,train,0
taxi:1583:8,taxi,1583,8,agent,2,train,1
taxi:1584:1,taxi,1584,1,user,3,train,1
taxi:1584:2,taxi,1584,2,agent,1,train,0
taxi:1584:3,taxi,1584,3,user,0,train,0
taxi:1584:4,taxi,1584,4,agent,2,train,0
taxi:1584:5,taxi,1584,5,user,2,train,0
taxi:1584:6,taxi,1584,6,agent,2,train,1
taxi:1585:1,taxi,1585,1,user,3,train,1
taxi:1585:2,taxi,1585,2,agent,1,train,0
taxi:1585:3,taxi,1585,3,user,0,train,0
taxi:1585:4,taxi,1585,4,agent,2,train,0
taxi:1585:5,taxi,1585,5,user,3,train,1
taxi:1585:6,taxi,1585,6,agent,2,train,0
taxi:1586:1,taxi,1586,1,user,3,test,1
taxi:1586:2,taxi,1586,2,agent,1,test,1
taxi:1586:3,taxi,1586,3,user,2,test,0
taxi:1586:4,taxi,1586,4,agent,2,test,0
taxi:1586:5,taxi,1586,5,user,3,test,1
taxi:1586:6,taxi,1586,6,agent,2,test,0
taxi:1586:7,taxi,1586,7,user,0,test,0
taxi:1586:8,taxi,1586,8,agent,2,test,0
taxi:1587:1,taxi,1587,1,user,3,train,0
taxi:1587:2,taxi,1587,2,agent,1,train,0
taxi:1587:3,taxi,1587,3,user,0,train,0
taxi:1587:4,taxi,1587,4,agent,2,train,1
taxi:1587:5,taxi,1587,5,user,3,train,0
taxi:1587:6,taxi,1587,6,agent,2,train,1
taxi:1588:1,taxi,1588,1,user,3,train,1
taxi:1588:2,taxi,1588,2,agent,1,train,0
taxi:1588:3,taxi,1588,3,user,0,train,0
taxi:1588:4,taxi,1588,4,agent,2,train,0
taxi:1588:5,taxi,1588,5,user,3,train,1
taxi:1588:6,taxi,1588,6,agent,2,train,0
taxi:1589:1,taxi,1589,1,user,3,train,1
taxi:1589:2,taxi,1589,2,agent,1,train,0
taxi:1589:3,taxi,1589,3,user,0,train,0
taxi:1589:4,taxi,1589,4,agent,2,train,0
taxi:1589:5,taxi,1589,5,user,3,train,1
taxi:1589:6,taxi,1589,6,agent,2,train,0
taxi:1589:7,taxi,1589,7,user,0,train,0
taxi:1589:8,taxi,1589,8,agent,3,train,0
taxi:1590:1,taxi,1590,1,user,3,train,1
taxi:1590:2,taxi,1590,2,agent,1,train,0
taxi:1590:3,taxi,1590,3,user,0,train,0
taxi:1590:4,taxi,1590,4,agent,2,train,0
taxi:1590:5,taxi,1590,5,user,3,train,1
taxi:1590:6,taxi,1590,6,agent,2,train,0
taxi:1591:1,taxi,1591,1,user,1,train,0
taxi:1591:2,taxi,1591,2,agent,2,train,0
taxi:1591:3,taxi,1591,3,user,3,train,1
taxi:1591:4,taxi,1591,4,agent,2,train,0
taxi:1592:1,taxi,1592,1,user,3,test,1
taxi:1592:2,taxi,1592,2,agent,1,test,0
taxi:1592:3,taxi,1592,3,user,3,test,1
taxi:1592:4,taxi,1592,4,agent,2,test,0
taxi:1592:5,taxi,1592,5,user,3,test,1
taxi:1592:6,taxi,1592,6,agent,2,test,0
taxi:1593:1,taxi,1593,1,user,3,train,1
taxi:1593:2,taxi,1593,2,agent,1,train,0
taxi:1593:3,taxi,1593,3,user,2,train,0
taxi:1593:4,taxi,1593,4,agent,2,train,0
taxi:1593:5,taxi,1593,5,user,2,train,0
taxi:1593:6,taxi,1593,6,agent,2,train,0
taxi:1594:1,taxi,1594,1,user,3,train,0
taxi:1594:2,taxi,1594,2,agent,1,train,0
taxi:1594:3,taxi,1594,3,user,0,train,0
taxi:1594:4,taxi,1594,4,agent,2,train,0
taxi:1594:5,taxi,1594,5,user,3,train,0
taxi:1594:6,taxi,1594,6,agent,2,train,1
taxi:1595:1,taxi,1595,1,user,3,train,1
taxi:1595:2,taxi,1595,2,agent,0,train,1
taxi:1595:3,taxi,1595,3,user,2,train,1
taxi:1595:4,taxi,1595,4,agent,1,train,0
taxi:1595:5,taxi,1595,5,user,0,train,1
taxi:1595:6,taxi,1595,6,agent,0,train,0
taxi:1595:7,taxi,1595,7,user,0,train,0
taxi:1595:8,taxi,1595,8,agent,3,train,1
taxi:1595:9,taxi,1595,9,user,3,train,1
taxi:1595:10,taxi,1595,10,agent,2,train,0
taxi:1595:11,taxi,1595,11,user,2,train,0
taxi:1595:12,taxi,1595,12,agent,2,train,1
taxi:1595:13,taxi,1595,13,user,3,train,0
taxi:1595:14,taxi,1595,14,agent,2,train,0
taxi:1595:15,taxi,1595,15,user,3,train,1
taxi:1595:16,taxi,1595,16,agent,2,train,1
taxi:1596:1,taxi,1596,1,user,3,train,0
taxi:1596:2,taxi,1596,2,agent,1,train,0
taxi:1596:3,taxi,1596,3,user,0,train,0
taxi:1596:4,taxi,1596,4,agent,2,train,0
taxi:1596:5,taxi,1596,5,user,0,train,0
taxi:1596:6,taxi,1596,6,agent,2,train,0
taxi:1596:7,taxi,1596,7,user,3,train,1
taxi:1596:8,taxi,1596,8,agent,2,train,1
taxi:1597:1,taxi,1597,1,user,3,train,1
taxi:1597:2,taxi,1597,2,agent,1,train,0
taxi:1597:3,taxi,1597,3,user,0,train,0
taxi:1597:4,taxi,1597,4,agent,2,train,0
taxi:1597:5,taxi,1597,5,user,3,train,1
taxi:1597:6,taxi,1597,6,agent,2,train,0
taxi:1598:1,taxi,1598,1,user,3,train,1
taxi:1598:2,taxi,1598,2,agent,1,train,0
taxi:1598:3,taxi,1598,3,user,2,train,0
taxi:1598:4,taxi,1598,4,agent,2,train,0
taxi:1598:5,taxi,1598,5,user,3,train,1
taxi:1598:6,taxi,1598,6,agent,2,train,0
taxi:1599:1,taxi,1599,1,user,3,train,0
taxi:1599:2,taxi,1599,2,agent,1,train,0
taxi:1599:3,taxi,1599,3,user,2,train,0
taxi:1599:4,taxi,1599,4,agent,2,train,0
taxi:1599:5,taxi,1599,5,user,2,train,0
taxi:1599:6,taxi,1599,6,agent,2,train,0
taxi:1600:1,taxi,1600,1,user,2,train,0
taxi:1600:2,taxi,1600,2,agent,1,train,0
taxi:1600:3,taxi,1600,3,user,2,train,1
taxi:1600:4,taxi,1600,4,agent,1,train,0
taxi:1601:1,taxi,1601,1,user,3,train,1
taxi:1601:2,taxi,1601,2,agent,1,train,0
taxi:1601:3,taxi,1601,3,user,0,train,0
taxi:1601:4,taxi,1601,4,agent,2,train,1
taxi:1601:5,taxi,1601,5,user,2,train,0
taxi:1601:6,taxi,1601,6,agent,2,train,0
taxi:1602:1,taxi,1602,1,user,3,train,1
taxi:1602:2,taxi,1602,2,agent,1,train,0
taxi:1602:3,taxi,1602,3,user,0,train,0
taxi:1602:4,taxi,1602,4,agent,2,train,1
taxi:1602:5,taxi,1602,5,user,2,train,1
taxi:1602:6,taxi,1602,6,agent,2,train,0
taxi:1603:1,taxi,1603,1,user,1,test,1
taxi:1603:2,taxi,1603,2,agent,0,test,0
taxi:1603:3,taxi,1603,3,user,0,test,0
taxi:1603:4,taxi,1603,4,agent,1,test,0
taxi:1603:5,taxi,1603,5,user,3,test,1
taxi:1603:6,taxi,1603,6,agent,2,test,0
taxi:1604:1,taxi,1604,1,user,2,train,0
taxi:1604:2,taxi,1604,2,agent,1,train,0
taxi:1604:3,taxi,1604,3,user,0,train,0
taxi:1604:4,taxi,1604,4,agent,2,train,0
taxi:1604:5,taxi,1604,5,user,3,train,0
taxi:1604:6,taxi,1604,6,agent,2,train,0
taxi:1605:1,taxi,1605,1,user,2,train,0
taxi:1605:2,taxi,1605,2,agent,1,train,1
taxi:1605:3,taxi,1605,3,user,0,train,0
taxi:1605:4,taxi,1605,4,agent,1,train,0
taxi:1605:5,taxi,1605,5,user,0,train,0
taxi:1605:6,taxi,1605,6,agent,1,train,0
taxi:1605:7,taxi,1605,7,user,0,train,0
taxi:1605:8,taxi,1605,8,agent,2,train,0
taxi:1606:1,taxi,1606,1,user,3,test,0
taxi:1606:2,taxi,1606,2,agent,0,test,1
taxi:1606:3,taxi,1606,3,user,2,test,0
taxi:1606:4,taxi,1606,4,agent,1,test,1
taxi:1606:5,taxi,1606,5,user,3,test,0
taxi:1606:6,taxi,1606,6,agent,2,test,0
taxi:1607:1,taxi,1607,1,user,1,test,0
taxi:1607:2,taxi,1607,2,agent,1,test,1
taxi:1607:3,taxi,1607,3,user,0,test,0
taxi:1607:4,taxi,1607,4,agent,2,test,1
taxi:1607:5,taxi,1607,5,user,2,test,0
taxi:1607:6,taxi,1607,6,agent,2,test,0
taxi:1608:1,taxi,1608,1,user,0,train,0
taxi:1608:2,taxi,1608,2,agent,0,train,0
taxi:1608:3,taxi,1608,3,user,2,train,0
taxi:1608:4,taxi,1608,4,agent,1,train,0
taxi:1608:5,taxi,1608,5,user,0,train,1
taxi:1608:6,taxi,1608,6,agent,2,train,1
taxi:1608:7,taxi,1608,7,user,0,train,0
taxi:1608:8,taxi,1608,8,agent,2,train,1
taxi:1609:1,taxi,1609,1,user,0,train,0
taxi:1609:2,taxi,1609,2,agent,0,train,1
taxi:1609:3,taxi,1609,3,user,0,train,0
taxi:1609:4,taxi,1609,4,agent,1,train,0
taxi:1609:5,taxi,1609,5,user,0,train,0
taxi:1609:6,taxi,1609,6,agent,1,train,1
taxi:1609:7,taxi,1609,7,user,0,train,0
taxi:1609:8,taxi,1609,8,agent,2,train,0
taxi:1610:1,taxi,1610,1,user,3,test,1
taxi:1610:2,taxi,1610,2,agent,1,test,1
taxi:1610:3,taxi,1610,3,user,3,test,1
taxi:1610:4,taxi,1610,4,agent,1,test,1
taxi:1610:5,taxi,1610,5,user,3,test,0
taxi:1610:6,taxi,1610,6,agent,1,test,1
taxi:1610:7,taxi,1610,7,user,2,test,0
taxi:1610:8,taxi,1610,8,agent,2,test,0
taxi:1611:1,taxi,1611,1,user,1,train,0
taxi:1611:2,taxi,1611,2,agent,1,train,0
taxi:1611:3,taxi,1611,3,user,0,train,0
taxi:1611:4,taxi,1611,4,agent,1,train,0
taxi:1611:5,taxi,1611,5,user,0,train,1
taxi:1611:6,taxi,1611,6,agent,2,train,1
taxi:1612:1,taxi,1612,1,user,3,train,0
taxi:1612:2,taxi,1612,2,agent,2,train,0
taxi:1612:3,taxi,1612,3,user,2,train,0
taxi:1612:4,taxi,1612,4,agent,1,train,0
taxi:1612:5,taxi,1612,5,user,0,train,0
taxi:1612:6,taxi,1612,6,agent,2,train,0
taxi:1613:1,taxi,1613,1,user,1,test,1
taxi:1613:2,taxi,1613,2,agent,1,test,0
taxi:1613:3,taxi,1613,3,user,0,test,0
taxi:1613:4,taxi,1613,4,agent,1,test,0
taxi:1613:5,taxi,1613,5,user,0,test,1
taxi:1613:6,taxi,1613,6,agent,2,test,0
taxi:1614:1,taxi,1614,1,user,1,train,1
taxi:1614:2,taxi,1614,2,agent,0,train,1
taxi:1614:3,taxi,1614,3,user,0,train,0
taxi:1614:4,taxi,1614,4,agent,1,train,0
taxi:1614:5,taxi,1614,5,user,0,train,1
taxi:1614:6,taxi,1614,6,agent,0,train,1
taxi:1614:7,taxi,1614,7,user,0,train,1
taxi:1614:8,taxi,1614,8,agent,1,train,0
taxi:1614:9,taxi,1614,9,user,0,train,0
taxi:1614:10,taxi,1614,10,agent,2,train,0
taxi:1615:1,taxi,1615,1,user,3,test,1
taxi:1615:2,taxi,1615,2,agent,1,test,0
taxi:1615:3,taxi,1615,3,user,0,test,0
taxi:1615:4,taxi,1615,4,agent,1,test,0
taxi:1615:5,taxi,1615,5,user,3,test,1
taxi:1615:6,taxi,1615,6,agent,2,test,1
taxi:1616:1,taxi,1616,1,user,1,train,0
taxi:1616:2,taxi,1616,2,agent,0,train,0
taxi:1616:3,taxi,1616,3,user,0,train,0
taxi:1616:4,taxi,1616,4,agent,0,train,1
taxi:1616:5,taxi,1616,5,user,0,train,1
taxi:1616:6,taxi,1616,6,agent,1,train,0
taxi:1616:7,taxi,1616,7,user,0,train,0
taxi:1616:8,taxi,1616,8,agent,0,train,0
taxi:1616:9,taxi,1616,9,user,0,train,0
taxi:1616:10,taxi,1616,10,agent,2,train,0
taxi:1616:11,taxi,1616,11,user,0,train,0
taxi:1616:12,taxi,1616,12,agent,2,train,0
taxi:1617:1,taxi,1617,1,user,3,train,1
taxi:1617:2,taxi,1617,2,agent,1,train,0
taxi:1617:3,taxi,1617,3,user,2,train,0
taxi:1617:4,taxi,1617,4,agent,3,train,1
taxi:1617:5,taxi,1617,5,user,0,train,1
taxi:1617:6,taxi,1617,6,agent,2,train,1
taxi:1617:7,taxi,1617,7,user,3,train,0
taxi:1617:8,taxi,1617,8,agent,2,train,1
taxi:1618:1,taxi,1618,1,user,1,train,0
taxi:1618:2,taxi,1618,2,agent,0,train,0
taxi:1618:3,taxi,1618,3,user,0,train,0
taxi:1618:4,taxi,1618,4,agent,0,train,0
taxi:1618:5,taxi,1618,5,user,0,train,0
taxi:1618:6,taxi,1618,6,agent,1,train,0
taxi:1618:7,taxi,1618,7,user,0,train,0
taxi:1618:8,taxi,1618,8,agent,0,train,1
taxi:1618:9,taxi,1618,9,user,0,train,0
taxi:1618:10,taxi,1618,10,agent,2,train,0
taxi:1618:11,taxi,1618,11,user,0,train,0
taxi:1618:12,taxi,1618,12,agent,2,train,0
taxi:1619:1,taxi,1619,1,user,3,train,1
taxi:1619:2,taxi,1619,2,agent,0,train,1
taxi:1619:3,taxi,1619,3,user,3,train,1
taxi:1619:4,taxi,1619,4,agent,1,train,0
taxi:1619:5,taxi,1619,5,user,0,train,0
taxi:1619:6,taxi,1619,6,agent,3,train,0
taxi:1619:7,taxi,1619,7,user,3,train,1
taxi:1619:8,taxi,1619,8,agent,3,train,1
taxi:1619:9,taxi,1619,9,user,2,train,1
taxi:1619:10,taxi,1619,10,agent,2,train,1
taxi:1619:11,taxi,1619,11,user,0,train,0
taxi:1619:12,taxi,1619,12,agent,2,train,1
taxi:1620:1,taxi,1620,1,user,2,train,1
taxi:1620:2,taxi,1620,2,agent,0,train,0
taxi:1620:3,taxi,1620,3,user,0,train,0
taxi:1620:4,taxi,1620,4,agent,2,train,1
taxi:1620:5,taxi,1620,5,user,0,train,1
taxi:1620:6,taxi,1620,6,agent,0,train,0
taxi:1620:7,taxi,1620,7,user,0,train,0
taxi:1620:8,taxi,1620,8,agent,3,train,0
taxi:1620:9,taxi,1620,9,user,3,train,1
taxi:1620:10,taxi,1620,10,agent,2,train,0
taxi:1621:1,taxi,1621,1,user,2,test,0
taxi:1621:2,taxi,1621,2,agent,1,test,1
taxi:1621:3,taxi,1621,3,user,0,test,0
taxi:1621:4,taxi,1621,4,agent,2,test,1
taxi:1622:1,taxi,1622,1,user,3,train,1
taxi:1622:2,taxi,1622,2,agent,1,train,1
taxi:1622:3,taxi,1622,3,user,0,train,0
taxi:1622:4,taxi,1622,4,agent,0,train,0
taxi:1622:5,taxi,1622,5,user,0,train,1
taxi:1622:6,taxi,1622,6,agent,2,train,0
taxi:1622:7,taxi,1622,7,user,2,train,0
taxi:1622:8,taxi,1622,8,agent,2,train,0
taxi:1623:1,taxi,1623,1,user,1,train,0
taxi:1623:2,taxi,1623,2,agent,0,train,1
taxi:1623:3,taxi,1623,3,user,0,train,0
taxi:1623:4,taxi,1623,4,agent,0,train,0
taxi:1623:5,taxi,1623,5,user,0,train,0
taxi:1623:6,taxi,1623,6,agent,0,train,0
taxi:1623:7,taxi,1623,7,user,0,train,0
taxi:1623:8,taxi,1623,8,agent,0,train,0
taxi:1623:9,taxi,1623,9,user,0,train,0
taxi:1623:10,taxi,1623,10,agent,1,train,0
taxi:1623:11,taxi,1623,11,user,0,train,0
taxi:1623:12,taxi,1623,12,agent,2,train,0
taxi:1624:1,taxi,1624,1,user,2,train,0
taxi:1624:2,taxi,1624,2,agent,1,train,0
taxi:1624:3,taxi,1624,3,user,0,train,0
taxi:1624:4,taxi,1624,4,agent,2,train,0
taxi:1624:5,taxi,1624,5,user,0,train,0
taxi:1624:6,taxi,1624,6,agent,2,train,0
taxi:1625:1,taxi,1625,1,user,3,train,0
taxi:1625:2,taxi,1625,2,agent,0,train,1
taxi:1625:3,taxi,1625,3,user,0,train,0
taxi:1625:4,taxi,1625,4,agent,0,train,0
taxi:1625:5,taxi,1625,5,user,0,train,1
taxi:1625:6,taxi,1625,6,agent,0,train,0
taxi:1625:7,taxi,1625,7,user,0,train,1
taxi:1625:8,taxi,1625,8,agent,2,train,0
taxi:1625:9,taxi,1625,9,user,0,train,0
taxi:1625:10,taxi,1625,10,agent,2,train,0
taxi:1625:11,taxi,1625,11,user,3,train,0
taxi:1625:12,taxi,1625,12,agent,3,train,1
taxi:1626:1,taxi,1626,1,user,2,train,0
taxi:1626:2,taxi,1626,2,agent,3,train,0
taxi:1626:3,taxi,1626,3,user,0,train,0
taxi:1626:4,taxi,1626,4,agent,0,train,0
taxi:1626:5,taxi,1626,5,user,0,train,0
taxi:1626:6,taxi,1626,6,agent,0,train,0
taxi:1626:7,taxi,1626,7,user,0,train,0
taxi:1626:8,taxi,1626,8,agent,1,train,0
taxi:1626:9,taxi,1626,9,user,0,train,0
taxi:1626:10,taxi,1626,10,agent,2,train,0
taxi:1627:1,taxi,1627,1,user,2,train,1
taxi:1627:2,taxi,1627,2,agent,1,train,0
taxi:1627:3,taxi,1627,3,user,0,train,0
taxi:1627:4,taxi,1627,4,agent,2,train,0
taxi:1627:5,taxi,1627,5,user,0,train,1
taxi:1627:6,taxi,1627,6,agent,2,train,1
taxi:1628:1,taxi,1628,1,user,3,test,1
taxi:1628:2,taxi,1628,2,agent,0,test,1
taxi:1628:3,taxi,1628,3,user,2,test,0
taxi:1628:4,taxi,1628,4,agent,1,test,1
taxi:1628:5,taxi,1628,5,user,2,test,0
taxi:1628:6,taxi,1628,6,agent,1,test,0
taxi:1628:7,taxi,1628,7,user,0,test,0
taxi:1628:8,taxi,1628,8,agent,2,test,0
taxi:1628:9,taxi,1628,9,user,3,test,1
taxi:1628:10,taxi,1628,10,agent,2,test,0
taxi:1629:1,taxi,1629,1,user,3,train,1
taxi:1629:2,taxi,1629,2,agent,0,train,1
taxi:1629:3,taxi,1629,3,user,3,train,1
taxi:1629:4,taxi,1629,4,agent,0,train,0
taxi:1629:5,taxi,1629,5,user,0,train,0
taxi:1629:6,taxi,1629,6,agent,1,train,0
taxi:1629:7,taxi,1629,7,user,0,train,0
taxi:1629:8,taxi,1629,8,agent,1,train,0
taxi:1629:9,taxi,1629,9,user,3,train,1
taxi:1629:10,taxi,1629,10,agent,2,train,0
taxi:1630:1,taxi,1630,1,user,1,train,0
taxi:1630:2,taxi,1630,2,agent,0,train,0
taxi:1630:3,taxi,1630,3,user,0,train,0
taxi:1630:4,taxi,1630,4,agent,3,train,1
taxi:1630:5,taxi,1630,5,user,0,train,0
taxi:1630:6,taxi,1630,6,agent,1,train,0
taxi:1630:7,taxi,1630,7,user,3,train,1
taxi:1630:8,taxi,1630,8,agent,2,train,0
taxi:1631:1,taxi,1631,1,user,2,test,0
taxi:1631:2,taxi,1631,2,agent,1,test,0
taxi:1631:3,taxi,1631,3,user,0,test,0
taxi:1631:4,taxi,1631,4,agent,2,test,1
taxi:1631:5,taxi,1631,5,user,3,test,1
taxi:1631:6,taxi,1631,6,agent,2,test,0
taxi:1632:1,taxi,1632,1,user,3,train,1
taxi:1632:2,taxi,1632,2,agent,0,train,0
taxi:1632:3,taxi,1632,3,user,0,train,0
taxi:1632:4,taxi,1632,4,agent,1,train,0
taxi:1632:5,taxi,1632,5,user,0,train,0
taxi:1632:6,taxi,1632,6,agent,2,train,1
taxi:1632:7,taxi,1632,7,user,3,train,1
taxi:1632:8,taxi,1632,8,agent,2,train,0
taxi:1633:1,taxi,1633,1,user,3,train,1
taxi:1633:2,taxi,1633,2,agent,0,train,0
taxi:1633:3,taxi,1633,3,user,3,train,1
taxi:1633:4,taxi,1633,4,agent,0,train,0
taxi:1633:5,taxi,1633,5,user,3,train,1
taxi:1633:6,taxi,1633,6,agent,0,train,0
taxi:1633:7,taxi,1633,7,user,3,train,0
taxi:1633:8,taxi,1633,8,agent,2,train,0
taxi:1633:9,taxi,1633,9,user,2,train,0
taxi:1633:10,taxi,1633,10,agent,2,train,0
taxi:1634:1,taxi,1634,1,user,2,train,0
taxi:1634:2,taxi,1634,2,agent,1,train,0
taxi:1634:3,taxi,1634,3,user,0,train,0
taxi:1634:4,taxi,1634,4,agent,2,train,0
taxi:1634:5,taxi,1634,5,user,0,train,0
taxi:1634:6,taxi,1634,6,agent,2,train,0
taxi:1635:1,taxi,1635,1,user,2,train,1
taxi:1635:2,taxi,1635,2,agent,2,train,0
taxi:1635:3,taxi,1635,3,user,0,train,0
taxi:1635:4,taxi,1635,4,agent,2,train,1
taxi:1635:5,taxi,1635,5,user,0,train,0
taxi:1635:6,taxi,1635,6,agent,2,train,1
taxi:1636:1,taxi,1636,1,user,1,train,1
taxi:1636:2,taxi,1636,2,agent,0,train,0
taxi:1636:3,taxi,1636,3,user,0,train,0
taxi:1636:4,taxi,1636,4,agent,1,train,0
taxi:1636:5,taxi,1636,5,user,0,train,0
taxi:1636:6,taxi,1636,6,agent,2,train,0
taxi:1636:7,taxi,1636,7,user,3,train,0
taxi:1636:8,taxi,1636,8,agent,2,train,0
taxi:1637:1,taxi,1637,1,user,0,train,0
taxi:1637:2,taxi,1637,2,agent,1,train,0
taxi:1637:3,taxi,1637,3,user,0,train,0
taxi:1637:4,taxi,1637,4,agent,1,train,0
taxi:1637:5,taxi,1637,5,user,0,train,0
taxi:1637:6,taxi,1637,6,agent,1,train,0
taxi:1637:7,taxi,1637,7,user,0,train,0
taxi:1637:8,taxi,1637,8,agent,2,train,0
taxi:1638:1,taxi,1638,1,user,1,train,0
taxi:1638:2,taxi,1638,2,agent,0,train,0
taxi:1638:3,taxi,1638,3,user,2,train,0
taxi:1638:4,taxi,1638,4,agent,1,train,0
taxi:1638:5,taxi,1638,5,user,0,train,0
taxi:1638:6,taxi,1638,6,agent,1,train,0
taxi:1638:7,taxi,1638,7,user,2,train,1
taxi:1638:8,taxi,1638,8,agent,2,train,0
taxi:1639:1,taxi,1639,1,user,1,validation,0
taxi:1639:2,taxi,1639,2,agent,1,validation,0
taxi:1639:3,taxi,1639,3,user,0,validation,0
taxi:1639:4,taxi,1639,4,agent,1,validation,0
taxi:1639:5,taxi,1639,5,user,0,validation,0
taxi:1639:6,taxi,1639,6,agent,2,validation,1
taxi:1639:7,taxi,1639,7,user,0,validation,0
taxi:1639:8,taxi,1639,8,agent,3,validation,0
taxi:1639:9,taxi,1639,9,user,2,validation,0
taxi:1639:10,taxi,1639,10,agent,2,validation,0
taxi:1640:1,taxi,1640,1,user,1,train,1
taxi:1640:2,taxi,1640,2,agent,0,train,0
taxi:1640:3,taxi,1640,3,user,0,train,0
taxi:1640:4,taxi,1640,4,agent,0,train,0
taxi:1640:5,taxi,1640,5,user,0,train,0
taxi:1640:6,taxi,1640,6,agent,0,train,1
taxi:1640:7,taxi,1640,7,user,0,train,0
taxi:1640:8,taxi,1640,8,agent,0,train,0
taxi:1640:9,taxi,1640,9,user,0,train,0
taxi:1640:10,taxi,1640,10,agent,2,train,0
taxi:1640:11,taxi,1640,11,user,0,train,0
taxi:1640:12,taxi,1640,12,agent,2,train,0
taxi:1641:1,taxi,1641,1,user,0,train,0
taxi:1641:2,taxi,1641,2,agent,1,train,0
taxi:1641:3,taxi,1641,3,user,0,train,1
taxi:1641:4,taxi,1641,4,agent,1,train,0
taxi:1641:5,taxi,1641,5,user,0,train,0
taxi:1641:6,taxi,1641,6,agent,1,train,0
taxi:1641:7,taxi,1641,7,user,0,train,0
taxi:1641:8,taxi,1641,8,agent,2,train,0
taxi:1642:1,taxi,1642,1,user,0,train,0
taxi:1642:2,taxi,1642,2,agent,1,train,1
taxi:1642:3,taxi,1642,3,user,2,train,0
taxi:1642:4,taxi,1642,4,agent,1,train,1
taxi:1642:5,taxi,1642,5,user,0,train,0
taxi:1642:6,taxi,1642,6,agent,1,train,0
taxi:1642:7,taxi,1642,7,user,0,train,0
taxi:1642:8,taxi,1642,8,agent,2,train,1
taxi:1643:1,taxi,1643,1,user,2,train,0
taxi:1643:2,taxi,1643,2,agent,2,train,0
taxi:1643:3,taxi,1643,3,user,0,train,0
taxi:1643:4,taxi,1643,4,agent,2,train,0
taxi:1643:5,taxi,1643,5,user,0,train,1
taxi:1643:6,taxi,1643,6,agent,2,train,1
taxi:1644:1,taxi,1644,1,user,2,test,0
taxi:1644:2,taxi,1644,2,agent,1,test,0
taxi:1644:3,taxi,1644,3,user,0,test,0
taxi:1644:4,taxi,1644,4,agent,2,test,0
taxi:1644:5,taxi,1644,5,user,3,test,1
taxi:1644:6,taxi,1644,6,agent,2,test,0
taxi:1645:1,taxi,1645,1,user,2,train,0
taxi:1645:2,taxi,1645,2,agent,1,train,1
taxi:1645:3,taxi,1645,3,user,0,train,0
taxi:1645:4,taxi,1645,4,agent,2,train,0
taxi:1645:5,taxi,1645,5,user,0,train,0
taxi:1645:6,taxi,1645,6,agent,2,train,0
taxi:1646:1,taxi,1646,1,user,3,validation,1
taxi:1646:2,taxi,1646,2,agent,0,validation,1
taxi:1646:3,taxi,1646,3,user,2,validation,1
taxi:1646:4,taxi,1646,4,agent,1,validation,0
taxi:1646:5,taxi,1646,5,user,0,validation,0
taxi:1646:6,taxi,1646,6,agent,2,validation,0
taxi:1646:7,taxi,1646,7,user,3,validation,1
taxi:1646:8,taxi,1646,8,agent,2,validation,0
taxi:1647:1,taxi,1647,1,user,1,train,0
taxi:1647:2,taxi,1647,2,agent,2,train,1
taxi:1647:3,taxi,1647,3,user,0,train,0
taxi:1647:4,taxi,1647,4,agent,3,train,1
taxi:1647:5,taxi,1647,5,user,2,train,0
taxi:1647:6,taxi,1647,6,agent,2,train,0
taxi:1648:1,taxi,1648,1,user,3,train,0
taxi:1648:2,taxi,1648,2,agent,1,train,1
taxi:1648:3,taxi,1648,3,user,0,train,0
taxi:1648:4,taxi,1648,4,agent,2,train,0
taxi:1648:5,taxi,1648,5,user,3,train,0
taxi:1648:6,taxi,1648,6,agent,2,train,0
taxi:1649:1,taxi,1649,1,user,2,train,0
taxi:1649:2,taxi,1649,2,agent,1,train,0
taxi:1649:3,taxi,1649,3,user,0,train,0
taxi:1649:4,taxi,1649,4,agent,1,train,0
taxi:1649:5,taxi,1649,5,user,3,train,0
taxi:1649:6,taxi,1649,6,agent,2,train,0
taxi:1649:7,taxi,1649,7,user,3,train,1
taxi:1649:8,taxi,1649,8,agent,2,train,0
taxi:1650:1,taxi,1650,1,user,2,validation,0
taxi:1650:2,taxi,1650,2,agent,1,validation,0
taxi:1650:3,taxi,1650,3,user,2,validation,1
taxi:1650:4,taxi,1650,4,agent,1,validation,1
taxi:1650:5,taxi,1650,5,user,0,validation,0
taxi:1650:6,taxi,1650,6,agent,2,validation,0
taxi:1650:7,taxi,1650,7,user,2,validation,0
taxi:1650:8,taxi,1650,8,agent,2,validation,1
taxi:1651:1,taxi,1651,1,user,2,test,0
taxi:1651:2,taxi,1651,2,agent,1,test,1
taxi:1651:3,taxi,1651,3,user,0,test,0
taxi:1651:4,taxi,1651,4,agent,1,test,0
taxi:1651:5,taxi,1651,5,user,0,test,0
taxi:1651:6,taxi,1651,6,agent,1,test,1
taxi:1651:7,taxi,1651,7,user,0,test,1
taxi:1651:8,taxi,1651,8,agent,2,test,0
taxi:1652:1,taxi,1652,1,user,2,validation,0
taxi:1652:2,taxi,1652,2,agent,0,validation,1
taxi:1652:3,taxi,1652,3,user,0,validation,0
taxi:1652:4,taxi,1652,4,agent,0,validation,0
taxi:1652:5,taxi,1652,5,user,0,validation,0
taxi:1652:6,taxi,1652,6,agent,0,validation,0
taxi:1652:7,taxi,1652,7,user,0,validation,0
taxi:1652:8,taxi,1652,8,agent,0,validation,0
taxi:1652:9,taxi,1652,9,user,0,validation,0
taxi:1652:10,taxi,1652,10,agent,2,validation,0
taxi:1652:11,taxi,1652,11,user,3,validation,1
taxi:1652:12,taxi,1652,12,agent,3,validation,1
taxi:1652:13,taxi,1652,13,user,0,validation,0
taxi:1652:14,taxi,1652,14,agent,2,validation,0
taxi:1653:1,taxi,1653,1,user,2,train,0
taxi:1653:2,taxi,1653,2,agent,1,train,0
taxi:1653:3,taxi,1653,3,user,0,train,0
taxi:1653:4,taxi,1653,4,agent,2,train,0
taxi:1653:5,taxi,1653,5,user,3,train,1
taxi:1653:6,taxi,1653,6,agent,2,train,0
taxi:1654:1,taxi,1654,1,user,0,test,1
taxi:1654:2,taxi,1654,2,agent,1,test,0
taxi:1654:3,taxi,1654,3,user,2,test,0
taxi:1654:4,taxi,1654,4,agent,1,test,0
taxi:1654:5,taxi,1654,5,user,0,test,0
taxi:1654:6,taxi,1654,6,agent,1,test,1
taxi:1654:7,taxi,1654,7,user,0,test,0
taxi:1654:8,taxi,1654,8,agent,2,test,1
taxi:1655:1,taxi,1655,1,user,3,train,1
taxi:1655:2,taxi,1655,2,agent,1,train,1
taxi:1655:3,taxi,1655,3,user,0,train,1
taxi:1655:4,taxi,1655,4,agent,0,train,0
taxi:1655:5,taxi,1655,5,user,0,train,1
taxi:1655:6,taxi,1655,6,agent,1,train,0
taxi:1655:7,taxi,1655,7,user,3,train,1
taxi:1655:8,taxi,1655,8,agent,2,train,0
taxi:1656:1,taxi,1656,1,user,1,train,1
taxi:1656:2,taxi,1656,2,agent,1,train,0
taxi:1656:3,taxi,1656,3,user,2,train,1
taxi:1656:4,taxi,1656,4,agent,1,train,1
taxi:1656:5,taxi,1656,5,user,3,train,1
taxi:1656:6,taxi,1656,6,agent,2,train,0
taxi:1657:1,taxi,1657,1,user,0,train,0
taxi:1657:2,taxi,1657,2,agent,0,train,0
taxi:1657:3,taxi,1657,3,user,2,train,0
taxi:1657:4,taxi,1657,4,agent,1,train,0
taxi:1657:5,taxi,1657,5,user,0,train,0
taxi:1657:6,taxi,1657,6,agent,1,train,0
taxi:1657:7,taxi,1657,7,user,0,train,0
taxi:1657:8,taxi,1657,8,agent,2,train,0
taxi:1658:1,taxi,1658,1,user,2,train,1
taxi:1658:2,taxi,1658,2,agent,1,train,0
taxi:1658:3,taxi,1658,3,user,0,train,0
taxi:1658:4,taxi,1658,4,agent,1,train,1
taxi:1658:5,taxi,1658,5,user,2,train,0
taxi:1658:6,taxi,1658,6,agent,2,train,0
taxi:1659:1,taxi,1659,1,user,2,test,0
taxi:1659:2,taxi,1659,2,agent,1,test,0
taxi:1659:3,taxi,1659,3,user,0,test,0
taxi:1659:4,taxi,1659,4,agent,1,test,0
taxi:1659:5,taxi,1659,5,user,3,test,0
taxi:1659:6,taxi,1659,6,agent,2,test,0
taxi:1660:1,taxi,1660,1,user,3,train,1
taxi:1660:2,taxi,1660,2,agent,0,train,0
taxi:1660:3,taxi,1660,3,user,0,train,0
taxi:1660:4,taxi,1660,4,agent,1,train,1
taxi:1660:5,taxi,1660,5,user,0,train,0
taxi:1660:6,taxi,1660,6,agent,0,train,0
taxi:1660:7,taxi,1660,7,user,2,train,0
taxi:1660:8,taxi,1660,8,agent,2,train,0
taxi:1661:1,taxi,1661,1,user,3,test,0
taxi:1661:2,taxi,1661,2,agent,1,test,0
taxi:1661:3,taxi,1661,3,user,0,test,1
taxi:1661:4,taxi,1661,4,agent,0,test,0
taxi:1661:5,taxi,1661,5,user,0,test,1
taxi:1661:6,taxi,1661,6,agent,0,test,0
taxi:1661:7,taxi,1661,7,user,0,test,0
taxi:1661:8,taxi,1661,8,agent,2,test,0
taxi:1661:9,taxi,1661,9,user,2,test,0
taxi:1661:10,taxi,1661,10,agent,2,test,0
taxi:1662:1,taxi,1662,1,user,0,train,1
taxi:1662:2,taxi,1662,2,agent,0,train,1
taxi:1662:3,taxi,1662,3,user,0,train,1
taxi:1662:4,taxi,1662,4,agent,1,train,0
taxi:1662:5,taxi,1662,5,user,0,train,1
taxi:1662:6,taxi,1662,6,agent,1,train,0
taxi:1662:7,taxi,1662,7,user,0,train,0
taxi:1662:8,taxi,1662,8,agent,2,train,0
taxi:1663:1,taxi,1663,1,user,1,train,0
taxi:1663:2,taxi,1663,2,agent,0,train,0
taxi:1663:3,taxi,1663,3,user,0,train,0
taxi:1663:4,taxi,1663,4,agent,2,train,0
taxi:1663:5,taxi,1663,5,user,0,train,1
taxi:1663:6,taxi,1663,6,agent,2,train,0
taxi:1664:1,taxi,1664,1,user,2,test,0
taxi:1664:2,taxi,1664,2,agent,0,test,0
taxi:1664:3,taxi,1664,3,user,0,test,0
taxi:1664:4,taxi,1664,4,agent,1,test,0
taxi:1664:5,taxi,1664,5,user,0,test,0
taxi:1664:6,taxi,1664,6,agent,1,test,0
taxi:1664:7,taxi,1664,7,user,0,test,0
taxi:1664:8,taxi,1664,8,agent,2,test,0
taxi:1665:1,taxi,1665,1,user,1,train,0
taxi:1665:2,taxi,1665,2,agent,1,train,0
taxi:1665:3,taxi,1665,3,user,2,train,0
taxi:1665:4,taxi,1665,4,agent,1,train,1
taxi:1665:5,taxi,1665,5,user,3,train,0
taxi:1665:6,taxi,1665,6,agent,2,train,0
taxi:1666:1,taxi,1666,1,user,1,test,0
taxi:1666:2,taxi,1666,2,agent,1,test,0
taxi:1666:3,taxi,1666,3,user,2,test,0
taxi:1666:4,taxi,1666,4,agent,1,test,0
taxi:1666:5,taxi,1666,5,user,3,test,1
taxi:1666:6,taxi,1666,6,agent,2,test,1
taxi:1667:1,taxi,1667,1,user,1,train,0
taxi:1667:2,taxi,1667,2,agent,0,train,0
taxi:1667:3,taxi,1667,3,user,0,train,1
taxi:1667:4,taxi,1667,4,agent,0,train,1
taxi:1667:5,taxi,1667,5,user,0,train,1
taxi:1667:6,taxi,1667,6,agent,0,train,0
taxi:1667:7,taxi,1667,7,user,0,train,1
taxi:1667:8,taxi,1667,8,agent,2,train,0
taxi:1668:1,taxi,1668,1,user,2,train,0
taxi:1668:2,taxi,1668,2,agent,1,train,0
taxi:1668:3,taxi,1668,3,user,0,train,0
taxi:1668:4,taxi,1668,4,agent,1,train,1
taxi:1668:5,taxi,1668,5,user,0,train,0
taxi:1668:6,taxi,1668,6,agent,1,train,0
taxi:1668:7,taxi,1668,7,user,0,train,1
taxi:1668:8,taxi,1668,8,agent,2,train,1
taxi:1669:1,taxi,1669,1,user,3,validation,1
taxi:1669:2,taxi,1669,2,agent,1,validation,0
taxi:1669:3,taxi,1669,3,user,0,validation,0
taxi:1669:4,taxi,1669,4,agent,1,validation,1
taxi:1669:5,taxi,1669,5,user,0,validation,0
taxi:1669:6,taxi,1669,6,agent,2,validation,0
taxi:1670:1,taxi,1670,1,user,1,test,0
taxi:1670:2,taxi,1670,2,agent,1,test,1
taxi:1670:3,taxi,1670,3,user,0,test,0
taxi:1670:4,taxi,1670,4,agent,2,test,0
taxi:1670:5,taxi,1670,5,user,3,test,1
taxi:1670:6,taxi,1670,6,agent,2,test,0
taxi:1670:7,taxi,1670,7,user,3,test,1
taxi:1670:8,taxi,1670,8,agent,3,test,1
taxi:1671:1,taxi,1671,1,user,3,train,1
taxi:1671:2,taxi,1671,2,agent,1,train,0
taxi:1671:3,taxi,1671,3,user,0,train,0
taxi:1671:4,taxi,1671,4,agent,2,train,0
taxi:1671:5,taxi,1671,5,user,3,train,1
taxi:1671:6,taxi,1671,6,agent,2,train,0
taxi:1672:1,taxi,1672,1,user,0,train,1
taxi:1672:2,taxi,1672,2,agent,1,train,0
taxi:1672:3,taxi,1672,3,user,2,train,0
taxi:1672:4,taxi,1672,4,agent,1,train,0
taxi:1672:5,taxi,1672,5,user,0,train,0
taxi:1672:6,taxi,1672,6,agent,1,train,0
taxi:1672:7,taxi,1672,7,user,0,train,0
taxi:1672:8,taxi,1672,8,agent,2,train,0
taxi:1673:1,taxi,1673,1,user,2,validation,1
taxi:1673:2,taxi,1673,2,agent,1,validation,0
taxi:1673:3,taxi,1673,3,user,0,validation,1
taxi:1673:4,taxi,1673,4,agent,1,validation,0
taxi:1673:5,taxi,1673,5,user,3,validation,1
taxi:1673:6,taxi,1673,6,agent,2,validation,0
taxi:1674:1,taxi,1674,1,user,1,test,0
taxi:1674:2,taxi,1674,2,agent,0,test,1
taxi:1674:3,taxi,1674,3,user,0,test,1
taxi:1674:4,taxi,1674,4,agent,1,test,0
taxi:1674:5,taxi,1674,5,user,2,test,0
taxi:1674:6,taxi,1674,6,agent,1,test,0
taxi:1674:7,taxi,1674,7,user,0,test,1
taxi:1674:8,taxi,1674,8,agent,2,test,0
taxi:1675:1,taxi,1675,1,user,2,train,0
taxi:1675:2,taxi,1675,2,agent,1,train,0
taxi:1675:3,taxi,1675,3,user,0,train,1
taxi:1675:4,taxi,1675,4,agent,1,train,0
taxi:1675:5,taxi,1675,5,user,0,train,0
taxi:1675:6,taxi,1675,6,agent,2,train,0
taxi:1676:1,taxi,1676,1,user,3,validation,1
taxi:1676:2,taxi,1676,2,agent,1,validation,0
taxi:1676:3,taxi,1676,3,user,0,validation,0
taxi:1676:4,taxi,1676,4,agent,1,validation,0
taxi:1676:5,taxi,1676,5,user,2,validation,0
taxi:1676:6,taxi,1676,6,agent,2,validation,0
taxi:1677:1,taxi,1677,1,user,2,train,0
taxi:1677:2,taxi,1677,2,agent,1,train,0
taxi:1677:3,taxi,1677,3,user,0,train,0
taxi:1677:4,taxi,1677,4,agent,2,train,0
taxi:1677:5,taxi,1677,5,user,3,train,1
taxi:1677:6,taxi,1677,6,agent,2,train,0
taxi:1678:1,taxi,1678,1,user,3,train,1
taxi:1678:2,taxi,1678,2,agent,1,train,0
taxi:1678:3,taxi,1678,3,user,0,train,0
taxi:1678:4,taxi,1678,4,agent,0,train,0
taxi:1678:5,taxi,1678,5,user,0,train,0
taxi:1678:6,taxi,1678,6,agent,1,train,0
taxi:1678:7,taxi,1678,7,user,3,train,1
taxi:1678:8,taxi,1678,8,agent,2,train,1
taxi:1679:1,taxi,1679,1,user,3,train,1
taxi:1679:2,taxi,1679,2,agent,0,train,0
taxi:1679:3,taxi,1679,3,user,0,train,0
taxi:1679:4,taxi,1679,4,agent,1,train,0
taxi:1679:5,taxi,1679,5,user,0,train,0
taxi:1679:6,taxi,1679,6,agent,1,train,1
taxi:1679:7,taxi,1679,7,user,3,train,0
taxi:1679:8,taxi,1679,8,agent,2,train,0
taxi:1680:1,taxi,1680,1,user,3,test,1
taxi:1680:2,taxi,1680,2,agent,1,test,0
taxi:1680:3,taxi,1680,3,user,0,test,0
taxi:1680:4,taxi,1680,4,agent,0,test,1
taxi:1680:5,taxi,1680,5,user,0,test,0
taxi:1680:6,taxi,1680,6,agent,1,test,0
taxi:1680:7,taxi,1680,7,user,3,test,1
taxi:1680:8,taxi,1680,8,agent,2,test,0
taxi:1681:1,taxi,1681,1,user,2,train,0
taxi:1681:2,taxi,1681,2,agent,1,train,0
taxi:1681:3,taxi,1681,3,user,0,train,0
taxi:1681:4,taxi,1681,4,agent,1,train,0
taxi:1681:5,taxi,1681,5,user,3,train,1
taxi:1681:6,taxi,1681,6,agent,2,train,1
taxi:1682:1,taxi,1682,1,user,3,train,1
taxi:1682:2,taxi,1682,2,agent,3,train,0
taxi:1682:3,taxi,1682,3,user,0,train,0
taxi:1682:4,taxi,1682,4,agent,0,train,0
taxi:1682:5,taxi,1682,5,user,0,train,1
taxi:1682:6,taxi,1682,6,agent,1,train,0
taxi:1682:7,taxi,1682,7,user,0,train,1
taxi:1682:8,taxi,1682,8,agent,2,train,0
taxi:1682:9,taxi,1682,9,user,2,train,0
taxi:1682:10,taxi,1682,10,agent,2,train,0
taxi:1682:11,taxi,1682,11,user,2,train,1
taxi:1682:12,taxi,1682,12,agent,2,train,1
taxi:1682:13,taxi,1682,13,agent,3,train,0
taxi:1683:1,taxi,1683,1,user,1,train,0
taxi:1683:2,taxi,1683,2,agent,3,train,0
taxi:1683:3,taxi,1683,3,user,0,train,0
taxi:1683:4,taxi,1683,4,agent,0,train,1
taxi:1683:5,taxi,1683,5,user,0,train,0
taxi:1683:6,taxi,1683,6,agent,3,train,1
taxi:1683:7,taxi,1683,7,user,0,train,0
taxi:1683:8,taxi,1683,8,agent,1,train,0
taxi:1683:9,taxi,1683,9,user,0,train,0
taxi:1683:10,taxi,1683,10,agent,1,train,0
taxi:1683:11,taxi,1683,11,user,0,train,0
taxi:1683:12,taxi,1683,12,agent,2,train,1
taxi:1683:13,taxi,1683,13,user,0,train,0
taxi:1683:14,taxi,1683,14,agent,2,train,1
taxi:1684:1,taxi,1684,1,user,1,train,0
taxi:1684:2,taxi,1684,2,agent,0,train,0
taxi:1684:3,taxi,1684,3,user,0,train,0
taxi:1684:4,taxi,1684,4,agent,1,train,0
taxi:1684:5,taxi,1684,5,user,0,train,1
taxi:1684:6,taxi,1684,6,agent,2,train,0
taxi:1684:7,taxi,1684,7,user,0,train,0
taxi:1684:8,taxi,1684,8,agent,1,train,0
taxi:1684:9,taxi,1684,9,user,0,train,1
taxi:1684:10,taxi,1684,10,agent,2,train,0
taxi:1684:11,taxi,1684,11,user,3,train,0
taxi:1685:1,taxi,1685,1,user,1,train,0
taxi:1685:2,taxi,1685,2,agent,2,train,0
taxi:1685:3,taxi,1685,3,user,0,train,0
taxi:1685:4,taxi,1685,4,agent,2,train,0
taxi:1685:5,taxi,1685,5,user,2,train,0
taxi:1685:6,taxi,1685,6,agent,2,train,0
taxi:1686:1,taxi,1686,1,user,2,test,0
taxi:1686:2,taxi,1686,2,agent,3,test,0
taxi:1686:3,taxi,1686,3,user,3,test,0
taxi:1686:4,taxi,1686,4,agent,2,test,1
taxi:1686:5,taxi,1686,5,user,0,test,0
taxi:1686:6,taxi,1686,6,agent,2,test,1
taxi:1686:7,taxi,1686,7,user,2,test,0
taxi:1686:8,taxi,1686,8,agent,2,test,0
taxi:1686:9,taxi,1686,9,user,3,test,0
taxi:1686:10,taxi,1686,10,agent,2,test,1
taxi:1686:11,taxi,1686,11,user,3,test,1
taxi:1687:1,taxi,1687,1,user,1,validation,0
taxi:1687:2,taxi,1687,2,agent,0,validation,0
taxi:1687:3,taxi,1687,3,user,0,validation,0
taxi:1687:4,taxi,1687,4,agent,0,validation,0
taxi:1687:5,taxi,1687,5,user,0,validation,0
taxi:1687:6,taxi,1687,6,agent,1,validation,0
taxi:1687:7,taxi,1687,7,user,0,validation,0
taxi:1687:8,taxi,1687,8,agent,2,validation,0
taxi:1687:9,taxi,1687,9,agent,2,validation,0
taxi:1687:10,taxi,1687,10,user,0,validation,0
taxi:1687:11,taxi,1687,11,agent,2,validation,0
taxi:1687:12,taxi,1687,12,user,3,validation,0
taxi:1688:1,taxi,1688,1,user,1,train,0
taxi:1688:2,taxi,1688,2,agent,0,train,1
taxi:1688:3,taxi,1688,3,user,0,train,0
taxi:1688:4,taxi,1688,4,user,3,train,1
taxi:1688:5,taxi,1688,5,agent,0,train,0
taxi:1688:6,taxi,1688,6,user,0,train,0
taxi:1688:7,taxi,1688,7,agent,1,train,0
taxi:1688:8,taxi,1688,8,user,0,train,0
taxi:1688:9,taxi,1688,9,agent,2,train,0
taxi:1688:10,taxi,1688,10,user,2,train,0
taxi:1688:11,taxi,1688,11,agent,2,train,0
taxi:1688:12,taxi,1688,12,user,3,train,0
taxi:1689:1,taxi,1689,1,user,3,train,1
taxi:1689:2,taxi,1689,2,agent,2,train,1
taxi:1689:3,taxi,1689,3,user,0,train,0
taxi:1689:4,taxi,1689,4,agent,0,train,0
taxi:1689:5,taxi,1689,5,user,0,train,0
taxi:1689:6,taxi,1689,6,agent,1,train,0
taxi:1689:7,taxi,1689,7,user,0,train,0
taxi:1689:8,taxi,1689,8,agent,2,train,0
taxi:1689:9,taxi,1689,9,user,0,train,0
taxi:1690:1,taxi,1690,1,user,3,test,0
taxi:1690:2,taxi,1690,2,agent,3,test,0
taxi:1690:3,taxi,1690,3,user,2,test,1
taxi:1690:4,taxi,1690,4,agent,1,test,0
taxi:1690:5,taxi,1690,5,user,0,test,1
taxi:1690:6,taxi,1690,6,agent,2,test,0
taxi:1690:7,taxi,1690,7,user,0,test,0
taxi:1690:8,taxi,1690,8,agent,2,test,0
taxi:1690:9,taxi,1690,9,user,3,test,1
taxi:1691:1,taxi,1691,1,user,1,train,0
taxi:1691:2,taxi,1691,2,agent,0,train,0
taxi:1691:3,taxi,1691,3,user,0,train,0
taxi:1691:4,taxi,1691,4,agent,2,train,0
taxi:1691:5,taxi,1691,5,user,0,train,0
taxi:1691:6,taxi,1691,6,agent,2,train,0
taxi:1692:1,taxi,1692,1,user,2,test,0
taxi:1692:2,taxi,1692,2,agent,0,test,0
taxi:1692:3,taxi,1692,3,user,0,test,0
taxi:1692:4,taxi,1692,4,agent,0,test,0
taxi:1692:5,taxi,1692,5,user,0,test,0
taxi:1692:6,taxi,1692,6,agent,2,test,0
taxi:1692:7,taxi,1692,7,user,2,test,0
taxi:1692:8,taxi,1692,8,agent,2,test,0
taxi:1692:9,taxi,1692,9,user,3,test,1
taxi:1693:1,taxi,1693,1,user,1,train,0
taxi:1693:2,taxi,1693,2,agent,3,train,0
taxi:1693:3,taxi,1693,3,user,0,train,0
taxi:1693:4,taxi,1693,4,agent,1,train,1
taxi:1693:5,taxi,1693,5,user,2,train,1
taxi:1693:6,taxi,1693,6,agent,1,train,0
taxi:1693:7,taxi,1693,7,user,0,train,0
taxi:1693:8,taxi,1693,8,agent,2,train,0
taxi:1693:9,taxi,1693,9,user,3,train,1
taxi:1693:10,taxi,1693,10,agent,2,train,0
taxi:1694:1,taxi,1694,1,user,1,train,0
taxi:1694:2,taxi,1694,2,agent,3,train,1
taxi:1694:3,taxi,1694,3,user,0,train,0
taxi:1694:4,taxi,1694,4,agent,2,train,0
taxi:1694:5,taxi,1694,5,user,2,train,0
taxi:1694:6,taxi,1694,6,agent,2,train,1
taxi:1695:1,taxi,1695,1,user,3,test,0
taxi:1695:2,taxi,1695,2,agent,3,test,1
taxi:1695:3,taxi,1695,3,user,2,test,1
taxi:1695:4,taxi,1695,4,agent,1,test,0
taxi:1695:5,taxi,1695,5,user,0,test,1
taxi:1695:6,taxi,1695,6,agent,2,test,0
taxi:1695:7,taxi,1695,7,user,2,test,0
taxi:1695:8,taxi,1695,8,agent,2,test,0
taxi:1695:9,taxi,1695,9,user,3,test,1
taxi:1696:1,taxi,1696,1,user,1,train,0
taxi:1696:2,taxi,1696,2,agent,3,train,1
taxi:1696:3,taxi,1696,3,user,3,train,1
taxi:1696:4,taxi,1696,4,agent,2,train,1
taxi:1697:1,taxi,1697,1,user,0,train,0
taxi:1697:2,taxi,1697,2,agent,3,train,1
taxi:1697:3,taxi,1697,3,user,2,train,0
taxi:1697:4,taxi,1697,4,agent,2,train,0
taxi:1697:5,taxi,1697,5,user,0,train,0
taxi:1697:6,taxi,1697,6,agent,2,train,0
taxi:1698:1,taxi,1698,1,user,2,validation,1
taxi:1698:2,taxi,1698,2,agent,3,validation,1
taxi:1698:3,taxi,1698,3,user,0,validation,1
taxi:1698:4,taxi,1698,4,agent,2,validation,0
taxi:1698:5,taxi,1698,5,user,0,validation,0
taxi:1698:6,taxi,1698,6,agent,2,validation,0
taxi:1698:7,taxi,1698,7,user,2,validation,0
taxi:1698:8,taxi,1698,8,agent,2,validation,0
taxi:1699:1,taxi,1699,1,user,3,train,1
taxi:1699:2,taxi,1699,2,agent,3,train,0
taxi:1699:3,taxi,1699,3,user,0,train,0
taxi:1699:4,taxi,1699,4,agent,2,train,0
taxi:1699:5,taxi,1699,5,user,0,train,1
taxi:1699:6,taxi,1699,6,agent,2,train,0
taxi:1700:1,taxi,1700,1,user,1,test,0
taxi:1700:2,taxi,1700,2,agent,1,test,0
taxi:1700:3,taxi,1700,3,user,0,test,0
taxi:1700:4,taxi,1700,4,agent,0,test,0
taxi:1700:5,taxi,1700,5,user,0,test,0
taxi:1700:6,taxi,1700,6,user,0,test,1
taxi:1700:7,taxi,1700,7,agent,0,test,0
taxi:1700:8,taxi,1700,8,user,2,test,0
taxi:1700:9,taxi,1700,9,agent,0,test,0
taxi:1700:10,taxi,1700,10,user,0,test,1
taxi:1700:11,taxi,1700,11,agent,2,test,0
taxi:1700:12,taxi,1700,12,user,2,test,0
taxi:1700:13,taxi,1700,13,agent,2,test,0
taxi:1700:14,taxi,1700,14,user,3,test,1
taxi:1701:1,taxi,1701,1,user,2,test,1
taxi:1701:2,taxi,1701,2,agent,3,test,1
taxi:1701:3,taxi,1701,3,user,0,test,0
taxi:1701:4,taxi,1701,4,agent,1,test,0
taxi:1701:5,taxi,1701,5,user,2,test,0
taxi:1701:6,taxi,1701,6,agent,3,test,1
taxi:1701:7,taxi,1701,7,user,3,test,1
taxi:1701:8,taxi,1701,8,agent,2,test,0
taxi:1702:1,taxi,1702,1,user,3,train,1
taxi:1702:2,taxi,1702,2,agent,3,train,1
taxi:1702:3,taxi,1702,3,user,3,train,1
taxi:1702:4,taxi,1702,4,agent,2,train,0
taxi:1702:5,taxi,1702,5,user,3,train,1
taxi:1702:6,taxi,1702,6,agent,2,train,0
taxi:1703:1,taxi,1703,1,user,1,train,0
taxi:1703:2,taxi,1703,2,agent,3,train,1
taxi:1703:3,taxi,1703,3,user,0,train,0
taxi:1703:4,taxi,1703,4,agent,1,train,0
taxi:1703:5,taxi,1703,5,user,0,train,0
taxi:1703:6,taxi,1703,6,agent,1,train,0
taxi:1703:7,taxi,1703,7,user,0,train,0
taxi:1703:8,taxi,1703,8,agent,2,train,0
taxi:1703:9,taxi,1703,9,user,0,train,0
taxi:1703:10,taxi,1703,10,agent,2,train,0
taxi:1703:11,taxi,1703,11,user,3,train,1
taxi:1704:1,taxi,1704,1,user,3,test,0
taxi:1704:2,taxi,1704,2,agent,3,test,1
taxi:1704:3,taxi,1704,3,user,0,test,1
taxi:1704:4,taxi,1704,4,agent,2,test,0
taxi:1704:5,taxi,1704,5,user,3,test,1
taxi:1704:6,taxi,1704,6,agent,2,test,0
taxi:1705:1,taxi,1705,1,user,2,validation,0
taxi:1705:2,taxi,1705,2,agent,3,validation,1
taxi:1705:3,taxi,1705,3,user,2,validation,0
taxi:1705:4,taxi,1705,4,agent,1,validation,0
taxi:1705:5,taxi,1705,5,user,0,validation,0
taxi:1705:6,taxi,1705,6,agent,2,validation,0
taxi:1705:7,taxi,1705,7,user,3,validation,1
taxi:1705:8,taxi,1705,8,agent,3,validation,1
taxi:1705:9,taxi,1705,9,user,3,validation,1
taxi:1705:10,taxi,1705,10,agent,2,validation,0
taxi:1706:1,taxi,1706,1,user,2,train,0
taxi:1706:2,taxi,1706,2,agent,3,train,1
taxi:1706:3,taxi,1706,3,user,3,train,1
taxi:1706:4,taxi,1706,4,agent,1,train,0
taxi:1706:5,taxi,1706,5,user,0,train,1
taxi:1706:6,taxi,1706,6,agent,2,train,0
taxi:1706:7,taxi,1706,7,user,2,train,0
taxi:1706:8,taxi,1706,8,agent,2,train,0
taxi:1706:9,taxi,1706,9,user,3,train,1
taxi:1706:10,taxi,1706,10,agent,2,train,0
taxi:1706:11,taxi,1706,11,user,3,train,1
taxi:1707:1,taxi,1707,1,user,1,test,0
taxi:1707:2,taxi,1707,2,agent,3,test,1
taxi:1707:3,taxi,1707,3,user,3,test,0
taxi:1707:4,taxi,1707,4,agent,1,test,0
taxi:1707:5,taxi,1707,5,user,0,test,0
taxi:1707:6,taxi,1707,6,agent,2,test,0
taxi:1707:7,taxi,1707,7,user,3,test,1
taxi:1707:8,taxi,1707,8,agent,2,test,0
taxi:1708:1,taxi,1708,1,user,1,train,0
taxi:1708:2,taxi,1708,2,agent,3,train,1
taxi:1708:3,taxi,1708,3,user,2,train,1
taxi:1708:4,taxi,1708,4,agent,1,train,0
taxi:1708:5,taxi,1708,5,user,0,train,0
taxi:1708:6,taxi,1708,6,agent,1,train,0
taxi:1708:7,taxi,1708,7,user,0,train,0
taxi:1708:8,taxi,1708,8,agent,2,train,1
taxi:1708:9,taxi,1708,9,user,0,train,0
taxi:1708:10,taxi,1708,10,agent,2,train,0
taxi:1708:11,taxi,1708,11,user,3,train,0
taxi:1709:1,taxi,1709,1,user,2,test,0
taxi:1709:2,taxi,1709,2,agent,3,test,1
taxi:1709:3,taxi,1709,3,user,2,test,0
taxi:1709:4,taxi,1709,4,agent,1,test,0
taxi:1709:5,taxi,1709,5,user,2,test,0
taxi:1709:6,taxi,1709,6,agent,2,test,0
taxi:1709:7,taxi,1709,7,user,3,test,1
taxi:1709:8,taxi,1709,8,agent,2,test,1
taxi:1709:9,taxi,1709,9,user,3,test,0
taxi:1709:10,taxi,1709,10,agent,3,test,1
taxi:1710:1,taxi,1710,1,user,1,train,0
taxi:1710:2,taxi,1710,2,agent,0,train,0
taxi:1710:3,taxi,1710,3,user,0,train,0
taxi:1710:4,taxi,1710,4,agent,0,train,0
taxi:1710:5,taxi,1710,5,user,0,train,0
taxi:1710:6,taxi,1710,6,agent,0,train,0
taxi:1710:7,taxi,1710,7,user,0,train,1
taxi:1710:8,taxi,1710,8,agent,2,train,0
taxi:1710:9,taxi,1710,9,user,0,train,0
taxi:1710:10,taxi,1710,10,agent,2,train,1
taxi:1710:11,taxi,1710,11,user,3,train,1
taxi:1711:1,taxi,1711,1,user,2,test,0
taxi:1711:2,taxi,1711,2,agent,0,test,0
taxi:1711:3,taxi,1711,3,user,0,test,0
taxi:1711:4,taxi,1711,4,agent,1,test,0
taxi:1711:5,taxi,1711,5,user,0,test,1
taxi:1711:6,taxi,1711,6,agent,1,test,0
taxi:1711:7,taxi,1711,7,user,3,test,1
taxi:1711:8,taxi,1711,8,agent,2,test,0
taxi:1711:9,taxi,1711,9,user,2,test,0
taxi:1711:10,taxi,1711,10,agent,2,test,0
taxi:1711:11,taxi,1711,11,user,3,test,1
taxi:1712:1,taxi,1712,1,user,3,train,1
taxi:1712:2,taxi,1712,2,agent,3,train,1
taxi:1712:3,taxi,1712,3,user,3,train,1
taxi:1712:4,taxi,1712,4,agent,2,train,0
taxi:1712:5,taxi,1712,5,user,0,train,1
taxi:1712:6,taxi,1712,6,agent,2,train,0
taxi:1712:7,taxi,1712,7,user,3,train,1
taxi:1713:1,taxi,1713,1,user,1,validation,0
taxi:1713:2,taxi,1713,2,agent,2,validation,0
taxi:1713:3,taxi,1713,3,user,0,validation,0
taxi:1713:4,taxi,1713,4,agent,2,validation,1
taxi:1713:5,taxi,1713,5,user,0,validation,1
taxi:1713:6,taxi,1713,6,agent,2,validation,0
taxi:1714:1,taxi,1714,1,user,1,validation,0
taxi:1714:2,taxi,1714,2,agent,2,validation,0
taxi:1714:3,taxi,1714,3,user,0,validation,0
taxi:1714:4,taxi,1714,4,agent,2,validation,1
taxi:1714:5,taxi,1714,5,user,0,validation,0
taxi:1714:6,taxi,1714,6,agent,2,validation,0
taxi:1715:1,taxi,1715,1,user,2,train,1
taxi:1715:2,taxi,1715,2,agent,3,train,0
taxi:1715:3,taxi,1715,3,user,0,train,0
taxi:1715:4,taxi,1715,4,agent,2,train,1
taxi:1715:5,taxi,1715,5,user,3,train,1
taxi:1715:6,taxi,1715,6,agent,2,train,0
taxi:1715:7,taxi,1715,7,user,3,train,0
taxi:1715:8,taxi,1715,8,agent,3,train,1
taxi:1716:1,taxi,1716,1,user,2,train,1
taxi:1716:2,taxi,1716,2,agent,3,train,1
taxi:1716:3,taxi,1716,3,user,3,train,1
taxi:1716:4,taxi,1716,4,agent,0,train,1
taxi:1716:5,taxi,1716,5,user,0,train,1
taxi:1716:6,taxi,1716,6,agent,1,train,0
taxi:1716:7,taxi,1716,7,user,2,train,1
taxi:1716:8,taxi,1716,8,agent,2,train,0
taxi:1716:9,taxi,1716,9,user,3,train,1
taxi:1716:10,taxi,1716,10,agent,2,train,0
taxi:1717:1,taxi,1717,1,user,1,train,0
taxi:1717:2,taxi,1717,2,agent,2,train,0
taxi:1717:3,taxi,1717,3,user,2,train,0
taxi:1717:4,taxi,1717,4,agent,2,train,1
taxi:1717:5,taxi,1717,5,user,0,train,0
taxi:1717:6,taxi,1717,6,agent,2,train,0
taxi:1718:1,taxi,1718,1,user,1,test,0
taxi:1718:2,taxi,1718,2,agent,0,test,0
taxi:1718:3,taxi,1718,3,user,2,test,1
taxi:1718:4,taxi,1718,4,agent,2,test,0
taxi:1718:5,taxi,1718,5,user,0,test,0
taxi:1718:6,taxi,1718,6,agent,2,test,0
taxi:1719:1,taxi,1719,1,user,3,train,1
taxi:1719:2,taxi,1719,2,agent,3,train,1
taxi:1719:3,taxi,1719,3,user,3,train,1
taxi:1719:4,taxi,1719,4,agent,2,train,1
taxi:1719:5,taxi,1719,5,user,2,train,0
taxi:1719:6,taxi,1719,6,agent,1,train,0
taxi:1719:7,taxi,1719,7,user,0,train,0
taxi:1719:8,taxi,1719,8,agent,2,train,0
taxi:1719:9,taxi,1719,9,user,3,train,1
taxi:1719:10,taxi,1719,10,agent,2,train,0
taxi:1719:11,taxi,1719,11,user,3,train,1
taxi:1720:1,taxi,1720,1,user,3,test,1
taxi:1720:2,taxi,1720,2,agent,2,test,0
taxi:1720:3,taxi,1720,3,user,2,test,0
taxi:1720:4,taxi,1720,4,agent,1,test,0
taxi:1720:5,taxi,1720,5,user,0,test,0
taxi:1720:6,taxi,1720,6,agent,2,test,0
taxi:1720:7,taxi,1720,7,user,0,test,0
taxi:1720:8,taxi,1720,8,agent,2,test,1
taxi:1720:9,taxi,1720,9,user,3,test,1
taxi:1721:1,taxi,1721,1,user,1,test,0
taxi:1721:2,taxi,1721,2,agent,1,test,0
taxi:1721:3,taxi,1721,3,user,2,test,0
taxi:1721:4,taxi,1721,4,agent,2,test,0
taxi:1721:5,taxi,1721,5,user,3,test,1
taxi:1721:6,taxi,1721,6,agent,2,test,0
taxi:1721:7,taxi,1721,7,user,3,test,1
taxi:1722:1,taxi,1722,1,user,3,train,0
taxi:1722:2,taxi,1722,2,agent,3,train,1
taxi:1722:3,taxi,1722,3,user,3,train,1
taxi:1722:4,taxi,1722,4,agent,2,train,0
taxi:1722:5,taxi,1722,5,user,3,train,0
taxi:1722:6,taxi,1722,6,agent,2,train,0
taxi:1722:7,taxi,1722,7,user,0,train,0
taxi:1722:8,taxi,1722,8,agent,2,train,0
taxi:1722:9,taxi,1722,9,user,3,train,0
taxi:1723:1,taxi,1723,1,user,2,test,0
taxi:1723:2,taxi,1723,2,agent,2,test,1
taxi:1723:3,taxi,1723,3,user,3,test,1
taxi:1723:4,taxi,1723,4,agent,2,test,0
taxi:1723:5,taxi,1723,5,user,3,test,0
taxi:1723:6,taxi,1723,6,agent,2,test,0
taxi:1723:7,taxi,1723,7,user,3,test,1
taxi:1724:1,taxi,1724,1,user,1,train,0
taxi:1724:2,taxi,1724,2,agent,3,train,0
taxi:1724:3,taxi,1724,3,user,0,train,0
taxi:1724:4,taxi,1724,4,agent,2,train,0
taxi:1724:5,taxi,1724,5,user,0,train,0
taxi:1724:6,taxi,1724,6,agent,2,train,0
taxi:1725:1,taxi,1725,1,user,2,test,0
taxi:1725:2,taxi,1725,2,agent,3,test,1
taxi:1725:3,taxi,1725,3,user,2,test,1
taxi:1725:4,taxi,1725,4,agent,0,test,0
taxi:1725:5,taxi,1725,5,user,0,test,0
taxi:1725:6,taxi,1725,6,agent,2,test,0
taxi:1725:7,taxi,1725,7,user,2,test,0
taxi:1725:8,taxi,1725,8,agent,2,test,0
taxi:1725:9,taxi,1725,9,user,3,test,0
taxi:1725:10,taxi,1725,10,agent,2,test,0
taxi:1726:1,taxi,1726,1,user,3,test,1
taxi:1726:2,taxi,1726,2,agent,3,test,1
taxi:1726:3,taxi,1726,3,user,0,test,0
taxi:1726:4,taxi,1726,4,agent,1,test,0
taxi:1726:5,taxi,1726,5,user,0,test,1
taxi:1726:6,taxi,1726,6,agent,2,test,0
taxi:1726:7,taxi,1726,7,user,0,test,1
taxi:1726:8,taxi,1726,8,agent,2,test,0
taxi:1726:9,taxi,1726,9,user,3,test,1
taxi:1727:1,taxi,1727,1,user,3,validation,0
taxi:1727:2,taxi,1727,2,agent,3,validation,1
taxi:1727:3,taxi,1727,3,user,2,validation,0
taxi:1727:4,taxi,1727,4,agent,1,validation,0
taxi:1727:5,taxi,1727,5,user,0,validation,0
taxi:1727:6,taxi,1727,6,agent,2,validation,1
taxi:1727:7,taxi,1727,7,user,0,validation,0
taxi:1727:8,taxi,1727,8,agent,2,validation,1
taxi:1727:9,taxi,1727,9,agent,3,validation,0
taxi:1728:1,taxi,1728,1,user,0,train,1
taxi:1728:2,taxi,1728,2,agent,2,train,0
taxi:1728:3,taxi,1728,3,user,0,train,0
taxi:1728:4,taxi,1728,4,agent,3,train,1
taxi:1728:5,taxi,1728,5,user,0,train,1
taxi:1728:6,taxi,1728,6,agent,2,train,0
taxi:1728:7,taxi,1728,7,user,0,train,1
taxi:1728:8,taxi,1728,8,agent,2,train,0
taxi:1728:9,taxi,1728,9,user,0,train,0
taxi:1728:10,taxi,1728,10,agent,2,train,0
taxi:1728:11,taxi,1728,11,user,3,train,0
taxi:1729:1,taxi,1729,1,user,3,train,1
taxi:1729:2,taxi,1729,2,agent,3,train,0
taxi:1729:3,taxi,1729,3,user,0,train,1
taxi:1729:4,taxi,1729,4,agent,1,train,0
taxi:1729:5,taxi,1729,5,user,0,train,0
taxi:1729:6,taxi,1729,6,agent,2,train,0
taxi:1729:7,taxi,1729,7,user,0,train,1
taxi:1729:8,taxi,1729,8,agent,2,train,0
taxi:1729:9,taxi,1729,9,user,3,train,1
taxi:1730:1,taxi,1730,1,user,1,train,0
taxi:1730:2,taxi,1730,2,agent,3,train,1
taxi:1730:3,taxi,1730,3,user,0,train,0
taxi:1730:4,taxi,1730,4,agent,3,train,1
taxi:1730:5,taxi,1730,5,user,0,train,1
taxi:1730:6,taxi,1730,6,agent,2,train,0
taxi:1730:7,taxi,1730,7,user,0,train,0
taxi:1730:8,taxi,1730,8,agent,2,train,1
taxi:1730:9,taxi,1730,9,user,0,train,0
taxi:1730:10,taxi,1730,10,agent,2,train,0
taxi:1730:11,taxi,1730,11,user,3,train,1
taxi:1731:1,taxi,1731,1,user,3,train,1
taxi:1731:2,taxi,1731,2,agent,2,train,0
taxi:1731:3,taxi,1731,3,user,3,train,0
taxi:1731:4,taxi,1731,4,agent,2,train,0
taxi:1731:5,taxi,1731,5,user,0,train,0
taxi:1731:6,taxi,1731,6,agent,2,train,0
taxi:1731:7,taxi,1731,7,user,0,train,0
taxi:1731:8,taxi,1731,8,agent,2,train,0
taxi:1731:9,taxi,1731,9,user,3,train,1
taxi:1731:10,taxi,1731,10,agent,2,train,0
taxi:1731:11,taxi,1731,11,user,3,train,1
taxi:1732:1,taxi,1732,1,user,1,test,1
taxi:1732:2,taxi,1732,2,agent,3,test,0
taxi:1732:3,taxi,1732,3,user,2,test,0
taxi:1732:4,taxi,1732,4,agent,3,test,1
taxi:1732:5,taxi,1732,5,user,0,test,0
taxi:1732:6,taxi,1732,6,agent,2,test,0
taxi:1732:7,taxi,1732,7,user,0,test,0
taxi:1732:8,taxi,1732,8,agent,2,test,0
taxi:1732:9,taxi,1732,9,user,2,test,0
taxi:1732:10,taxi,1732,10,agent,2,test,0
taxi:1732:11,taxi,1732,11,user,3,test,1
taxi:1733:1,taxi,1733,1,user,1,train,1
taxi:1733:2,taxi,1733,2,agent,2,train,0
taxi:1733:3,taxi,1733,3,user,0,train,0
taxi:1733:4,taxi,1733,4,agent,2,train,0
taxi:1733:5,taxi,1733,5,user,0,train,0
taxi:1733:6,taxi,1733,6,agent,2,train,0
taxi:1734:1,taxi,1734,1,user,1,train,0
taxi:1734:2,taxi,1734,2,agent,0,train,0
taxi:1734:3,taxi,1734,3,user,0,train,1
taxi:1734:4,taxi,1734,4,agent,1,train,0
taxi:1734:5,taxi,1734,5,user,0,train,0
taxi:1734:6,taxi,1734,6,agent,0,train,0
taxi:1734:7,taxi,1734,7,user,0,train,0
taxi:1734:8,taxi,1734,8,agent,0,train,0
taxi:1734:9,taxi,1734,9,user,0,train,1
taxi:1734:10,taxi,1734,10,agent,2,train,0
taxi:1734:11,taxi,1734,11,user,2,train,0
taxi:1734:12,taxi,1734,12,agent,2,train,1
taxi:1734:13,taxi,1734,13,user,3,train,1
taxi:1734:14,taxi,1734,14,agent,2,train,0
taxi:1734:15,taxi,1734,15,user,3,train,1
taxi:1735:1,taxi,1735,1,user,0,train,1
taxi:1735:2,taxi,1735,2,agent,3,train,1
taxi:1735:3,taxi,1735,3,user,2,train,0
taxi:1735:4,taxi,1735,4,agent,2,train,0
taxi:1735:5,taxi,1735,5,user,0,train,0
taxi:1735:6,taxi,1735,6,agent,2,train,0
taxi:1736:1,taxi,1736,1,user,1,train,0
taxi:1736:2,taxi,1736,2,agent,3,train,1
taxi:1736:3,taxi,1736,3,user,0,train,0
taxi:1736:4,taxi,1736,4,agent,2,train,0
taxi:1736:5,taxi,1736,5,user,0,train,0
taxi:1736:6,taxi,1736,6,agent,2,train,0
taxi:1736:7,taxi,1736,7,user,0,train,0
taxi:1736:8,taxi,1736,8,agent,2,train,0
taxi:1736:9,taxi,1736,9,user,3,train,1
taxi:1737:1,taxi,1737,1,user,0,test,0
taxi:1737:2,taxi,1737,2,agent,3,test,0
taxi:1737:3,taxi,1737,3,user,0,test,0
taxi:1737:4,taxi,1737,4,agent,2,test,0
taxi:1737:5,taxi,1737,5,user,0,test,0
taxi:1737:6,taxi,1737,6,agent,2,test,0
taxi:1737:7,taxi,1737,7,user,0,test,1
taxi:1737:8,taxi,1737,8,agent,2,test,0
taxi:1737:9,taxi,1737,9,user,0,test,0
taxi:1737:10,taxi,1737,10,agent,2,test,0
taxi:1737:11,taxi,1737,11,user,0,test,0
taxi:1737:12,taxi,1737,12,agent,2,test,0
taxi:1738:1,taxi,1738,1,user,1,train,0
taxi:1738:2,taxi,1738,2,agent,3,train,1
taxi:1738:3,taxi,1738,3,user,2,train,0
taxi:1738:4,taxi,1738,4,agent,2,train,0
taxi:1738:5,taxi,1738,5,user,0,train,1
taxi:1738:6,taxi,1738,6,agent,2,train,0
taxi:1738:7,taxi,1738,7,user,0,train,0
taxi:1738:8,taxi,1738,8,agent,2,train,0
taxi:1738:9,taxi,1738,9,user,2,train,1
taxi:1738:10,taxi,1738,10,agent,2,train,0
taxi:1739:1,taxi,1739,1,user,3,test,1
taxi:1739:2,taxi,1739,2,agent,2,test,0
taxi:1739:3,taxi,1739,3,user,3,test,1
taxi:1739:4,taxi,1739,4,agent,2,test,0
taxi:1740:1,taxi,1740,1,user,3,validation,0
taxi:1740:2,taxi,1740,2,agent,3,validation,1
taxi:1740:3,taxi,1740,3,user,3,validation,1
taxi:1740:4,taxi,1740,4,agent,2,validation,0
taxi:1740:5,taxi,1740,5,user,3,validation,1
taxi:1740:6,taxi,1740,6,agent,2,validation,0
taxi:1740:7,taxi,1740,7,user,3,validation,1
taxi:1741:1,taxi,1741,1,user,1,train,1
taxi:1741:2,taxi,1741,2,agent,2,train,0
taxi:1741:3,taxi,1741,3,user,0,train,0
taxi:1741:4,taxi,1741,4,agent,2,train,0
taxi:1741:5,taxi,1741,5,user,2,train,0
taxi:1741:6,taxi,1741,6,agent,2,train,1
taxi:1742:1,taxi,1742,1,user,1,train,1
taxi:1742:2,taxi,1742,2,agent,3,train,1
taxi:1742:3,taxi,1742,3,user,0,train,0
taxi:1742:4,taxi,1742,4,agent,2,train,0
taxi:1742:5,taxi,1742,5,user,0,train,0
taxi:1742:6,taxi,1742,6,agent,2,train,0
taxi:1742:7,taxi,1742,7,user,0,train,1
taxi:1742:8,taxi,1742,8,agent,2,train,0
taxi:1742:9,taxi,1742,9,user,3,train,1
taxi:1743:1,taxi,1743,1,user,1,train,0
taxi:1743:2,taxi,1743,2,agent,3,train,1
taxi:1743:3,taxi,1743,3,user,0,train,1
taxi:1743:4,taxi,1743,4,agent,2,train,0
taxi:1743:5,taxi,1743,5,user,0,train,0
taxi:1743:6,taxi,1743,6,agent,2,train,0
taxi:1743:7,taxi,1743,7,user,0,train,0
taxi:1743:8,taxi,1743,8,agent,2,train,0
taxi:1743:9,taxi,1743,9,user,2,train,0
taxi:1743:10,taxi,1743,10,agent,2,train,0
taxi:1743:11,taxi,1743,11,agent,3,train,1
taxi:1744:1,taxi,1744,1,user,3,train,1
taxi:1744:2,taxi,1744,2,agent,3,train,1
taxi:1744:3,taxi,1744,3,user,0,train,0
taxi:1744:4,taxi,1744,4,agent,1,train,0
taxi:1744:5,taxi,1744,5,user,0,train,0
taxi:1744:6,taxi,1744,6,agent,2,train,1
taxi:1744:7,taxi,1744,7,user,0,train,0
taxi:1744:8,taxi,1744,8,agent,2,train,0
taxi:1744:9,taxi,1744,9,user,3,train,0
taxi:1745:1,taxi,1745,1,user,3,train,1
taxi:1745:2,taxi,1745,2,agent,2,train,1
taxi:1745:3,taxi,1745,3,user,3,train,1
taxi:1745:4,taxi,1745,4,agent,1,train,0
taxi:1745:5,taxi,1745,5,user,3,train,0
taxi:1745:6,taxi,1745,6,agent,3,train,1
taxi:1745:7,taxi,1745,7,user,3,train,0
taxi:1745:8,taxi,1745,8,agent,2,train,1
taxi:1745:9,taxi,1745,9,user,1,train,0
taxi:1745:10,taxi,1745,10,agent,3,train,1
taxi:1745:11,taxi,1745,11,user,2,train,0
taxi:1746:1,taxi,1746,1,user,1,train,0
taxi:1746:2,taxi,1746,2,agent,0,train,0
taxi:1746:3,taxi,1746,3,user,0,train,0
taxi:1746:4,taxi,1746,4,agent,0,train,0
taxi:1746:5,taxi,1746,5,user,0,train,0
taxi:1746:6,taxi,1746,6,agent,2,train,0
taxi:1746:7,taxi,1746,7,user,0,train,0
taxi:1746:8,taxi,1746,8,agent,1,train,1
taxi:1746:9,taxi,1746,9,user,2,train,0
taxi:1746:10,taxi,1746,10,agent,2,train,0
taxi:1746:11,taxi,1746,11,user,3,train,1
taxi:1747:1,taxi,1747,1,user,2,test,0
taxi:1747:2,taxi,1747,2,agent,2,test,0
taxi:1747:3,taxi,1747,3,user,0,test,0
taxi:1747:4,taxi,1747,4,agent,1,test,0
taxi:1747:5,taxi,1747,5,user,0,test,1
taxi:1747:6,taxi,1747,6,agent,2,test,0
taxi:1747:7,taxi,1747,7,user,0,test,0
taxi:1747:8,taxi,1747,8,agent,1,test,0
taxi:1747:9,taxi,1747,9,user,0,test,0
taxi:1747:10,taxi,1747,10,agent,2,test,0
taxi:1747:11,taxi,1747,11,user,3,test,1
taxi:1748:1,taxi,1748,1,user,1,validation,0
taxi:1748:2,taxi,1748,2,agent,3,validation,1
taxi:1748:3,taxi,1748,3,user,0,validation,0
taxi:1748:4,taxi,1748,4,agent,2,validation,0
taxi:1748:5,taxi,1748,5,user,0,validation,1
taxi:1748:6,taxi,1748,6,agent,2,validation,0
taxi:1748:7,taxi,1748,7,user,0,validation,0
taxi:1748:8,taxi,1748,8,agent,2,validation,0
taxi:1748:9,taxi,1748,9,user,3,validation,1
taxi:1749:1,taxi,1749,1,user,3,validation,1
taxi:1749:2,taxi,1749,2,agent,3,validation,1
taxi:1749:3,taxi,1749,3,user,0,validation,0
taxi:1749:4,taxi,1749,4,agent,1,validation,0
taxi:1749:5,taxi,1749,5,user,0,validation,0
taxi:1749:6,taxi,1749,6,agent,2,validation,0
taxi:1749:7,taxi,1749,7,user,0,validation,1
taxi:1749:8,taxi,1749,8,agent,2,validation,1
taxi:1749:9,taxi,1749,9,user,3,validation,1
taxi:1750:1,taxi,1750,1,user,1,train,0
taxi:1750:2,taxi,1750,2,agent,3,train,0
taxi:1750:3,taxi,1750,3,user,0,train,0
taxi:1750:4,taxi,1750,4,agent,1,train,0
taxi:1750:5,taxi,1750,5,user,2,train,0
taxi:1750:6,taxi,1750,6,agent,2,train,0
taxi:1750:7,taxi,1750,7,user,3,train,0
taxi:1750:8,taxi,1750,8,agent,2,train,0
taxi:1751:1,taxi,1751,1,user,1,train,1
taxi:1751:2,taxi,1751,2,agent,2,train,0
taxi:1751:3,taxi,1751,3,user,0,train,0
taxi:1751:4,taxi,1751,4,agent,2,train,0
taxi:1751:5,taxi,1751,5,user,0,train,0
taxi:1751:6,taxi,1751,6,agent,2,train,0
taxi:1751:7,taxi,1751,7,user,0,train,0
taxi:1751:8,taxi,1751,8,agent,2,train,1
taxi:1751:9,taxi,1751,9,user,0,train,0
taxi:1751:10,taxi,1751,10,agent,2,train,0
taxi:1751:11,taxi,1751,11,user,3,train,0
taxi:1752:1,taxi,1752,1,user,1,train,0
taxi:1752:2,taxi,1752,2,agent,0,train,0
taxi:1752:3,taxi,1752,3,user,0,train,0
taxi:1752:4,taxi,1752,4,agent,1,train,0
taxi:1752:5,taxi,1752,5,user,0,train,0
taxi:1752:6,taxi,1752,6,agent,2,train,0
taxi:1752:7,taxi,1752,7,user,0,train,0
taxi:1752:8,taxi,1752,8,agent,1,train,0
taxi:1752:9,taxi,1752,9,user,0,train,0
taxi:1752:10,taxi,1752,10,agent,2,train,1
taxi:1752:11,taxi,1752,11,user,3,train,1
taxi:1753:1,taxi,1753,1,user,2,test,0
taxi:1753:2,taxi,1753,2,agent,3,test,1
taxi:1753:3,taxi,1753,3,user,3,test,0
taxi:1753:4,taxi,1753,4,agent,2,test,0
taxi:1753:5,taxi,1753,5,user,3,test,0
taxi:1753:6,taxi,1753,6,agent,2,test,0
taxi:1753:7,taxi,1753,7,user,3,test,1
taxi:1753:8,taxi,1753,8,agent,3,test,1
taxi:1754:1,taxi,1754,1,user,1,train,1
taxi:1754:2,taxi,1754,2,agent,3,train,1
taxi:1754:3,taxi,1754,3,user,0,train,0
taxi:1754:4,taxi,1754,4,agent,0,train,0
taxi:1754:5,taxi,1754,5,user,0,train,1
taxi:1754:6,taxi,1754,6,agent,1,train,0
taxi:1754:7,taxi,1754,7,user,2,train,0
taxi:1754:8,taxi,1754,8,agent,1,train,0
taxi:1754:9,taxi,1754,9,user,0,train,0
taxi:1754:10,taxi,1754,10,agent,2,train,0
taxi:1754:11,taxi,1754,11,user,0,train,0
taxi:1754:12,taxi,1754,12,agent,2,train,1
taxi:1754:13,taxi,1754,13,user,3,train,1
taxi:1755:1,taxi,1755,1,user,3,validation,1
taxi:1755:2,taxi,1755,2,agent,3,validation,1
taxi:1755:3,taxi,1755,3,user,2,validation,1
taxi:1755:4,taxi,1755,4,agent,1,validation,0
taxi:1755:5,taxi,1755,5,user,0,validation,0
taxi:1755:6,taxi,1755,6,agent,2,validation,1
taxi:1755:7,taxi,1755,7,user,2,validation,1
taxi:1755:8,taxi,1755,8,agent,2,validation,0
taxi:1755:9,taxi,1755,9,user,3,validation,1
taxi:1756:1,taxi,1756,1,user,3,train,1
taxi:1756:2,taxi,1756,2,agent,3,train,1
taxi:1756:3,taxi,1756,3,user,2,train,0
taxi:1756:4,taxi,1756,4,agent,2,train,1
taxi:1756:5,taxi,1756,5,user,3,train,1
taxi:1756:6,taxi,1756,6,agent,2,train,1
taxi:1757:1,taxi,1757,1,user,1,test,0
taxi:1757:2,taxi,1757,2,agent,3,test,0
taxi:1757:3,taxi,1757,3,user,2,test,1
taxi:1757:4,taxi,1757,4,agent,0,test,0
taxi:1757:5,taxi,1757,5,user,2,test,1
taxi:1757:6,taxi,1757,6,agent,1,test,1
taxi:1757:7,taxi,1757,7,user,2,test,0
taxi:1757:8,taxi,1757,8,agent,2,test,0
taxi:1757:9,taxi,1757,9,user,3,test,1
taxi:1757:10,taxi,1757,10,agent,3,test,0
taxi:1758:1,taxi,1758,1,user,2,train,1
taxi:1758:2,taxi,1758,2,agent,2,train,1
taxi:1758:3,taxi,1758,3,user,3,train,1
taxi:1758:4,taxi,1758,4,agent,2,train,1
taxi:1759:1,taxi,1759,1,user,1,train,1
taxi:1759:2,taxi,1759,2,agent,2,train,0
taxi:1759:3,taxi,1759,3,user,2,train,0
taxi:1759:4,taxi,1759,4,agent,2,train,0
taxi:1760:1,taxi,1760,1,user,1,train,0
taxi:1760:2,taxi,1760,2,agent,2,train,0
taxi:1760:3,taxi,1760,3,user,2,train,0
taxi:1760:4,taxi,1760,4,agent,2,train,0
taxi:1760:5,taxi,1760,5,user,0,train,0
taxi:1760:6,taxi,1760,6,agent,2,train,0
taxi:1761:1,taxi,1761,1,user,1,train,0
taxi:1761:2,taxi,1761,2,agent,2,train,0
taxi:1761:3,taxi,1761,3,user,3,train,0
taxi:1761:4,taxi,1761,4,agent,2,train,0
taxi:1762:1,taxi,1762,1,user,1,test,0
taxi:1762:2,taxi,1762,2,agent,3,test,1
taxi:1762:3,taxi,1762,3,user,0,test,1
taxi:1762:4,taxi,1762,4,agent,1,test,0
taxi:1762:5,taxi,1762,5,user,0,test,1
taxi:1762:6,taxi,1762,6,agent,2,test,0
taxi:1762:7,taxi,1762,7,user,0,test,0
taxi:1762:8,taxi,1762,8,agent,2,test,0
taxi:1763:1,taxi,1763,1,user,2,train,0
taxi:1763:2,taxi,1763,2,agent,2,train,0
taxi:1763:3,taxi,1763,3,user,2,train,0
taxi:1763:4,taxi,1763,4,agent,2,train,0
taxi:1764:1,taxi,1764,1,user,2,train,0
taxi:1764:2,taxi,1764,2,agent,2,train,0
taxi:1764:3,taxi,1764,3,user,3,train,1
taxi:1764:4,taxi,1764,4,agent,2,train,0
taxi:1765:1,taxi,1765,1,user,1,test,0
taxi:1765:2,taxi,1765,2,agent,2,test,0
taxi:1765:3,taxi,1765,3,user,2,test,0
taxi:1765:4,taxi,1765,4,agent,2,test,1
taxi:1765:5,taxi,1765,5,user,0,test,1
taxi:1765:6,taxi,1765,6,agent,2,test,0
taxi:1765:7,taxi,1765,7,user,3,test,1
taxi:1765:8,taxi,1765,8,agent,2,test,0
taxi:1766:1,taxi,1766,1,user,3,train,1
taxi:1766:2,taxi,1766,2,agent,3,train,1
taxi:1766:3,taxi,1766,3,user,0,train,0
taxi:1766:4,taxi,1766,4,agent,2,train,1
taxi:1766:5,taxi,1766,5,user,0,train,0
taxi:1766:6,taxi,1766,6,agent,2,train,0
taxi:1767:1,taxi,1767,1,user,2,train,0
taxi:1767:2,taxi,1767,2,agent,2,train,1
taxi:1767:3,taxi,1767,3,user,3,train,0
taxi:1767:4,taxi,1767,4,agent,2,train,1
taxi:1767:5,taxi,1767,5,user,3,train,1
taxi:1768:1,taxi,1768,1,user,3,train,1
taxi:1768:2,taxi,1768,2,agent,2,train,1
taxi:1768:3,taxi,1768,3,user,2,train,1
taxi:1768:4,taxi,1768,4,agent,1,train,0
taxi:1768:5,taxi,1768,5,user,0,train,0
taxi:1768:6,taxi,1768,6,agent,2,train,0
taxi:1768:7,taxi,1768,7,user,3,train,1
taxi:1768:8,taxi,1768,8,agent,2,train,0
taxi:1769:1,taxi,1769,1,user,3,train,1
taxi:1769:2,taxi,1769,2,agent,3,train,1
taxi:1769:3,taxi,1769,3,user,0,train,0
taxi:1769:4,taxi,1769,4,agent,2,train,0
taxi:1769:5,taxi,1769,5,user,0,train,0
taxi:1769:6,taxi,1769,6,agent,2,train,1
taxi:1770:1,taxi,1770,1,user,2,test,0
taxi:1770:2,taxi,1770,2,agent,3,test,0
taxi:1770:3,taxi,1770,3,user,0,test,0
taxi:1770:4,taxi,1770,4,agent,0,test,0
taxi:1770:5,taxi,1770,5,user,0,test,0
taxi:1770:6,taxi,1770,6,agent,0,test,0
taxi:1770:7,taxi,1770,7,user,3,test,1
taxi:1770:8,taxi,1770,8,agent,2,test,0
taxi:1770:9,taxi,1770,9,user,3,test,1
taxi:1770:10,taxi,1770,10,agent,2,test,0
taxi:1770:11,taxi,1770,11,user,3,test,0
taxi:1771:1,taxi,1771,1,user,1,train,0
taxi:1771:2,taxi,1771,2,agent,3,train,1
taxi:1771:3,taxi,1771,3,user,0,train,0
taxi:1771:4,taxi,1771,4,agent,2,train,0
taxi:1771:5,taxi,1771,5,user,0,train,1
taxi:1771:6,taxi,1771,6,agent,2,train,1
taxi:1772:1,taxi,1772,1,user,2,train,0
taxi:1772:2,taxi,1772,2,agent,2,train,0
taxi:1772:3,taxi,1772,3,user,2,train,0
taxi:1772:4,taxi,1772,4,agent,2,train,0
taxi:1773:1,taxi,1773,1,user,2,train,0
taxi:1773:2,taxi,1773,2,agent,2,train,0
taxi:1773:3,taxi,1773,3,user,3,train,1
taxi:1773:4,taxi,1773,4,agent,2,train,1
taxi:1774:1,taxi,1774,1,user,2,test,0
taxi:1774:2,taxi,1774,2,agent,3,test,0
taxi:1774:3,taxi,1774,3,user,2,test,0
taxi:1774:4,taxi,1774,4,agent,2,test,1
taxi:1774:5,taxi,1774,5,user,3,test,1
taxi:1774:6,taxi,1774,6,agent,2,test,0
taxi:1774:7,taxi,1774,7,user,3,test,1
taxi:1774:8,taxi,1774,8,agent,3,test,0
taxi:1775:1,taxi,1775,1,user,2,train,0
taxi:1775:2,taxi,1775,2,agent,3,train,0
taxi:1775:3,taxi,1775,3,user,0,train,0
taxi:1775:4,taxi,1775,4,agent,2,train,1
taxi:1775:5,taxi,1775,5,user,0,train,0
taxi:1775:6,taxi,1775,6,agent,2,train,0
taxi:1775:7,taxi,1775,7,user,3,train,1
taxi:1775:8,taxi,1775,8,agent,2,train,0
taxi:1776:1,taxi,1776,1,user,2,validation,0
taxi:1776:2,taxi,1776,2,agent,3,validation,1
taxi:1776:3,taxi,1776,3,user,0,validation,1
taxi:1776:4,taxi,1776,4,agent,2,validation,0
taxi:1776:5,taxi,1776,5,user,3,validation,1
taxi:1776:6,taxi,1776,6,agent,2,validation,0
taxi:1776:7,taxi,1776,7,user,3,validation,1
taxi:1777:1,taxi,1777,1,user,2,test,0
taxi:1777:2,taxi,1777,2,agent,2,test,0
taxi:1777:3,taxi,1777,3,user,3,test,0
taxi:1777:4,taxi,1777,4,agent,2,test,0
taxi:1778:1,taxi,1778,1,user,3,train,1
taxi:1778:2,taxi,1778,2,agent,2,train,1
taxi:1778:3,taxi,1778,3,user,3,train,0
taxi:1778:4,taxi,1778,4,agent,2,train,0
taxi:1778:5,taxi,1778,5,user,3,train,0
taxi:1778:6,taxi,1778,6,agent,2,train,1
taxi:1778:7,taxi,1778,7,user,3,train,0
taxi:1779:1,taxi,1779,1,user,2,test,0
taxi:1779:2,taxi,1779,2,agent,3,test,0
taxi:1779:3,taxi,1779,3,user,2,test,0
taxi:1779:4,taxi,1779,4,agent,2,test,0
taxi:1779:5,taxi,1779,5,user,3,test,0
taxi:1779:6,taxi,1779,6,agent,2,test,0
taxi:1779:7,taxi,1779,7,user,3,test,1
taxi:1780:1,taxi,1780,1,user,3,test,0
taxi:1780:2,taxi,1780,2,agent,3,test,0
taxi:1780:3,taxi,1780,3,user,2,test,0
taxi:1780:4,taxi,1780,4,agent,2,test,0
taxi:1780:5,taxi,1780,5,user,3,test,1
taxi:1780:6,taxi,1780,6,agent,2,test,0
taxi:1780:7,taxi,1780,7,user,3,test,0
taxi:1781:1,taxi,1781,1,user,2,train,1
taxi:1781:2,taxi,1781,2,agent,3,train,0
taxi:1781:3,taxi,1781,3,user,2,train,0
taxi:1781:4,taxi,1781,4,agent,2,train,0
taxi:1781:5,taxi,1781,5,user,0,train,0
taxi:1781:6,taxi,1781,6,agent,2,train,0
taxi:1781:7,taxi,1781,7,user,3,train,1
taxi:1781:8,taxi,1781,8,agent,2,train,0
taxi:1782:1,taxi,1782,1,user,2,train,0
taxi:1782:2,taxi,1782,2,agent,3,train,1
taxi:1782:3,taxi,1782,3,user,3,train,1
taxi:1782:4,taxi,1782,4,agent,2,train,0
taxi:1782:5,taxi,1782,5,user,3,train,0
taxi:1782:6,taxi,1782,6,agent,2,train,0
taxi:1782:7,taxi,1782,7,user,3,train,1
taxi:1783:1,taxi,1783,1,user,1,train,0
taxi:1783:2,taxi,1783,2,agent,3,train,1
taxi:1783:3,taxi,1783,3,user,0,train,0
taxi:1783:4,taxi,1783,4,agent,2,train,1
taxi:1783:5,taxi,1783,5,user,0,train,0
taxi:1783:6,taxi,1783,6,agent,2,train,1
taxi:1784:1,taxi,1784,1,user,2,train,1
taxi:1784:2,taxi,1784,2,agent,2,train,0
taxi:1784:3,taxi,1784,3,user,3,train,0
taxi:1784:4,taxi,1784,4,agent,2,train,0
taxi:1785:1,taxi,1785,1,user,1,train,1
taxi:1785:2,taxi,1785,2,agent,0,train,0
taxi:1785:3,taxi,1785,3,user,0,train,0
taxi:1785:4,taxi,1785,4,agent,1,train,0
taxi:1785:5,taxi,1785,5,user,2,train,0
taxi:1785:6,taxi,1785,6,agent,2,train,0
taxi:1785:7,taxi,1785,7,user,2,train,0
taxi:1785:8,taxi,1785,8,agent,2,train,0
taxi:1785:9,taxi,1785,9,user,3,train,1
taxi:1785:10,taxi,1785,10,agent,2,train,1
taxi:1785:11,taxi,1785,11,user,3,train,0
taxi:1786:1,taxi,1786,1,user,2,train,0
taxi:1786:2,taxi,1786,2,agent,3,train,0
taxi:1786:3,taxi,1786,3,user,3,train,1
taxi:1786:4,taxi,1786,4,agent,2,train,0
taxi:1786:5,taxi,1786,5,user,3,train,1
taxi:1786:6,taxi,1786,6,agent,2,train,0
taxi:1786:7,taxi,1786,7,user,3,train,0
taxi:1787:1,taxi,1787,1,user,3,validation,1
taxi:1787:2,taxi,1787,2,agent,3,validation,1
taxi:1787:3,taxi,1787,3,user,3,validation,1
taxi:1787:4,taxi,1787,4,agent,2,validation,1
taxi:1787:5,taxi,1787,5,user,0,validation,0
taxi:1787:6,taxi,1787,6,agent,2,validation,0
taxi:1787:7,taxi,1787,7,user,2,validation,0
taxi:1787:8,taxi,1787,8,agent,2,validation,1
taxi:1787:9,taxi,1787,9,user,3,validation,0
taxi:1787:10,taxi,1787,10,agent,2,validation,0
taxi:1787:11,taxi,1787,11,user,3,validation,1
taxi:1787:12,taxi,1787,12,agent,3,validation,1
taxi:1788:1,taxi,1788,1,user,3,train,0
taxi:1788:2,taxi,1788,2,agent,3,train,1
taxi:1788:3,taxi,1788,3,user,3,train,1
taxi:1788:4,taxi,1788,4,agent,2,train,0
taxi:1788:5,taxi,1788,5,user,3,train,0
taxi:1788:6,taxi,1788,6,agent,2,train,0
taxi:1788:7,taxi,1788,7,user,3,train,0
taxi:1789:1,taxi,1789,1,user,2,train,0
taxi:1789:2,taxi,1789,2,agent,2,train,0
taxi:1789:3,taxi,1789,3,user,3,train,1
taxi:1789:4,taxi,1789,4,agent,2,train,0
taxi:1790:1,taxi,1790,1,user,2,train,0
taxi:1790:2,taxi,1790,2,user,3,train,0
taxi:1790:3,taxi,1790,3,agent,2,train,1
taxi:1790:4,taxi,1790,4,user,3,train,1
taxi:1790:5,taxi,1790,5,agent,2,train,0
taxi:1791:1,taxi,1791,1,user,3,test,1
taxi:1791:2,taxi,1791,2,agent,3,test,1
taxi:1791:3,taxi,1791,3,agent,2,test,1
taxi:1791:4,taxi,1791,4,user,3,test,0
taxi:1791:5,taxi,1791,5,agent,2,test,0
taxi:1791:6,taxi,1791,6,user,3,test,0
taxi:1791:7,taxi,1791,7,agent,2,test,1
taxi:1792:1,taxi,1792,1,user,1,train,0
taxi:1792:2,taxi,1792,2,agent,3,train,0
taxi:1792:3,taxi,1792,3,user,3,train,0
taxi:1792:4,taxi,1792,4,agent,2,train,0
taxi:1792:5,taxi,1792,5,user,0,train,1
taxi:1792:6,taxi,1792,6,agent,2,train,0
taxi:1792:7,taxi,1792,7,user,3,train,1
taxi:1792:8,taxi,1792,8,agent,3,train,1
taxi:1792:9,taxi,1792,9,user,3,train,1
taxi:1793:1,taxi,1793,1,user,3,train,1
taxi:1793:2,taxi,1793,2,agent,3,train,0
taxi:1793:3,taxi,1793,3,user,0,train,0
taxi:1793:4,taxi,1793,4,agent,2,train,0
taxi:1793:5,taxi,1793,5,user,3,train,1
taxi:1793:6,taxi,1793,6,agent,2,train,0
taxi:1793:7,taxi,1793,7,user,3,train,0
taxi:1794:1,taxi,1794,1,user,3,train,1
taxi:1794:2,taxi,1794,2,agent,2,train,1
taxi:1794:3,taxi,1794,3,user,3,train,1
taxi:1794:4,taxi,1794,4,agent,2,train,0
taxi:1795:1,taxi,1795,1,user,2,train,0
taxi:1795:2,taxi,1795,2,agent,2,train,0
taxi:1795:3,taxi,1795,3,user,2,train,0
taxi:1795:4,taxi,1795,4,agent,2,train,0
taxi:1796:1,taxi,1796,1,user,2,train,1
taxi:1796:2,taxi,1796,2,agent,3,train,1
taxi:1796:3,taxi,1796,3,user,3,train,1
taxi:1796:4,taxi,1796,4,agent,2,train,0
taxi:1796:5,taxi,1796,5,user,3,train,0
taxi:1796:6,taxi,1796,6,agent,2,train,0
taxi:1797:1,taxi,1797,1,user,2,train,0
taxi:1797:2,taxi,1797,2,agent,2,train,0
taxi:1797:3,taxi,1797,3,user,3,train,0
taxi:1797:4,taxi,1797,4,agent,2,train,1
taxi:1798:1,taxi,1798,1,user,2,train,1
taxi:1798:2,taxi,1798,2,agent,2,train,0
taxi:1798:3,taxi,1798,3,user,2,train,0
taxi:1798:4,taxi,1798,4,agent,2,train,0
taxi:1799:1,taxi,1799,1,user,2,train,0
taxi:1799:2,taxi,1799,2,agent,2,train,1
taxi:1799:3,taxi,1799,3,agent,2,train,1
taxi:1799:4,taxi,1799,4,user,2,train,1
taxi:1799:5,taxi,1799,5,agent,2,train,0
taxi:1799:6,taxi,1799,6,user,3,train,0
taxi:1799:7,taxi,1799,7,agent,2,train,0
taxi:1800:1,taxi,1800,1,user,1,train,0
taxi:1800:2,taxi,1800,2,agent,3,train,1
taxi:1800:3,taxi,1800,3,user,0,train,0
taxi:1800:4,taxi,1800,4,agent,2,train,0
taxi:1800:5,taxi,1800,5,user,0,train,0
taxi:1800:6,taxi,1800,6,agent,2,train,0
taxi:1801:1,taxi,1801,1,user,1,train,0
taxi:1801:2,taxi,1801,2,agent,2,train,0
taxi:1801:3,taxi,1801,3,user,0,train,0
taxi:1801:4,taxi,1801,4,agent,2,train,1
taxi:1801:5,taxi,1801,5,user,2,train,0
taxi:1801:6,taxi,1801,6,agent,2,train,0
taxi:1802:1,taxi,1802,1,user,1,train,0
taxi:1802:2,taxi,1802,2,agent,3,train,1
taxi:1802:3,taxi,1802,3,user,2,train,0
taxi:1802:4,taxi,1802,4,agent,1,train,0
taxi:1802:5,taxi,1802,5,user,0,train,0
taxi:1802:6,taxi,1802,6,agent,2,train,1
taxi:1802:7,taxi,1802,7,user,3,train,1
taxi:1802:8,taxi,1802,8,agent,2,train,0
taxi:1803:1,taxi,1803,1,user,1,train,0
taxi:1803:2,taxi,1803,2,agent,3,train,1
taxi:1803:3,taxi,1803,3,user,0,train,1
taxi:1803:4,taxi,1803,4,agent,0,train,0
taxi:1803:5,taxi,1803,5,user,0,train,0
taxi:1803:6,taxi,1803,6,agent,2,train,0
taxi:1803:7,taxi,1803,7,user,2,train,0
taxi:1803:8,taxi,1803,8,agent,2,train,0
taxi:1803:9,taxi,1803,9,user,3,train,1
taxi:1803:10,taxi,1803,10,agent,2,train,0
taxi:1804:1,taxi,1804,1,user,2,train,0
taxi:1804:2,taxi,1804,2,agent,2,train,0
taxi:1804:3,taxi,1804,3,agent,2,train,0
taxi:1804:4,taxi,1804,4,user,3,train,0
taxi:1804:5,taxi,1804,5,agent,2,train,0
taxi:1805:1,taxi,1805,1,user,1,validation,1
taxi:1805:2,taxi,1805,2,agent,2,validation,0
taxi:1805:3,taxi,1805,3,user,1,validation,0
taxi:1805:4,taxi,1805,4,agent,1,validation,0
taxi:1805:5,taxi,1805,5,user,3,validation,1
taxi:1805:6,taxi,1805,6,agent,2,validation,0
taxi:1805:7,taxi,1805,7,user,3,validation,1
taxi:1806:1,taxi,1806,1,user,2,train,0
taxi:1806:2,taxi,1806,2,agent,3,train,1
taxi:1806:3,taxi,1806,3,user,2,train,0
taxi:1806:4,taxi,1806,4,agent,2,train,0
taxi:1806:5,taxi,1806,5,user,0,train,0
taxi:1806:6,taxi,1806,6,agent,2,train,0
taxi:1806:7,taxi,1806,7,user,2,train,0
taxi:1806:8,taxi,1806,8,agent,2,train,0
taxi:1806:9,taxi,1806,9,user,3,train,1
taxi:1807:1,taxi,1807,1,user,3,train,1
taxi:1807:2,taxi,1807,2,agent,2,train,1
taxi:1807:3,taxi,1807,3,user,0,train,0
taxi:1807:4,taxi,1807,4,agent,2,train,0
taxi:1807:5,taxi,1807,5,user,0,train,0
taxi:1807:6,taxi,1807,6,agent,2,train,0
taxi:1807:7,taxi,1807,7,user,3,train,0
taxi:1807:8,taxi,1807,8,agent,2,train,0
taxi:1808:1,taxi,1808,1,user,1,validation,0
taxi:1808:2,taxi,1808,2,agent,2,validation,0
taxi:1808:3,taxi,1808,3,user,0,validation,0
taxi:1808:4,taxi,1808,4,agent,2,validation,0
taxi:1808:5,taxi,1808,5,user,0,validation,1
taxi:1808:6,taxi,1808,6,agent,2,validation,0
taxi:1808:7,taxi,1808,7,user,3,validation,0
taxi:1808:8,taxi,1808,8,agent,2,validation,0
taxi:1809:1,taxi,1809,1,user,1,train,0
taxi:1809:2,taxi,1809,2,agent,3,train,1
taxi:1809:3,taxi,1809,3,user,2,train,0
taxi:1809:4,taxi,1809,4,agent,1,train,0
taxi:1809:5,taxi,1809,5,user,0,train,1
taxi:1809:6,taxi,1809,6,agent,2,train,0
taxi:1809:7,taxi,1809,7,user,3,train,1
taxi:1809:8,taxi,1809,8,agent,2,train,0
taxi:1809:9,taxi,1809,9,user,3,train,1
taxi:1809:10,taxi,1809,10,agent,2,train,1
taxi:1810:1,taxi,1810,1,user,2,validation,0
taxi:1810:2,taxi,1810,2,agent,3,validation,0
taxi:1810:3,taxi,1810,3,user,2,validation,0
taxi:1810:4,taxi,1810,4,agent,2,validation,0
taxi:1810:5,taxi,1810,5,user,2,validation,0
taxi:1810:6,taxi,1810,6,agent,2,validation,0
taxi:1811:1,taxi,1811,1,user,1,train,1
taxi:1811:2,taxi,1811,2,agent,3,train,1
taxi:1811:3,taxi,1811,3,user,0,train,1
taxi:1811:4,taxi,1811,4,agent,2,train,0
taxi:1811:5,taxi,1811,5,user,0,train,1
taxi:1811:6,taxi,1811,6,agent,2,train,0
taxi:1812:1,taxi,1812,1,user,2,train,0
taxi:1812:2,taxi,1812,2,agent,3,train,0
taxi:1812:3,taxi,1812,3,user,2,train,0
taxi:1812:4,taxi,1812,4,agent,0,train,0
taxi:1812:5,taxi,1812,5,user,0,train,0
taxi:1812:6,taxi,1812,6,agent,1,train,0
taxi:1812:7,taxi,1812,7,user,0,train,0
taxi:1812:8,taxi,1812,8,agent,2,train,1
taxi:1812:9,taxi,1812,9,user,3,train,1
taxi:1812:10,taxi,1812,10,agent,2,train,0
taxi:1813:1,taxi,1813,1,user,2,train,0
taxi:1813:2,taxi,1813,2,agent,3,train,1
taxi:1813:3,taxi,1813,3,user,0,train,1
taxi:1813:4,taxi,1813,4,agent,2,train,0
taxi:1813:5,taxi,1813,5,user,0,train,0
taxi:1813:6,taxi,1813,6,agent,2,train,0
taxi:1813:7,taxi,1813,7,user,3,train,0
taxi:1813:8,taxi,1813,8,agent,2,train,1
taxi:1813:9,taxi,1813,9,user,3,train,1
taxi:1814:1,taxi,1814,1,user,2,test,0
taxi:1814:2,taxi,1814,2,agent,2,test,1
taxi:1814:3,taxi,1814,3,user,3,test,1
taxi:1814:4,taxi,1814,4,agent,2,test,0
taxi:1815:1,taxi,1815,1,user,1,train,1
taxi:1815:2,taxi,1815,2,agent,3,train,1
taxi:1815:3,taxi,1815,3,user,0,train,0
taxi:1815:4,taxi,1815,4,agent,2,train,0
taxi:1815:5,taxi,1815,5,user,0,train,0
taxi:1815:6,taxi,1815,6,agent,2,train,0
taxi:1816:1,taxi,1816,1,user,1,train,1
taxi:1816:2,taxi,1816,2,agent,3,train,0
taxi:1816:3,taxi,1816,3,user,0,train,1
taxi:1816:4,taxi,1816,4,agent,2,train,1
taxi:1816:5,taxi,1816,5,user,0,train,1
taxi:1816:6,taxi,1816,6,agent,2,train,0
taxi:1817:1,taxi,1817,1,user,2,train,0
taxi:1817:2,taxi,1817,2,agent,2,train,0
taxi:1817:3,taxi,1817,3,user,3,train,0
taxi:1817:4,taxi,1817,4,agent,2,train,0
taxi:1818:1,taxi,1818,1,user,2,train,1
taxi:1818:2,taxi,1818,2,agent,2,train,1
taxi:1818:3,taxi,1818,3,user,3,train,1
taxi:1818:4,taxi,1818,4,agent,2,train,0
taxi:1819:1,taxi,1819,1,user,2,train,0
taxi:1819:2,taxi,1819,2,agent,3,train,0
taxi:1819:3,taxi,1819,3,user,0,train,0
taxi:1819:4,taxi,1819,4,agent,0,train,0
taxi:1819:5,taxi,1819,5,user,0,train,0
taxi:1819:6,taxi,1819,6,agent,0,train,0
taxi:1819:7,taxi,1819,7,user,0,train,0
taxi:1819:8,taxi,1819,8,agent,0,train,1
taxi:1819:9,taxi,1819,9,user,0,train,0
taxi:1819:10,taxi,1819,10,agent,2,train,0
taxi:1819:11,taxi,1819,11,user,3,train,1
taxi:1819:12,taxi,1819,12,agent,2,train,0
taxi:1819:13,taxi,1819,13,user,3,train,1
taxi:1820:1,taxi,1820,1,user,1,train,0
taxi:1820:2,taxi,1820,2,agent,3,train,1
taxi:1820:3,taxi,1820,3,user,2,train,1
taxi:1820:4,taxi,1820,4,agent,1,train,0
taxi:1820:5,taxi,1820,5,user,0,train,0
taxi:1820:6,taxi,1820,6,agent,2,train,0
taxi:1820:7,taxi,1820,7,user,2,train,0
taxi:1820:8,taxi,1820,8,agent,2,train,0
taxi:1820:9,taxi,1820,9,user,3,train,1
taxi:1820:10,taxi,1820,10,agent,2,train,1
taxi:1821:1,taxi,1821,1,user,1,validation,0
taxi:1821:2,taxi,1821,2,agent,2,validation,1
taxi:1821:3,taxi,1821,3,user,2,validation,0
taxi:1821:4,taxi,1821,4,agent,2,validation,0
taxi:1822:1,taxi,1822,1,user,2,train,0
taxi:1822:2,taxi,1822,2,agent,3,train,1
taxi:1822:3,taxi,1822,3,user,2,train,0
taxi:1822:4,taxi,1822,4,agent,2,train,0
taxi:1822:5,taxi,1822,5,user,3,train,0
taxi:1822:6,taxi,1822,6,agent,2,train,0
taxi:1823:1,taxi,1823,1,user,2,train,0
taxi:1823:2,taxi,1823,2,agent,2,train,0
taxi:1823:3,taxi,1823,3,user,0,train,0
taxi:1823:4,taxi,1823,4,agent,2,train,0
taxi:1823:5,taxi,1823,5,user,3,train,0
taxi:1824:1,taxi,1824,1,user,1,validation,0
taxi:1824:2,taxi,1824,2,agent,3,validation,1
taxi:1824:3,taxi,1824,3,user,0,validation,0
taxi:1824:4,taxi,1824,4,agent,0,validation,0
taxi:1824:5,taxi,1824,5,user,0,validation,0
taxi:1824:6,taxi,1824,6,agent,1,validation,1
taxi:1824:7,taxi,1824,7,user,0,validation,0
taxi:1824:8,taxi,1824,8,agent,2,validation,0
taxi:1824:9,taxi,1824,9,user,0,validation,0
taxi:1824:10,taxi,1824,10,agent,2,validation,0
taxi:1825:1,taxi,1825,1,user,1,validation,0
taxi:1825:2,taxi,1825,2,agent,2,validation,0
taxi:1825:3,taxi,1825,3,user,2,validation,0
taxi:1825:4,taxi,1825,4,agent,2,validation,0
taxi:1826:1,taxi,1826,1,user,2,test,0
taxi:1826:2,taxi,1826,2,agent,3,test,1
taxi:1826:3,taxi,1826,3,user,3,test,1
taxi:1826:4,taxi,1826,4,agent,2,test,0
taxi:1826:5,taxi,1826,5,user,2,test,0
taxi:1826:6,taxi,1826,6,agent,2,test,0
taxi:1826:7,taxi,1826,7,user,3,test,1
taxi:1827:1,taxi,1827,1,user,1,train,0
taxi:1827:2,taxi,1827,2,agent,3,train,1
taxi:1827:3,taxi,1827,3,user,2,train,0
taxi:1827:4,taxi,1827,4,agent,2,train,0
taxi:1827:5,taxi,1827,5,user,3,train,1
taxi:1827:6,taxi,1827,6,agent,2,train,0
taxi:1828:1,taxi,1828,1,user,1,train,0
taxi:1828:2,taxi,1828,2,agent,3,train,1
taxi:1828:3,taxi,1828,3,user,2,train,0
taxi:1828:4,taxi,1828,4,agent,1,train,0
taxi:1828:5,taxi,1828,5,user,2,train,1
taxi:1828:6,taxi,1828,6,agent,2,train,0
taxi:1828:7,taxi,1828,7,user,3,train,1
taxi:1828:8,taxi,1828,8,agent,2,train,1
taxi:1829:1,taxi,1829,1,user,1,train,0
taxi:1829:2,taxi,1829,2,agent,3,train,0
taxi:1829:3,taxi,1829,3,user,0,train,1
taxi:1829:4,taxi,1829,4,agent,0,train,0
taxi:1829:5,taxi,1829,5,user,0,train,1
taxi:1829:6,taxi,1829,6,agent,0,train,1
taxi:1829:7,taxi,1829,7,user,0,train,0
taxi:1829:8,taxi,1829,8,agent,2,train,1
taxi:1829:9,taxi,1829,9,user,0,train,1
taxi:1829:10,taxi,1829,10,agent,2,train,0
taxi:1830:1,taxi,1830,1,user,3,test,1
taxi:1830:2,taxi,1830,2,agent,0,test,1
taxi:1830:3,taxi,1830,3,user,2,test,1
taxi:1830:4,taxi,1830,4,agent,2,test,0
taxi:1830:5,taxi,1830,5,user,0,test,0
taxi:1830:6,taxi,1830,6,agent,2,test,1
taxi:1831:1,taxi,1831,1,user,3,train,0
taxi:1831:2,taxi,1831,2,agent,3,train,1
taxi:1831:3,taxi,1831,3,user,0,train,0
taxi:1831:4,taxi,1831,4,agent,0,train,0
taxi:1831:5,taxi,1831,5,user,0,train,0
taxi:1831:6,taxi,1831,6,agent,0,train,1
taxi:1831:7,taxi,1831,7,user,0,train,0
taxi:1831:8,taxi,1831,8,agent,2,train,0
taxi:1831:9,taxi,1831,9,user,0,train,0
taxi:1831:10,taxi,1831,10,agent,2,train,0
taxi:1832:1,taxi,1832,1,user,1,train,0
taxi:1832:2,taxi,1832,2,agent,3,train,1
taxi:1832:3,taxi,1832,3,user,0,train,0
taxi:1832:4,taxi,1832,4,agent,0,train,0
taxi:1832:5,taxi,1832,5,user,0,train,1
taxi:1832:6,taxi,1832,6,agent,0,train,0
taxi:1832:7,taxi,1832,7,user,0,train,0
taxi:1832:8,taxi,1832,8,agent,0,train,0
taxi:1832:9,taxi,1832,9,user,0,train,0
taxi:1832:10,taxi,1832,10,agent,2,train,1
taxi:1832:11,taxi,1832,11,user,0,train,0
taxi:1832:12,taxi,1832,12,agent,2,train,0
taxi:1833:1,taxi,1833,1,user,1,test,0
taxi:1833:2,taxi,1833,2,agent,0,test,0
taxi:1833:3,taxi,1833,3,user,0,test,0
taxi:1833:4,taxi,1833,4,agent,1,test,0
taxi:1833:5,taxi,1833,5,user,0,test,0
taxi:1833:6,taxi,1833,6,agent,2,test,0
taxi:1833:7,taxi,1833,7,user,3,test,1
taxi:1833:8,taxi,1833,8,agent,3,test,1
taxi:1833:9,taxi,1833,9,user,2,test,0
taxi:1833:10,taxi,1833,10,agent,2,test,0
taxi:1834:1,taxi,1834,1,user,3,test,1
taxi:1834:2,taxi,1834,2,agent,3,test,0
taxi:1834:3,taxi,1834,3,user,2,test,1
taxi:1834:4,taxi,1834,4,agent,2,test,1
taxi:1834:5,taxi,1834,5,user,0,test,0
taxi:1834:6,taxi,1834,6,agent,2,test,0
taxi:1835:1,taxi,1835,1,user,3,train,0
taxi:1835:2,taxi,1835,2,agent,3,train,0
taxi:1835:3,taxi,1835,3,user,2,train,0
taxi:1835:4,taxi,1835,4,agent,3,train,0
taxi:1835:5,taxi,1835,5,user,0,train,0
taxi:1835:6,taxi,1835,6,agent,2,train,0
taxi:1835:7,taxi,1835,7,user,0,train,0
taxi:1835:8,taxi,1835,8,agent,2,train,1
taxi:1836:1,taxi,1836,1,user,2,train,1
taxi:1836:2,taxi,1836,2,agent,2,train,0
taxi:1836:3,taxi,1836,3,user,3,train,1
taxi:1836:4,taxi,1836,4,agent,2,train,0
taxi:1837:1,taxi,1837,1,user,3,validation,1
taxi:1837:2,taxi,1837,2,agent,3,validation,1
taxi:1837:3,taxi,1837,3,user,0,validation,0
taxi:1837:4,taxi,1837,4,agent,0,validation,1
taxi:1837:5,taxi,1837,5,user,0,validation,0
taxi:1837:6,taxi,1837,6,agent,0,validation,0
taxi:1837:7,taxi,1837,7,user,0,validation,0
taxi:1837:8,taxi,1837,8,agent,2,validation,1
taxi:1837:9,taxi,1837,9,user,0,validation,1
taxi:1837:10,taxi,1837,10,agent,2,validation,0
taxi:1838:1,taxi,1838,1,user,1,test,0
taxi:1838:2,taxi,1838,2,agent,3,test,0
taxi:1838:3,taxi,1838,3,user,2,test,1
taxi:1838:4,taxi,1838,4,agent,1,test,0
taxi:1838:5,taxi,1838,5,user,2,test,0
taxi:1838:6,taxi,1838,6,agent,2,test,0
taxi:1838:7,taxi,1838,7,user,3,test,1
taxi:1838:8,taxi,1838,8,agent,2,test,0
taxi:1838:9,taxi,1838,9,user,3,test,1
taxi:1839:1,taxi,1839,1,user,3,train,1
taxi:1839:2,taxi,1839,2,agent,3,train,1
taxi:1839:3,taxi,1839,3,user,2,train,0
taxi:1839:4,taxi,1839,4,agent,2,train,0
taxi:1839:5,taxi,1839,5,user,0,train,0
taxi:1839:6,taxi,1839,6,agent,2,train,1
taxi:1840:1,taxi,1840,1,user,2,train,0
taxi:1840:2,taxi,1840,2,agent,2,train,0
taxi:1840:3,taxi,1840,3,user,3,train,1
taxi:1840:4,taxi,1840,4,agent,2,train,0
taxi:1841:1,taxi,1841,1,user,2,test,0
taxi:1841:2,taxi,1841,2,agent,0,test,0
taxi:1841:3,taxi,1841,3,user,3,test,1
taxi:1841:4,taxi,1841,4,agent,2,test,0
taxi:1841:5,taxi,1841,5,user,3,test,0
taxi:1841:6,taxi,1841,6,agent,2,test,0
taxi:1842:1,taxi,1842,1,user,2,validation,0
taxi:1842:2,taxi,1842,2,agent,2,validation,1
taxi:1842:3,taxi,1842,3,user,3,validation,0
taxi:1842:4,taxi,1842,4,agent,2,validation,0
taxi:1843:1,taxi,1843,1,user,2,test,0
taxi:1843:2,taxi,1843,2,agent,3,test,1
taxi:1843:3,taxi,1843,3,user,3,test,1
taxi:1843:4,taxi,1843,4,agent,2,test,0
taxi:1844:1,taxi,1844,1,user,2,train,0
taxi:1844:2,taxi,1844,2,agent,0,train,1
taxi:1844:3,taxi,1844,3,user,0,train,0
taxi:1844:4,taxi,1844,4,agent,3,train,1
taxi:1844:5,taxi,1844,5,user,2,train,1
taxi:1844:6,taxi,1844,6,agent,2,train,0
taxi:1844:7,taxi,1844,7,user,3,train,1
taxi:1844:8,taxi,1844,8,agent,2,train,0
taxi:1845:1,taxi,1845,1,user,2,train,0
taxi:1845:2,taxi,1845,2,agent,3,train,1
taxi:1845:3,taxi,1845,3,user,3,train,0
taxi:1845:4,taxi,1845,4,agent,2,train,0
taxi:1846:1,taxi,1846,1,user,3,test,1
taxi:1846:2,taxi,1846,2,agent,0,test,0
taxi:1846:3,taxi,1846,3,user,0,test,0
taxi:1846:4,taxi,1846,4,agent,2,test,0
taxi:1846:5,taxi,1846,5,user,2,test,1
taxi:1846:6,taxi,1846,6,agent,3,test,1
taxi:1846:7,taxi,1846,7,user,3,test,1
taxi:1846:8,taxi,1846,8,agent,2,test,0
taxi:1846:9,taxi,1846,9,user,3,test,0
taxi:1847:1,taxi,1847,1,user,1,train,0
taxi:1847:2,taxi,1847,2,agent,3,train,0
taxi:1847:3,taxi,1847,3,user,2,train,0
taxi:1847:4,taxi,1847,4,agent,0,train,0
taxi:1847:5,taxi,1847,5,user,0,train,0
taxi:1847:6,taxi,1847,6,agent,1,train,1
taxi:1847:7,taxi,1847,7,user,0,train,0
taxi:1847:8,taxi,1847,8,agent,2,train,1
taxi:1847:9,taxi,1847,9,user,0,train,0
taxi:1847:10,taxi,1847,10,agent,2,train,0
taxi:1848:1,taxi,1848,1,user,2,train,0
taxi:1848:2,taxi,1848,2,agent,3,train,0
taxi:1848:3,taxi,1848,3,user,3,train,1
taxi:1848:4,taxi,1848,4,agent,2,train,0
taxi:1849:1,taxi,1849,1,user,2,train,0
taxi:1849:2,taxi,1849,2,agent,3,train,1
taxi:1849:3,taxi,1849,3,user,3,train,1
taxi:1849:4,taxi,1849,4,agent,2,train,0
taxi:1849:5,taxi,1849,5,user,3,train,1
taxi:1849:6,taxi,1849,6,agent,2,train,0
taxi:1849:7,taxi,1849,7,user,3,train,0
taxi:1850:1,taxi,1850,1,user,1,test,0
taxi:1850:2,taxi,1850,2,agent,3,test,0
taxi:1850:3,taxi,1850,3,user,0,test,0
taxi:1850:4,taxi,1850,4,agent,0,test,1
taxi:1850:5,taxi,1850,5,user,0,test,0
taxi:1850:6,taxi,1850,6,agent,0,test,0
taxi:1850:7,taxi,1850,7,user,0,test,1
taxi:1850:8,taxi,1850,8,agent,1,test,0
taxi:1850:9,taxi,1850,9,user,0,test,0
taxi:1850:10,taxi,1850,10,agent,2,test,0
taxi:1850:11,taxi,1850,11,user,0,test,0
taxi:1850:12,taxi,1850,12,agent,2,test,0
taxi:1851:1,taxi,1851,1,user,1,train,0
taxi:1851:2,taxi,1851,2,agent,2,train,1
taxi:1851:3,taxi,1851,3,user,3,train,1
taxi:1851:4,taxi,1851,4,agent,2,train,1
taxi:1852:1,taxi,1852,1,user,2,test,0
taxi:1852:2,taxi,1852,2,agent,3,test,1
taxi:1852:3,taxi,1852,3,user,3,test,1
taxi:1852:4,taxi,1852,4,agent,0,test,0
taxi:1852:5,taxi,1852,5,user,0,test,0
taxi:1852:6,taxi,1852,6,agent,1,test,0
taxi:1852:7,taxi,1852,7,user,0,test,0
taxi:1852:8,taxi,1852,8,agent,2,test,0
taxi:1852:9,taxi,1852,9,user,3,test,1
taxi:1852:10,taxi,1852,10,agent,3,test,0
taxi:1853:1,taxi,1853,1,user,3,train,0
taxi:1853:2,taxi,1853,2,agent,0,train,0
taxi:1853:3,taxi,1853,3,user,2,train,0
taxi:1853:4,taxi,1853,4,agent,2,train,1
taxi:1853:5,taxi,1853,5,user,2,train,0
taxi:1853:6,taxi,1853,6,agent,2,train,0
taxi:1853:7,taxi,1853,7,user,0,train,0
taxi:1853:8,taxi,1853,8,agent,2,train,0
taxi:1854:1,taxi,1854,1,user,3,train,1
taxi:1854:2,taxi,1854,2,agent,3,train,1
taxi:1854:3,taxi,1854,3,user,2,train,0
taxi:1854:4,taxi,1854,4,agent,2,train,1
taxi:1854:5,taxi,1854,5,user,0,train,0
taxi:1854:6,taxi,1854,6,agent,2,train,0
taxi:1855:1,taxi,1855,1,user,1,train,0
taxi:1855:2,taxi,1855,2,agent,3,train,1
taxi:1855:3,taxi,1855,3,user,0,train,0
taxi:1855:4,taxi,1855,4,agent,0,train,1
taxi:1855:5,taxi,1855,5,user,0,train,0
taxi:1855:6,taxi,1855,6,agent,2,train,0
taxi:1855:7,taxi,1855,7,user,0,train,1
taxi:1855:8,taxi,1855,8,agent,2,train,0
taxi:1855:9,taxi,1855,9,user,0,train,1
taxi:1855:10,taxi,1855,10,agent,2,train,0
taxi:1856:1,taxi,1856,1,user,2,train,1
taxi:1856:2,taxi,1856,2,agent,3,train,1
taxi:1856:3,taxi,1856,3,user,3,train,1
taxi:1856:4,taxi,1856,4,agent,2,train,0
taxi:1857:1,taxi,1857,1,user,3,train,0
taxi:1857:2,taxi,1857,2,agent,0,train,0
taxi:1857:3,taxi,1857,3,user,2,train,0
taxi:1857:4,taxi,1857,4,agent,2,train,0
taxi:1857:5,taxi,1857,5,user,0,train,1
taxi:1857:6,taxi,1857,6,agent,2,train,0
taxi:1858:1,taxi,1858,1,user,3,test,0
taxi:1858:2,taxi,1858,2,agent,3,test,1
taxi:1858:3,taxi,1858,3,user,2,test,0
taxi:1858:4,taxi,1858,4,agent,2,test,0
taxi:1858:5,taxi,1858,5,user,0,test,0
taxi:1858:6,taxi,1858,6,agent,2,test,0
taxi:1859:1,taxi,1859,1,user,3,train,0
taxi:1859:2,taxi,1859,2,agent,2,train,0
taxi:1859:3,taxi,1859,3,user,0,train,0
taxi:1859:4,taxi,1859,4,agent,2,train,0
taxi:1859:5,taxi,1859,5,agent,3,train,0
taxi:1859:6,taxi,1859,6,user,3,train,1
taxi:1859:7,taxi,1859,7,agent,0,train,1
taxi:1859:8,taxi,1859,8,user,0,train,0
taxi:1859:9,taxi,1859,9,agent,2,train,0
taxi:1859:10,taxi,1859,10,user,2,train,0
taxi:1859:11,taxi,1859,11,agent,1,train,0
taxi:1859:12,taxi,1859,12,user,0,train,0
taxi:1860:1,taxi,1860,1,user,1,test,0
taxi:1860:2,taxi,1860,2,agent,3,test,1
taxi:1860:3,taxi,1860,3,user,2,test,1
taxi:1860:4,taxi,1860,4,agent,0,test,1
taxi:1860:5,taxi,1860,5,user,0,test,0
taxi:1860:6,taxi,1860,6,agent,1,test,1
taxi:1860:7,taxi,1860,7,user,0,test,1
taxi:1860:8,taxi,1860,8,agent,0,test,1
taxi:1860:9,taxi,1860,9,user,0,test,0
taxi:1860:10,taxi,1860,10,agent,1,test,0
taxi:1860:11,taxi,1860,11,user,0,test,0
taxi:1860:12,taxi,1860,12,agent,2,test,0
taxi:1860:13,taxi,1860,13,user,0,test,0
taxi:1860:14,taxi,1860,14,agent,2,test,1
taxi:1860:15,taxi,1860,15,user,0,test,0
taxi:1860:16,taxi,1860,16,agent,2,test,1
taxi:1860:17,taxi,1860,17,user,3,test,1
taxi:1861:1,taxi,1861,1,user,3,train,1
taxi:1861:2,taxi,1861,2,agent,3,train,1
taxi:1861:3,taxi,1861,3,user,0,train,0
taxi:1861:4,taxi,1861,4,agent,1,train,0
taxi:1861:5,taxi,1861,5,user,0,train,1
taxi:1861:6,taxi,1861,6,agent,2,train,0
taxi:1861:7,taxi,1861,7,user,0,train,0
taxi:1861:8,taxi,1861,8,agent,2,train,0
taxi:1861:9,taxi,1861,9,user,3,train,1
taxi:1862:1,taxi,1862,1,user,1,test,1
taxi:1862:2,taxi,1862,2,agent,3,test,1
taxi:1862:3,taxi,1862,3,user,0,test,0
taxi:1862:4,taxi,1862,4,agent,3,test,0
taxi:1862:5,taxi,1862,5,user,3,test,1
taxi:1862:6,taxi,1862,6,agent,2,test,0
taxi:1862:7,taxi,1862,7,user,0,test,1
taxi:1862:8,taxi,1862,8,agent,2,test,0
taxi:1862:9,taxi,1862,9,user,0,test,0
taxi:1862:10,taxi,1862,10,agent,2,test,0
taxi:1862:11,taxi,1862,11,user,0,test,0
taxi:1862:12,taxi,1862,12,agent,2,test,0
taxi:1862:13,taxi,1862,13,user,0,test,1
taxi:1862:14,taxi,1862,14,agent,2,test,1
taxi:1862:15,taxi,1862,15,user,3,test,1
taxi:1863:1,taxi,1863,1,user,2,train,1
taxi:1863:2,taxi,1863,2,agent,0,train,0
taxi:1863:3,taxi,1863,3,user,0,train,0
taxi:1863:4,taxi,1863,4,agent,1,train,1
taxi:1863:5,taxi,1863,5,user,0,train,0
taxi:1863:6,taxi,1863,6,agent,0,train,1
taxi:1863:7,taxi,1863,7,user,2,train,0
taxi:1863:8,taxi,1863,8,agent,2,train,1
taxi:1863:9,taxi,1863,9,user,3,train,1
taxi:1863:10,taxi,1863,10,agent,2,train,0
taxi:1863:11,taxi,1863,11,user,3,train,1
taxi:1864:1,taxi,1864,1,user,3,train,0
taxi:1864:2,taxi,1864,2,user,2,train,0
taxi:1864:3,taxi,1864,3,agent,2,train,0
taxi:1864:4,taxi,1864,4,user,0,train,0
taxi:1864:5,taxi,1864,5,agent,3,train,1
taxi:1864:6,taxi,1864,6,user,2,train,0
taxi:1864:7,taxi,1864,7,agent,2,train,1
taxi:1864:8,taxi,1864,8,user,2,train,0
taxi:1864:9,taxi,1864,9,agent,2,train,1
taxi:1864:10,taxi,1864,10,user,3,train,1
taxi:1864:11,taxi,1864,11,agent,2,train,0
taxi:1864:12,taxi,1864,12,user,2,train,0
taxi:1864:13,taxi,1864,13,agent,1,train,1
taxi:1864:14,taxi,1864,14,user,3,train,0
taxi:1864:15,taxi,1864,15,agent,2,train,0
taxi:1865:1,taxi,1865,1,user,1,train,1
taxi:1865:2,taxi,1865,2,agent,3,train,1
taxi:1865:3,taxi,1865,3,user,0,train,0
taxi:1865:4,taxi,1865,4,agent,2,train,0
taxi:1865:5,taxi,1865,5,user,0,train,0
taxi:1865:6,taxi,1865,6,agent,2,train,0
taxi:1865:7,taxi,1865,7,user,0,train,0
taxi:1865:8,taxi,1865,8,agent,2,train,0
taxi:1865:9,taxi,1865,9,user,3,train,0
taxi:1866:1,taxi,1866,1,user,2,validation,0
taxi:1866:2,taxi,1866,2,agent,2,validation,0
taxi:1866:3,taxi,1866,3,user,3,validation,1
taxi:1866:4,taxi,1866,4,agent,2,validation,0
taxi:1867:1,taxi,1867,1,user,3,train,1
taxi:1867:2,taxi,1867,2,agent,3,train,1
taxi:1867:3,taxi,1867,3,user,2,train,0
taxi:1867:4,taxi,1867,4,agent,3,train,1
taxi:1867:5,taxi,1867,5,user,0,train,0
taxi:1867:6,taxi,1867,6,agent,1,train,0
taxi:1867:7,taxi,1867,7,user,0,train,0
taxi:1867:8,taxi,1867,8,agent,2,train,0
taxi:1867:9,taxi,1867,9,user,0,train,0
taxi:1867:10,taxi,1867,10,agent,2,train,0
taxi:1868:1,taxi,1868,1,user,3,train,1
taxi:1868:2,taxi,1868,2,agent,2,train,1
taxi:1868:3,taxi,1868,3,user,3,train,1
taxi:1868:4,taxi,1868,4,agent,2,train,0
taxi:1869:1,taxi,1869,1,user,2,train,1
taxi:1869:2,taxi,1869,2,agent,2,train,0
taxi:1869:3,taxi,1869,3,user,3,train,0
taxi:1869:4,taxi,1869,4,agent,2,train,0
taxi:1870:1,taxi,1870,1,user,1,test,0
taxi:1870:2,taxi,1870,2,agent,2,test,0
taxi:1870:3,taxi,1870,3,user,3,test,1
taxi:1870:4,taxi,1870,4,agent,2,test,0
taxi:1871:1,taxi,1871,1,user,2,validation,0
taxi:1871:2,taxi,1871,2,agent,3,validation,1
taxi:1871:3,taxi,1871,3,user,0,validation,0
taxi:1871:4,taxi,1871,4,agent,2,validation,0
taxi:1871:5,taxi,1871,5,user,0,validation,0
taxi:1871:6,taxi,1871,6,agent,2,validation,0
taxi:1871:7,taxi,1871,7,user,2,validation,0
taxi:1871:8,taxi,1871,8,agent,2,validation,0
taxi:1871:9,taxi,1871,9,user,3,validation,1
taxi:1871:10,taxi,1871,10,agent,2,validation,0
taxi:1871:11,taxi,1871,11,user,3,validation,0
taxi:1872:1,taxi,1872,1,user,2,train,0
taxi:1872:2,taxi,1872,2,agent,3,train,1
taxi:1872:3,taxi,1872,3,agent,2,train,0
taxi:1872:4,taxi,1872,4,user,3,train,0
taxi:1872:5,taxi,1872,5,agent,3,train,0
taxi:1872:6,taxi,1872,6,user,0,train,0
taxi:1872:7,taxi,1872,7,agent,2,train,1
taxi:1872:8,taxi,1872,8,user,3,train,1
taxi:1872:9,taxi,1872,9,agent,3,train,1
taxi:1872:10,taxi,1872,10,user,3,train,0
taxi:1872:11,taxi,1872,11,agent,3,train,1
taxi:1873:1,taxi,1873,1,user,2,train,0
taxi:1873:2,taxi,1873,2,agent,3,train,1
taxi:1873:3,taxi,1873,3,user,0,train,0
taxi:1873:4,taxi,1873,4,agent,0,train,0
taxi:1873:5,taxi,1873,5,user,0,train,0
taxi:1873:6,taxi,1873,6,agent,0,train,1
taxi:1873:7,taxi,1873,7,user,0,train,0
taxi:1873:8,taxi,1873,8,agent,1,train,0
taxi:1873:9,taxi,1873,9,user,0,train,0
taxi:1873:10,taxi,1873,10,agent,2,train,0
taxi:1873:11,taxi,1873,11,user,2,train,0
taxi:1873:12,taxi,1873,12,agent,2,train,0
taxi:1873:13,taxi,1873,13,user,3,train,1
taxi:1874:1,taxi,1874,1,user,2,train,0
taxi:1874:2,taxi,1874,2,agent,2,train,0
taxi:1874:3,taxi,1874,3,user,0,train,0
taxi:1874:4,taxi,1874,4,agent,2,train,0
taxi:1875:1,taxi,1875,1,user,1,train,0
taxi:1875:2,taxi,1875,2,agent,3,train,0
taxi:1875:3,taxi,1875,3,user,0,train,1
taxi:1875:4,taxi,1875,4,agent,2,train,0
taxi:1875:5,taxi,1875,5,user,0,train,1
taxi:1875:6,taxi,1875,6,agent,2,train,0
taxi:1876:1,taxi,1876,1,user,1,train,0
taxi:1876:2,taxi,1876,2,agent,2,train,0
taxi:1876:3,taxi,1876,3,user,2,train,0
taxi:1876:4,taxi,1876,4,agent,2,train,0
taxi:1876:5,taxi,1876,5,user,2,train,1
taxi:1876:6,taxi,1876,6,agent,2,train,0
taxi:1877:1,taxi,1877,1,user,2,train,0
taxi:1877:2,taxi,1877,2,agent,2,train,0
taxi:1877:3,taxi,1877,3,user,2,train,1
taxi:1877:4,taxi,1877,4,agent,2,train,0
taxi:1878:1,taxi,1878,1,user,2,train,0
taxi:1878:2,taxi,1878,2,agent,2,train,0
taxi:1878:3,taxi,1878,3,user,2,train,0
taxi:1878:4,taxi,1878,4,agent,2,train,0
taxi:1879:1,taxi,1879,1,user,2,train,0
taxi:1879:2,taxi,1879,2,agent,2,train,0
taxi:1879:3,taxi,1879,3,user,0,train,1
taxi:1879:4,taxi,1879,4,agent,2,train,1
taxi:1880:1,taxi,1880,1,user,1,test,0
taxi:1880:2,taxi,1880,2,agent,3,test,1
taxi:1880:3,taxi,1880,3,user,0,test,0
taxi:1880:4,taxi,1880,4,agent,2,test,1
taxi:1880:5,taxi,1880,5,user,0,test,0
taxi:1880:6,taxi,1880,6,agent,2,test,1
taxi:1880:7,taxi,1880,7,user,0,test,0
taxi:1880:8,taxi,1880,8,agent,2,test,0
taxi:1881:1,taxi,1881,1,user,3,train,1
taxi:1881:2,taxi,1881,2,agent,2,train,0
taxi:1881:3,taxi,1881,3,user,2,train,0
taxi:1881:4,taxi,1881,4,agent,2,train,0
taxi:1882:1,taxi,1882,1,user,2,train,0
taxi:1882:2,taxi,1882,2,agent,0,train,1
taxi:1882:3,taxi,1882,3,user,0,train,0
taxi:1882:4,taxi,1882,4,agent,2,train,0
taxi:1882:5,taxi,1882,5,user,3,train,0
taxi:1882:6,taxi,1882,6,agent,2,train,0
taxi:1883:1,taxi,1883,1,user,3,train,0
taxi:1883:2,taxi,1883,2,agent,3,train,1
taxi:1883:3,taxi,1883,3,user,2,train,0
taxi:1883:4,taxi,1883,4,agent,2,train,0
taxi:1883:5,taxi,1883,5,user,0,train,1
taxi:1883:6,taxi,1883,6,agent,2,train,1
taxi:1884:1,taxi,1884,1,user,3,train,1
taxi:1884:2,taxi,1884,2,agent,0,train,0
taxi:1884:3,taxi,1884,3,user,0,train,0
taxi:1884:4,taxi,1884,4,agent,0,train,0
taxi:1884:5,taxi,1884,5,user,0,train,0
taxi:1884:6,taxi,1884,6,agent,0,train,0
taxi:1884:7,taxi,1884,7,user,0,train,0
taxi:1884:8,taxi,1884,8,agent,2,train,0
taxi:1884:9,taxi,1884,9,user,0,train,1
taxi:1884:10,taxi,1884,10,agent,2,train,0
taxi:1884:11,taxi,1884,11,user,0,train,0
taxi:1884:12,taxi,1884,12,agent,2,train,0
taxi:1885:1,taxi,1885,1,user,2,validation,0
taxi:1885:2,taxi,1885,2,agent,3,validation,0
taxi:1885:3,taxi,1885,3,user,3,validation,0
taxi:1885:4,taxi,1885,4,agent,2,validation,0
taxi:1886:1,taxi,1886,1,user,2,train,0
taxi:1886:2,taxi,1886,2,agent,3,train,1
taxi:1886:3,taxi,1886,3,user,3,train,1
taxi:1886:4,taxi,1886,4,agent,2,train,1
taxi:1887:1,taxi,1887,1,user,2,train,1
taxi:1887:2,taxi,1887,2,agent,0,train,1
taxi:1887:3,taxi,1887,3,user,3,train,1
taxi:1887:4,taxi,1887,4,agent,2,train,0
taxi:1888:1,taxi,1888,1,user,1,train,1
taxi:1888:2,taxi,1888,2,agent,3,train,1
taxi:1888:3,taxi,1888,3,user,3,train,1
taxi:1888:4,taxi,1888,4,agent,2,train,0
taxi:1889:1,taxi,1889,1,user,3,train,0
taxi:1889:2,taxi,1889,2,agent,3,train,1
taxi:1889:3,taxi,1889,3,user,2,train,0
taxi:1889:4,taxi,1889,4,agent,2,train,0
taxi:1889:5,taxi,1889,5,user,0,train,0
taxi:1889:6,taxi,1889,6,agent,2,train,0
taxi:1890:1,taxi,1890,1,user,1,train,1
taxi:1890:2,taxi,1890,2,agent,3,train,1
taxi:1890:3,taxi,1890,3,user,2,train,0
taxi:1890:4,taxi,1890,4,agent,2,train,0
taxi:1890:5,taxi,1890,5,user,3,train,1
taxi:1890:6,taxi,1890,6,agent,2,train,0
taxi:1890:7,taxi,1890,7,user,3,train,1
taxi:1891:1,taxi,1891,1,user,1,train,0
taxi:1891:2,taxi,1891,2,agent,2,train,0
taxi:1891:3,taxi,1891,3,user,3,train,0
taxi:1891:4,taxi,1891,4,agent,2,train,0
taxi:1892:1,taxi,1892,1,user,2,test,1
taxi:1892:2,taxi,1892,2,agent,3,test,0
taxi:1892:3,taxi,1892,3,user,3,test,1
taxi:1892:4,taxi,1892,4,agent,0,test,0
taxi:1892:5,taxi,1892,5,user,0,test,0
taxi:1892:6,taxi,1892,6,agent,1,test,0
taxi:1892:7,taxi,1892,7,user,2,test,0
taxi:1892:8,taxi,1892,8,agent,2,test,0
taxi:1892:9,taxi,1892,9,user,3,test,1
taxi:1892:10,taxi,1892,10,agent,2,test,1
taxi:1892:11,taxi,1892,11,user,2,test,0
taxi:1892:12,taxi,1892,12,agent,2,test,0
taxi:1892:13,taxi,1892,13,user,3,test,1
taxi:1893:1,taxi,1893,1,user,3,train,1
taxi:1893:2,taxi,1893,2,agent,3,train,1
taxi:1893:3,taxi,1893,3,user,2,train,0
taxi:1893:4,taxi,1893,4,agent,2,train,0
taxi:1893:5,taxi,1893,5,user,0,train,1
taxi:1893:6,taxi,1893,6,agent,2,train,0
taxi:1894:1,taxi,1894,1,user,3,train,0
taxi:1894:2,taxi,1894,2,agent,3,train,1
taxi:1894:3,taxi,1894,3,user,2,train,1
taxi:1894:4,taxi,1894,4,agent,2,train,0
taxi:1894:5,taxi,1894,5,user,0,train,0
taxi:1894:6,taxi,1894,6,agent,2,train,0
taxi:1895:1,taxi,1895,1,user,2,train,0
taxi:1895:2,taxi,1895,2,agent,0,train,0
taxi:1895:3,taxi,1895,3,user,0,train,1
taxi:1895:4,taxi,1895,4,agent,2,train,0
taxi:1895:5,taxi,1895,5,user,1,train,1
taxi:1895:6,taxi,1895,6,agent,2,train,0
taxi:1895:7,taxi,1895,7,user,3,train,1
taxi:1895:8,taxi,1895,8,agent,2,train,1
taxi:1895:9,taxi,1895,9,user,3,train,0
taxi:1896:1,taxi,1896,1,user,3,train,0
taxi:1896:2,taxi,1896,2,agent,3,train,0
taxi:1896:3,taxi,1896,3,user,0,train,0
taxi:1896:4,taxi,1896,4,agent,0,train,1
taxi:1896:5,taxi,1896,5,user,0,train,0
taxi:1896:6,taxi,1896,6,agent,2,train,0
taxi:1896:7,taxi,1896,7,user,0,train,0
taxi:1896:8,taxi,1896,8,agent,2,train,1
taxi:1896:9,taxi,1896,9,user,0,train,0
taxi:1896:10,taxi,1896,10,agent,2,train,0
taxi:1897:1,taxi,1897,1,user,3,train,0
taxi:1897:2,taxi,1897,2,agent,3,train,1
taxi:1897:3,taxi,1897,3,user,2,train,1
taxi:1897:4,taxi,1897,4,agent,0,train,0
taxi:1897:5,taxi,1897,5,user,0,train,0
taxi:1897:6,taxi,1897,6,agent,0,train,1
taxi:1897:7,taxi,1897,7,user,0,train,0
taxi:1897:8,taxi,1897,8,agent,2,train,1
taxi:1897:9,taxi,1897,9,user,0,train,0
taxi:1897:10,taxi,1897,10,agent,2,train,1
taxi:1898:1,taxi,1898,1,user,1,test,0
taxi:1898:2,taxi,1898,2,agent,3,test,1
taxi:1898:3,taxi,1898,3,user,3,test,1
taxi:1898:4,taxi,1898,4,agent,2,test,0
taxi:1899:1,taxi,1899,1,user,3,test,0
taxi:1899:2,taxi,1899,2,agent,0,test,0
taxi:1899:3,taxi,1899,3,user,2,test,0
taxi:1899:4,taxi,1899,4,agent,2,test,0
taxi:1899:5,taxi,1899,5,user,0,test,0
taxi:1899:6,taxi,1899,6,agent,2,test,0
taxi:1900:1,taxi,1900,1,user,3,train,1
taxi:1900:2,taxi,1900,2,agent,3,train,0
taxi:1900:3,taxi,1900,3,user,0,train,0
taxi:1900:4,taxi,1900,4,agent,1,train,0
taxi:1900:5,taxi,1900,5,user,0,train,1
taxi:1900:6,taxi,1900,6,agent,1,train,0
taxi:1900:7,taxi,1900,7,user,0,train,0
taxi:1900:8,taxi,1900,8,agent,2,train,1
taxi:1900:9,taxi,1900,9,user,3,train,1
taxi:1900:10,taxi,1900,10,agent,3,train,0
taxi:1901:1,taxi,1901,1,user,3,train,1
taxi:1901:2,taxi,1901,2,agent,3,train,1
taxi:1901:3,taxi,1901,3,user,3,train,0
taxi:1901:4,taxi,1901,4,agent,2,train,1
taxi:1902:1,taxi,1902,1,user,2,validation,0
taxi:1902:2,taxi,1902,2,agent,3,validation,1
taxi:1902:3,taxi,1902,3,user,0,validation,0
taxi:1902:4,taxi,1902,4,agent,0,validation,1
taxi:1902:5,taxi,1902,5,user,0,validation,1
taxi:1902:6,taxi,1902,6,agent,0,validation,0
taxi:1902:7,taxi,1902,7,user,0,validation,0
taxi:1902:8,taxi,1902,8,agent,2,validation,1
taxi:1902:9,taxi,1902,9,user,0,validation,0
taxi:1902:10,taxi,1902,10,agent,2,validation,0
taxi:1903:1,taxi,1903,1,user,3,test,1
taxi:1903:2,taxi,1903,2,agent,3,test,0
taxi:1903:3,taxi,1903,3,user,2,test,1
taxi:1903:4,taxi,1903,4,agent,2,test,0
taxi:1903:5,taxi,1903,5,user,0,test,0
taxi:1903:6,taxi,1903,6,agent,2,test,0
taxi:1904:1,taxi,1904,1,user,1,train,0
taxi:1904:2,taxi,1904,2,agent,2,train,1
taxi:1904:3,taxi,1904,3,user,0,train,0
taxi:1904:4,taxi,1904,4,agent,0,train,0
taxi:1904:5,taxi,1904,5,user,0,train,0
taxi:1904:6,taxi,1904,6,agent,2,train,0
taxi:1904:7,taxi,1904,7,user,3,train,1
taxi:1904:8,taxi,1904,8,agent,1,train,0
taxi:1904:9,taxi,1904,9,user,0,train,1
taxi:1904:10,taxi,1904,10,agent,2,train,1
taxi:1904:11,taxi,1904,11,user,3,train,1
taxi:1905:1,taxi,1905,1,user,3,test,0
taxi:1905:2,taxi,1905,2,agent,1,test,1
taxi:1905:3,taxi,1905,3,user,3,test,0
taxi:1905:4,taxi,1905,4,agent,2,test,0
taxi:1905:5,taxi,1905,5,user,0,test,0
taxi:1905:6,taxi,1905,6,agent,2,test,0
taxi:1906:1,taxi,1906,1,user,2,train,0
taxi:1906:2,taxi,1906,2,agent,2,train,0
taxi:1906:3,taxi,1906,3,user,0,train,0
taxi:1906:4,taxi,1906,4,agent,2,train,0
taxi:1906:5,taxi,1906,5,user,2,train,0
taxi:1906:6,taxi,1906,6,agent,2,train,0
taxi:1906:7,taxi,1906,7,user,3,train,1
taxi:1907:1,taxi,1907,1,user,1,train,0
taxi:1907:2,taxi,1907,2,agent,2,train,1
taxi:1907:3,taxi,1907,3,user,2,train,1
taxi:1907:4,taxi,1907,4,agent,2,train,0
taxi:1907:5,taxi,1907,5,user,3,train,1
taxi:1907:6,taxi,1907,6,agent,2,train,0
taxi:1907:7,taxi,1907,7,user,3,train,1
taxi:1908:1,taxi,1908,1,user,1,test,0
taxi:1908:2,taxi,1908,2,agent,1,test,0
taxi:1908:3,taxi,1908,3,user,0,test,0
taxi:1908:4,taxi,1908,4,agent,0,test,0
taxi:1908:5,taxi,1908,5,user,0,test,0
taxi:1908:6,taxi,1908,6,agent,2,test,1
taxi:1909:1,taxi,1909,1,user,2,test,0
taxi:1909:2,taxi,1909,2,agent,0,test,0
taxi:1909:3,taxi,1909,3,user,0,test,0
taxi:1909:4,taxi,1909,4,agent,3,test,1
taxi:1909:5,taxi,1909,5,user,2,test,0
taxi:1909:6,taxi,1909,6,agent,3,test,1
taxi:1910:1,taxi,1910,1,user,1,train,0
taxi:1910:2,taxi,1910,2,agent,2,train,0
taxi:1910:3,taxi,1910,3,user,0,train,0
taxi:1910:4,taxi,1910,4,agent,2,train,0
taxi:1910:5,taxi,1910,5,user,0,train,0
taxi:1910:6,taxi,1910,6,agent,2,train,0
taxi:1911:1,taxi,1911,1,user,3,train,1
taxi:1911:2,taxi,1911,2,agent,3,train,1
taxi:1911:3,taxi,1911,3,user,2,train,0
taxi:1911:4,taxi,1911,4,agent,2,train,0
taxi:1911:5,taxi,1911,5,user,0,train,0
taxi:1911:6,taxi,1911,6,agent,2,train,0
taxi:1912:1,taxi,1912,1,user,3,test,0
taxi:1912:2,taxi,1912,2,agent,0,test,0
taxi:1912:3,taxi,1912,3,user,2,test,0
taxi:1912:4,taxi,1912,4,agent,2,test,0
taxi:1912:5,taxi,1912,5,user,0,test,0
taxi:1912:6,taxi,1912,6,agent,2,test,0
taxi:1913:1,taxi,1913,1,user,1,train,1
taxi:1913:2,taxi,1913,2,agent,0,train,0
taxi:1913:3,taxi,1913,3,user,0,train,0
taxi:1913:4,taxi,1913,4,agent,2,train,0
taxi:1913:5,taxi,1913,5,user,0,train,0
taxi:1913:6,taxi,1913,6,agent,2,train,0
taxi:1914:1,taxi,1914,1,user,2,test,0
taxi:1914:2,taxi,1914,2,agent,3,test,0
taxi:1914:3,taxi,1914,3,user,0,test,0
taxi:1914:4,taxi,1914,4,agent,2,test,1
taxi:1914:5,taxi,1914,5,user,0,test,0
taxi:1914:6,taxi,1914,6,agent,2,test,0
taxi:1915:1,taxi,1915,1,user,1,train,1
taxi:1915:2,taxi,1915,2,agent,2,train,1
taxi:1915:3,taxi,1915,3,user,0,train,0
taxi:1915:4,taxi,1915,4,agent,2,train,1
taxi:1915:5,taxi,1915,5,user,0,train,0
taxi:1915:6,taxi,1915,6,agent,2,train,0
taxi:1916:1,taxi,1916,1,user,2,train,0
taxi:1916:2,taxi,1916,2,agent,2,train,0
taxi:1916:3,taxi,1916,3,user,0,train,0
taxi:1916:4,taxi,1916,4,agent,2,train,0
taxi:1916:5,taxi,1916,5,user,0,train,1
taxi:1916:6,taxi,1916,6,agent,2,train,0
taxi:1916:7,taxi,1916,7,user,3,train,0
taxi:1917:1,taxi,1917,1,user,3,test,1
taxi:1917:2,taxi,1917,2,agent,3,test,1
taxi:1917:3,taxi,1917,3,user,2,test,0
taxi:1917:4,taxi,1917,4,agent,2,test,0
taxi:1917:5,taxi,1917,5,user,0,test,0
taxi:1917:6,taxi,1917,6,agent,2,test,0
taxi:1917:7,taxi,1917,7,user,2,test,1
taxi:1917:8,taxi,1917,8,agent,2,test,0
taxi:1917:9,taxi,1917,9,user,0,test,1
taxi:1917:10,taxi,1917,10,agent,2,test,0
taxi:1917:11,taxi,1917,11,user,0,test,0
taxi:1917:12,taxi,1917,12,agent,2,test,0
taxi:1917:13,taxi,1917,13,user,3,test,1
taxi:1918:1,taxi,1918,1,user,3,train,1
taxi:1918:2,taxi,1918,2,agent,2,train,0
taxi:1918:3,taxi,1918,3,user,2,train,0
taxi:1918:4,taxi,1918,4,agent,2,train,0
taxi:1918:5,taxi,1918,5,user,0,train,1
taxi:1918:6,taxi,1918,6,agent,2,train,0
taxi:1919:1,taxi,1919,1,user,3,test,1
taxi:1919:2,taxi,1919,2,agent,3,test,0
taxi:1919:3,taxi,1919,3,user,2,test,0
taxi:1919:4,taxi,1919,4,agent,0,test,0
taxi:1919:5,taxi,1919,5,user,2,test,0
taxi:1919:6,taxi,1919,6,agent,1,test,0
taxi:1919:7,taxi,1919,7,user,2,test,0
taxi:1919:8,taxi,1919,8,agent,2,test,0
taxi:1919:9,taxi,1919,9,user,0,test,1
taxi:1919:10,taxi,1919,10,agent,1,test,0
taxi:1919:11,taxi,1919,11,user,0,test,0
taxi:1919:12,taxi,1919,12,agent,2,test,0
taxi:1919:13,taxi,1919,13,user,3,test,1
taxi:1920:1,taxi,1920,1,user,3,train,1
taxi:1920:2,taxi,1920,2,agent,3,train,0
taxi:1920:3,taxi,1920,3,user,3,train,1
taxi:1920:4,taxi,1920,4,agent,2,train,0
taxi:1920:5,taxi,1920,5,user,0,train,0
taxi:1920:6,taxi,1920,6,agent,2,train,0
taxi:1920:7,taxi,1920,7,user,2,train,0
taxi:1920:8,taxi,1920,8,agent,2,train,0
taxi:1920:9,taxi,1920,9,user,3,train,0
taxi:1921:1,taxi,1921,1,user,3,train,1
taxi:1921:2,taxi,1921,2,agent,3,train,1
taxi:1921:3,taxi,1921,3,user,2,train,1
taxi:1921:4,taxi,1921,4,agent,2,train,0
taxi:1921:5,taxi,1921,5,user,0,train,0
taxi:1921:6,taxi,1921,6,agent,2,train,0
taxi:1921:7,taxi,1921,7,user,2,train,0
taxi:1921:8,taxi,1921,8,agent,2,train,0
taxi:1921:9,taxi,1921,9,user,0,train,0
taxi:1921:10,taxi,1921,10,agent,2,train,0
taxi:1921:11,taxi,1921,11,user,3,train,0
taxi:1922:1,taxi,1922,1,user,3,train,0
taxi:1922:2,taxi,1922,2,agent,0,train,0
taxi:1922:3,taxi,1922,3,user,0,train,1
taxi:1922:4,taxi,1922,4,agent,2,train,0
taxi:1922:5,taxi,1922,5,user,0,train,0
taxi:1922:6,taxi,1922,6,agent,2,train,0
taxi:1923:1,taxi,1923,1,user,3,test,1
taxi:1923:2,taxi,1923,2,agent,3,test,0
taxi:1923:3,taxi,1923,3,user,0,test,0
taxi:1923:4,taxi,1923,4,agent,2,test,1
taxi:1923:5,taxi,1923,5,user,0,test,0
taxi:1923:6,taxi,1923,6,agent,2,test,0
taxi:1923:7,taxi,1923,7,agent,3,test,1
taxi:1923:8,taxi,1923,8,user,3,test,0
taxi:1923:9,taxi,1923,9,agent,2,test,1
taxi:1923:10,taxi,1923,10,user,3,test,0
taxi:1924:1,taxi,1924,1,user,2,test,0
taxi:1924:2,taxi,1924,2,agent,3,test,1
taxi:1924:3,taxi,1924,3,user,0,test,0
taxi:1924:4,taxi,1924,4,agent,3,test,1
taxi:1925:1,taxi,1925,1,user,2,train,1
taxi:1925:2,taxi,1925,2,agent,3,train,0
taxi:1925:3,taxi,1925,3,user,0,train,0
taxi:1925:4,taxi,1925,4,agent,2,train,0
taxi:1925:5,taxi,1925,5,user,2,train,0
taxi:1925:6,taxi,1925,6,agent,2,train,0
taxi:1925:7,taxi,1925,7,user,2,train,0
taxi:1925:8,taxi,1925,8,agent,2,train,0
taxi:1925:9,taxi,1925,9,user,3,train,0
taxi:1926:1,taxi,1926,1,user,3,train,1
taxi:1926:2,taxi,1926,2,agent,3,train,0
taxi:1926:3,taxi,1926,3,user,0,train,0
taxi:1926:4,taxi,1926,4,agent,2,train,0
taxi:1926:5,taxi,1926,5,user,0,train,1
taxi:1926:6,taxi,1926,6,agent,2,train,0
taxi:1927:1,taxi,1927,1,user,1,train,0
taxi:1927:2,taxi,1927,2,agent,0,train,0
taxi:1927:3,taxi,1927,3,user,0,train,0
taxi:1927:4,taxi,1927,4,agent,1,train,0
taxi:1927:5,taxi,1927,5,user,0,train,0
taxi:1927:6,taxi,1927,6,agent,2,train,0
taxi:1928:1,taxi,1928,1,user,1,validation,1
taxi:1928:2,taxi,1928,2,agent,2,validation,1
taxi:1928:3,taxi,1928,3,user,0,validation,0
taxi:1928:4,taxi,1928,4,agent,2,validation,0
taxi:1928:5,taxi,1928,5,user,3,validation,1
taxi:1928:6,taxi,1928,6,agent,2,validation,0
taxi:1928:7,taxi,1928,7,user,3,validation,1
taxi:1928:8,taxi,1928,8,agent,1,validation,1
taxi:1928:9,taxi,1928,9,user,3,validation,1
taxi:1928:10,taxi,1928,10,agent,2,validation,0
taxi:1928:11,taxi,1928,11,user,3,validation,1
taxi:1929:1,taxi,1929,1,user,1,train,1
taxi:1929:2,taxi,1929,2,agent,2,train,0
taxi:1929:3,taxi,1929,3,user,0,train,0
taxi:1929:4,taxi,1929,4,agent,2,train,0
taxi:1929:5,taxi,1929,5,user,0,train,0
taxi:1929:6,taxi,1929,6,agent,2,train,0
taxi:1930:1,taxi,1930,1,user,3,train,1
taxi:1930:2,taxi,1930,2,agent,1,train,0
taxi:1930:3,taxi,1930,3,user,2,train,1
taxi:1930:4,taxi,1930,4,agent,2,train,0
taxi:1930:5,taxi,1930,5,user,0,train,0
taxi:1930:6,taxi,1930,6,agent,2,train,0
taxi:1931:1,taxi,1931,1,user,2,train,0
taxi:1931:2,taxi,1931,2,agent,2,train,0
taxi:1931:3,taxi,1931,3,user,0,train,0
taxi:1931:4,taxi,1931,4,agent,2,train,0
taxi:1931:5,taxi,1931,5,user,3,train,0
taxi:1931:6,taxi,1931,6,agent,2,train,0
taxi:1931:7,taxi,1931,7,user,3,train,1
taxi:1932:1,taxi,1932,1,user,3,train,0
taxi:1932:2,taxi,1932,2,agent,3,train,1
taxi:1932:3,taxi,1932,3,user,0,train,0
taxi:1932:4,taxi,1932,4,agent,2,train,0
taxi:1932:5,taxi,1932,5,user,0,train,0
taxi:1932:6,taxi,1932,6,agent,2,train,0
taxi:1932:7,taxi,1932,7,user,3,train,0
taxi:1932:8,taxi,1932,8,agent,2,train,1
taxi:1932:9,taxi,1932,9,user,3,train,1
taxi:1933:1,taxi,1933,1,user,3,train,1
taxi:1933:2,taxi,1933,2,agent,1,train,0
taxi:1933:3,taxi,1933,3,user,2,train,1
taxi:1933:4,taxi,1933,4,agent,2,train,1
taxi:1933:5,taxi,1933,5,user,0,train,0
taxi:1933:6,taxi,1933,6,agent,2,train,0
taxi:1934:1,taxi,1934,1,user,3,validation,1
taxi:1934:2,taxi,1934,2,agent,0,validation,0
taxi:1934:3,taxi,1934,3,user,2,validation,1
taxi:1934:4,taxi,1934,4,agent,1,validation,0
taxi:1934:5,taxi,1934,5,user,0,validation,0
taxi:1934:6,taxi,1934,6,agent,2,validation,0
taxi:1935:1,taxi,1935,1,user,1,train,0
taxi:1935:2,taxi,1935,2,agent,0,train,1
taxi:1935:3,taxi,1935,3,user,0,train,0
taxi:1935:4,taxi,1935,4,agent,2,train,0
taxi:1935:5,taxi,1935,5,user,0,train,1
taxi:1935:6,taxi,1935,6,agent,2,train,1
taxi:1936:1,taxi,1936,1,user,3,test,0
taxi:1936:2,taxi,1936,2,agent,0,test,0
taxi:1936:3,taxi,1936,3,user,2,test,0
taxi:1936:4,taxi,1936,4,agent,1,test,0
taxi:1936:5,taxi,1936,5,user,0,test,0
taxi:1936:6,taxi,1936,6,agent,2,test,0
taxi:1937:1,taxi,1937,1,user,3,train,0
taxi:1937:2,taxi,1937,2,agent,0,train,0
taxi:1937:3,taxi,1937,3,user,2,train,1
taxi:1937:4,taxi,1937,4,agent,0,train,0
taxi:1937:5,taxi,1937,5,user,0,train,1
taxi:1937:6,taxi,1937,6,agent,2,train,0
taxi:1937:7,taxi,1937,7,user,0,train,0
taxi:1937:8,taxi,1937,8,agent,2,train,0
taxi:1938:1,taxi,1938,1,user,2,train,0
taxi:1938:2,taxi,1938,2,agent,3,train,0
taxi:1938:3,taxi,1938,3,user,0,train,0
taxi:1938:4,taxi,1938,4,agent,2,train,0
taxi:1938:5,taxi,1938,5,user,0,train,0
taxi:1938:6,taxi,1938,6,agent,2,train,0
taxi:1939:1,taxi,1939,1,user,1,train,0
taxi:1939:2,taxi,1939,2,agent,0,train,0
taxi:1939:3,taxi,1939,3,user,0,train,1
taxi:1939:4,taxi,1939,4,agent,2,train,0
taxi:1940:1,taxi,1940,1,user,3,train,0
taxi:1940:2,taxi,1940,2,agent,0,train,1
taxi:1940:3,taxi,1940,3,user,2,train,0
taxi:1940:4,taxi,1940,4,agent,2,train,1
taxi:1940:5,taxi,1940,5,user,2,train,0
taxi:1940:6,taxi,1940,6,agent,2,train,0
taxi:1941:1,taxi,1941,1,user,2,train,1
taxi:1941:2,taxi,1941,2,agent,2,train,0
taxi:1941:3,taxi,1941,3,user,0,train,0
taxi:1941:4,taxi,1941,4,agent,2,train,0
taxi:1941:5,taxi,1941,5,user,0,train,0
taxi:1941:6,taxi,1941,6,agent,2,train,0
taxi:1942:1,taxi,1942,1,user,1,train,0
taxi:1942:2,taxi,1942,2,agent,0,train,0
taxi:1942:3,taxi,1942,3,user,2,train,0
taxi:1942:4,taxi,1942,4,agent,1,train,0
taxi:1942:5,taxi,1942,5,user,3,train,0
taxi:1942:6,taxi,1942,6,agent,2,train,0
taxi:1942:7,taxi,1942,7,user,3,train,1
taxi:1943:1,taxi,1943,1,user,1,train,0
taxi:1943:2,taxi,1943,2,agent,2,train,0
taxi:1943:3,taxi,1943,3,user,3,train,1
taxi:1943:4,taxi,1943,4,agent,2,train,0
taxi:1943:5,taxi,1943,5,user,3,train,0
taxi:1943:6,taxi,1943,6,agent,2,train,0
taxi:1943:7,taxi,1943,7,user,3,train,1
taxi:1944:1,taxi,1944,1,user,2,test,0
taxi:1944:2,taxi,1944,2,agent,3,test,1
taxi:1944:3,taxi,1944,3,user,0,test,0
taxi:1944:4,taxi,1944,4,agent,1,test,1
taxi:1944:5,taxi,1944,5,user,0,test,0
taxi:1944:6,taxi,1944,6,agent,2,test,1
taxi:1944:7,taxi,1944,7,user,2,test,0
taxi:1944:8,taxi,1944,8,agent,2,test,0
taxi:1944:9,taxi,1944,9,user,3,test,1
taxi:1945:1,taxi,1945,1,user,1,train,0
taxi:1945:2,taxi,1945,2,agent,0,train,0
taxi:1945:3,taxi,1945,3,user,0,train,0
taxi:1945:4,taxi,1945,4,agent,1,train,0
taxi:1945:5,taxi,1945,5,user,0,train,0
taxi:1945:6,taxi,1945,6,agent,1,train,0
taxi:1945:7,taxi,1945,7,user,0,train,0
taxi:1945:8,taxi,1945,8,agent,1,train,0
taxi:1945:9,taxi,1945,9,user,2,train,0
taxi:1945:10,taxi,1945,10,agent,1,train,0
taxi:1945:11,taxi,1945,11,user,2,train,0
taxi:1945:12,taxi,1945,12,agent,1,train,0
taxi:1945:13,taxi,1945,13,user,3,train,1
taxi:1945:14,taxi,1945,14,agent,2,train,0
taxi:1945:15,taxi,1945,15,user,3,train,1
taxi:1946:1,taxi,1946,1,user,1,test,0
taxi:1946:2,taxi,1946,2,agent,3,test,1
taxi:1946:3,taxi,1946,3,user,2,test,0
taxi:1946:4,taxi,1946,4,agent,1,test,0
taxi:1946:5,taxi,1946,5,user,0,test,0
taxi:1946:6,taxi,1946,6,agent,2,test,0
taxi:1946:7,taxi,1946,7,user,2,test,0
taxi:1946:8,taxi,1946,8,agent,2,test,0
taxi:1946:9,taxi,1946,9,user,3,test,1
taxi:1947:1,taxi,1947,1,user,3,train,0
taxi:1947:2,taxi,1947,2,agent,3,train,1
taxi:1947:3,taxi,1947,3,user,2,train,0
taxi:1947:4,taxi,1947,4,agent,0,train,0
taxi:1947:5,taxi,1947,5,user,0,train,1
taxi:1947:6,taxi,1947,6,agent,0,train,0
taxi:1947:7,taxi,1947,7,user,0,train,1
taxi:1947:8,taxi,1947,8,agent,2,train,1
taxi:1947:9,taxi,1947,9,user,0,train,0
taxi:1947:10,taxi,1947,10,agent,2,train,1
taxi:1947:11,taxi,1947,11,user,3,train,1
taxi:1948:1,taxi,1948,1,user,2,train,1
taxi:1948:2,taxi,1948,2,agent,3,train,1
taxi:1948:3,taxi,1948,3,user,0,train,0
taxi:1948:4,taxi,1948,4,user,0,train,1
taxi:1948:5,taxi,1948,5,agent,1,train,0
taxi:1948:6,taxi,1948,6,user,0,train,0
taxi:1948:7,taxi,1948,7,agent,2,train,0
taxi:1948:8,taxi,1948,8,user,0,train,1
taxi:1948:9,taxi,1948,9,agent,2,train,0
taxi:1948:10,taxi,1948,10,user,3,train,0
taxi:1949:1,taxi,1949,1,user,3,test,0
taxi:1949:2,taxi,1949,2,agent,3,test,1
taxi:1949:3,taxi,1949,3,user,3,test,1
taxi:1949:4,taxi,1949,4,agent,2,test,0
taxi:1949:5,taxi,1949,5,user,3,test,1
taxi:1950:1,taxi,1950,1,user,1,test,0
taxi:1950:2,taxi,1950,2,agent,3,test,1
taxi:1950:3,taxi,1950,3,user,3,test,0
taxi:1950:4,taxi,1950,4,agent,0,test,0
taxi:1950:5,taxi,1950,5,user,0,test,0
taxi:1950:6,taxi,1950,6,agent,1,test,0
taxi:1950:7,taxi,1950,7,user,2,test,0
taxi:1950:8,taxi,1950,8,agent,2,test,0
taxi:1950:9,taxi,1950,9,user,3,test,0
taxi:1950:10,taxi,1950,10,agent,2,test,0
taxi:1950:11,taxi,1950,11,user,3,test,1
taxi:1951:1,taxi,1951,1,user,1,validation,0
taxi:1951:2,taxi,1951,2,agent,3,validation,1
taxi:1951:3,taxi,1951,3,user,2,validation,0
taxi:1951:4,taxi,1951,4,agent,2,validation,0
taxi:1952:1,taxi,1952,1,user,1,train,0
taxi:1952:2,taxi,1952,2,agent,3,train,1
taxi:1952:3,taxi,1952,3,user,3,train,1
taxi:1952:4,taxi,1952,4,agent,0,train,0
taxi:1952:5,taxi,1952,5,user,0,train,0
taxi:1952:6,taxi,1952,6,agent,2,train,0
taxi:1952:7,taxi,1952,7,user,3,train,0
taxi:1952:8,taxi,1952,8,agent,2,train,0
taxi:1952:9,taxi,1952,9,user,3,train,1
taxi:1953:1,taxi,1953,1,user,2,train,0
taxi:1953:2,taxi,1953,2,agent,1,train,1
taxi:1953:3,taxi,1953,3,user,3,train,0
taxi:1953:4,taxi,1953,4,agent,2,train,0
taxi:1954:1,taxi,1954,1,user,3,train,0
taxi:1954:2,taxi,1954,2,agent,1,train,1
taxi:1954:3,taxi,1954,3,user,0,train,0
taxi:1954:4,taxi,1954,4,agent,1,train,0
taxi:1954:5,taxi,1954,5,user,0,train,0
taxi:1954:6,taxi,1954,6,agent,2,train,0
taxi:1954:7,taxi,1954,7,user,2,train,1
taxi:1954:8,taxi,1954,8,agent,2,train,0
taxi:1954:9,taxi,1954,9,user,3,train,0
taxi:1955:1,taxi,1955,1,user,1,train,0
taxi:1955:2,taxi,1955,2,agent,3,train,1
taxi:1955:3,taxi,1955,3,user,2,train,0
taxi:1955:4,taxi,1955,4,agent,3,train,0
taxi:1955:5,taxi,1955,5,user,0,train,0
taxi:1955:6,taxi,1955,6,agent,2,train,0
taxi:1955:7,taxi,1955,7,user,2,train,0
taxi:1955:8,taxi,1955,8,agent,2,train,0
taxi:1955:9,taxi,1955,9,user,1,train,0
taxi:1955:10,taxi,1955,10,agent,1,train,0
taxi:1955:11,taxi,1955,11,user,2,train,0
taxi:1955:12,taxi,1955,12,agent,2,train,0
taxi:1955:13,taxi,1955,13,user,3,train,0
taxi:1956:1,taxi,1956,1,user,1,train,1
taxi:1956:2,taxi,1956,2,agent,3,train,1
taxi:1956:3,taxi,1956,3,user,3,train,0
taxi:1956:4,taxi,1956,4,agent,2,train,1
taxi:1956:5,taxi,1956,5,user,2,train,0
taxi:1956:6,taxi,1956,6,agent,2,train,0
taxi:1956:7,taxi,1956,7,user,3,train,1
taxi:1956:8,taxi,1956,8,agent,2,train,0
taxi:1956:9,taxi,1956,9,user,3,train,1
taxi:1957:1,taxi,1957,1,user,2,train,0
taxi:1957:2,taxi,1957,2,agent,2,train,0
taxi:1957:3,taxi,1957,3,user,3,train,0
taxi:1957:4,taxi,1957,4,agent,2,train,0
taxi:1958:1,taxi,1958,1,user,1,train,1
taxi:1958:2,taxi,1958,2,agent,2,train,0
taxi:1958:3,taxi,1958,3,user,2,train,0
taxi:1958:4,taxi,1958,4,agent,2,train,0
taxi:1959:1,taxi,1959,1,user,2,validation,1
taxi:1959:2,taxi,1959,2,agent,3,validation,1
taxi:1959:3,taxi,1959,3,user,2,validation,0
taxi:1959:4,taxi,1959,4,agent,3,validation,1
taxi:1959:5,taxi,1959,5,user,0,validation,0
taxi:1959:6,taxi,1959,6,agent,2,validation,0
taxi:1959:7,taxi,1959,7,user,2,validation,1
taxi:1959:8,taxi,1959,8,agent,2,validation,0
taxi:1959:9,taxi,1959,9,user,3,validation,1
taxi:1960:1,taxi,1960,1,user,1,test,1
taxi:1960:2,taxi,1960,2,agent,3,test,1
taxi:1960:3,taxi,1960,3,user,3,test,1
taxi:1960:4,taxi,1960,4,agent,2,test,0
taxi:1960:5,taxi,1960,5,user,0,test,0
taxi:1960:6,taxi,1960,6,agent,3,test,0
taxi:1960:7,taxi,1960,7,user,3,test,1
taxi:1960:8,taxi,1960,8,agent,2,test,0
taxi:1960:9,taxi,1960,9,user,3,test,1
taxi:1961:1,taxi,1961,1,user,1,train,0
taxi:1961:2,taxi,1961,2,agent,2,train,0
taxi:1961:3,taxi,1961,3,user,2,train,0
taxi:1961:4,taxi,1961,4,agent,1,train,0
taxi:1961:5,taxi,1961,5,user,2,train,0
taxi:1961:6,taxi,1961,6,agent,2,train,1
taxi:1961:7,taxi,1961,7,user,3,train,1
taxi:1961:8,taxi,1961,8,agent,3,train,0
taxi:1961:9,taxi,1961,9,user,3,train,1
taxi:1961:10,taxi,1961,10,agent,2,train,1
taxi:1961:11,taxi,1961,11,user,3,train,0
taxi:1962:1,taxi,1962,1,user,1,test,0
taxi:1962:2,taxi,1962,2,agent,2,test,0
taxi:1962:3,taxi,1962,3,user,0,test,0
taxi:1962:4,taxi,1962,4,agent,2,test,0
taxi:1963:1,taxi,1963,1,user,1,validation,0
taxi:1963:2,taxi,1963,2,agent,3,validation,1
taxi:1963:3,taxi,1963,3,user,0,validation,0
taxi:1963:4,taxi,1963,4,agent,0,validation,0
taxi:1963:5,taxi,1963,5,user,0,validation,1
taxi:1963:6,taxi,1963,6,agent,1,validation,0
taxi:1963:7,taxi,1963,7,user,0,validation,1
taxi:1963:8,taxi,1963,8,agent,2,validation,1
taxi:1963:9,taxi,1963,9,user,3,validation,1
taxi:1963:10,taxi,1963,10,agent,2,validation,0
taxi:1964:1,taxi,1964,1,user,1,test,0
taxi:1964:2,taxi,1964,2,agent,3,test,0
taxi:1964:3,taxi,1964,3,user,2,test,0
taxi:1964:4,taxi,1964,4,agent,1,test,0
taxi:1964:5,taxi,1964,5,user,0,test,0
taxi:1964:6,taxi,1964,6,agent,2,test,0
taxi:1964:7,taxi,1964,7,user,2,test,0
taxi:1964:8,taxi,1964,8,agent,2,test,0
taxi:1965:1,taxi,1965,1,user,1,test,0
taxi:1965:2,taxi,1965,2,agent,3,test,1
taxi:1965:3,taxi,1965,3,user,3,test,1
taxi:1965:4,taxi,1965,4,agent,1,test,0
taxi:1965:5,taxi,1965,5,user,0,test,0
taxi:1965:6,taxi,1965,6,agent,2,test,1
taxi:1965:7,taxi,1965,7,user,2,test,0
taxi:1965:8,taxi,1965,8,agent,3,test,1
taxi:1965:9,taxi,1965,9,user,3,test,1
taxi:1965:10,taxi,1965,10,agent,2,test,0
taxi:1965:11,taxi,1965,11,user,3,test,1
taxi:1966:1,taxi,1966,1,user,1,train,0
taxi:1966:2,taxi,1966,2,agent,3,train,1
taxi:1966:3,taxi,1966,3,user,0,train,1
taxi:1966:4,taxi,1966,4,agent,0,train,0
taxi:1966:5,taxi,1966,5,user,0,train,0
taxi:1966:6,taxi,1966,6,agent,1,train,1
taxi:1966:7,taxi,1966,7,user,0,train,0
taxi:1966:8,taxi,1966,8,agent,2,train,0
taxi:1966:9,taxi,1966,9,user,3,train,0
taxi:1966:10,taxi,1966,10,agent,2,train,0
taxi:1967:1,taxi,1967,1,user,2,train,0
taxi:1967:2,taxi,1967,2,agent,2,train,1
taxi:1967:3,taxi,1967,3,user,0,train,0
taxi:1967:4,taxi,1967,4,agent,2,train,0
taxi:1967:5,taxi,1967,5,user,3,train,1
taxi:1967:6,taxi,1967,6,agent,2,train,0
taxi:1967:7,taxi,1967,7,user,3,train,1
taxi:1968:1,taxi,1968,1,user,1,test,1
taxi:1968:2,taxi,1968,2,agent,0,test,0
taxi:1968:3,taxi,1968,3,user,0,test,0
taxi:1968:4,taxi,1968,4,agent,2,test,0
taxi:1968:5,taxi,1968,5,user,2,test,0
taxi:1968:6,taxi,1968,6,agent,2,test,0
taxi:1969:1,taxi,1969,1,user,1,train,0
taxi:1969:2,taxi,1969,2,agent,3,train,1
taxi:1969:3,taxi,1969,3,user,3,train,1
taxi:1969:4,taxi,1969,4,agent,2,train,0
taxi:1970:1,taxi,1970,1,user,2,train,0
taxi:1970:2,taxi,1970,2,agent,3,train,1
taxi:1970:3,taxi,1970,3,user,0,train,1
taxi:1970:4,taxi,1970,4,agent,1,train,0
taxi:1970:5,taxi,1970,5,user,0,train,0
taxi:1970:6,taxi,1970,6,agent,2,train,1
taxi:1970:7,taxi,1970,7,user,3,train,0
taxi:1970:8,taxi,1970,8,agent,2,train,0
taxi:1971:1,taxi,1971,1,user,2,train,0
taxi:1971:2,taxi,1971,2,agent,3,train,1
taxi:1971:3,taxi,1971,3,user,0,train,0
taxi:1971:4,taxi,1971,4,agent,2,train,1
taxi:1971:5,taxi,1971,5,user,0,train,1
taxi:1971:6,taxi,1971,6,agent,2,train,0
taxi:1971:7,taxi,1971,7,user,3,train,1
taxi:1972:1,taxi,1972,1,user,2,validation,0
taxi:1972:2,taxi,1972,2,agent,3,validation,1
taxi:1972:3,taxi,1972,3,user,0,validation,1
taxi:1972:4,taxi,1972,4,agent,2,validation,0
taxi:1972:5,taxi,1972,5,user,3,validation,0
taxi:1972:6,taxi,1972,6,agent,2,validation,0
taxi:1972:7,taxi,1972,7,user,3,validation,1
taxi:1973:1,taxi,1973,1,user,2,train,1
taxi:1973:2,taxi,1973,2,agent,3,train,1
taxi:1973:3,taxi,1973,3,user,2,train,0
taxi:1973:4,taxi,1973,4,agent,0,train,0
taxi:1973:5,taxi,1973,5,user,0,train,1
taxi:1973:6,taxi,1973,6,agent,1,train,0
taxi:1973:7,taxi,1973,7,user,0,train,0
taxi:1973:8,taxi,1973,8,agent,2,train,1
taxi:1973:9,taxi,1973,9,user,2,train,0
taxi:1973:10,taxi,1973,10,agent,2,train,0
taxi:1973:11,taxi,1973,11,user,3,train,1
taxi:1974:1,taxi,1974,1,user,2,train,0
taxi:1974:2,taxi,1974,2,agent,3,train,0
taxi:1974:3,taxi,1974,3,user,0,train,0
taxi:1974:4,taxi,1974,4,agent,2,train,0
taxi:1974:5,taxi,1974,5,user,3,train,1
taxi:1974:6,taxi,1974,6,agent,2,train,0
taxi:1974:7,taxi,1974,7,user,3,train,1
taxi:1975:1,taxi,1975,1,user,2,test,0
taxi:1975:2,taxi,1975,2,agent,3,test,1
taxi:1975:3,taxi,1975,3,user,0,test,0
taxi:1975:4,taxi,1975,4,agent,2,test,0
taxi:1975:5,taxi,1975,5,user,3,test,0
taxi:1975:6,taxi,1975,6,agent,2,test,0
taxi:1975:7,taxi,1975,7,user,3,test,1
taxi:1976:1,taxi,1976,1,user,3,train,1
taxi:1976:2,taxi,1976,2,agent,3,train,0
taxi:1976:3,taxi,1976,3,user,3,train,1
taxi:1976:4,taxi,1976,4,agent,0,train,1
taxi:1976:5,taxi,1976,5,user,0,train,0
taxi:1976:6,taxi,1976,6,agent,0,train,1
taxi:1976:7,taxi,1976,7,user,0,train,0
taxi:1976:8,taxi,1976,8,agent,0,train,0
taxi:1976:9,taxi,1976,9,user,0,train,0
taxi:1976:10,taxi,1976,10,agent,2,train,0
taxi:1976:11,taxi,1976,11,user,0,train,0
taxi:1976:12,taxi,1976,12,agent,2,train,0
taxi:1976:13,taxi,1976,13,user,3,train,1
taxi:1977:1,taxi,1977,1,user,2,train,0
taxi:1977:2,taxi,1977,2,agent,3,train,1
taxi:1977:3,taxi,1977,3,user,3,train,0
taxi:1977:4,taxi,1977,4,agent,2,train,0
taxi:1978:1,taxi,1978,1,user,1,test,1
taxi:1978:2,taxi,1978,2,agent,3,test,1
taxi:1978:3,taxi,1978,3,user,2,test,0
taxi:1978:4,taxi,1978,4,agent,2,test,0
taxi:1978:5,taxi,1978,5,user,3,test,1
taxi:1978:6,taxi,1978,6,agent,2,test,0
taxi:1979:1,taxi,1979,1,user,2,train,0
taxi:1979:2,taxi,1979,2,agent,3,train,0
taxi:1979:3,taxi,1979,3,user,3,train,1
taxi:1979:4,taxi,1979,4,agent,2,train,0
taxi:1980:1,taxi,1980,1,user,1,train,0
taxi:1980:2,taxi,1980,2,agent,3,train,1
taxi:1980:3,taxi,1980,3,user,0,train,1
taxi:1980:4,taxi,1980,4,agent,2,train,0
taxi:1980:5,taxi,1980,5,user,0,train,0
taxi:1980:6,taxi,1980,6,agent,2,train,0
taxi:1981:1,taxi,1981,1,user,1,validation,0
taxi:1981:2,taxi,1981,2,agent,3,validation,1
taxi:1981:3,taxi,1981,3,user,2,validation,1
taxi:1981:4,taxi,1981,4,agent,2,validation,0
taxi:1981:5,taxi,1981,5,user,2,validation,0
taxi:1981:6,taxi,1981,6,agent,2,validation,1
taxi:1982:1,taxi,1982,1,user,2,train,0
taxi:1982:2,taxi,1982,2,agent,3,train,1
taxi:1982:3,taxi,1982,3,user,0,train,0
taxi:1982:4,taxi,1982,4,agent,2,train,0
taxi:1982:5,taxi,1982,5,user,2,train,0
taxi:1982:6,taxi,1982,6,agent,2,train,0
taxi:1982:7,taxi,1982,7,user,3,train,0
taxi:1982:8,taxi,1982,8,agent,2,train,0
taxi:1982:9,taxi,1982,9,user,3,train,1
taxi:1983:1,taxi,1983,1,user,1,train,0
taxi:1983:2,taxi,1983,2,agent,3,train,1
taxi:1983:3,taxi,1983,3,user,2,train,0
taxi:1983:4,taxi,1983,4,agent,2,train,0
taxi:1983:5,taxi,1983,5,user,3,train,0
taxi:1983:6,taxi,1983,6,agent,2,train,0
taxi:1984:1,taxi,1984,1,user,0,train,0
taxi:1984:2,taxi,1984,2,agent,3,train,1
taxi:1984:3,taxi,1984,3,user,0,train,0
taxi:1984:4,taxi,1984,4,agent,2,train,0
taxi:1984:5,taxi,1984,5,user,0,train,0
taxi:1984:6,taxi,1984,6,agent,2,train,1
taxi:1985:1,taxi,1985,1,user,1,test,1
taxi:1985:2,taxi,1985,2,agent,3,test,0
taxi:1985:3,taxi,1985,3,user,0,test,0
taxi:1985:4,taxi,1985,4,agent,2,test,0
taxi:1985:5,taxi,1985,5,user,0,test,0
taxi:1985:6,taxi,1985,6,agent,2,test,0
taxi:1985:7,taxi,1985,7,user,0,test,0
taxi:1985:8,taxi,1985,8,agent,2,test,0
taxi:1986:1,taxi,1986,1,user,1,train,1
taxi:1986:2,taxi,1986,2,agent,1,train,0
taxi:1986:3,taxi,1986,3,user,0,train,0
taxi:1986:4,taxi,1986,4,agent,2,train,0
taxi:1986:5,taxi,1986,5,user,3,train,1
taxi:1986:6,taxi,1986,6,agent,2,train,0
taxi:1987:1,taxi,1987,1,user,1,train,0
taxi:1987:2,taxi,1987,2,agent,3,train,0
taxi:1987:3,taxi,1987,3,user,2,train,0
taxi:1987:4,taxi,1987,4,agent,2,train,0
taxi:1987:5,taxi,1987,5,user,0,train,1
taxi:1987:6,taxi,1987,6,agent,2,train,0
taxi:1988:1,taxi,1988,1,user,2,test,0
taxi:1988:2,taxi,1988,2,agent,3,test,1
taxi:1988:3,taxi,1988,3,user,0,test,0
taxi:1988:4,taxi,1988,4,agent,2,test,0
taxi:1988:5,taxi,1988,5,user,3,test,1
taxi:1988:6,taxi,1988,6,agent,2,test,0
taxi:1988:7,taxi,1988,7,user,3,test,1
taxi:1989:1,taxi,1989,1,user,2,train,0
taxi:1989:2,taxi,1989,2,agent,3,train,1
taxi:1989:3,taxi,1989,3,user,0,train,0
taxi:1989:4,taxi,1989,4,agent,2,train,0
taxi:1990:1,taxi,1990,1,user,1,train,0
taxi:1990:2,taxi,1990,2,agent,3,train,1
taxi:1990:3,taxi,1990,3,user,0,train,0
taxi:1990:4,taxi,1990,4,agent,0,train,0
taxi:1990:5,taxi,1990,5,user,0,train,0
taxi:1990:6,taxi,1990,6,user,0,train,0
taxi:1990:7,taxi,1990,7,agent,0,train,0
taxi:1990:8,taxi,1990,8,user,0,train,0
taxi:1990:9,taxi,1990,9,agent,0,train,1
taxi:1990:10,taxi,1990,10,user,0,train,1
taxi:1990:11,taxi,1990,11,agent,2,train,1
taxi:1990:12,taxi,1990,12,user,0,train,0
taxi:1990:13,taxi,1990,13,agent,2,train,0
taxi:1990:14,taxi,1990,14,user,3,train,1
taxi:1991:1,taxi,1991,1,user,1,train,1
taxi:1991:2,taxi,1991,2,agent,3,train,1
taxi:1991:3,taxi,1991,3,user,3,train,0
taxi:1991:4,taxi,1991,4,agent,2,train,0
taxi:1992:1,taxi,1992,1,user,2,train,0
taxi:1992:2,taxi,1992,2,agent,3,train,0
taxi:1992:3,taxi,1992,3,user,0,train,0
taxi:1992:4,taxi,1992,4,agent,2,train,1
taxi:1993:1,taxi,1993,1,user,2,train,0
taxi:1993:2,taxi,1993,2,agent,0,train,0
taxi:1993:3,taxi,1993,3,user,2,train,0
taxi:1993:4,taxi,1993,4,agent,2,train,0
taxi:1993:5,taxi,1993,5,user,2,train,0
taxi:1993:6,taxi,1993,6,agent,2,train,0
taxi:1994:1,taxi,1994,1,user,3,train,1
taxi:1994:2,taxi,1994,2,agent,3,train,0
taxi:1994:3,taxi,1994,3,user,2,train,0
taxi:1994:4,taxi,1994,4,agent,2,train,0
taxi:1994:5,taxi,1994,5,user,0,train,0
taxi:1994:6,taxi,1994,6,agent,2,train,0
taxi:1995:1,taxi,1995,1,user,2,train,1
taxi:1995:2,taxi,1995,2,agent,2,train,0
taxi:1995:3,taxi,1995,3,user,0,train,0
taxi:1995:4,taxi,1995,4,agent,2,train,0
taxi:1995:5,taxi,1995,5,user,3,train,0
taxi:1995:6,taxi,1995,6,agent,2,train,0
taxi:1996:1,taxi,1996,1,user,2,train,1
taxi:1996:2,taxi,1996,2,agent,2,train,0
taxi:1996:3,taxi,1996,3,user,0,train,0
taxi:1996:4,taxi,1996,4,agent,2,train,0
taxi:1996:5,taxi,1996,5,user,3,train,1
taxi:1996:6,taxi,1996,6,agent,3,train,1
taxi:1997:1,taxi,1997,1,user,3,test,1
taxi:1997:2,taxi,1997,2,agent,0,test,0
taxi:1997:3,taxi,1997,3,user,2,test,1
taxi:1997:4,taxi,1997,4,agent,2,test,0
taxi:1997:5,taxi,1997,5,user,0,test,0
taxi:1997:6,taxi,1997,6,agent,2,test,0
taxi:1998:1,taxi,1998,1,user,1,test,1
taxi:1998:2,taxi,1998,2,agent,0,test,0
taxi:1998:3,taxi,1998,3,user,0,test,0
taxi:1998:4,taxi,1998,4,agent,2,test,1
taxi:1998:5,taxi,1998,5,user,3,test,1
taxi:1998:6,taxi,1998,6,agent,2,test,1
taxi:1999:1,taxi,1999,1,user,3,train,0
taxi:1999:2,taxi,1999,2,agent,3,train,1
taxi:1999:3,taxi,1999,3,user,2,train,0
taxi:1999:4,taxi,1999,4,agent,2,train,0
taxi:1999:5,taxi,1999,5,user,0,train,0
taxi:1999:6,taxi,1999,6,agent,2,train,0
taxi:2000:1,taxi,2000,1,user,3,test,0
taxi:2000:2,taxi,2000,2,agent,3,test,1
taxi:2000:3,taxi,2000,3,user,2,test,0
taxi:2000:4,taxi,2000,4,agent,2,test,1
taxi:2000:5,taxi,2000,5,user,0,test,0
taxi:2000:6,taxi,2000,6,agent,2,test,0
taxi:2001:1,taxi,2001,1,user,1,test,1
taxi:2001:2,taxi,2001,2,agent,3,test,1
taxi:2001:3,taxi,2001,3,user,2,test,0
taxi:2001:4,taxi,2001,4,agent,2,test,0
taxi:2002:1,taxi,2002,1,user,3,train,1
taxi:2002:2,taxi,2002,2,agent,0,train,0
taxi:2002:3,taxi,2002,3,user,2,train,0
taxi:2002:4,taxi,2002,4,agent,2,train,1
taxi:2002:5,taxi,2002,5,user,0,train,0
taxi:2002:6,taxi,2002,6,agent,2,train,0
taxi:2003:1,taxi,2003,1,user,2,validation,0
taxi:2003:2,taxi,2003,2,agent,1,validation,1
taxi:2003:3,taxi,2003,3,user,0,validation,1
taxi:2003:4,taxi,2003,4,agent,1,validation,0
taxi:2003:5,taxi,2003,5,user,0,validation,0
taxi:2003:6,taxi,2003,6,agent,2,validation,0
taxi:2003:7,taxi,2003,7,user,2,validation,1
taxi:2003:8,taxi,2003,8,agent,2,validation,1
taxi:2003:9,taxi,2003,9,user,3,validation,1
taxi:2004:1,taxi,2004,1,user,3,test,1
taxi:2004:2,taxi,2004,2,agent,0,test,0
taxi:2004:3,taxi,2004,3,user,2,test,0
taxi:2004:4,taxi,2004,4,agent,2,test,0
taxi:2004:5,taxi,2004,5,user,0,test,1
taxi:2004:6,taxi,2004,6,agent,2,test,0
taxi:2005:1,taxi,2005,1,user,1,train,0
taxi:2005:2,taxi,2005,2,agent,0,train,0
taxi:2005:3,taxi,2005,3,user,3,train,1
taxi:2005:4,taxi,2005,4,agent,2,train,0
taxi:2005:5,taxi,2005,5,user,2,train,0
taxi:2005:6,taxi,2005,6,agent,2,train,0
taxi:2006:1,taxi,2006,1,user,3,test,1
taxi:2006:2,taxi,2006,2,agent,2,test,0
taxi:2006:3,taxi,2006,3,user,2,test,0
taxi:2006:4,taxi,2006,4,agent,2,test,1
taxi:2006:5,taxi,2006,5,user,0,test,0
taxi:2006:6,taxi,2006,6,agent,2,test,0
taxi:2006:7,taxi,2006,7,user,3,test,1
taxi:2007:1,taxi,2007,1,user,2,train,0
taxi:2007:2,taxi,2007,2,agent,3,train,0
taxi:2007:3,taxi,2007,3,user,0,train,0
taxi:2007:4,taxi,2007,4,agent,2,train,0
taxi:2008:1,taxi,2008,1,user,2,train,0
taxi:2008:2,taxi,2008,2,agent,2,train,1
taxi:2008:3,taxi,2008,3,user,2,train,0
taxi:2008:4,taxi,2008,4,agent,2,train,0
taxi:2009:1,taxi,2009,1,user,1,test,0
taxi:2009:2,taxi,2009,2,agent,1,test,0
taxi:2009:3,taxi,2009,3,user,0,test,1
taxi:2009:4,taxi,2009,4,agent,0,test,0
taxi:2009:5,taxi,2009,5,user,0,test,0
taxi:2009:6,taxi,2009,6,agent,0,test,0
taxi:2009:7,taxi,2009,7,user,0,test,0
taxi:2009:8,taxi,2009,8,agent,2,test,0
taxi:2009:9,taxi,2009,9,user,2,test,0
taxi:2009:10,taxi,2009,10,agent,2,test,0
taxi:2009:11,taxi,2009,11,user,3,test,1
taxi:2010:1,taxi,2010,1,user,3,test,1
taxi:2010:2,taxi,2010,2,agent,3,test,0
taxi:2010:3,taxi,2010,3,user,2,test,1
taxi:2010:4,taxi,2010,4,agent,2,test,0
taxi:2010:5,taxi,2010,5,user,0,test,0
taxi:2010:6,taxi,2010,6,agent,2,test,0
taxi:2011:1,taxi,2011,1,user,3,train,0
taxi:2011:2,taxi,2011,2,agent,0,train,0
taxi:2011:3,taxi,2011,3,user,2,train,0
taxi:2011:4,taxi,2011,4,agent,2,train,0
taxi:2011:5,taxi,2011,5,user,0,train,0
taxi:2011:6,taxi,2011,6,agent,2,train,0
taxi:2012:1,taxi,2012,1,user,1,test,0
taxi:2012:2,taxi,2012,2,agent,3,test,0
taxi:2012:3,taxi,2012,3,user,0,test,0
taxi:2012:4,taxi,2012,4,agent,1,test,0
taxi:2012:5,taxi,2012,5,user,0,test,0
taxi:2012:6,taxi,2012,6,agent,2,test,1
taxi:2012:7,taxi,2012,7,user,3,test,1
taxi:2012:8,taxi,2012,8,agent,2,test,0
taxi:2013:1,taxi,2013,1,user,2,validation,0
taxi:2013:2,taxi,2013,2,agent,0,validation,0
taxi:2013:3,taxi,2013,3,user,0,validation,0
taxi:2013:4,taxi,2013,4,agent,2,validation,0
taxi:2013:5,taxi,2013,5,user,3,validation,1
taxi:2013:6,taxi,2013,6,agent,2,validation,1
taxi:2013:7,taxi,2013,7,user,3,validation,0
taxi:2014:1,taxi,2014,1,user,3,train,1
taxi:2014:2,taxi,2014,2,agent,3,train,0
taxi:2014:3,taxi,2014,3,user,3,train,0
taxi:2014:4,taxi,2014,4,agent,0,train,0
taxi:2014:5,taxi,2014,5,user,0,train,1
taxi:2014:6,taxi,2014,6,agent,1,train,0
taxi:2014:7,taxi,2014,7,user,0,train,0
taxi:2014:8,taxi,2014,8,agent,2,train,1
taxi:2014:9,taxi,2014,9,user,2,train,0
taxi:2014:10,taxi,2014,10,agent,2,train,1
taxi:2015:1,taxi,2015,1,user,2,train,0
taxi:2015:2,taxi,2015,2,agent,3,train,1
taxi:2015:3,taxi,2015,3,user,3,train,1
taxi:2015:4,taxi,2015,4,agent,0,train,0
taxi:2015:5,taxi,2015,5,user,0,train,1
taxi:2015:6,taxi,2015,6,agent,2,train,0
taxi:2015:7,taxi,2015,7,user,0,train,0
taxi:2015:8,taxi,2015,8,agent,2,train,0
taxi:2016:1,taxi,2016,1,user,3,test,0
taxi:2016:2,taxi,2016,2,agent,0,test,0
taxi:2016:3,taxi,2016,3,user,2,test,0
taxi:2016:4,taxi,2016,4,agent,2,test,1
taxi:2016:5,taxi,2016,5,user,0,test,0
taxi:2016:6,taxi,2016,6,agent,2,test,0
taxi:2017:1,taxi,2017,1,user,2,test,0
taxi:2017:2,taxi,2017,2,agent,2,test,0
taxi:2017:3,taxi,2017,3,user,0,test,0
taxi:2017:4,taxi,2017,4,agent,2,test,0
taxi:2018:1,taxi,2018,1,user,1,train,1
taxi:2018:2,taxi,2018,2,agent,0,train,0
taxi:2018:3,taxi,2018,3,user,2,train,0
taxi:2018:4,taxi,2018,4,agent,2,train,0
taxi:2018:5,taxi,2018,5,user,3,train,0
taxi:2018:6,taxi,2018,6,agent,2,train,0
taxi:2019:1,taxi,2019,1,user,1,train,0
taxi:2019:2,taxi,2019,2,agent,2,train,0
taxi:2019:3,taxi,2019,3,user,0,train,0
taxi:2019:4,taxi,2019,4,agent,2,train,0
taxi:2019:5,taxi,2019,5,user,3,train,1
taxi:2019:6,taxi,2019,6,agent,2,train,0
taxi:2020:1,taxi,2020,1,user,1,train,0
taxi:2020:2,taxi,2020,2,agent,2,train,0
taxi:2020:3,taxi,2020,3,user,0,train,1
taxi:2020:4,taxi,2020,4,agent,1,train,0
taxi:2020:5,taxi,2020,5,user,2,train,0
taxi:2020:6,taxi,2020,6,agent,2,train,0
taxi:2020:7,taxi,2020,7,user,3,train,1
taxi:2020:8,taxi,2020,8,agent,2,train,0
taxi:2020:9,taxi,2020,9,user,3,train,1
taxi:2021:1,taxi,2021,1,user,3,train,1
taxi:2021:2,taxi,2021,2,agent,0,train,0
taxi:2021:3,taxi,2021,3,user,2,train,0
taxi:2021:4,taxi,2021,4,agent,2,train,1
taxi:2021:5,taxi,2021,5,user,0,train,0
taxi:2021:6,taxi,2021,6,agent,2,train,0
taxi:2022:1,taxi,2022,1,user,3,train,1
taxi:2022:2,taxi,2022,2,agent,2,train,0
taxi:2022:3,taxi,2022,3,user,3,train,1
taxi:2022:4,taxi,2022,4,agent,2,train,1
taxi:2022:5,taxi,2022,5,user,2,train,0
taxi:2022:6,taxi,2022,6,agent,2,train,0
taxi:2022:7,taxi,2022,7,user,3,train,0
taxi:2023:1,taxi,2023,1,user,3,validation,1
taxi:2023:2,taxi,2023,2,agent,1,validation,0
taxi:2023:3,taxi,2023,3,user,0,validation,0
taxi:2023:4,taxi,2023,4,agent,2,validation,0
taxi:2024:1,taxi,2024,1,user,3,train,0
taxi:2024:2,taxi,2024,2,agent,1,train,0
taxi:2024:3,taxi,2024,3,user,2,train,0
taxi:2024:4,taxi,2024,4,agent,2,train,1
taxi:2024:5,taxi,2024,5,user,0,train,0
taxi:2024:6,taxi,2024,6,agent,2,train,0
taxi:2025:1,taxi,2025,1,user,3,train,0
taxi:2025:2,taxi,2025,2,agent,1,train,0
taxi:2025:3,taxi,2025,3,user,2,train,0
taxi:2025:4,taxi,2025,4,agent,2,train,0
taxi:2025:5,taxi,2025,5,user,0,train,0
taxi:2025:6,taxi,2025,6,agent,2,train,0
taxi:2026:1,taxi,2026,1,user,3,train,0
taxi:2026:2,taxi,2026,2,agent,0,train,1
taxi:2026:3,taxi,2026,3,user,2,train,0
taxi:2026:4,taxi,2026,4,agent,2,train,0
taxi:2026:5,taxi,2026,5,user,0,train,0
taxi:2026:6,taxi,2026,6,agent,2,train,0
taxi:2027:1,taxi,2027,1,user,2,validation,1
taxi:2027:2,taxi,2027,2,agent,3,validation,1
taxi:2027:3,taxi,2027,3,user,2,validation,0
taxi:2027:4,taxi,2027,4,agent,2,validation,0
taxi:2027:5,taxi,2027,5,user,0,validation,0
taxi:2027:6,taxi,2027,6,agent,3,validation,1
taxi:2027:7,taxi,2027,7,user,2,validation,0
taxi:2027:8,taxi,2027,8,agent,2,validation,0
taxi:2027:9,taxi,2027,9,user,3,validation,0
taxi:2027:10,taxi,2027,10,agent,2,validation,0
taxi:2027:11,taxi,2027,11,user,3,validation,0
taxi:2028:1,taxi,2028,1,user,3,train,1
taxi:2028:2,taxi,2028,2,agent,0,train,0
taxi:2028:3,taxi,2028,3,user,0,train,1
taxi:2028:4,taxi,2028,4,agent,0,train,0
taxi:2028:5,taxi,2028,5,user,0,train,0
taxi:2028:6,taxi,2028,6,agent,1,train,1
taxi:2028:7,taxi,2028,7,user,0,train,1
taxi:2028:8,taxi,2028,8,agent,2,train,0
taxi:2028:9,taxi,2028,9,user,3,train,1
taxi:2029:1,taxi,2029,1,user,0,test,1
taxi:2029:2,taxi,2029,2,agent,3,test,0
taxi:2029:3,taxi,2029,3,user,3,test,1
taxi:2029:4,taxi,2029,4,agent,2,test,1
taxi:2029:5,taxi,2029,5,user,0,test,0
taxi:2029:6,taxi,2029,6,agent,0,test,1
taxi:2029:7,taxi,2029,7,user,0,test,0
taxi:2029:8,taxi,2029,8,agent,0,test,0
taxi:2029:9,taxi,2029,9,user,0,test,0
taxi:2029:10,taxi,2029,10,agent,0,test,0
taxi:2029:11,taxi,2029,11,user,0,test,1
taxi:2029:12,taxi,2029,12,agent,2,test,0
taxi:2029:13,taxi,2029,13,user,3,test,0
taxi:2029:14,taxi,2029,14,agent,2,test,0
taxi:2029:15,taxi,2029,15,user,3,test,0
taxi:2030:1,taxi,2030,1,user,2,train,0
taxi:2030:2,taxi,2030,2,agent,3,train,1
taxi:2030:3,taxi,2030,3,user,2,train,0
taxi:2030:4,taxi,2030,4,agent,2,train,0
taxi:2030:5,taxi,2030,5,user,0,train,1
taxi:2030:6,taxi,2030,6,agent,2,train,0
taxi:2030:7,taxi,2030,7,user,3,train,0
taxi:2030:8,taxi,2030,8,agent,2,train,0
taxi:2030:9,taxi,2030,9,user,3,train,1
taxi:2031:1,taxi,2031,1,user,1,train,0
taxi:2031:2,taxi,2031,2,agent,3,train,1
taxi:2031:3,taxi,2031,3,user,3,train,1
taxi:2031:4,taxi,2031,4,agent,0,train,0
taxi:2031:5,taxi,2031,5,user,0,train,0
taxi:2031:6,taxi,2031,6,agent,2,train,0
taxi:2031:7,taxi,2031,7,user,2,train,0
taxi:2031:8,taxi,2031,8,agent,3,train,1
taxi:2031:9,taxi,2031,9,user,3,train,0
taxi:2031:10,taxi,2031,10,agent,3,train,1
taxi:2032:1,taxi,2032,1,user,2,train,0
taxi:2032:2,taxi,2032,2,agent,0,train,0
taxi:2032:3,taxi,2032,3,user,0,train,0
taxi:2032:4,taxi,2032,4,agent,2,train,0
taxi:2032:5,taxi,2032,5,user,2,train,0
taxi:2032:6,taxi,2032,6,agent,2,train,0
taxi:2032:7,taxi,2032,7,user,0,train,0
taxi:2032:8,taxi,2032,8,agent,2,train,1
taxi:2033:1,taxi,2033,1,user,3,train,1
taxi:2033:2,taxi,2033,2,user,3,train,1
taxi:2033:3,taxi,2033,3,agent,3,train,1
taxi:2033:4,taxi,2033,4,agent,3,train,1
taxi:2033:5,taxi,2033,5,agent,2,train,0
taxi:2033:6,taxi,2033,6,user,2,train,1
taxi:2034:1,taxi,2034,1,user,1,test,0
taxi:2034:2,taxi,2034,2,agent,3,test,1
taxi:2034:3,taxi,2034,3,user,0,test,0
taxi:2034:4,taxi,2034,4,agent,2,test,0
taxi:2034:5,taxi,2034,5,user,2,test,0
taxi:2034:6,taxi,2034,6,agent,2,test,1
taxi:2034:7,taxi,2034,7,user,2,test,0
taxi:2034:8,taxi,2034,8,agent,2,test,0
taxi:2034:9,taxi,2034,9,user,3,test,1
taxi:2035:1,taxi,2035,1,user,2,train,1
taxi:2035:2,taxi,2035,2,agent,0,train,0
taxi:2035:3,taxi,2035,3,user,0,train,0
taxi:2035:4,taxi,2035,4,agent,1,train,0
taxi:2036:1,taxi,2036,1,user,1,train,1
taxi:2036:2,taxi,2036,2,agent,3,train,0
taxi:2036:3,taxi,2036,3,user,3,train,1
taxi:2036:4,taxi,2036,4,agent,2,train,0
taxi:2036:5,taxi,2036,5,user,3,train,0
taxi:2036:6,taxi,2036,6,agent,2,train,0
taxi:2036:7,taxi,2036,7,user,3,train,1
taxi:2037:1,taxi,2037,1,user,1,train,1
taxi:2037:2,taxi,2037,2,agent,3,train,1
taxi:2037:3,taxi,2037,3,user,0,train,0
taxi:2037:4,taxi,2037,4,agent,0,train,0
taxi:2037:5,taxi,2037,5,user,0,train,1
taxi:2037:6,taxi,2037,6,agent,2,train,1
taxi:2037:7,taxi,2037,7,user,0,train,0
taxi:2037:8,taxi,2037,8,agent,1,train,0
taxi:2037:9,taxi,2037,9,user,0,train,0
taxi:2037:10,taxi,2037,10,agent,3,train,1
taxi:2037:11,taxi,2037,11,user,2,train,0
taxi:2037:12,taxi,2037,12,agent,2,train,0
taxi:2037:13,taxi,2037,13,user,0,train,0
taxi:2037:14,taxi,2037,14,agent,3,train,1
taxi:2037:15,taxi,2037,15,user,0,train,0
taxi:2037:16,taxi,2037,16,agent,2,train,1
taxi:2037:17,taxi,2037,17,user,0,train,0
taxi:2037:18,taxi,2037,18,agent,2,train,0
taxi:2038:1,taxi,2038,1,user,2,train,0
taxi:2038:2,taxi,2038,2,agent,3,train,0
taxi:2038:3,taxi,2038,3,user,0,train,0
taxi:2038:4,taxi,2038,4,agent,2,train,0
taxi:2038:5,taxi,2038,5,user,3,train,1
taxi:2038:6,taxi,2038,6,agent,2,train,1
taxi:2038:7,taxi,2038,7,user,3,train,1
taxi:2039:1,taxi,2039,1,user,1,test,0
taxi:2039:2,taxi,2039,2,agent,3,test,1
taxi:2039:3,taxi,2039,3,user,0,test,0
taxi:2039:4,taxi,2039,4,agent,2,test,0
taxi:2039:5,taxi,2039,5,user,0,test,0
taxi:2039:6,taxi,2039,6,agent,2,test,0
taxi:2040:1,taxi,2040,1,user,1,train,0
taxi:2040:2,taxi,2040,2,agent,3,train,0
taxi:2040:3,taxi,2040,3,user,0,train,0
taxi:2040:4,taxi,2040,4,agent,1,train,1
taxi:2040:5,taxi,2040,5,user,2,train,0
taxi:2040:6,taxi,2040,6,agent,1,train,1
taxi:2040:7,taxi,2040,7,user,0,train,0
taxi:2040:8,taxi,2040,8,agent,2,train,0
taxi:2040:9,taxi,2040,9,user,3,train,1
taxi:2040:10,taxi,2040,10,agent,2,train,0
taxi:2040:11,taxi,2040,11,user,2,train,0
taxi:2040:12,taxi,2040,12,agent,2,train,1
taxi:2041:1,taxi,2041,1,user,2,train,0
taxi:2041:2,taxi,2041,2,agent,3,train,0
taxi:2041:3,taxi,2041,3,user,0,train,0
taxi:2041:4,taxi,2041,4,agent,0,train,0
taxi:2041:5,taxi,2041,5,user,0,train,1
taxi:2041:6,taxi,2041,6,agent,0,train,0
taxi:2041:7,taxi,2041,7,user,0,train,0
taxi:2041:8,taxi,2041,8,agent,2,train,0
taxi:2041:9,taxi,2041,9,user,3,train,1
taxi:2041:10,taxi,2041,10,agent,1,train,0
taxi:2041:11,taxi,2041,11,user,0,train,1
taxi:2041:12,taxi,2041,12,agent,2,train,0
taxi:2041:13,taxi,2041,13,user,3,train,1
taxi:2041:14,taxi,2041,14,agent,2,train,0
taxi:2042:1,taxi,2042,1,user,3,validation,0
taxi:2042:2,taxi,2042,2,agent,1,validation,1
taxi:2042:3,taxi,2042,3,user,0,validation,0
taxi:2042:4,taxi,2042,4,agent,2,validation,0
taxi:2042:5,taxi,2042,5,user,3,validation,0
taxi:2042:6,taxi,2042,6,agent,2,validation,0
taxi:2042:7,taxi,2042,7,user,3,validation,1
taxi:2042:8,taxi,2042,8,agent,2,validation,0
taxi:2042:9,taxi,2042,9,user,3,validation,0
taxi:2043:1,taxi,2043,1,user,1,test,1
taxi:2043:2,taxi,2043,2,agent,3,test,1
taxi:2043:3,taxi,2043,3,user,0,test,0
taxi:2043:4,taxi,2043,4,agent,2,test,1
taxi:2044:1,taxi,2044,1,user,1,test,0
taxi:2044:2,taxi,2044,2,agent,1,test,0
taxi:2044:3,taxi,2044,3,user,0,test,0
taxi:2044:4,taxi,2044,4,agent,1,test,0
taxi:2044:5,taxi,2044,5,user,0,test,0
taxi:2044:6,taxi,2044,6,agent,1,test,0
taxi:2044:7,taxi,2044,7,user,2,test,0
taxi:2044:8,taxi,2044,8,agent,2,test,0
taxi:2044:9,taxi,2044,9,user,3,test,1
taxi:2044:10,taxi,2044,10,agent,2,test,0
taxi:2045:1,taxi,2045,1,user,3,train,0
taxi:2045:2,taxi,2045,2,agent,0,train,0
taxi:2045:3,taxi,2045,3,user,0,train,0
taxi:2045:4,taxi,2045,4,agent,2,train,0
taxi:2045:5,taxi,2045,5,user,3,train,1
taxi:2045:6,taxi,2045,6,agent,2,train,0
taxi:2045:7,taxi,2045,7,user,3,train,1
taxi:2046:1,taxi,2046,1,user,1,test,0
taxi:2046:2,taxi,2046,2,agent,2,test,1
taxi:2046:3,taxi,2046,3,user,0,test,0
taxi:2046:4,taxi,2046,4,agent,1,test,0
taxi:2046:5,taxi,2046,5,user,3,test,1
taxi:2046:6,taxi,2046,6,agent,2,test,0
taxi:2046:7,taxi,2046,7,user,3,test,0
taxi:2047:1,taxi,2047,1,user,1,train,0
taxi:2047:2,taxi,2047,2,agent,2,train,0
taxi:2047:3,taxi,2047,3,user,0,train,0
taxi:2047:4,taxi,2047,4,agent,2,train,0
taxi:2047:5,taxi,2047,5,user,3,train,0
taxi:2047:6,taxi,2047,6,agent,2,train,0
taxi:2048:1,taxi,2048,1,user,1,train,1
taxi:2048:2,taxi,2048,2,agent,1,train,0
taxi:2048:3,taxi,2048,3,user,0,train,0
taxi:2048:4,taxi,2048,4,agent,2,train,0
taxi:2048:5,taxi,2048,5,user,3,train,0
taxi:2048:6,taxi,2048,6,agent,2,train,0
taxi:2048:7,taxi,2048,7,user,3,train,0
taxi:2048:8,taxi,2048,8,agent,1,train,0
taxi:2048:9,taxi,2048,9,user,3,train,1
taxi:2048:10,taxi,2048,10,agent,2,train,0
taxi:2049:1,taxi,2049,1,user,3,train,0
taxi:2049:2,taxi,2049,2,agent,2,train,0
taxi:2049:3,taxi,2049,3,user,2,train,0
taxi:2049:4,taxi,2049,4,agent,2,train,0
taxi:2049:5,taxi,2049,5,user,0,train,0
taxi:2049:6,taxi,2049,6,agent,2,train,0
taxi:2050:1,taxi,2050,1,user,1,validation,1
taxi:2050:2,taxi,2050,2,agent,3,validation,0
taxi:2050:3,taxi,2050,3,user,3,validation,0
taxi:2050:4,taxi,2050,4,agent,2,validation,0
taxi:2051:1,taxi,2051,1,user,2,train,0
taxi:2051:2,taxi,2051,2,agent,0,train,0
taxi:2051:3,taxi,2051,3,user,0,train,1
taxi:2051:4,taxi,2051,4,agent,1,train,0
taxi:2051:5,taxi,2051,5,user,0,train,0
taxi:2051:6,taxi,2051,6,agent,2,train,0
taxi:2052:1,taxi,2052,1,user,1,train,0
taxi:2052:2,taxi,2052,2,agent,3,train,1
taxi:2052:3,taxi,2052,3,user,0,train,0
taxi:2052:4,taxi,2052,4,agent,2,train,0
taxi:2052:5,taxi,2052,5,user,0,train,1
taxi:2052:6,taxi,2052,6,agent,2,train,0
taxi:2053:1,taxi,2053,1,user,1,validation,1
taxi:2053:2,taxi,2053,2,agent,2,validation,1
taxi:2053:3,taxi,2053,3,user,0,validation,0
taxi:2053:4,taxi,2053,4,user,0,validation,0
taxi:2053:5,taxi,2053,5,user,0,validation,0
taxi:2053:6,taxi,2053,6,agent,2,validation,1
taxi:2054:1,taxi,2054,1,user,1,test,0
taxi:2054:2,taxi,2054,2,agent,2,test,0
taxi:2054:3,taxi,2054,3,user,0,test,0
taxi:2054:4,taxi,2054,4,agent,2,test,0
taxi:2054:5,taxi,2054,5,user,3,test,0
taxi:2055:1,taxi,2055,1,user,1,train,0
taxi:2055:2,taxi,2055,2,agent,0,train,0
taxi:2055:3,taxi,2055,3,user,2,train,0
taxi:2055:4,taxi,2055,4,agent,2,train,0
taxi:2056:1,taxi,2056,1,user,1,validation,0
taxi:2056:2,taxi,2056,2,agent,2,validation,0
taxi:2056:3,taxi,2056,3,user,3,validation,1
taxi:2056:4,taxi,2056,4,agent,2,validation,0
taxi:2056:5,taxi,2056,5,user,3,validation,1
taxi:2057:1,taxi,2057,1,user,1,train,0
taxi:2057:2,taxi,2057,2,agent,3,train,1
taxi:2057:3,taxi,2057,3,user,0,train,0
taxi:2057:4,taxi,2057,4,agent,2,train,1
taxi:2057:5,taxi,2057,5,user,0,train,1
taxi:2058:1,taxi,2058,1,user,2,test,0
taxi:2058:2,taxi,2058,2,agent,0,test,0
taxi:2058:3,taxi,2058,3,user,0,test,1
taxi:2058:4,taxi,2058,4,agent,2,test,0
taxi:2058:5,taxi,2058,5,user,2,test,1
taxi:2058:6,taxi,2058,6,agent,2,test,0
taxi:2058:7,taxi,2058,7,user,3,test,1
taxi:2059:1,taxi,2059,1,user,2,train,0
taxi:2059:2,taxi,2059,2,agent,3,train,1
taxi:2059:3,taxi,2059,3,user,0,train,0
taxi:2059:4,taxi,2059,4,agent,2,train,0
taxi:2059:5,taxi,2059,5,user,3,train,1
taxi:2059:6,taxi,2059,6,agent,2,train,0
taxi:2060:1,taxi,2060,1,user,3,train,1
taxi:2060:2,taxi,2060,2,agent,3,train,0
taxi:2060:3,taxi,2060,3,user,0,train,0
taxi:2060:4,taxi,2060,4,agent,0,train,0
taxi:2060:5,taxi,2060,5,user,0,train,0
taxi:2060:6,taxi,2060,6,agent,0,train,0
taxi:2060:7,taxi,2060,7,user,0,train,0
taxi:2060:8,taxi,2060,8,agent,1,train,1
taxi:2060:9,taxi,2060,9,user,0,train,1
taxi:2060:10,taxi,2060,10,agent,2,train,0
taxi:2060:11,taxi,2060,11,user,2,train,0
taxi:2060:12,taxi,2060,12,agent,2,train,1
taxi:2060:13,taxi,2060,13,user,3,train,1
taxi:2061:1,taxi,2061,1,user,1,validation,0
taxi:2061:2,taxi,2061,2,agent,2,validation,1
taxi:2061:3,taxi,2061,3,user,0,validation,0
taxi:2061:4,taxi,2061,4,agent,2,validation,0
taxi:2062:1,taxi,2062,1,user,2,train,0
taxi:2062:2,taxi,2062,2,agent,3,train,0
taxi:2062:3,taxi,2062,3,user,0,train,0
taxi:2062:4,taxi,2062,4,agent,2,train,0
taxi:2063:1,taxi,2063,1,user,1,train,0
taxi:2063:2,taxi,2063,2,agent,0,train,1
taxi:2063:3,taxi,2063,3,user,0,train,1
taxi:2063:4,taxi,2063,4,agent,0,train,0
taxi:2063:5,taxi,2063,5,user,2,train,0
taxi:2063:6,taxi,2063,6,agent,1,train,0
taxi:2063:7,taxi,2063,7,user,3,train,1
taxi:2063:8,taxi,2063,8,agent,2,train,0
taxi:2063:9,taxi,2063,9,user,2,train,0
taxi:2063:10,taxi,2063,10,agent,2,train,1
taxi:2063:11,taxi,2063,11,user,3,train,1
taxi:2063:12,taxi,2063,12,agent,2,train,1
taxi:2064:1,taxi,2064,1,user,2,train,0
taxi:2064:2,taxi,2064,2,agent,3,train,1
taxi:2064:3,taxi,2064,3,agent,2,train,0
taxi:2064:4,taxi,2064,4,user,0,train,1
taxi:2064:5,taxi,2064,5,agent,0,train,0
taxi:2064:6,taxi,2064,6,user,1,train,0
taxi:2064:7,taxi,2064,7,agent,3,train,1
taxi:2064:8,taxi,2064,8,agent,2,train,0
taxi:2064:9,taxi,2064,9,user,3,train,1
taxi:2065:1,taxi,2065,1,user,1,validation,0
taxi:2065:2,taxi,2065,2,agent,2,validation,0
taxi:2065:3,taxi,2065,3,user,2,validation,0
taxi:2065:4,taxi,2065,4,agent,2,validation,0
taxi:2066:1,taxi,2066,1,user,2,train,0
taxi:2066:2,taxi,2066,2,agent,1,train,0
taxi:2066:3,taxi,2066,3,user,0,train,0
taxi:2066:4,taxi,2066,4,agent,2,train,0
taxi:2066:5,taxi,2066,5,user,0,train,0
taxi:2066:6,taxi,2066,6,agent,2,train,1
taxi:2066:7,taxi,2066,7,user,3,train,1
taxi:2067:1,taxi,2067,1,user,3,train,1
taxi:2067:2,taxi,2067,2,agent,3,train,0
taxi:2067:3,taxi,2067,3,user,0,train,0
taxi:2067:4,taxi,2067,4,agent,0,train,0
taxi:2067:5,taxi,2067,5,user,0,train,0
taxi:2067:6,taxi,2067,6,agent,1,train,1
taxi:2067:7,taxi,2067,7,user,0,train,0
taxi:2067:8,taxi,2067,8,agent,2,train,0
taxi:2067:9,taxi,2067,9,user,0,train,0
taxi:2067:10,taxi,2067,10,agent,2,train,0
taxi:2067:11,taxi,2067,11,user,3,train,1
taxi:2068:1,taxi,2068,1,user,2,train,1
taxi:2068:2,taxi,2068,2,agent,1,train,0
taxi:2068:3,taxi,2068,3,user,0,train,0
taxi:2068:4,taxi,2068,4,agent,2,train,0
taxi:2068:5,taxi,2068,5,user,3,train,1
taxi:2068:6,taxi,2068,6,agent,2,train,0
taxi:2068:7,taxi,2068,7,user,3,train,1
taxi:2069:1,taxi,2069,1,user,3,train,0
taxi:2069:2,taxi,2069,2,agent,0,train,1
taxi:2069:3,taxi,2069,3,user,0,train,0
taxi:2069:4,taxi,2069,4,agent,1,train,1
taxi:2069:5,taxi,2069,5,user,1,train,0
taxi:2069:6,taxi,2069,6,agent,2,train,1
taxi:2069:7,taxi,2069,7,user,2,train,0
taxi:2069:8,taxi,2069,8,agent,2,train,0
taxi:2069:9,taxi,2069,9,user,3,train,0
taxi:2070:1,taxi,2070,1,user,1,test,1
taxi:2070:2,taxi,2070,2,agent,3,test,1
taxi:2070:3,taxi,2070,3,user,0,test,0
taxi:2070:4,taxi,2070,4,agent,2,test,0
taxi:2070:5,taxi,2070,5,user,0,test,1
taxi:2070:6,taxi,2070,6,agent,2,test,0
taxi:2071:1,taxi,2071,1,user,0,train,1
taxi:2071:2,taxi,2071,2,agent,0,train,0
taxi:2071:3,taxi,2071,3,user,0,train,1
taxi:2072:1,taxi,2072,1,user,3,test,1
taxi:2072:2,taxi,2072,2,agent,1,test,0
taxi:2072:3,taxi,2072,3,user,0,test,0
taxi:2072:4,taxi,2072,4,agent,2,test,0
taxi:2072:5,taxi,2072,5,user,0,test,0
taxi:2072:6,taxi,2072,6,agent,2,test,0
taxi:2073:1,taxi,2073,1,user,3,train,1
taxi:2073:2,taxi,2073,2,agent,2,train,0
taxi:2073:3,taxi,2073,3,user,2,train,0
taxi:2073:4,taxi,2073,4,agent,2,train,0
taxi:2074:1,taxi,2074,1,user,1,train,1
taxi:2074:2,taxi,2074,2,agent,0,train,0
taxi:2074:3,taxi,2074,3,user,0,train,0
taxi:2074:4,taxi,2074,4,agent,2,train,0
taxi:2074:5,taxi,2074,5,user,2,train,1
taxi:2074:6,taxi,2074,6,agent,2,train,0
taxi:2074:7,taxi,2074,7,user,3,train,1
taxi:2075:1,taxi,2075,1,user,1,train,0
taxi:2075:2,taxi,2075,2,agent,2,train,0
taxi:2075:3,taxi,2075,3,user,0,train,1
taxi:2075:4,taxi,2075,4,agent,2,train,1
taxi:2076:1,taxi,2076,1,user,3,test,1
taxi:2076:2,taxi,2076,2,agent,0,test,1
taxi:2076:3,taxi,2076,3,user,0,test,0
taxi:2076:4,taxi,2076,4,agent,1,test,1
taxi:2076:5,taxi,2076,5,user,0,test,1
taxi:2076:6,taxi,2076,6,agent,1,test,1
taxi:2076:7,taxi,2076,7,user,2,test,0
taxi:2076:8,taxi,2076,8,agent,2,test,0
taxi:2076:9,taxi,2076,9,user,3,test,0
taxi:2077:1,taxi,2077,1,user,2,train,0
taxi:2077:2,taxi,2077,2,agent,2,train,0
taxi:2077:3,taxi,2077,3,user,3,train,0
taxi:2077:4,taxi,2077,4,agent,2,train,0
taxi:2077:5,taxi,2077,5,user,3,train,0
taxi:2078:1,taxi,2078,1,user,1,train,0
taxi:2078:2,taxi,2078,2,agent,0,train,0
taxi:2078:3,taxi,2078,3,user,2,train,0
taxi:2078:4,taxi,2078,4,agent,2,train,0
taxi:2078:5,taxi,2078,5,user,3,train,0
taxi:2078:6,taxi,2078,6,agent,2,train,0
taxi:2078:7,taxi,2078,7,user,3,train,0
taxi:2078:8,taxi,2078,8,agent,2,train,0
taxi:2078:9,taxi,2078,9,user,3,train,0
taxi:2078:10,taxi,2078,10,agent,2,train,0
taxi:2078:11,taxi,2078,11,user,3,train,1
taxi:2079:1,taxi,2079,1,user,2,validation,0
taxi:2079:2,taxi,2079,2,agent,2,validation,0
taxi:2079:3,taxi,2079,3,user,0,validation,0
taxi:2079:4,taxi,2079,4,agent,2,validation,1
taxi:2079:5,taxi,2079,5,user,3,validation,1
taxi:2079:6,taxi,2079,6,agent,2,validation,1
taxi:2080:1,taxi,2080,1,user,1,train,0
taxi:2080:2,taxi,2080,2,agent,2,train,0
taxi:2080:3,taxi,2080,3,user,0,train,0
taxi:2080:4,taxi,2080,4,agent,2,train,0
taxi:2081:1,taxi,2081,1,user,3,test,1
taxi:2081:2,taxi,2081,2,agent,3,test,1
taxi:2081:3,taxi,2081,3,user,3,test,1
taxi:2081:4,taxi,2081,4,agent,1,test,0
taxi:2081:5,taxi,2081,5,user,3,test,0
taxi:2081:6,taxi,2081,6,agent,2,test,0
taxi:2081:7,taxi,2081,7,user,2,test,0
taxi:2081:8,taxi,2081,8,agent,2,test,0
taxi:2081:9,taxi,2081,9,user,3,test,1
taxi:2081:10,taxi,2081,10,agent,2,test,0
taxi:2081:11,taxi,2081,11,user,3,test,1
taxi:2082:1,taxi,2082,1,user,3,train,1
taxi:2082:2,taxi,2082,2,agent,0,train,0
taxi:2082:3,taxi,2082,3,user,0,train,0
taxi:2082:4,taxi,2082,4,agent,1,train,0
taxi:2082:5,taxi,2082,5,user,0,train,0
taxi:2082:6,taxi,2082,6,agent,2,train,0
taxi:2082:7,taxi,2082,7,user,2,train,0
taxi:2082:8,taxi,2082,8,agent,1,train,1
taxi:2082:9,taxi,2082,9,user,2,train,0
taxi:2082:10,taxi,2082,10,agent,2,train,0
taxi:2083:1,taxi,2083,1,user,1,train,0
taxi:2083:2,taxi,2083,2,agent,2,train,0
taxi:2083:3,taxi,2083,3,user,0,train,1
taxi:2083:4,taxi,2083,4,agent,2,train,0
taxi:2084:1,taxi,2084,1,user,1,test,0
taxi:2084:2,taxi,2084,2,agent,2,test,0
taxi:2084:3,taxi,2084,3,user,2,test,0
taxi:2084:4,taxi,2084,4,agent,1,test,0
taxi:2084:5,taxi,2084,5,user,2,test,0
taxi:2084:6,taxi,2084,6,agent,2,test,0
taxi:2084:7,taxi,2084,7,user,2,test,0
taxi:2084:8,taxi,2084,8,agent,3,test,1
taxi:2084:9,taxi,2084,9,user,3,test,1
taxi:2085:1,taxi,2085,1,user,1,train,1
taxi:2085:2,taxi,2085,2,agent,3,train,0
taxi:2085:3,taxi,2085,3,user,0,train,1
taxi:2085:4,taxi,2085,4,agent,2,train,0
taxi:2085:5,taxi,2085,5,user,0,train,0
taxi:2085:6,taxi,2085,6,agent,2,train,0
taxi:2086:1,taxi,2086,1,user,1,train,1
taxi:2086:2,taxi,2086,2,agent,2,train,1
taxi:2086:3,taxi,2086,3,user,0,train,0
taxi:2086:4,taxi,2086,4,agent,2,train,0
taxi:2086:5,taxi,2086,5,user,3,train,1
taxi:2086:6,taxi,2086,6,agent,2,train,1
taxi:2087:1,taxi,2087,1,user,3,train,1
taxi:2087:2,taxi,2087,2,agent,3,train,1
taxi:2087:3,taxi,2087,3,user,2,train,0
taxi:2087:4,taxi,2087,4,agent,2,train,0
taxi:2087:5,taxi,2087,5,user,3,train,1
taxi:2087:6,taxi,2087,6,agent,2,train,0
taxi:2088:1,taxi,2088,1,user,2,train,0
taxi:2088:2,taxi,2088,2,agent,1,train,0
taxi:2088:3,taxi,2088,3,user,0,train,0
taxi:2088:4,taxi,2088,4,agent,2,train,0
taxi:2088:5,taxi,2088,5,user,0,train,1
taxi:2088:6,taxi,2088,6,agent,2,train,0
taxi:2088:7,taxi,2088,7,user,3,train,1
taxi:2089:1,taxi,2089,1,user,0,test,1
taxi:2089:2,taxi,2089,2,agent,3,test,1
taxi:2089:3,taxi,2089,3,user,3,test,1
taxi:2089:4,taxi,2089,4,agent,2,test,0
taxi:2089:5,taxi,2089,5,user,0,test,0
taxi:2089:6,taxi,2089,6,agent,0,test,1
taxi:2089:7,taxi,2089,7,user,0,test,1
taxi:2089:8,taxi,2089,8,agent,2,test,0
taxi:2089:9,taxi,2089,9,user,3,test,0
taxi:2089:10,taxi,2089,10,agent,3,test,1
taxi:2090:1,taxi,2090,1,user,2,train,0
taxi:2090:2,taxi,2090,2,agent,2,train,0
taxi:2090:3,taxi,2090,3,user,3,train,1
taxi:2090:4,taxi,2090,4,agent,2,train,1
taxi:2090:5,taxi,2090,5,user,3,train,0
taxi:2091:1,taxi,2091,1,user,1,train,0
taxi:2091:2,taxi,2091,2,agent,0,train,1
taxi:2091:3,taxi,2091,3,user,0,train,0
taxi:2091:4,taxi,2091,4,agent,2,train,0
taxi:2091:5,taxi,2091,5,user,0,train,1
taxi:2091:6,taxi,2091,6,agent,2,train,0
taxi:2092:1,taxi,2092,1,user,3,train,1
taxi:2092:2,taxi,2092,2,agent,3,train,1
taxi:2092:3,taxi,2092,3,user,2,train,1
taxi:2092:4,taxi,2092,4,agent,2,train,1
taxi:2092:5,taxi,2092,5,user,2,train,0
taxi:2092:6,taxi,2092,6,agent,2,train,0
taxi:2092:7,taxi,2092,7,user,3,train,0
taxi:2093:1,taxi,2093,1,user,2,train,0
taxi:2093:2,taxi,2093,2,agent,2,train,0
taxi:2093:3,taxi,2093,3,user,0,train,0
taxi:2093:4,taxi,2093,4,agent,2,train,0
taxi:2093:5,taxi,2093,5,agent,2,train,1
taxi:2094:1,taxi,2094,1,user,1,test,1
taxi:2094:2,taxi,2094,2,agent,0,test,0
taxi:2094:3,taxi,2094,3,user,3,test,1
taxi:2094:4,taxi,2094,4,agent,1,test,0
taxi:2094:5,taxi,2094,5,user,3,test,1
taxi:2094:6,taxi,2094,6,agent,1,test,0
taxi:2094:7,taxi,2094,7,user,2,test,0
taxi:2094:8,taxi,2094,8,agent,0,test,0
taxi:2094:9,taxi,2094,9,user,2,test,0
taxi:2094:10,taxi,2094,10,agent,2,test,1
taxi:2094:11,taxi,2094,11,user,2,test,0
taxi:2094:12,taxi,2094,12,agent,2,test,1
taxi:2095:1,taxi,2095,1,user,2,validation,0
taxi:2095:2,taxi,2095,2,agent,1,validation,0
taxi:2095:3,taxi,2095,3,user,0,validation,1
taxi:2095:4,taxi,2095,4,agent,2,validation,0
taxi:2095:5,taxi,2095,5,user,3,validation,1
taxi:2095:6,taxi,2095,6,agent,2,validation,0
taxi:2095:7,taxi,2095,7,user,3,validation,0
taxi:2096:1,taxi,2096,1,user,2,train,0
taxi:2096:2,taxi,2096,2,agent,2,train,1
taxi:2096:3,taxi,2096,3,user,0,train,0
taxi:2096:4,taxi,2096,4,agent,2,train,0
taxi:2097:1,taxi,2097,1,user,3,test,0
taxi:2097:2,taxi,2097,2,agent,0,test,1
taxi:2097:3,taxi,2097,3,user,0,test,0
taxi:2097:4,taxi,2097,4,agent,2,test,0
taxi:2097:5,taxi,2097,5,user,0,test,0
taxi:2097:6,taxi,2097,6,agent,2,test,0
taxi:2097:7,taxi,2097,7,user,3,test,1
taxi:2098:1,taxi,2098,1,user,2,train,0
taxi:2098:2,taxi,2098,2,agent,1,train,1
taxi:2098:3,taxi,2098,3,user,0,train,1
taxi:2098:4,taxi,2098,4,agent,2,train,0
taxi:2098:5,taxi,2098,5,user,3,train,1
taxi:2098:6,taxi,2098,6,agent,2,train,0
taxi:2098:7,taxi,2098,7,user,3,train,1
taxi:2099:1,taxi,2099,1,user,1,train,0
taxi:2099:2,taxi,2099,2,agent,1,train,1
taxi:2099:3,taxi,2099,3,user,0,train,0
taxi:2099:4,taxi,2099,4,agent,2,train,0
taxi:2099:5,taxi,2099,5,user,3,train,1
taxi:2100:1,taxi,2100,1,user,1,validation,0
taxi:2100:2,taxi,2100,2,agent,2,validation,0
taxi:2100:3,taxi,2100,3,user,0,validation,0
taxi:2100:4,taxi,2100,4,agent,2,validation,0
taxi:2101:1,taxi,2101,1,user,2,train,0
taxi:2101:2,taxi,2101,2,agent,1,train,1
taxi:2101:3,taxi,2101,3,user,0,train,0
taxi:2101:4,taxi,2101,4,agent,2,train,0
taxi:2101:5,taxi,2101,5,user,3,train,0
taxi:2101:6,taxi,2101,6,agent,2,train,1
taxi:2101:7,taxi,2101,7,user,3,train,1
taxi:2102:1,taxi,2102,1,user,2,validation,0
taxi:2102:2,taxi,2102,2,agent,1,validation,0
taxi:2102:3,taxi,2102,3,user,0,validation,0
taxi:2102:4,taxi,2102,4,agent,2,validation,1
taxi:2102:5,taxi,2102,5,user,3,validation,0
taxi:2102:6,taxi,2102,6,agent,2,validation,0
taxi:2102:7,taxi,2102,7,user,3,validation,0
taxi:2103:1,taxi,2103,1,user,2,train,0
taxi:2103:2,taxi,2103,2,agent,2,train,0
taxi:2103:3,taxi,2103,3,user,3,train,1
taxi:2104:1,taxi,2104,1,user,1,test,0
taxi:2104:2,taxi,2104,2,agent,0,test,0
taxi:2104:3,taxi,2104,3,user,0,test,1
taxi:2104:4,taxi,2104,4,agent,2,test,0
taxi:2104:5,taxi,2104,5,user,0,test,1
taxi:2104:6,taxi,2104,6,agent,2,test,0
taxi:2105:1,taxi,2105,1,user,2,train,1
taxi:2105:2,taxi,2105,2,agent,2,train,1
taxi:2105:3,taxi,2105,3,agent,3,train,1
taxi:2105:4,taxi,2105,4,user,0,train,0
taxi:2105:5,taxi,2105,5,agent,2,train,0
taxi:2106:1,taxi,2106,1,user,1,test,0
taxi:2106:2,taxi,2106,2,agent,2,test,0
taxi:2106:3,taxi,2106,3,user,3,test,1
taxi:2106:4,taxi,2106,4,agent,2,test,1
taxi:2107:1,taxi,2107,1,user,0,validation,0
taxi:2107:2,taxi,2107,2,agent,2,validation,0
taxi:2107:3,taxi,2107,3,user,0,validation,0
taxi:2107:4,taxi,2107,4,agent,2,validation,0
taxi:2108:1,taxi,2108,1,user,0,train,0
taxi:2108:2,taxi,2108,2,agent,0,train,1
taxi:2108:3,taxi,2108,3,user,2,train,1
taxi:2108:4,taxi,2108,4,agent,2,train,0
taxi:2108:5,taxi,2108,5,user,2,train,1
taxi:2108:6,taxi,2108,6,agent,2,train,0
taxi:2108:7,taxi,2108,7,user,2,train,0
taxi:2108:8,taxi,2108,8,agent,2,train,0
taxi:2108:9,taxi,2108,9,user,3,train,1
taxi:2108:10,taxi,2108,10,agent,1,train,0
taxi:2108:11,taxi,2108,11,user,2,train,0
taxi:2108:12,taxi,2108,12,user,2,train,1
taxi:2108:13,taxi,2108,13,agent,2,train,1
taxi:2109:1,taxi,2109,1,user,1,train,0
taxi:2109:2,taxi,2109,2,agent,0,train,0
taxi:2109:3,taxi,2109,3,user,0,train,0
taxi:2109:4,taxi,2109,4,agent,2,train,0
taxi:2109:5,taxi,2109,5,user,0,train,0
taxi:2109:6,taxi,2109,6,agent,3,train,1
taxi:2109:7,taxi,2109,7,user,3,train,0
taxi:2109:8,taxi,2109,8,agent,3,train,0
taxi:2109:9,taxi,2109,9,user,3,train,1
taxi:2109:10,taxi,2109,10,agent,2,train,0
taxi:2109:11,taxi,2109,11,user,2,train,0
taxi:2109:12,taxi,2109,12,agent,1,train,1
taxi:2109:13,taxi,2109,13,user,0,train,0
taxi:2109:14,taxi,2109,14,agent,2,train,0
taxi:2110:1,taxi,2110,1,user,3,validation,0
taxi:2110:2,taxi,2110,2,agent,2,validation,0
taxi:2110:3,taxi,2110,3,user,0,validation,0
taxi:2110:4,taxi,2110,4,agent,2,validation,1
taxi:2110:5,taxi,2110,5,user,3,validation,1
taxi:2110:6,taxi,2110,6,agent,2,validation,1
taxi:2110:7,taxi,2110,7,user,3,validation,1
taxi:2111:1,taxi,2111,1,user,0,test,1
taxi:2111:2,taxi,2111,2,agent,1,test,0
taxi:2111:3,taxi,2111,3,user,0,test,0
taxi:2111:4,taxi,2111,4,agent,2,test,0
taxi:2111:5,taxi,2111,5,user,2,test,0
taxi:2111:6,taxi,2111,6,agent,2,test,0
taxi:2112:1,taxi,2112,1,user,3,train,0
taxi:2112:2,taxi,2112,2,agent,3,train,1
taxi:2112:3,taxi,2112,3,user,3,train,1
taxi:2112:4,taxi,2112,4,agent,0,train,0
taxi:2112:5,taxi,2112,5,user,0,train,1
taxi:2112:6,taxi,2112,6,agent,1,train,0
taxi:2112:7,taxi,2112,7,user,0,train,0
taxi:2112:8,taxi,2112,8,agent,2,train,0
taxi:2112:9,taxi,2112,9,user,2,train,0
taxi:2112:10,taxi,2112,10,agent,2,train,0
taxi:2112:11,taxi,2112,11,user,3,train,1
taxi:2113:1,taxi,2113,1,user,3,train,1
taxi:2113:2,taxi,2113,2,agent,2,train,0
taxi:2113:3,taxi,2113,3,user,0,train,0
taxi:2113:4,taxi,2113,4,agent,2,train,0
taxi:2114:1,taxi,2114,1,user,2,validation,1
taxi:2114:2,taxi,2114,2,agent,1,validation,0
taxi:2114:3,taxi,2114,3,user,0,validation,0
taxi:2114:4,taxi,2114,4,agent,2,validation,0
taxi:2114:5,taxi,2114,5,user,3,validation,0
taxi:2114:6,taxi,2114,6,agent,2,validation,0
taxi:2114:7,taxi,2114,7,user,3,validation,1
taxi:2115:1,taxi,2115,1,user,2,train,0
taxi:2115:2,taxi,2115,2,agent,1,train,0
taxi:2115:3,taxi,2115,3,user,0,train,0
taxi:2115:4,taxi,2115,4,agent,2,train,0
taxi:2115:5,taxi,2115,5,user,0,train,0
taxi:2115:6,taxi,2115,6,agent,2,train,0
taxi:2115:7,taxi,2115,7,user,3,train,1
taxi:2116:1,taxi,2116,1,user,1,test,0
taxi:2116:2,taxi,2116,2,agent,2,test,0
taxi:2116:3,taxi,2116,3,user,0,test,0
taxi:2116:4,taxi,2116,4,agent,2,test,0
taxi:2116:5,taxi,2116,5,user,3,test,0
taxi:2117:1,taxi,2117,1,user,1,train,1
taxi:2117:2,taxi,2117,2,agent,2,train,0
taxi:2117:3,taxi,2117,3,user,0,train,0
taxi:2117:4,taxi,2117,4,agent,2,train,1
taxi:2117:5,taxi,2117,5,user,3,train,1
taxi:2118:1,taxi,2118,1,user,1,train,0
taxi:2118:2,taxi,2118,2,agent,2,train,1
taxi:2118:3,taxi,2118,3,user,3,train,1
taxi:2118:4,taxi,2118,4,agent,2,train,1
taxi:2119:1,taxi,2119,1,user,1,train,0
taxi:2119:2,taxi,2119,2,agent,0,train,0
taxi:2119:3,taxi,2119,3,user,2,train,0
taxi:2119:4,taxi,2119,4,agent,0,train,1
taxi:2119:5,taxi,2119,5,user,0,train,0
taxi:2119:6,taxi,2119,6,agent,0,train,0
taxi:2119:7,taxi,2119,7,user,0,train,0
taxi:2119:8,taxi,2119,8,agent,2,train,1
taxi:2119:9,taxi,2119,9,user,3,train,1
taxi:2119:10,taxi,2119,10,agent,2,train,0
taxi:2120:1,taxi,2120,1,user,2,train,0
taxi:2120:2,taxi,2120,2,agent,1,train,0
taxi:2120:3,taxi,2120,3,user,0,train,0
taxi:2120:4,taxi,2120,4,agent,2,train,0
taxi:2120:5,taxi,2120,5,user,0,train,0
taxi:2120:6,taxi,2120,6,agent,2,train,1
taxi:2120:7,taxi,2120,7,user,3,train,1
taxi:2121:1,taxi,2121,1,user,2,test,0
taxi:2121:2,taxi,2121,2,agent,1,test,1
taxi:2121:3,taxi,2121,3,user,0,test,0
taxi:2121:4,taxi,2121,4,agent,2,test,0
taxi:2121:5,taxi,2121,5,user,0,test,0
taxi:2121:6,taxi,2121,6,agent,2,test,0
taxi:2121:7,taxi,2121,7,user,3,test,1
taxi:2122:1,taxi,2122,1,user,2,train,0
taxi:2122:2,taxi,2122,2,agent,2,train,0
taxi:2122:3,taxi,2122,3,user,3,train,1
taxi:2122:4,taxi,2122,4,agent,2,train,0
taxi:2123:1,taxi,2123,1,user,1,train,1
taxi:2123:2,taxi,2123,2,agent,2,train,0
taxi:2123:3,taxi,2123,3,user,2,train,0
taxi:2123:4,taxi,2123,4,agent,2,train,0
taxi:2123:5,taxi,2123,5,user,0,train,0
taxi:2123:6,taxi,2123,6,agent,2,train,0
taxi:2123:7,taxi,2123,7,user,3,train,1
taxi:2123:8,taxi,2123,8,agent,1,train,0
taxi:2123:9,taxi,2123,9,user,0,train,0
taxi:2123:10,taxi,2123,10,agent,2,train,0
taxi:2124:1,taxi,2124,1,user,3,validation,1
taxi:2124:2,taxi,2124,2,agent,3,validation,1
taxi:2124:3,taxi,2124,3,user,3,validation,0
taxi:2124:4,taxi,2124,4,agent,2,validation,0
taxi:2124:5,taxi,2124,5,user,3,validation,1
taxi:2125:1,taxi,2125,1,user,0,train,0
taxi:2125:2,taxi,2125,2,agent,3,train,0
taxi:2125:3,taxi,2125,3,user,0,train,1
taxi:2125:4,taxi,2125,4,agent,2,train,1
taxi:2125:5,taxi,2125,5,user,0,train,0
taxi:2125:6,taxi,2125,6,agent,2,train,1
taxi:2126:1,taxi,2126,1,user,3,train,1
taxi:2126:2,taxi,2126,2,agent,3,train,1
taxi:2126:3,taxi,2126,3,user,0,train,0
taxi:2126:4,taxi,2126,4,agent,2,train,0
taxi:2126:5,taxi,2126,5,user,2,train,0
taxi:2126:6,taxi,2126,6,agent,2,train,1
taxi:2126:7,taxi,2126,7,user,3,train,0
taxi:2126:8,taxi,2126,8,agent,2,train,0
taxi:2126:9,taxi,2126,9,user,3,train,0
taxi:2127:1,taxi,2127,1,user,2,train,0
taxi:2127:2,taxi,2127,2,agent,0,train,0
taxi:2127:3,taxi,2127,3,user,2,train,1
taxi:2127:4,taxi,2127,4,agent,1,train,0
taxi:2127:5,taxi,2127,5,user,0,train,1
taxi:2127:6,taxi,2127,6,agent,2,train,0
taxi:2127:7,taxi,2127,7,user,3,train,0
taxi:2127:8,taxi,2127,8,agent,2,train,1
taxi:2127:9,taxi,2127,9,user,3,train,1
taxi:2128:1,taxi,2128,1,user,0,train,0
taxi:2128:2,taxi,2128,2,agent,3,train,1
taxi:2128:3,taxi,2128,3,user,0,train,1
taxi:2128:4,taxi,2128,4,agent,0,train,0
taxi:2128:5,taxi,2128,5,user,0,train,0
taxi:2128:6,taxi,2128,6,agent,0,train,0
taxi:2128:7,taxi,2128,7,user,0,train,0
taxi:2128:8,taxi,2128,8,agent,0,train,0
taxi:2128:9,taxi,2128,9,user,0,train,0
taxi:2128:10,taxi,2128,10,agent,2,train,0
taxi:2128:11,taxi,2128,11,user,2,train,0
taxi:2128:12,taxi,2128,12,agent,2,train,0
taxi:2129:1,taxi,2129,1,user,1,train,0
taxi:2129:2,taxi,2129,2,agent,2,train,0
taxi:2129:3,taxi,2129,3,user,2,train,0
taxi:2129:4,taxi,2129,4,agent,2,train,1
taxi:2129:5,taxi,2129,5,user,3,train,1
taxi:2129:6,taxi,2129,6,agent,1,train,0
taxi:2129:7,taxi,2129,7,user,0,train,0
taxi:2129:8,taxi,2129,8,user,1,train,1
taxi:2129:9,taxi,2129,9,agent,3,train,0
taxi:2130:1,taxi,2130,1,user,3,test,0
taxi:2130:2,taxi,2130,2,agent,2,test,0
taxi:2130:3,taxi,2130,3,user,3,test,1
taxi:2130:4,taxi,2130,4,agent,1,test,0
taxi:2130:5,taxi,2130,5,user,3,test,1
taxi:2130:6,taxi,2130,6,agent,2,test,0
taxi:2130:7,taxi,2130,7,user,0,test,0
taxi:2130:8,taxi,2130,8,agent,2,test,0
taxi:2130:9,taxi,2130,9,user,3,test,0
taxi:2131:1,taxi,2131,1,user,3,train,1
taxi:2131:2,taxi,2131,2,agent,1,train,0
taxi:2131:3,taxi,2131,3,user,2,train,0
taxi:2131:4,taxi,2131,4,agent,2,train,1
taxi:2131:5,taxi,2131,5,user,2,train,0
taxi:2131:6,taxi,2131,6,agent,2,train,0
taxi:2131:7,taxi,2131,7,user,3,train,1
taxi:2132:1,taxi,2132,1,user,1,train,1
taxi:2132:2,taxi,2132,2,agent,3,train,1
taxi:2132:3,taxi,2132,3,user,0,train,1
taxi:2132:4,taxi,2132,4,agent,1,train,0
taxi:2132:5,taxi,2132,5,user,0,train,1
taxi:2132:6,taxi,2132,6,agent,1,train,0
taxi:2132:7,taxi,2132,7,user,2,train,0
taxi:2132:8,taxi,2132,8,agent,2,train,0
taxi:2132:9,taxi,2132,9,user,3,train,1
taxi:2132:10,taxi,2132,10,agent,2,train,0
taxi:2133:1,taxi,2133,1,user,3,train,0
taxi:2133:2,taxi,2133,2,agent,3,train,1
taxi:2133:3,taxi,2133,3,user,0,train,1
taxi:2133:4,taxi,2133,4,agent,2,train,0
taxi:2133:5,taxi,2133,5,user,3,train,1
taxi:2133:6,taxi,2133,6,agent,2,train,1
taxi:2134:1,taxi,2134,1,user,0,validation,0
taxi:2134:2,taxi,2134,2,agent,3,validation,1
taxi:2134:3,taxi,2134,3,user,0,validation,1
taxi:2134:4,taxi,2134,4,agent,0,validation,0
taxi:2134:5,taxi,2134,5,user,0,validation,0
taxi:2134:6,taxi,2134,6,agent,0,validation,1
taxi:2134:7,taxi,2134,7,user,0,validation,0
taxi:2134:8,taxi,2134,8,agent,2,validation,0
taxi:2134:9,taxi,2134,9,user,0,validation,0
taxi:2134:10,taxi,2134,10,agent,2,validation,1
taxi:2134:11,taxi,2134,11,user,3,validation,1
taxi:2135:1,taxi,2135,1,user,1,train,1
taxi:2135:2,taxi,2135,2,agent,3,train,1
taxi:2135:3,taxi,2135,3,user,2,train,1
taxi:2135:4,taxi,2135,4,agent,2,train,0
taxi:2135:5,taxi,2135,5,user,3,train,1
taxi:2136:1,taxi,2136,1,user,3,train,0
taxi:2136:2,taxi,2136,2,agent,3,train,1
taxi:2136:3,taxi,2136,3,user,3,train,1
taxi:2136:4,taxi,2136,4,user,3,train,1
taxi:2137:1,taxi,2137,1,user,0,validation,0
taxi:2137:2,taxi,2137,2,agent,3,validation,1
taxi:2137:3,taxi,2137,3,user,0,validation,0
taxi:2137:4,taxi,2137,4,agent,2,validation,0
taxi:2137:5,taxi,2137,5,user,0,validation,1
taxi:2137:6,taxi,2137,6,agent,2,validation,0
taxi:2138:1,taxi,2138,1,user,3,validation,0
taxi:2138:2,taxi,2138,2,agent,2,validation,0
taxi:2138:3,taxi,2138,3,user,3,validation,1
taxi:2138:4,taxi,2138,4,user,3,validation,1
taxi:2139:1,taxi,2139,1,user,3,test,1
taxi:2139:2,taxi,2139,2,agent,2,test,0
taxi:2139:3,taxi,2139,3,user,0,test,0
taxi:2139:4,taxi,2139,4,agent,2,test,0
taxi:2139:5,taxi,2139,5,user,2,test,0
taxi:2139:6,taxi,2139,6,agent,1,test,1
taxi:2139:7,taxi,2139,7,user,3,test,1
taxi:2139:8,taxi,2139,8,agent,2,test,1
taxi:2139:9,taxi,2139,9,user,3,test,1
taxi:2140:1,taxi,2140,1,user,2,train,0
taxi:2140:2,taxi,2140,2,agent,1,train,1
taxi:2140:3,taxi,2140,3,user,2,train,0
taxi:2140:4,taxi,2140,4,agent,2,train,0
taxi:2140:5,taxi,2140,5,user,3,train,1
taxi:2140:6,taxi,2140,6,agent,2,train,0
taxi:2140:7,taxi,2140,7,user,3,train,1
taxi:2141:1,taxi,2141,1,user,0,train,0
taxi:2141:2,taxi,2141,2,agent,2,train,1
taxi:2141:3,taxi,2141,3,user,0,train,0
taxi:2141:4,taxi,2141,4,agent,2,train,0
taxi:2142:1,taxi,2142,1,user,3,train,1
taxi:2142:2,taxi,2142,2,agent,3,train,0
taxi:2142:3,taxi,2142,3,user,3,train,0
taxi:2142:4,taxi,2142,4,agent,1,train,0
taxi:2142:5,taxi,2142,5,user,0,train,0
taxi:2142:6,taxi,2142,6,agent,2,train,0
taxi:2142:7,taxi,2142,7,user,3,train,1
taxi:2142:8,taxi,2142,8,agent,2,train,0
taxi:2143:1,taxi,2143,1,user,2,test,0
taxi:2143:2,taxi,2143,2,agent,3,test,0
taxi:2143:3,taxi,2143,3,user,0,test,0
taxi:2143:4,taxi,2143,4,agent,1,test,0
taxi:2143:5,taxi,2143,5,user,0,test,0
taxi:2143:6,taxi,2143,6,agent,2,test,0
taxi:2143:7,taxi,2143,7,user,2,test,0
taxi:2143:8,taxi,2143,8,agent,2,test,0
taxi:2144:1,taxi,2144,1,user,1,test,0
taxi:2144:2,taxi,2144,2,agent,2,test,0
taxi:2144:3,taxi,2144,3,user,0,test,0
taxi:2144:4,taxi,2144,4,agent,2,test,0
taxi:2144:5,taxi,2144,5,user,0,test,1
taxi:2144:6,taxi,2144,6,user,0,test,0
taxi:2145:1,taxi,2145,1,user,3,train,0
taxi:2145:2,taxi,2145,2,agent,3,train,1
taxi:2145:3,taxi,2145,3,user,0,train,1
taxi:2145:4,taxi,2145,4,agent,1,train,0
taxi:2145:5,taxi,2145,5,user,0,train,1
taxi:2145:6,taxi,2145,6,agent,2,train,1
taxi:2145:7,taxi,2145,7,user,3,train,1
taxi:2145:8,taxi,2145,8,agent,2,train,1
taxi:2145:9,taxi,2145,9,user,3,train,1
taxi:2146:1,taxi,2146,1,user,2,train,0
taxi:2146:2,taxi,2146,2,agent,3,train,1
taxi:2146:3,taxi,2146,3,user,0,train,0
taxi:2146:4,taxi,2146,4,agent,1,train,0
taxi:2146:5,taxi,2146,5,user,2,train,0
taxi:2146:6,taxi,2146,6,agent,2,train,1
taxi:2146:7,taxi,2146,7,user,3,train,1
taxi:2146:8,taxi,2146,8,agent,2,train,1
taxi:2147:1,taxi,2147,1,user,3,test,1
taxi:2147:2,taxi,2147,2,agent,0,test,0
taxi:2147:3,taxi,2147,3,user,0,test,0
taxi:2147:4,taxi,2147,4,agent,0,test,0
taxi:2147:5,taxi,2147,5,user,0,test,0
taxi:2147:6,taxi,2147,6,agent,2,test,0
taxi:2147:7,taxi,2147,7,user,0,test,0
taxi:2147:8,taxi,2147,8,agent,1,test,0
taxi:2147:9,taxi,2147,9,user,0,test,0
taxi:2147:10,taxi,2147,10,agent,2,test,0
taxi:2148:1,taxi,2148,1,user,3,train,1
taxi:2148:2,taxi,2148,2,agent,3,train,0
taxi:2148:3,taxi,2148,3,user,2,train,0
taxi:2148:4,taxi,2148,4,agent,3,train,1
taxi:2148:5,taxi,2148,5,user,2,train,0
taxi:2148:6,taxi,2148,6,agent,1,train,0
taxi:2148:7,taxi,2148,7,user,2,train,0
taxi:2148:8,taxi,2148,8,agent,2,train,0
taxi:2148:9,taxi,2148,9,user,3,train,1
taxi:2148:10,taxi,2148,10,agent,2,train,1
taxi:2148:11,taxi,2148,11,user,3,train,0
taxi:2149:1,taxi,2149,1,user,3,train,0
taxi:2149:2,taxi,2149,2,agent,3,train,1
taxi:2149:3,taxi,2149,3,user,0,train,0
taxi:2149:4,taxi,2149,4,agent,0,train,0
taxi:2149:5,taxi,2149,5,user,0,train,0
taxi:2149:6,taxi,2149,6,agent,0,train,0
taxi:2149:7,taxi,2149,7,user,0,train,0
taxi:2149:8,taxi,2149,8,agent,0,train,0
taxi:2149:9,taxi,2149,9,user,0,train,0
taxi:2149:10,taxi,2149,10,agent,2,train,0
taxi:2149:11,taxi,2149,11,user,0,train,0
taxi:2149:12,taxi,2149,12,agent,2,train,0
taxi:2149:13,taxi,2149,13,user,3,train,0
taxi:2150:1,taxi,2150,1,user,2,train,0
taxi:2150:2,taxi,2150,2,agent,3,train,0
taxi:2150:3,taxi,2150,3,user,2,train,0
taxi:2150:4,taxi,2150,4,agent,1,train,0
taxi:2150:5,taxi,2150,5,user,0,train,0
taxi:2150:6,taxi,2150,6,agent,2,train,0
taxi:2150:7,taxi,2150,7,user,3,train,1
taxi:2150:8,taxi,2150,8,agent,2,train,0
taxi:2150:9,taxi,2150,9,user,3,train,1
taxi:2150:10,taxi,2150,10,agent,2,train,0
taxi:2150:11,taxi,2150,11,user,3,train,0
taxi:2151:1,taxi,2151,1,user,1,validation,0
taxi:2151:2,taxi,2151,2,agent,3,validation,0
taxi:2151:3,taxi,2151,3,user,0,validation,0
taxi:2151:4,taxi,2151,4,agent,2,validation,0
taxi:2151:5,taxi,2151,5,user,0,validation,0
taxi:2151:6,taxi,2151,6,agent,2,validation,0
taxi:2152:1,taxi,2152,1,user,2,train,0
taxi:2152:2,taxi,2152,2,agent,3,train,1
taxi:2152:3,taxi,2152,3,user,2,train,1
taxi:2152:4,taxi,2152,4,agent,2,train,0
taxi:2152:5,taxi,2152,5,user,0,train,0
taxi:2152:6,taxi,2152,6,agent,2,train,1
taxi:2152:7,taxi,2152,7,user,3,train,1
taxi:2152:8,taxi,2152,8,agent,2,train,0
taxi:2153:1,taxi,2153,1,user,2,train,0
taxi:2153:2,taxi,2153,2,agent,3,train,1
taxi:2153:3,taxi,2153,3,user,0,train,0
taxi:2153:4,taxi,2153,4,agent,2,train,0
taxi:2154:1,taxi,2154,1,user,3,train,1
taxi:2154:2,taxi,2154,2,agent,3,train,1
taxi:2154:3,taxi,2154,3,user,3,train,0
taxi:2154:4,taxi,2154,4,agent,2,train,0
taxi:2154:5,taxi,2154,5,user,3,train,0
taxi:2154:6,taxi,2154,6,agent,3,train,1
taxi:2155:1,taxi,2155,1,user,3,train,1
taxi:2155:2,taxi,2155,2,agent,3,train,0
taxi:2155:3,taxi,2155,3,user,2,train,0
taxi:2155:4,taxi,2155,4,agent,2,train,1
taxi:2155:5,taxi,2155,5,user,3,train,0
taxi:2155:6,taxi,2155,6,agent,2,train,1
taxi:2156:1,taxi,2156,1,user,2,train,0
taxi:2156:2,taxi,2156,2,agent,3,train,1
taxi:2156:3,taxi,2156,3,user,0,train,1
taxi:2156:4,taxi,2156,4,agent,1,train,1
taxi:2156:5,taxi,2156,5,user,0,train,0
taxi:2156:6,taxi,2156,6,agent,2,train,1
taxi:2156:7,taxi,2156,7,user,3,train,1
taxi:2156:8,taxi,2156,8,agent,2,train,0
taxi:2156:9,taxi,2156,9,user,3,train,1
taxi:2157:1,taxi,2157,1,user,3,train,1
taxi:2157:2,taxi,2157,2,agent,3,train,1
taxi:2157:3,taxi,2157,3,user,3,train,1
taxi:2157:4,taxi,2157,4,agent,2,train,0
taxi:2158:1,taxi,2158,1,user,0,train,0
taxi:2158:2,taxi,2158,2,agent,3,train,1
taxi:2158:3,taxi,2158,3,user,0,train,0
taxi:2158:4,taxi,2158,4,agent,1,train,0
taxi:2158:5,taxi,2158,5,user,0,train,0
taxi:2158:6,taxi,2158,6,agent,2,train,0
taxi:2158:7,taxi,2158,7,user,2,train,1
taxi:2158:8,taxi,2158,8,agent,2,train,0
taxi:2159:1,taxi,2159,1,user,3,train,0
taxi:2159:2,taxi,2159,2,agent,3,train,1
taxi:2159:3,taxi,2159,3,user,0,train,1
taxi:2159:4,taxi,2159,4,agent,1,train,0
taxi:2159:5,taxi,2159,5,user,2,train,0
taxi:2159:6,taxi,2159,6,agent,2,train,0
taxi:2159:7,taxi,2159,7,user,3,train,0
taxi:2159:8,taxi,2159,8,agent,2,train,0
taxi:2159:9,taxi,2159,9,user,3,train,1
taxi:2160:1,taxi,2160,1,user,1,train,0
taxi:2160:2,taxi,2160,2,agent,3,train,1
taxi:2160:3,taxi,2160,3,user,0,train,0
taxi:2160:4,taxi,2160,4,agent,2,train,0
taxi:2161:1,taxi,2161,1,user,1,train,0
taxi:2161:2,taxi,2161,2,agent,3,train,1
taxi:2161:3,taxi,2161,3,user,0,train,0
taxi:2161:4,taxi,2161,4,agent,2,train,0
taxi:2161:5,taxi,2161,5,user,3,train,1
taxi:2161:6,taxi,2161,6,agent,2,train,0
taxi:2161:7,taxi,2161,7,user,3,train,1
taxi:2162:1,taxi,2162,1,user,2,test,0
taxi:2162:2,taxi,2162,2,agent,3,test,1
taxi:2162:3,taxi,2162,3,user,0,test,0
taxi:2162:4,taxi,2162,4,agent,2,test,0
taxi:2162:5,taxi,2162,5,user,0,test,1
taxi:2162:6,taxi,2162,6,agent,2,test,0
taxi:2163:1,taxi,2163,1,user,1,train,0
taxi:2163:2,taxi,2163,2,agent,3,train,1
taxi:2163:3,taxi,2163,3,user,0,train,0
taxi:2163:4,taxi,2163,4,agent,2,train,1
taxi:2164:1,taxi,2164,1,user,3,test,1
taxi:2164:2,taxi,2164,2,agent,3,test,0
taxi:2164:3,taxi,2164,3,user,3,test,1
taxi:2164:4,taxi,2164,4,agent,1,test,0
taxi:2164:5,taxi,2164,5,user,0,test,0
taxi:2164:6,taxi,2164,6,agent,2,test,0
taxi:2164:7,taxi,2164,7,user,3,test,1
taxi:2164:8,taxi,2164,8,agent,2,test,0
taxi:2164:9,taxi,2164,9,user,3,test,1
taxi:2165:1,taxi,2165,1,user,3,train,0
taxi:2165:2,taxi,2165,2,agent,3,train,0
taxi:2165:3,taxi,2165,3,user,0,train,0
taxi:2165:4,taxi,2165,4,agent,0,train,0
taxi:2165:5,taxi,2165,5,user,0,train,0
taxi:2165:6,taxi,2165,6,agent,0,train,0
taxi:2165:7,taxi,2165,7,user,0,train,0
taxi:2165:8,taxi,2165,8,agent,2,train,0
taxi:2165:9,taxi,2165,9,user,2,train,0
taxi:2165:10,taxi,2165,10,agent,2,train,0
taxi:2165:11,taxi,2165,11,user,3,train,1
taxi:2166:1,taxi,2166,1,user,1,test,0
taxi:2166:2,taxi,2166,2,agent,3,test,1
taxi:2166:3,taxi,2166,3,user,0,test,0
taxi:2166:4,taxi,2166,4,agent,1,test,0
taxi:2166:5,taxi,2166,5,user,0,test,0
taxi:2166:6,taxi,2166,6,agent,1,test,0
taxi:2166:7,taxi,2166,7,user,0,test,0
taxi:2166:8,taxi,2166,8,agent,2,test,1
taxi:2166:9,taxi,2166,9,user,3,test,0
taxi:2166:10,taxi,2166,10,agent,2,test,0
taxi:2166:11,taxi,2166,11,user,3,test,1
taxi:2167:1,taxi,2167,1,user,1,train,0
taxi:2167:2,taxi,2167,2,agent,3,train,1
taxi:2167:3,taxi,2167,3,user,0,train,1
taxi:2167:4,taxi,2167,4,agent,2,train,0
taxi:2167:5,taxi,2167,5,user,0,train,1
taxi:2167:6,taxi,2167,6,agent,2,train,0
taxi:2168:1,taxi,2168,1,user,1,train,0
taxi:2168:2,taxi,2168,2,agent,3,train,1
taxi:2168:3,taxi,2168,3,user,0,train,0
taxi:2168:4,taxi,2168,4,agent,2,train,0
taxi:2169:1,taxi,2169,1,user,1,validation,0
taxi:2169:2,taxi,2169,2,agent,3,validation,1
taxi:2169:3,taxi,2169,3,user,0,validation,0
taxi:2169:4,taxi,2169,4,agent,2,validation,0
taxi:2169:5,taxi,2169,5,user,3,validation,1
taxi:2169:6,taxi,2169,6,agent,2,validation,0
taxi:2169:7,taxi,2169,7,user,3,validation,1
taxi:2169:8,taxi,2169,8,agent,2,validation,0
taxi:2169:9,taxi,2169,9,user,3,validation,0
taxi:2170:1,taxi,2170,1,user,1,train,0
taxi:2170:2,taxi,2170,2,agent,3,train,1
taxi:2170:3,taxi,2170,3,user,0,train,0
taxi:2170:4,taxi,2170,4,agent,1,train,0
taxi:2170:5,taxi,2170,5,user,0,train,0
taxi:2170:6,taxi,2170,6,agent,2,train,1
taxi:2170:7,taxi,2170,7,user,3,train,1
taxi:2170:8,taxi,2170,8,agent,2,train,0
taxi:2170:9,taxi,2170,9,user,3,train,1
taxi:2171:1,taxi,2171,1,user,2,train,0
taxi:2171:2,taxi,2171,2,agent,3,train,1
taxi:2171:3,taxi,2171,3,user,0,train,0
taxi:2171:4,taxi,2171,4,agent,0,train,0
taxi:2171:5,taxi,2171,5,user,0,train,0
taxi:2171:6,taxi,2171,6,agent,0,train,0
taxi:2171:7,taxi,2171,7,user,0,train,1
taxi:2171:8,taxi,2171,8,agent,2,train,0
taxi:2171:9,taxi,2171,9,user,3,train,1
taxi:2171:10,taxi,2171,10,agent,2,train,0
taxi:2171:11,taxi,2171,11,user,3,train,0
taxi:2172:1,taxi,2172,1,user,1,train,0
taxi:2172:2,taxi,2172,2,agent,3,train,1
taxi:2172:3,taxi,2172,3,user,0,train,0
taxi:2172:4,taxi,2172,4,user,0,train,0
taxi:2172:5,taxi,2172,5,agent,2,train,0
taxi:2172:6,taxi,2172,6,user,2,train,0
taxi:2172:7,taxi,2172,7,agent,2,train,0
taxi:2173:1,taxi,2173,1,user,1,train,0
taxi:2173:2,taxi,2173,2,agent,3,train,1
taxi:2173:3,taxi,2173,3,user,0,train,0
taxi:2173:4,taxi,2173,4,agent,1,train,0
taxi:2173:5,taxi,2173,5,user,0,train,1
taxi:2173:6,taxi,2173,6,agent,1,train,1
taxi:2173:7,taxi,2173,7,user,0,train,1
taxi:2173:8,taxi,2173,8,agent,2,train,0
taxi:2173:9,taxi,2173,9,user,3,train,1
taxi:2173:10,taxi,2173,10,agent,3,train,1
taxi:2173:11,taxi,2173,11,user,3,train,1
taxi:2173:12,taxi,2173,12,agent,2,train,1
taxi:2173:13,taxi,2173,13,user,3,train,0
taxi:2174:1,taxi,2174,1,user,1,train,0
taxi:2174:2,taxi,2174,2,agent,3,train,0
taxi:2174:3,taxi,2174,3,user,0,train,0
taxi:2174:4,taxi,2174,4,agent,2,train,0
taxi:2175:1,taxi,2175,1,user,3,train,1
taxi:2175:2,taxi,2175,2,agent,3,train,1
taxi:2175:3,taxi,2175,3,user,0,train,0
taxi:2175:4,taxi,2175,4,agent,1,train,0
taxi:2175:5,taxi,2175,5,user,0,train,0
taxi:2175:6,taxi,2175,6,agent,2,train,0
taxi:2175:7,taxi,2175,7,user,0,train,0
taxi:2175:8,taxi,2175,8,agent,2,train,0
taxi:2175:9,taxi,2175,9,user,3,train,1
taxi:2176:1,taxi,2176,1,user,1,train,0
taxi:2176:2,taxi,2176,2,agent,3,train,1
taxi:2176:3,taxi,2176,3,user,3,train,1
taxi:2176:4,taxi,2176,4,agent,2,train,0
taxi:2176:5,taxi,2176,5,user,3,train,1
taxi:2176:6,taxi,2176,6,agent,2,train,0
taxi:2176:7,taxi,2176,7,user,3,train,1
taxi:2177:1,taxi,2177,1,user,1,train,0
taxi:2177:2,taxi,2177,2,agent,3,train,1
taxi:2177:3,taxi,2177,3,user,0,train,0
taxi:2177:4,taxi,2177,4,agent,2,train,0
taxi:2177:5,taxi,2177,5,user,3,train,1
taxi:2177:6,taxi,2177,6,agent,2,train,1
taxi:2177:7,taxi,2177,7,user,3,train,0
taxi:2178:1,taxi,2178,1,user,1,train,0
taxi:2178:2,taxi,2178,2,agent,3,train,1
taxi:2178:3,taxi,2178,3,user,0,train,1
taxi:2178:4,taxi,2178,4,agent,1,train,0
taxi:2178:5,taxi,2178,5,user,0,train,1
taxi:2178:6,taxi,2178,6,agent,1,train,0
taxi:2178:7,taxi,2178,7,user,0,train,0
taxi:2178:8,taxi,2178,8,agent,2,train,0
taxi:2178:9,taxi,2178,9,user,2,train,0
taxi:2178:10,taxi,2178,10,agent,2,train,0
taxi:2178:11,taxi,2178,11,user,3,train,1
taxi:2179:1,taxi,2179,1,user,1,validation,0
taxi:2179:2,taxi,2179,2,agent,3,validation,0
taxi:2179:3,taxi,2179,3,user,0,validation,0
taxi:2179:4,taxi,2179,4,agent,2,validation,1
taxi:2179:5,taxi,2179,5,user,0,validation,0
taxi:2179:6,taxi,2179,6,agent,2,validation,0
taxi:2180:1,taxi,2180,1,user,1,validation,0
taxi:2180:2,taxi,2180,2,agent,3,validation,0
taxi:2180:3,taxi,2180,3,user,0,validation,0
taxi:2180:4,taxi,2180,4,agent,2,validation,0
taxi:2180:5,taxi,2180,5,user,3,validation,0
taxi:2180:6,taxi,2180,6,agent,2,validation,0
taxi:2180:7,taxi,2180,7,user,3,validation,1
taxi:2180:8,taxi,2180,8,agent,2,validation,0
taxi:2180:9,taxi,2180,9,user,3,validation,1
taxi:2181:1,taxi,2181,1,user,1,train,0
taxi:2181:2,taxi,2181,2,agent,3,train,0
taxi:2181:3,taxi,2181,3,user,0,train,1
taxi:2181:4,taxi,2181,4,agent,2,train,0
taxi:2181:5,taxi,2181,5,user,2,train,1
taxi:2181:6,taxi,2181,6,agent,2,train,0
taxi:2182:1,taxi,2182,1,user,3,train,1
taxi:2182:2,taxi,2182,2,agent,3,train,0
taxi:2182:3,taxi,2182,3,user,2,train,0
taxi:2182:4,taxi,2182,4,agent,0,train,1
taxi:2182:5,taxi,2182,5,user,2,train,0
taxi:2182:6,taxi,2182,6,agent,2,train,0
taxi:2182:7,taxi,2182,7,user,3,train,1
taxi:2182:8,taxi,2182,8,agent,3,train,1
taxi:2182:9,taxi,2182,9,user,3,train,0
taxi:2183:1,taxi,2183,1,user,3,train,0
taxi:2183:2,taxi,2183,2,agent,1,train,0
taxi:2183:3,taxi,2183,3,user,2,train,1
taxi:2183:4,taxi,2183,4,agent,2,train,0
taxi:2183:5,taxi,2183,5,user,0,train,0
taxi:2183:6,taxi,2183,6,agent,2,train,1
taxi:2184:1,taxi,2184,1,user,0,validation,0
taxi:2184:2,taxi,2184,2,agent,3,validation,1
taxi:2184:3,taxi,2184,3,user,0,validation,1
taxi:2184:4,taxi,2184,4,agent,2,validation,1
taxi:2184:5,taxi,2184,5,user,0,validation,1
taxi:2184:6,taxi,2184,6,agent,2,validation,0
taxi:2184:7,taxi,2184,7,user,3,validation,1
taxi:2185:1,taxi,2185,1,user,2,test,0
taxi:2185:2,taxi,2185,2,agent,3,test,1
taxi:2185:3,taxi,2185,3,user,3,test,1
taxi:2185:4,taxi,2185,4,agent,3,test,1
taxi:2185:5,taxi,2185,5,user,2,test,0
taxi:2185:6,taxi,2185,6,agent,1,test,1
taxi:2185:7,taxi,2185,7,user,0,test,0
taxi:2185:8,taxi,2185,8,agent,1,test,0
taxi:2185:9,taxi,2185,9,user,3,test,0
taxi:2185:10,taxi,2185,10,agent,2,test,1
taxi:2185:11,taxi,2185,11,user,3,test,0
taxi:2186:1,taxi,2186,1,user,1,train,0
taxi:2186:2,taxi,2186,2,agent,3,train,0
taxi:2186:3,taxi,2186,3,user,0,train,0
taxi:2186:4,taxi,2186,4,agent,2,train,0
taxi:2186:5,taxi,2186,5,user,3,train,1
taxi:2186:6,taxi,2186,6,agent,2,train,0
taxi:2186:7,taxi,2186,7,user,3,train,0
taxi:2186:8,taxi,2186,8,agent,2,train,0
taxi:2186:9,taxi,2186,9,user,3,train,1
taxi:2187:1,taxi,2187,1,user,3,test,1
taxi:2187:2,taxi,2187,2,agent,3,test,0
taxi:2187:3,taxi,2187,3,user,3,test,1
taxi:2187:4,taxi,2187,4,agent,3,test,1
taxi:2187:5,taxi,2187,5,user,3,test,1
taxi:2188:1,taxi,2188,1,user,1,train,0
taxi:2188:2,taxi,2188,2,agent,3,train,0
taxi:2188:3,taxi,2188,3,user,2,train,0
taxi:2188:4,taxi,2188,4,agent,2,train,0
taxi:2188:5,taxi,2188,5,user,2,train,0
taxi:2188:6,taxi,2188,6,agent,1,train,0
taxi:2188:7,taxi,2188,7,user,0,train,0
taxi:2188:8,taxi,2188,8,agent,2,train,0
taxi:2188:9,taxi,2188,9,user,0,train,0
taxi:2188:10,taxi,2188,10,agent,2,train,0
taxi:2188:11,taxi,2188,11,user,3,train,1
taxi:2189:1,taxi,2189,1,user,2,train,0
taxi:2189:2,taxi,2189,2,agent,3,train,0
taxi:2189:3,taxi,2189,3,user,0,train,0
taxi:2189:4,taxi,2189,4,agent,0,train,0
taxi:2189:5,taxi,2189,5,user,0,train,0
taxi:2189:6,taxi,2189,6,agent,1,train,0
taxi:2189:7,taxi,2189,7,user,0,train,0
taxi:2189:8,taxi,2189,8,agent,2,train,1
taxi:2189:9,taxi,2189,9,user,2,train,1
taxi:2189:10,taxi,2189,10,agent,2,train,0
taxi:2189:11,taxi,2189,11,user,3,train,1
taxi:2190:1,taxi,2190,1,user,1,train,1
taxi:2190:2,taxi,2190,2,agent,3,train,1
taxi:2190:3,taxi,2190,3,user,0,train,0
taxi:2190:4,taxi,2190,4,agent,1,train,0
taxi:2190:5,taxi,2190,5,user,0,train,0
taxi:2190:6,taxi,2190,6,agent,3,train,0
taxi:2190:7,taxi,2190,7,user,3,train,0
taxi:2190:8,taxi,2190,8,agent,3,train,1
taxi:2190:9,taxi,2190,9,user,3,train,1
taxi:2190:10,taxi,2190,10,agent,3,train,0
taxi:2191:1,taxi,2191,1,user,3,validation,1
taxi:2191:2,taxi,2191,2,agent,3,validation,1
taxi:2191:3,taxi,2191,3,user,0,validation,0
taxi:2191:4,taxi,2191,4,agent,3,validation,1
taxi:2191:5,taxi,2191,5,user,2,validation,0
taxi:2191:6,taxi,2191,6,agent,2,validation,0
taxi:2191:7,taxi,2191,7,user,0,validation,1
taxi:2191:8,taxi,2191,8,agent,2,validation,0
taxi:2191:9,taxi,2191,9,user,3,validation,0
taxi:2192:1,taxi,2192,1,user,3,train,1
taxi:2192:2,taxi,2192,2,agent,3,train,1
taxi:2192:3,taxi,2192,3,user,3,train,1
taxi:2192:4,taxi,2192,4,agent,2,train,1
taxi:2193:1,taxi,2193,1,user,3,validation,1
taxi:2193:2,taxi,2193,2,agent,3,validation,1
taxi:2193:3,taxi,2193,3,user,0,validation,0
taxi:2193:4,taxi,2193,4,agent,1,validation,1
taxi:2193:5,taxi,2193,5,user,0,validation,0
taxi:2193:6,taxi,2193,6,agent,2,validation,0
taxi:2193:7,taxi,2193,7,user,0,validation,1
taxi:2193:8,taxi,2193,8,agent,2,validation,0
taxi:2193:9,taxi,2193,9,user,3,validation,1
taxi:2194:1,taxi,2194,1,user,3,train,1
taxi:2194:2,taxi,2194,2,agent,3,train,1
taxi:2194:3,taxi,2194,3,user,3,train,1
taxi:2194:4,taxi,2194,4,agent,1,train,1
taxi:2194:5,taxi,2194,5,user,0,train,1
taxi:2194:6,taxi,2194,6,agent,2,train,0
taxi:2194:7,taxi,2194,7,user,3,train,1
taxi:2194:8,taxi,2194,8,agent,2,train,0
taxi:2194:9,taxi,2194,9,user,3,train,1
taxi:2195:1,taxi,2195,1,user,3,train,1
taxi:2195:2,taxi,2195,2,agent,3,train,1
taxi:2195:3,taxi,2195,3,user,0,train,0
taxi:2195:4,taxi,2195,4,agent,2,train,0
taxi:2195:5,taxi,2195,5,user,0,train,0
taxi:2195:6,taxi,2195,6,agent,2,train,0
taxi:2196:1,taxi,2196,1,user,2,train,0
taxi:2196:2,taxi,2196,2,agent,0,train,0
taxi:2196:3,taxi,2196,3,user,0,train,0
taxi:2196:4,taxi,2196,4,agent,2,train,0
taxi:2196:5,taxi,2196,5,user,0,train,0
taxi:2196:6,taxi,2196,6,agent,2,train,0
taxi:2196:7,taxi,2196,7,user,3,train,0
taxi:2197:1,taxi,2197,1,user,3,train,0
taxi:2197:2,taxi,2197,2,agent,3,train,1
taxi:2197:3,taxi,2197,3,user,0,train,0
taxi:2197:4,taxi,2197,4,agent,2,train,0
taxi:2197:5,taxi,2197,5,user,0,train,0
taxi:2197:6,taxi,2197,6,agent,2,train,0
taxi:2198:1,taxi,2198,1,user,3,train,1
taxi:2198:2,taxi,2198,2,agent,3,train,1
taxi:2198:3,taxi,2198,3,user,0,train,0
taxi:2198:4,taxi,2198,4,agent,0,train,0
taxi:2198:5,taxi,2198,5,user,0,train,0
taxi:2198:6,taxi,2198,6,agent,0,train,0
taxi:2198:7,taxi,2198,7,user,0,train,0
taxi:2198:8,taxi,2198,8,agent,2,train,0
taxi:2198:9,taxi,2198,9,user,1,train,0
taxi:2198:10,taxi,2198,10,agent,2,train,0
taxi:2198:11,taxi,2198,11,user,2,train,0
taxi:2198:12,taxi,2198,12,agent,2,train,0
taxi:2198:13,taxi,2198,13,user,3,train,0
taxi:2199:1,taxi,2199,1,user,3,train,0
taxi:2199:2,taxi,2199,2,agent,3,train,1
taxi:2199:3,taxi,2199,3,user,0,train,1
taxi:2199:4,taxi,2199,4,agent,2,train,0
taxi:2199:5,taxi,2199,5,user,3,train,1
taxi:2199:6,taxi,2199,6,agent,2,train,0
taxi:2200:1,taxi,2200,1,user,3,train,1
taxi:2200:2,taxi,2200,2,agent,3,train,1
taxi:2200:3,taxi,2200,3,user,2,train,0
taxi:2200:4,taxi,2200,4,agent,2,train,0
taxi:2200:5,taxi,2200,5,user,0,train,0
taxi:2200:6,taxi,2200,6,agent,2,train,0
taxi:2201:1,taxi,2201,1,user,3,train,0
taxi:2201:2,taxi,2201,2,agent,3,train,1
taxi:2201:3,taxi,2201,3,user,0,train,0
taxi:2201:4,taxi,2201,4,agent,2,train,0
taxi:2201:5,taxi,2201,5,user,0,train,0
taxi:2201:6,taxi,2201,6,agent,2,train,0
taxi:2202:1,taxi,2202,1,user,1,train,0
taxi:2202:2,taxi,2202,2,agent,3,train,0
taxi:2202:3,taxi,2202,3,user,0,train,0
taxi:2202:4,taxi,2202,4,agent,1,train,0
taxi:2202:5,taxi,2202,5,user,0,train,0
taxi:2202:6,taxi,2202,6,agent,2,train,0
taxi:2202:7,taxi,2202,7,user,3,train,1
taxi:2202:8,taxi,2202,8,agent,2,train,1
taxi:2202:9,taxi,2202,9,user,3,train,0
taxi:2203:1,taxi,2203,1,user,1,validation,0
taxi:2203:2,taxi,2203,2,agent,3,validation,1
taxi:2203:3,taxi,2203,3,user,0,validation,0
taxi:2203:4,taxi,2203,4,agent,2,validation,0
taxi:2203:5,taxi,2203,5,user,0,validation,0
taxi:2203:6,taxi,2203,6,agent,0,validation,1
taxi:2203:7,taxi,2203,7,user,0,validation,0
taxi:2203:8,taxi,2203,8,agent,0,validation,1
taxi:2203:9,taxi,2203,9,user,0,validation,0
taxi:2203:10,taxi,2203,10,agent,0,validation,0
taxi:2203:11,taxi,2203,11,user,0,validation,0
taxi:2203:12,taxi,2203,12,agent,2,validation,0
taxi:2203:13,taxi,2203,13,user,0,validation,0
taxi:2203:14,taxi,2203,14,agent,2,validation,0
taxi:2204:1,taxi,2204,1,user,3,train,1
taxi:2204:2,taxi,2204,2,agent,3,train,1
taxi:2204:3,taxi,2204,3,user,0,train,0
taxi:2204:4,taxi,2204,4,agent,2,train,0
taxi:2204:5,taxi,2204,5,user,0,train,1
taxi:2204:6,taxi,2204,6,agent,2,train,0
taxi:2205:1,taxi,2205,1,user,3,train,0
taxi:2205:2,taxi,2205,2,agent,3,train,1
taxi:2205:3,taxi,2205,3,user,3,train,1
taxi:2205:4,taxi,2205,4,agent,1,train,0
taxi:2205:5,taxi,2205,5,user,2,train,0
taxi:2205:6,taxi,2205,6,agent,1,train,0
taxi:2205:7,taxi,2205,7,user,0,train,0
taxi:2205:8,taxi,2205,8,agent,2,train,0
taxi:2205:9,taxi,2205,9,user,2,train,0
taxi:2205:10,taxi,2205,10,agent,2,train,1
taxi:2206:1,taxi,2206,1,user,1,train,0
taxi:2206:2,taxi,2206,2,agent,3,train,1
taxi:2206:3,taxi,2206,3,user,3,train,1
taxi:2206:4,taxi,2206,4,agent,1,train,0
taxi:2206:5,taxi,2206,5,user,2,train,0
taxi:2206:6,taxi,2206,6,agent,1,train,0
taxi:2206:7,taxi,2206,7,user,0,train,1
taxi:2206:8,taxi,2206,8,agent,2,train,0
taxi:2206:9,taxi,2206,9,user,3,train,1
taxi:2206:10,taxi,2206,10,agent,2,train,1
taxi:2206:11,taxi,2206,11,user,3,train,1
taxi:2207:1,taxi,2207,1,user,2,train,0
taxi:2207:2,taxi,2207,2,agent,3,train,1
taxi:2207:3,taxi,2207,3,user,0,train,0
taxi:2207:4,taxi,2207,4,agent,2,train,1
taxi:2208:1,taxi,2208,1,user,2,train,0
taxi:2208:2,taxi,2208,2,agent,3,train,0
taxi:2208:3,taxi,2208,3,user,0,train,0
taxi:2208:4,taxi,2208,4,agent,1,train,1
taxi:2208:5,taxi,2208,5,user,0,train,1
taxi:2208:6,taxi,2208,6,agent,1,train,0
taxi:2208:7,taxi,2208,7,user,0,train,1
taxi:2208:8,taxi,2208,8,agent,2,train,1
taxi:2208:9,taxi,2208,9,user,0,train,0
taxi:2208:10,taxi,2208,10,agent,2,train,0
taxi:2208:11,taxi,2208,11,user,3,train,1
taxi:2209:1,taxi,2209,1,user,3,train,0
taxi:2209:2,taxi,2209,2,agent,3,train,1
taxi:2209:3,taxi,2209,3,user,0,train,0
taxi:2209:4,taxi,2209,4,agent,1,train,0
taxi:2209:5,taxi,2209,5,user,3,train,1
taxi:2209:6,taxi,2209,6,agent,1,train,0
taxi:2209:7,taxi,2209,7,user,0,train,0
taxi:2209:8,taxi,2209,8,agent,2,train,1
taxi:2209:9,taxi,2209,9,user,3,train,1
taxi:2209:10,taxi,2209,10,agent,2,train,0
taxi:2209:11,taxi,2209,11,user,3,train,0
taxi:2210:1,taxi,2210,1,user,1,validation,0
taxi:2210:2,taxi,2210,2,agent,3,validation,0
taxi:2210:3,taxi,2210,3,user,0,validation,1
taxi:2210:4,taxi,2210,4,agent,1,validation,0
taxi:2210:5,taxi,2210,5,user,0,validation,0
taxi:2210:6,taxi,2210,6,agent,2,validation,0
taxi:2210:7,taxi,2210,7,user,0,validation,0
taxi:2210:8,taxi,2210,8,agent,2,validation,1
taxi:2211:1,taxi,2211,1,user,1,train,0
taxi:2211:2,taxi,2211,2,agent,3,train,1
taxi:2211:3,taxi,2211,3,user,0,train,0
taxi:2211:4,taxi,2211,4,agent,2,train,0
taxi:2211:5,taxi,2211,5,user,3,train,0
taxi:2211:6,taxi,2211,6,agent,2,train,0
taxi:2211:7,taxi,2211,7,agent,2,train,1
taxi:2211:8,taxi,2211,8,user,3,train,0
taxi:2211:9,taxi,2211,9,user,0,train,1
taxi:2211:10,taxi,2211,10,agent,1,train,0
taxi:2211:11,taxi,2211,11,user,3,train,0
taxi:2212:1,taxi,2212,1,user,1,train,0
taxi:2212:2,taxi,2212,2,agent,3,train,1
taxi:2212:3,taxi,2212,3,user,0,train,0
taxi:2212:4,taxi,2212,4,agent,2,train,0
taxi:2212:5,taxi,2212,5,user,2,train,0
taxi:2212:6,taxi,2212,6,agent,2,train,0
taxi:2212:7,taxi,2212,7,user,3,train,0
taxi:2213:1,taxi,2213,1,user,0,test,0
taxi:2213:2,taxi,2213,2,agent,0,test,0
taxi:2213:3,taxi,2213,3,user,2,test,0
taxi:2213:4,taxi,2213,4,agent,2,test,0
taxi:2213:5,taxi,2213,5,user,3,test,0
taxi:2213:6,taxi,2213,6,agent,1,test,0
taxi:2213:7,taxi,2213,7,user,2,test,0
taxi:2213:8,taxi,2213,8,agent,2,test,0
taxi:2213:9,taxi,2213,9,user,3,test,1
taxi:2214:1,taxi,2214,1,user,1,validation,0
taxi:2214:2,taxi,2214,2,agent,2,validation,0
taxi:2214:3,taxi,2214,3,user,0,validation,1
taxi:2214:4,taxi,2214,4,agent,2,validation,0
taxi:2215:1,taxi,2215,1,user,0,validation,0
taxi:2215:2,taxi,2215,2,agent,0,validation,0
taxi:2215:3,taxi,2215,3,user,3,validation,1
taxi:2216:1,taxi,2216,1,user,1,test,0
taxi:2216:2,taxi,2216,2,agent,3,test,0
taxi:2216:3,taxi,2216,3,user,3,test,1
taxi:2216:4,taxi,2216,4,agent,3,test,0
taxi:2216:5,taxi,2216,5,user,2,test,0
taxi:2216:6,taxi,2216,6,agent,0,test,0
taxi:2216:7,taxi,2216,7,user,0,test,0
taxi:2216:8,taxi,2216,8,agent,0,test,0
taxi:2216:9,taxi,2216,9,user,0,test,0
taxi:2216:10,taxi,2216,10,agent,0,test,0
taxi:2216:11,taxi,2216,11,user,0,test,0
taxi:2216:12,taxi,2216,12,agent,2,test,0
taxi:2216:13,taxi,2216,13,user,2,test,0
taxi:2216:14,taxi,2216,14,agent,2,test,0
taxi:2217:1,taxi,2217,1,user,1,train,0
taxi:2217:2,taxi,2217,2,agent,3,train,0
taxi:2217:3,taxi,2217,3,user,2,train,1
taxi:2217:4,taxi,2217,4,agent,2,train,0
taxi:2217:5,taxi,2217,5,user,3,train,1
taxi:2217:6,taxi,2217,6,agent,2,train,0
taxi:2218:1,taxi,2218,1,user,1,train,0
taxi:2218:2,taxi,2218,2,agent,3,train,1
taxi:2218:3,taxi,2218,3,user,3,train,1
taxi:2218:4,taxi,2218,4,agent,1,train,0
taxi:2218:5,taxi,2218,5,user,0,train,0
taxi:2218:6,taxi,2218,6,agent,2,train,0
taxi:2218:7,taxi,2218,7,user,0,train,0
taxi:2218:8,taxi,2218,8,agent,2,train,1
taxi:2219:1,taxi,2219,1,user,1,train,0
taxi:2219:2,taxi,2219,2,agent,3,train,1
taxi:2219:3,taxi,2219,3,user,0,train,1
taxi:2219:4,taxi,2219,4,agent,0,train,0
taxi:2219:5,taxi,2219,5,user,0,train,1
taxi:2219:6,taxi,2219,6,agent,2,train,0
taxi:2219:7,taxi,2219,7,user,0,train,0
taxi:2219:8,taxi,2219,8,agent,1,train,0
taxi:2219:9,taxi,2219,9,user,0,train,0
taxi:2219:10,taxi,2219,10,agent,0,train,1
taxi:2219:11,taxi,2219,11,user,0,train,1
taxi:2219:12,taxi,2219,12,agent,2,train,0
taxi:2219:13,taxi,2219,13,user,3,train,1
taxi:2219:14,taxi,2219,14,agent,2,train,0
taxi:2219:15,taxi,2219,15,user,3,train,1
taxi:2220:1,taxi,2220,1,user,2,train,1
taxi:2220:2,taxi,2220,2,agent,2,train,0
taxi:2220:3,taxi,2220,3,user,0,train,0
taxi:2220:4,taxi,2220,4,agent,0,train,1
taxi:2220:5,taxi,2220,5,user,2,train,0
taxi:2220:6,taxi,2220,6,agent,2,train,0
taxi:2220:7,taxi,2220,7,user,3,train,1
taxi:2220:8,taxi,2220,8,agent,2,train,1
taxi:2220:9,taxi,2220,9,user,3,train,0
taxi:2220:10,taxi,2220,10,agent,2,train,0
taxi:2220:11,taxi,2220,11,user,3,train,1
taxi:2221:1,taxi,2221,1,user,3,train,0
taxi:2221:2,taxi,2221,2,agent,2,train,0
taxi:2221:3,taxi,2221,3,user,0,train,0
taxi:2221:4,taxi,2221,4,agent,2,train,0
taxi:2222:1,taxi,2222,1,user,1,train,0
taxi:2222:2,taxi,2222,2,agent,0,train,0
taxi:2222:3,taxi,2222,3,user,0,train,0
taxi:2222:4,taxi,2222,4,agent,1,train,0
taxi:2222:5,taxi,2222,5,user,0,train,0
taxi:2222:6,taxi,2222,6,agent,2,train,0
taxi:2222:7,taxi,2222,7,user,0,train,1
taxi:2222:8,taxi,2222,8,agent,1,train,0
taxi:2222:9,taxi,2222,9,user,3,train,1
taxi:2222:10,taxi,2222,10,agent,2,train,0
taxi:2222:11,taxi,2222,11,user,3,train,1
taxi:2223:1,taxi,2223,1,user,1,train,0
taxi:2223:2,taxi,2223,2,agent,3,train,1
taxi:2223:3,taxi,2223,3,user,0,train,0
taxi:2223:4,taxi,2223,4,agent,2,train,0
taxi:2223:5,taxi,2223,5,user,0,train,0
taxi:2223:6,taxi,2223,6,agent,2,train,0
taxi:2224:1,taxi,2224,1,user,3,train,1
taxi:2224:2,taxi,2224,2,agent,2,train,0
taxi:2224:3,taxi,2224,3,user,3,train,1
taxi:2224:4,taxi,2224,4,agent,2,train,0
taxi:2225:1,taxi,2225,1,user,0,train,0
taxi:2225:2,taxi,2225,2,agent,0,train,1
taxi:2225:3,taxi,2225,3,user,0,train,0
taxi:2225:4,taxi,2225,4,agent,2,train,0
taxi:2225:5,taxi,2225,5,user,0,train,1
taxi:2225:6,taxi,2225,6,agent,2,train,0
taxi:2226:1,taxi,2226,1,user,2,train,0
taxi:2226:2,taxi,2226,2,agent,3,train,1
taxi:2226:3,taxi,2226,3,user,2,train,0
taxi:2226:4,taxi,2226,4,agent,0,train,0
taxi:2226:5,taxi,2226,5,user,0,train,0
taxi:2226:6,taxi,2226,6,agent,2,train,0
taxi:2226:7,taxi,2226,7,user,3,train,1
taxi:2226:8,taxi,2226,8,agent,2,train,1
taxi:2226:9,taxi,2226,9,user,3,train,1
taxi:2227:1,taxi,2227,1,user,2,train,0
taxi:2227:2,taxi,2227,2,agent,3,train,0
taxi:2227:3,taxi,2227,3,user,0,train,1
taxi:2227:4,taxi,2227,4,agent,0,train,1
taxi:2227:5,taxi,2227,5,user,0,train,0
taxi:2227:6,taxi,2227,6,agent,1,train,1
taxi:2227:7,taxi,2227,7,user,2,train,0
taxi:2227:8,taxi,2227,8,agent,2,train,0
taxi:2227:9,taxi,2227,9,user,3,train,1
taxi:2227:10,taxi,2227,10,agent,2,train,1
taxi:2227:11,taxi,2227,11,user,3,train,0
taxi:2228:1,taxi,2228,1,user,1,train,0
taxi:2228:2,taxi,2228,2,agent,0,train,1
taxi:2228:3,taxi,2228,3,user,0,train,0
taxi:2228:4,taxi,2228,4,agent,2,train,0
taxi:2228:5,taxi,2228,5,user,0,train,0
taxi:2228:6,taxi,2228,6,agent,2,train,0
taxi:2229:1,taxi,2229,1,user,3,train,1
taxi:2229:2,taxi,2229,2,agent,0,train,0
taxi:2229:3,taxi,2229,3,user,0,train,0
taxi:2229:4,taxi,2229,4,agent,3,train,1
taxi:2229:5,taxi,2229,5,user,3,train,1
taxi:2229:6,taxi,2229,6,agent,2,train,0
taxi:2229:7,taxi,2229,7,user,3,train,1
taxi:2230:1,taxi,2230,1,user,1,test,0
taxi:2230:2,taxi,2230,2,agent,0,test,0
taxi:2230:3,taxi,2230,3,user,0,test,1
taxi:2230:4,taxi,2230,4,agent,2,test,1
taxi:2230:5,taxi,2230,5,user,3,test,0
taxi:2230:6,taxi,2230,6,agent,2,test,1
taxi:2230:7,taxi,2230,7,user,3,test,1
taxi:2231:1,taxi,2231,1,user,3,train,0
taxi:2231:2,taxi,2231,2,agent,2,train,1
taxi:2231:3,taxi,2231,3,user,3,train,0
taxi:2232:1,taxi,2232,1,user,2,train,1
taxi:2232:2,taxi,2232,2,agent,1,train,0
taxi:2232:3,taxi,2232,3,user,0,train,0
taxi:2232:4,taxi,2232,4,agent,2,train,0
taxi:2232:5,taxi,2232,5,user,2,train,0
taxi:2232:6,taxi,2232,6,agent,2,train,0
taxi:2232:7,taxi,2232,7,user,3,train,0
taxi:2233:1,taxi,2233,1,user,3,train,1
taxi:2233:2,taxi,2233,2,agent,3,train,1
taxi:2233:3,taxi,2233,3,user,2,train,0
taxi:2233:4,taxi,2233,4,agent,3,train,1
taxi:2233:5,taxi,2233,5,user,2,train,0
taxi:2233:6,taxi,2233,6,agent,3,train,1
taxi:2233:7,taxi,2233,7,user,2,train,0
taxi:2233:8,taxi,2233,8,agent,0,train,0
taxi:2233:9,taxi,2233,9,user,2,train,0
taxi:2233:10,taxi,2233,10,agent,2,train,0
taxi:2233:11,taxi,2233,11,user,2,train,0
taxi:2233:12,taxi,2233,12,agent,2,train,0
taxi:2233:13,taxi,2233,13,user,3,train,1
taxi:2234:1,taxi,2234,1,user,2,train,0
taxi:2234:2,taxi,2234,2,agent,3,train,1
taxi:2234:3,taxi,2234,3,user,0,train,0
taxi:2234:4,taxi,2234,4,agent,0,train,0
taxi:2234:5,taxi,2234,5,user,0,train,0
taxi:2234:6,taxi,2234,6,agent,1,train,0
taxi:2234:7,taxi,2234,7,user,0,train,0
taxi:2234:8,taxi,2234,8,agent,3,train,1
taxi:2234:9,taxi,2234,9,user,2,train,0
taxi:2234:10,taxi,2234,10,agent,2,train,1
taxi:2234:11,taxi,2234,11,user,0,train,0
taxi:2234:12,taxi,2234,12,agent,2,train,0
taxi:2234:13,taxi,2234,13,user,3,train,0
taxi:2234:14,taxi,2234,14,agent,2,train,0
taxi:2234:15,taxi,2234,15,user,3,train,0
taxi:2235:1,taxi,2235,1,user,3,train,1
taxi:2235:2,taxi,2235,2,agent,3,train,0
taxi:2235:3,taxi,2235,3,user,0,train,1
taxi:2235:4,taxi,2235,4,agent,2,train,0
taxi:2235:5,taxi,2235,5,user,0,train,0
taxi:2235:6,taxi,2235,6,agent,1,train,0
taxi:2235:7,taxi,2235,7,user,0,train,1
taxi:2235:8,taxi,2235,8,agent,1,train,0
taxi:2235:9,taxi,2235,9,user,0,train,0
taxi:2235:10,taxi,2235,10,agent,2,train,0
taxi:2235:11,taxi,2235,11,user,3,train,1
taxi:2235:12,taxi,2235,12,agent,2,train,0
taxi:2235:13,taxi,2235,13,user,3,train,0
taxi:2236:1,taxi,2236,1,user,3,train,1
taxi:2236:2,taxi,2236,2,agent,2,train,1
taxi:2236:3,taxi,2236,3,user,2,train,0
taxi:2236:4,taxi,2236,4,agent,2,train,0
taxi:2237:1,taxi,2237,1,user,1,train,0
taxi:2237:2,taxi,2237,2,agent,3,train,0
taxi:2237:3,taxi,2237,3,user,0,train,0
taxi:2237:4,taxi,2237,4,agent,2,train,0
taxi:2237:5,taxi,2237,5,user,0,train,0
taxi:2237:6,taxi,2237,6,agent,2,train,0
taxi:2238:1,taxi,2238,1,user,3,train,1
taxi:2238:2,taxi,2238,2,agent,3,train,0
taxi:2238:3,taxi,2238,3,user,2,train,0
taxi:2238:4,taxi,2238,4,agent,1,train,0
taxi:2238:5,taxi,2238,5,user,0,train,1
taxi:2238:6,taxi,2238,6,agent,1,train,0
taxi:2238:7,taxi,2238,7,user,0,train,1
taxi:2238:8,taxi,2238,8,agent,2,train,1
taxi:2238:9,taxi,2238,9,user,0,train,1
taxi:2238:10,taxi,2238,10,agent,2,train,0
taxi:2239:1,taxi,2239,1,user,1,test,1
taxi:2239:2,taxi,2239,2,agent,2,test,0
taxi:2239:3,taxi,2239,3,user,0,test,0
taxi:2239:4,taxi,2239,4,agent,2,test,1
taxi:2239:5,taxi,2239,5,user,0,test,0
taxi:2239:6,taxi,2239,6,agent,1,test,0
taxi:2239:7,taxi,2239,7,user,2,test,1
taxi:2239:8,taxi,2239,8,agent,2,test,1
taxi:2239:9,taxi,2239,9,user,3,test,1
taxi:2240:1,taxi,2240,1,user,3,train,0
taxi:2240:2,taxi,2240,2,agent,3,train,0
taxi:2240:3,taxi,2240,3,user,3,train,1
taxi:2240:4,taxi,2240,4,agent,2,train,0
taxi:2240:5,taxi,2240,5,user,2,train,0
taxi:2240:6,taxi,2240,6,agent,2,train,0
taxi:2240:7,taxi,2240,7,user,3,train,1
taxi:2241:1,taxi,2241,1,user,1,test,0
taxi:2241:2,taxi,2241,2,agent,3,test,1
taxi:2241:3,taxi,2241,3,user,0,test,0
taxi:2241:4,taxi,2241,4,agent,1,test,0
taxi:2241:5,taxi,2241,5,user,0,test,0
taxi:2241:6,taxi,2241,6,agent,2,test,0
taxi:2241:7,taxi,2241,7,user,0,test,0
taxi:2241:8,taxi,2241,8,agent,2,test,0
taxi:2242:1,taxi,2242,1,user,1,train,0
taxi:2242:2,taxi,2242,2,agent,0,train,1
taxi:2242:3,taxi,2242,3,user,3,train,1
taxi:2242:4,taxi,2242,4,agent,2,train,0
taxi:2242:5,taxi,2242,5,user,2,train,1
taxi:2242:6,taxi,2242,6,agent,3,train,1
taxi:2242:7,taxi,2242,7,user,3,train,0
taxi:2242:8,taxi,2242,8,agent,2,train,0
taxi:2242:9,taxi,2242,9,user,3,train,0
taxi:2243:1,taxi,2243,1,user,3,train,1
taxi:2243:2,taxi,2243,2,agent,3,train,1
taxi:2243:3,taxi,2243,3,user,2,train,0
taxi:2243:4,taxi,2243,4,agent,0,train,0
taxi:2243:5,taxi,2243,5,user,2,train,0
taxi:2243:6,taxi,2243,6,agent,0,train,0
taxi:2243:7,taxi,2243,7,user,0,train,0
taxi:2243:8,taxi,2243,8,agent,2,train,0
taxi:2243:9,taxi,2243,9,user,2,train,0
taxi:2243:10,taxi,2243,10,agent,1,train,1
taxi:2243:11,taxi,2243,11,user,2,train,0
taxi:2243:12,taxi,2243,12,agent,2,train,0
taxi:2243:13,taxi,2243,13,user,3,train,1
taxi:2244:1,taxi,2244,1,user,2,train,0
taxi:2244:2,taxi,2244,2,agent,2,train,0
taxi:2244:3,taxi,2244,3,user,2,train,0
taxi:2244:4,taxi,2244,4,agent,2,train,0
taxi:2244:5,taxi,2244,5,user,3,train,1
taxi:2244:6,taxi,2244,6,agent,2,train,0
taxi:2244:7,taxi,2244,7,user,3,train,1
taxi:2245:1,taxi,2245,1,user,3,train,0
taxi:2245:2,taxi,2245,2,agent,2,train,0
taxi:2245:3,taxi,2245,3,user,2,train,0
taxi:2245:4,taxi,2245,4,agent,2,train,0
taxi:2245:5,taxi,2245,5,user,0,train,0
taxi:2245:6,taxi,2245,6,agent,2,train,1
taxi:2246:1,taxi,2246,1,user,2,train,0
taxi:2246:2,taxi,2246,2,agent,3,train,1
taxi:2246:3,taxi,2246,3,user,0,train,0
taxi:2246:4,taxi,2246,4,agent,0,train,1
taxi:2246:5,taxi,2246,5,user,0,train,0
taxi:2246:6,taxi,2246,6,agent,3,train,1
taxi:2246:7,taxi,2246,7,user,0,train,0
taxi:2246:8,taxi,2246,8,agent,1,train,0
taxi:2246:9,taxi,2246,9,user,0,train,1
taxi:2246:10,taxi,2246,10,agent,1,train,0
taxi:2246:11,taxi,2246,11,user,0,train,0
taxi:2246:12,taxi,2246,12,agent,2,train,0
taxi:2246:13,taxi,2246,13,user,3,train,0
taxi:2246:14,taxi,2246,14,agent,2,train,0
taxi:2246:15,taxi,2246,15,user,3,train,1
taxi:2247:1,taxi,2247,1,user,1,train,0
taxi:2247:2,taxi,2247,2,agent,0,train,0
taxi:2247:3,taxi,2247,3,user,0,train,0
taxi:2247:4,taxi,2247,4,agent,1,train,0
taxi:2247:5,taxi,2247,5,user,2,train,0
taxi:2247:6,taxi,2247,6,agent,2,train,0
taxi:2247:7,taxi,2247,7,user,3,train,1
taxi:2247:8,taxi,2247,8,agent,2,train,0
taxi:2248:1,taxi,2248,1,user,3,train,1
taxi:2248:2,taxi,2248,2,agent,3,train,0
taxi:2248:3,taxi,2248,3,user,3,train,1
taxi:2248:4,taxi,2248,4,agent,0,train,0
taxi:2248:5,taxi,2248,5,user,0,train,1
taxi:2248:6,taxi,2248,6,agent,0,train,1
taxi:2248:7,taxi,2248,7,user,0,train,0
taxi:2248:8,taxi,2248,8,agent,1,train,0
taxi:2248:9,taxi,2248,9,user,0,train,1
taxi:2248:10,taxi,2248,10,agent,2,train,0
taxi:2248:11,taxi,2248,11,user,3,train,1
taxi:2248:12,taxi,2248,12,agent,2,train,0
taxi:2248:13,taxi,2248,13,user,3,train,0
taxi:2248:14,taxi,2248,14,agent,2,train,0
taxi:2248:15,taxi,2248,15,user,3,train,0
taxi:2249:1,taxi,2249,1,user,2,test,1
taxi:2249:2,taxi,2249,2,agent,3,test,0
taxi:2249:3,taxi,2249,3,user,3,test,1
taxi:2249:4,taxi,2249,4,agent,3,test,1
taxi:2249:5,taxi,2249,5,user,0,test,0
taxi:2249:6,taxi,2249,6,agent,2,test,0
taxi:2249:7,taxi,2249,7,user,3,test,1
taxi:2249:8,taxi,2249,8,agent,2,test,0
taxi:2249:9,taxi,2249,9,user,3,test,0
taxi:2250:1,taxi,2250,1,user,1,test,0
taxi:2250:2,taxi,2250,2,agent,3,test,1
taxi:2250:3,taxi,2250,3,user,0,test,0
taxi:2250:4,taxi,2250,4,agent,2,test,0
taxi:2250:5,taxi,2250,5,user,0,test,0
taxi:2250:6,taxi,2250,6,agent,2,test,0
taxi:2250:7,taxi,2250,7,user,0,test,0
taxi:2250:8,taxi,2250,8,agent,3,test,1
taxi:2250:9,taxi,2250,9,user,0,test,0
taxi:2250:10,taxi,2250,10,agent,1,test,0
taxi:2250:11,taxi,2250,11,user,0,test,0
taxi:2250:12,taxi,2250,12,agent,1,test,0
taxi:2250:13,taxi,2250,13,user,0,test,0
taxi:2250:14,taxi,2250,14,agent,3,test,1
taxi:2250:15,taxi,2250,15,user,3,test,1
taxi:2250:16,taxi,2250,16,agent,2,test,1
taxi:2250:17,taxi,2250,17,user,3,test,1
taxi:2250:18,taxi,2250,18,agent,2,test,1
taxi:2250:19,taxi,2250,19,user,3,test,1
taxi:2251:1,taxi,2251,1,user,1,train,0
taxi:2251:2,taxi,2251,2,agent,3,train,1
taxi:2251:3,taxi,2251,3,user,0,train,0
taxi:2251:4,taxi,2251,4,agent,1,train,0
taxi:2251:5,taxi,2251,5,user,0,train,0
taxi:2251:6,taxi,2251,6,agent,2,train,0
taxi:2251:7,taxi,2251,7,user,3,train,1
taxi:2251:8,taxi,2251,8,agent,2,train,0
taxi:2251:9,taxi,2251,9,user,3,train,0
taxi:2252:1,taxi,2252,1,user,3,validation,1
taxi:2252:2,taxi,2252,2,agent,3,validation,1
taxi:2252:3,taxi,2252,3,user,0,validation,0
taxi:2252:4,taxi,2252,4,agent,3,validation,1
taxi:2252:5,taxi,2252,5,user,2,validation,0
taxi:2252:6,taxi,2252,6,agent,1,validation,0
taxi:2252:7,taxi,2252,7,user,2,validation,1
taxi:2252:8,taxi,2252,8,agent,2,validation,1
taxi:2252:9,taxi,2252,9,user,3,validation,0
taxi:2252:10,taxi,2252,10,agent,3,validation,1
taxi:2252:11,taxi,2252,11,user,3,validation,0
taxi:2253:1,taxi,2253,1,user,1,train,0
taxi:2253:2,taxi,2253,2,agent,2,train,0
taxi:2253:3,taxi,2253,3,user,3,train,1
taxi:2253:4,taxi,2253,4,agent,2,train,0
taxi:2253:5,taxi,2253,5,user,0,train,0
taxi:2253:6,taxi,2253,6,agent,2,train,0
taxi:2254:1,taxi,2254,1,user,3,train,1
taxi:2254:2,taxi,2254,2,agent,3,train,0
taxi:2254:3,taxi,2254,3,user,3,train,1
taxi:2254:4,taxi,2254,4,agent,2,train,0
taxi:2255:1,taxi,2255,1,user,2,train,0
taxi:2255:2,taxi,2255,2,agent,3,train,1
taxi:2255:3,taxi,2255,3,user,0,train,1
taxi:2255:4,taxi,2255,4,agent,1,train,0
taxi:2255:5,taxi,2255,5,user,0,train,0
taxi:2255:6,taxi,2255,6,agent,2,train,0
taxi:2255:7,taxi,2255,7,user,0,train,0
taxi:2255:8,taxi,2255,8,agent,2,train,1
taxi:2256:1,taxi,2256,1,user,3,train,1
taxi:2256:2,taxi,2256,2,agent,3,train,0
taxi:2256:3,taxi,2256,3,user,2,train,1
taxi:2257:1,taxi,2257,1,user,2,train,0
taxi:2257:2,taxi,2257,2,agent,3,train,1
taxi:2257:3,taxi,2257,3,user,0,train,0
taxi:2257:4,taxi,2257,4,agent,2,train,0
taxi:2257:5,taxi,2257,5,user,3,train,1
taxi:2257:6,taxi,2257,6,agent,2,train,0
taxi:2257:7,taxi,2257,7,user,3,train,1
taxi:2258:1,taxi,2258,1,user,3,train,0
taxi:2258:2,taxi,2258,2,agent,3,train,1
taxi:2258:3,taxi,2258,3,user,2,train,0
taxi:2258:4,taxi,2258,4,agent,1,train,0
taxi:2258:5,taxi,2258,5,user,0,train,0
taxi:2258:6,taxi,2258,6,agent,2,train,1
taxi:2258:7,taxi,2258,7,user,2,train,0
taxi:2258:8,taxi,2258,8,agent,2,train,0
taxi:2258:9,taxi,2258,9,user,3,train,1
taxi:2259:1,taxi,2259,1,user,3,train,1
taxi:2259:2,taxi,2259,2,agent,2,train,0
taxi:2259:3,taxi,2259,3,user,0,train,0
taxi:2259:4,taxi,2259,4,agent,1,train,0
taxi:2259:5,taxi,2259,5,user,0,train,0
taxi:2259:6,taxi,2259,6,agent,2,train,0
taxi:2259:7,taxi,2259,7,user,2,train,0
taxi:2259:8,taxi,2259,8,agent,2,train,0
taxi:2259:9,taxi,2259,9,user,3,train,0
taxi:2260:1,taxi,2260,1,user,0,train,0
taxi:2260:2,taxi,2260,2,agent,3,train,1
taxi:2260:3,taxi,2260,3,user,0,train,0
taxi:2260:4,taxi,2260,4,agent,2,train,0
taxi:2260:5,taxi,2260,5,user,2,train,0
taxi:2260:6,taxi,2260,6,user,2,train,0
taxi:2260:7,taxi,2260,7,agent,0,train,0
taxi:2260:8,taxi,2260,8,user,0,train,0
taxi:2260:9,taxi,2260,9,agent,0,train,1
taxi:2260:10,taxi,2260,10,user,0,train,0
taxi:2260:11,taxi,2260,11,agent,0,train,1
taxi:2260:12,taxi,2260,12,user,0,train,1
taxi:2260:13,taxi,2260,13,agent,3,train,1
taxi:2260:14,taxi,2260,14,user,2,train,0
taxi:2260:15,taxi,2260,15,agent,2,train,0
taxi:2260:16,taxi,2260,16,user,0,train,0
taxi:2260:17,taxi,2260,17,agent,2,train,0
taxi:2261:1,taxi,2261,1,user,1,test,0
taxi:2261:2,taxi,2261,2,agent,3,test,1
taxi:2261:3,taxi,2261,3,user,0,test,0
taxi:2261:4,taxi,2261,4,agent,1,test,0
taxi:2261:5,taxi,2261,5,user,0,test,0
taxi:2261:6,taxi,2261,6,agent,2,test,0
taxi:2261:7,taxi,2261,7,user,0,test,0
taxi:2261:8,taxi,2261,8,agent,2,test,0
taxi:2262:1,taxi,2262,1,user,2,train,0
taxi:2262:2,taxi,2262,2,agent,3,train,1
taxi:2262:3,taxi,2262,3,user,2,train,1
taxi:2262:4,taxi,2262,4,agent,2,train,0
taxi:2263:1,taxi,2263,1,user,1,train,0
taxi:2263:2,taxi,2263,2,agent,3,train,1
taxi:2263:3,taxi,2263,3,user,0,train,0
taxi:2263:4,taxi,2263,4,agent,2,train,0
taxi:2263:5,taxi,2263,5,user,3,train,1
taxi:2263:6,taxi,2263,6,agent,2,train,0
taxi:2263:7,taxi,2263,7,user,3,train,1
taxi:2264:1,taxi,2264,1,user,1,test,0
taxi:2264:2,taxi,2264,2,agent,0,test,0
taxi:2264:3,taxi,2264,3,user,0,test,0
taxi:2264:4,taxi,2264,4,agent,1,test,0
taxi:2264:5,taxi,2264,5,user,0,test,1
taxi:2264:6,taxi,2264,6,agent,2,test,0
taxi:2264:7,taxi,2264,7,user,0,test,0
taxi:2264:8,taxi,2264,8,agent,1,test,0
taxi:2264:9,taxi,2264,9,user,2,test,0
taxi:2264:10,taxi,2264,10,agent,2,test,0
taxi:2265:1,taxi,2265,1,user,2,train,1
taxi:2265:2,taxi,2265,2,agent,2,train,1
taxi:2265:3,taxi,2265,3,user,2,train,0
taxi:2265:4,taxi,2265,4,agent,2,train,0
taxi:2266:1,taxi,2266,1,user,3,test,0
taxi:2266:2,taxi,2266,2,agent,1,test,0
taxi:2266:3,taxi,2266,3,user,3,test,1
taxi:2266:4,taxi,2266,4,agent,2,test,0
taxi:2266:5,taxi,2266,5,user,3,test,1
taxi:2266:6,taxi,2266,6,agent,2,test,0
taxi:2266:7,taxi,2266,7,user,3,test,1
taxi:2267:1,taxi,2267,1,user,1,train,0
taxi:2267:2,taxi,2267,2,agent,3,train,1
taxi:2267:3,taxi,2267,3,user,3,train,1
taxi:2267:4,taxi,2267,4,agent,2,train,0
taxi:2268:1,taxi,2268,1,user,3,train,1
taxi:2268:2,taxi,2268,2,agent,0,train,0
taxi:2268:3,taxi,2268,3,user,0,train,0
taxi:2268:4,taxi,2268,4,agent,0,train,0
taxi:2268:5,taxi,2268,5,user,0,train,0
taxi:2268:6,taxi,2268,6,agent,2,train,1
taxi:2268:7,taxi,2268,7,user,3,train,1
taxi:2268:8,taxi,2268,8,agent,2,train,0
taxi:2268:9,taxi,2268,9,user,0,train,0
taxi:2269:1,taxi,2269,1,user,3,train,0
taxi:2269:2,taxi,2269,2,agent,1,train,1
taxi:2269:3,taxi,2269,3,user,2,train,0
taxi:2269:4,taxi,2269,4,agent,1,train,0
taxi:2269:5,taxi,2269,5,user,0,train,0
taxi:2269:6,taxi,2269,6,agent,2,train,1
taxi:2269:7,taxi,2269,7,user,3,train,1
taxi:2269:8,taxi,2269,8,agent,2,train,1
taxi:2269:9,taxi,2269,9,user,3,train,0
taxi:2270:1,taxi,2270,1,user,0,train,0
taxi:2270:2,taxi,2270,2,agent,3,train,1
taxi:2270:3,taxi,2270,3,user,0,train,0
taxi:2270:4,taxi,2270,4,agent,0,train,0
taxi:2270:5,taxi,2270,5,user,0,train,0
taxi:2270:6,taxi,2270,6,agent,1,train,0
taxi:2270:7,taxi,2270,7,user,0,train,0
taxi:2270:8,taxi,2270,8,agent,2,train,0
taxi:2270:9,taxi,2270,9,user,3,train,1
taxi:2270:10,taxi,2270,10,agent,2,train,0
taxi:2270:11,taxi,2270,11,user,3,train,0
taxi:2271:1,taxi,2271,1,user,3,train,1
taxi:2271:2,taxi,2271,2,agent,3,train,1
taxi:2271:3,taxi,2271,3,user,0,train,1
taxi:2271:4,taxi,2271,4,agent,2,train,1
taxi:2271:5,taxi,2271,5,user,0,train,0
taxi:2271:6,taxi,2271,6,agent,2,train,0
taxi:2271:7,taxi,2271,7,user,3,train,1
taxi:2271:8,taxi,2271,8,user,0,train,0
taxi:2272:1,taxi,2272,1,user,3,train,1
taxi:2272:2,taxi,2272,2,agent,2,train,0
taxi:2272:3,taxi,2272,3,user,3,train,0
taxi:2272:4,taxi,2272,4,agent,2,train,0
taxi:2272:5,taxi,2272,5,user,3,train,0
taxi:2272:6,taxi,2272,6,agent,2,train,0
taxi:2272:7,taxi,2272,7,user,3,train,0
taxi:2273:1,taxi,2273,1,user,0,train,0
taxi:2273:2,taxi,2273,2,agent,3,train,1
taxi:2273:3,taxi,2273,3,user,3,train,1
taxi:2273:4,taxi,2273,4,agent,0,train,0
taxi:2273:5,taxi,2273,5,user,0,train,0
taxi:2273:6,taxi,2273,6,agent,0,train,0
taxi:2273:7,taxi,2273,7,user,0,train,0
taxi:2273:8,taxi,2273,8,agent,3,train,1
taxi:2273:9,taxi,2273,9,user,0,train,0
taxi:2273:10,taxi,2273,10,agent,1,train,0
taxi:2273:11,taxi,2273,11,user,2,train,1
taxi:2273:12,taxi,2273,12,agent,1,train,0
taxi:2273:13,taxi,2273,13,user,0,train,1
taxi:2273:14,taxi,2273,14,agent,2,train,0
taxi:2273:15,taxi,2273,15,user,3,train,1
taxi:2273:16,taxi,2273,16,agent,2,train,0
taxi:2273:17,taxi,2273,17,user,3,train,0
taxi:2274:1,taxi,2274,1,user,2,train,1
taxi:2274:2,taxi,2274,2,agent,3,train,1
taxi:2274:3,taxi,2274,3,user,0,train,0
taxi:2274:4,taxi,2274,4,agent,1,train,0
taxi:2274:5,taxi,2274,5,user,0,train,1
taxi:2274:6,taxi,2274,6,agent,2,train,0
taxi:2274:7,taxi,2274,7,user,3,train,0
taxi:2274:8,taxi,2274,8,agent,2,train,0
taxi:2275:1,taxi,2275,1,user,3,train,1
taxi:2275:2,taxi,2275,2,agent,1,train,0
taxi:2275:3,taxi,2275,3,user,0,train,0
taxi:2275:4,taxi,2275,4,agent,0,train,0
taxi:2275:5,taxi,2275,5,user,0,train,1
taxi:2275:6,taxi,2275,6,agent,2,train,1
taxi:2275:7,taxi,2275,7,user,2,train,0
taxi:2275:8,taxi,2275,8,agent,2,train,0
taxi:2275:9,taxi,2275,9,user,3,train,0
taxi:2276:1,taxi,2276,1,user,2,train,0
taxi:2276:2,taxi,2276,2,agent,3,train,1
taxi:2276:3,taxi,2276,3,user,0,train,0
taxi:2276:4,taxi,2276,4,agent,1,train,0
taxi:2276:5,taxi,2276,5,user,0,train,0
taxi:2276:6,taxi,2276,6,agent,1,train,0
taxi:2276:7,taxi,2276,7,user,0,train,0
taxi:2276:8,taxi,2276,8,agent,2,train,0
taxi:2276:9,taxi,2276,9,user,3,train,1
taxi:2276:10,taxi,2276,10,agent,2,train,0
taxi:2276:11,taxi,2276,11,user,3,train,1
taxi:2277:1,taxi,2277,1,user,0,train,0
taxi:2277:2,taxi,2277,2,agent,0,train,1
taxi:2277:3,taxi,2277,3,user,2,train,0
taxi:2277:4,taxi,2277,4,agent,0,train,1
taxi:2277:5,taxi,2277,5,user,0,train,0
taxi:2277:6,taxi,2277,6,agent,2,train,0
taxi:2277:7,taxi,2277,7,user,0,train,1
taxi:2277:8,taxi,2277,8,agent,2,train,1
taxi:2277:9,taxi,2277,9,user,3,train,1
taxi:2278:1,taxi,2278,1,user,0,train,0
taxi:2278:2,taxi,2278,2,agent,3,train,1
taxi:2278:3,taxi,2278,3,user,0,train,0
taxi:2278:4,taxi,2278,4,agent,1,train,0
taxi:2278:5,taxi,2278,5,user,2,train,1
taxi:2278:6,taxi,2278,6,agent,1,train,0
taxi:2278:7,taxi,2278,7,user,0,train,0
taxi:2278:8,taxi,2278,8,agent,2,train,0
taxi:2278:9,taxi,2278,9,user,3,train,0
taxi:2278:10,taxi,2278,10,agent,2,train,0
taxi:2279:1,taxi,2279,1,user,2,validation,0
taxi:2279:2,taxi,2279,2,agent,2,validation,0
taxi:2279:3,taxi,2279,3,user,3,validation,1
taxi:2279:4,taxi,2279,4,agent,2,validation,0
taxi:2279:5,taxi,2279,5,user,3,validation,1
taxi:2280:1,taxi,2280,1,user,3,test,1
taxi:2280:2,taxi,2280,2,agent,2,test,0
taxi:2280:3,taxi,2280,3,user,3,test,1
taxi:2280:4,taxi,2280,4,agent,2,test,0
taxi:2280:5,taxi,2280,5,user,3,test,1
taxi:2281:1,taxi,2281,1,user,2,test,0
taxi:2281:2,taxi,2281,2,agent,3,test,1
taxi:2281:3,taxi,2281,3,user,0,test,0
taxi:2281:4,taxi,2281,4,agent,1,test,0
taxi:2281:5,taxi,2281,5,user,0,test,0
taxi:2281:6,taxi,2281,6,agent,2,test,0
taxi:2281:7,taxi,2281,7,user,0,test,0
taxi:2281:8,taxi,2281,8,agent,2,test,1
taxi:2281:9,taxi,2281,9,user,3,test,1
taxi:2282:1,taxi,2282,1,user,0,train,0
taxi:2282:2,taxi,2282,2,agent,0,train,0
taxi:2282:3,taxi,2282,3,user,0,train,0
taxi:2282:4,taxi,2282,4,agent,2,train,1
taxi:2282:5,taxi,2282,5,user,0,train,0
taxi:2282:6,taxi,2282,6,agent,2,train,1
taxi:2283:1,taxi,2283,1,user,1,test,0
taxi:2283:2,taxi,2283,2,agent,3,test,1
taxi:2283:3,taxi,2283,3,user,3,test,1
taxi:2283:4,taxi,2283,4,agent,2,test,1
taxi:2284:1,taxi,2284,1,user,3,train,0
taxi:2284:2,taxi,2284,2,agent,3,train,1
taxi:2284:3,taxi,2284,3,user,0,train,0
taxi:2284:4,taxi,2284,4,agent,1,train,0
taxi:2284:5,taxi,2284,5,user,3,train,1
taxi:2284:6,taxi,2284,6,agent,2,train,0
taxi:2284:7,taxi,2284,7,user,0,train,0
taxi:2284:8,taxi,2284,8,agent,2,train,0
taxi:2284:9,taxi,2284,9,user,3,train,1
taxi:2284:10,taxi,2284,10,agent,2,train,0
taxi:2285:1,taxi,2285,1,user,2,test,1
taxi:2285:2,taxi,2285,2,agent,2,test,0
taxi:2285:3,taxi,2285,3,user,3,test,1
taxi:2285:4,taxi,2285,4,agent,2,test,1
taxi:2286:1,taxi,2286,1,user,1,train,0
taxi:2286:2,taxi,2286,2,agent,3,train,1
taxi:2286:3,taxi,2286,3,user,0,train,1
taxi:2286:4,taxi,2286,4,agent,1,train,0
taxi:2286:5,taxi,2286,5,user,0,train,0
taxi:2286:6,taxi,2286,6,agent,2,train,0
taxi:2286:7,taxi,2286,7,user,2,train,1
taxi:2286:8,taxi,2286,8,agent,2,train,0
taxi:2286:9,taxi,2286,9,user,3,train,1
taxi:2287:1,taxi,2287,1,user,2,train,0
taxi:2287:2,taxi,2287,2,agent,3,train,1
taxi:2287:3,taxi,2287,3,user,2,train,0
taxi:2287:4,taxi,2287,4,agent,1,train,0
taxi:2287:5,taxi,2287,5,user,0,train,1
taxi:2287:6,taxi,2287,6,agent,2,train,0
taxi:2287:7,taxi,2287,7,user,3,train,1
taxi:2287:8,taxi,2287,8,agent,2,train,0
taxi:2287:9,taxi,2287,9,user,3,train,1
taxi:2288:1,taxi,2288,1,user,1,validation,1
taxi:2288:2,taxi,2288,2,agent,3,validation,0
taxi:2288:3,taxi,2288,3,user,0,validation,0
taxi:2288:4,taxi,2288,4,agent,1,validation,0
taxi:2288:5,taxi,2288,5,user,0,validation,0
taxi:2288:6,taxi,2288,6,agent,1,validation,1
taxi:2288:7,taxi,2288,7,user,0,validation,1
taxi:2288:8,taxi,2288,8,agent,2,validation,0
taxi:2288:9,taxi,2288,9,user,2,validation,0
taxi:2288:10,taxi,2288,10,agent,2,validation,0
taxi:2289:1,taxi,2289,1,user,1,train,0
taxi:2289:2,taxi,2289,2,agent,0,train,0
taxi:2289:3,taxi,2289,3,user,0,train,0
taxi:2289:4,taxi,2289,4,agent,2,train,1
taxi:2289:5,taxi,2289,5,user,0,train,0
taxi:2289:6,taxi,2289,6,agent,2,train,0
taxi:2290:1,taxi,2290,1,user,1,train,1
taxi:2290:2,taxi,2290,2,agent,0,train,0
taxi:2290:3,taxi,2290,3,user,3,train,1
taxi:2290:4,taxi,2290,4,agent,2,train,1
taxi:2290:5,taxi,2290,5,user,2,train,0
taxi:2290:6,taxi,2290,6,agent,2,train,0
taxi:2290:7,taxi,2290,7,user,3,train,1
taxi:2291:1,taxi,2291,1,user,1,train,0
taxi:2291:2,taxi,2291,2,agent,3,train,1
taxi:2291:3,taxi,2291,3,user,2,train,1
taxi:2291:4,taxi,2291,4,agent,1,train,0
taxi:2291:5,taxi,2291,5,user,0,train,0
taxi:2291:6,taxi,2291,6,agent,2,train,0
taxi:2291:7,taxi,2291,7,user,2,train,0
taxi:2291:8,taxi,2291,8,agent,2,train,0
taxi:2292:1,taxi,2292,1,user,2,train,0
taxi:2292:2,taxi,2292,2,agent,3,train,1
taxi:2292:3,taxi,2292,3,user,3,train,1
taxi:2292:4,taxi,2292,4,agent,1,train,0
taxi:2292:5,taxi,2292,5,user,0,train,0
taxi:2292:6,taxi,2292,6,agent,2,train,0
taxi:2292:7,taxi,2292,7,user,3,train,1
taxi:2292:8,taxi,2292,8,agent,2,train,1
taxi:2292:9,taxi,2292,9,user,3,train,0
taxi:2293:1,taxi,2293,1,user,1,train,0
taxi:2293:2,taxi,2293,2,agent,3,train,1
taxi:2293:3,taxi,2293,3,user,0,train,0
taxi:2293:4,taxi,2293,4,agent,1,train,0
taxi:2293:5,taxi,2293,5,user,0,train,0
taxi:2293:6,taxi,2293,6,agent,2,train,0
taxi:2293:7,taxi,2293,7,user,0,train,0
taxi:2293:8,taxi,2293,8,agent,2,train,0
taxi:2294:1,taxi,2294,1,user,3,train,1
taxi:2294:2,taxi,2294,2,agent,1,train,0
taxi:2294:3,taxi,2294,3,user,3,train,1
taxi:2294:4,taxi,2294,4,agent,3,train,1
taxi:2294:5,taxi,2294,5,user,3,train,1
taxi:2294:6,taxi,2294,6,agent,2,train,1
taxi:2294:7,taxi,2294,7,user,3,train,1
taxi:2295:1,taxi,2295,1,user,3,train,0
taxi:2295:2,taxi,2295,2,agent,3,train,1
taxi:2295:3,taxi,2295,3,user,2,train,1
taxi:2295:4,taxi,2295,4,agent,1,train,0
taxi:2295:5,taxi,2295,5,user,0,train,0
taxi:2295:6,taxi,2295,6,agent,2,train,0
taxi:2295:7,taxi,2295,7,user,3,train,1
taxi:2295:8,taxi,2295,8,agent,2,train,0
taxi:2296:1,taxi,2296,1,user,3,validation,0
taxi:2296:2,taxi,2296,2,agent,0,validation,1
taxi:2296:3,taxi,2296,3,user,0,validation,0
taxi:2296:4,taxi,2296,4,agent,2,validation,0
taxi:2296:5,taxi,2296,5,user,0,validation,0
taxi:2296:6,taxi,2296,6,agent,2,validation,0
taxi:2296:7,taxi,2296,7,user,3,validation,0
taxi:2296:8,taxi,2296,8,agent,2,validation,1
taxi:2296:9,taxi,2296,9,user,3,validation,1
taxi:2297:1,taxi,2297,1,user,2,train,0
taxi:2297:2,taxi,2297,2,agent,3,train,1
taxi:2297:3,taxi,2297,3,user,3,train,0
taxi:2297:4,taxi,2297,4,agent,3,train,1
taxi:2297:5,taxi,2297,5,user,3,train,0
taxi:2298:1,taxi,2298,1,user,1,validation,0
taxi:2298:2,taxi,2298,2,agent,3,validation,1
taxi:2298:3,taxi,2298,3,user,0,validation,1
taxi:2298:4,taxi,2298,4,agent,1,validation,0
taxi:2298:5,taxi,2298,5,user,2,validation,0
taxi:2298:6,taxi,2298,6,agent,1,validation,0
taxi:2298:7,taxi,2298,7,user,0,validation,0
taxi:2298:8,taxi,2298,8,agent,2,validation,0
taxi:2298:9,taxi,2298,9,user,3,validation,1
taxi:2298:10,taxi,2298,10,agent,2,validation,0
taxi:2298:11,taxi,2298,11,user,3,validation,0
taxi:2299:1,taxi,2299,1,user,3,train,1
taxi:2299:2,taxi,2299,2,agent,3,train,1
taxi:2299:3,taxi,2299,3,user,3,train,0
taxi:2299:4,taxi,2299,4,user,1,train,0
taxi:2299:5,taxi,2299,5,agent,2,train,1
taxi:2299:6,taxi,2299,6,user,3,train,1
taxi:2299:7,taxi,2299,7,agent,2,train,0
taxi:2299:8,taxi,2299,8,user,2,train,0
taxi:2299:9,taxi,2299,9,agent,1,train,1
taxi:2299:10,taxi,2299,10,user,0,train,0
taxi:2299:11,taxi,2299,11,agent,2,train,0
taxi:2299:12,taxi,2299,12,user,3,train,1
taxi:2299:13,taxi,2299,13,agent,3,train,1
taxi:2299:14,taxi,2299,14,user,3,train,1
taxi:2299:15,taxi,2299,15,agent,3,train,0
taxi:2299:16,taxi,2299,16,user,3,train,1
taxi:2300:1,taxi,2300,1,user,3,train,0
taxi:2300:2,taxi,2300,2,agent,3,train,0
taxi:2300:3,taxi,2300,3,user,0,train,1
taxi:2300:4,taxi,2300,4,agent,2,train,0
taxi:2300:5,taxi,2300,5,user,2,train,0
taxi:2300:6,taxi,2300,6,agent,2,train,0
taxi:2300:7,taxi,2300,7,user,0,train,0
taxi:2300:8,taxi,2300,8,agent,2,train,0
taxi:2301:1,taxi,2301,1,user,3,train,1
taxi:2301:2,taxi,2301,2,agent,3,train,1
taxi:2301:3,taxi,2301,3,user,2,train,1
taxi:2301:4,taxi,2301,4,agent,1,train,0
taxi:2301:5,taxi,2301,5,user,0,train,1
taxi:2301:6,taxi,2301,6,agent,2,train,0
taxi:2301:7,taxi,2301,7,user,3,train,1
taxi:2301:8,taxi,2301,8,agent,2,train,1
taxi:2302:1,taxi,2302,1,user,3,train,1
taxi:2302:2,taxi,2302,2,agent,0,train,0
taxi:2302:3,taxi,2302,3,user,0,train,1
taxi:2302:4,taxi,2302,4,agent,2,train,0
taxi:2302:5,taxi,2302,5,user,3,train,1
taxi:2302:6,taxi,2302,6,agent,2,train,0
taxi:2302:7,taxi,2302,7,user,2,train,0
taxi:2303:1,taxi,2303,1,user,2,train,0
taxi:2303:2,taxi,2303,2,agent,3,train,1
taxi:2303:3,taxi,2303,3,user,3,train,1
taxi:2303:4,taxi,2303,4,agent,1,train,0
taxi:2303:5,taxi,2303,5,user,0,train,1
taxi:2303:6,taxi,2303,6,agent,2,train,1
taxi:2303:7,taxi,2303,7,user,2,train,0
taxi:2303:8,taxi,2303,8,agent,2,train,1
taxi:2303:9,taxi,2303,9,user,3,train,1
taxi:2304:1,taxi,2304,1,user,3,test,0
taxi:2304:2,taxi,2304,2,agent,3,test,1
taxi:2304:3,taxi,2304,3,user,3,test,1
taxi:2304:4,taxi,2304,4,agent,2,test,0
taxi:2304:5,taxi,2304,5,user,2,test,1
taxi:2304:6,taxi,2304,6,agent,2,test,0
taxi:2304:7,taxi,2304,7,user,3,test,0
taxi:2304:8,taxi,2304,8,agent,2,test,0
taxi:2305:1,taxi,2305,1,user,2,test,1
taxi:2305:2,taxi,2305,2,agent,0,test,0
taxi:2305:3,taxi,2305,3,user,0,test,0
taxi:2305:4,taxi,2305,4,agent,1,test,0
taxi:2305:5,taxi,2305,5,user,2,test,1
taxi:2305:6,taxi,2305,6,agent,2,test,0
taxi:2305:7,taxi,2305,7,user,3,test,1
taxi:2305:8,taxi,2305,8,agent,2,test,0
taxi:2305:9,taxi,2305,9,user,3,test,1
taxi:2306:1,taxi,2306,1,user,1,test,0
taxi:2306:2,taxi,2306,2,agent,0,test,0
taxi:2306:3,taxi,2306,3,user,2,test,0
taxi:2306:4,taxi,2306,4,agent,1,test,0
taxi:2306:5,taxi,2306,5,user,0,test,0
taxi:2306:6,taxi,2306,6,agent,2,test,0
taxi:2306:7,taxi,2306,7,user,0,test,0
taxi:2306:8,taxi,2306,8,agent,2,test,1
taxi:2307:1,taxi,2307,1,user,3,train,1
taxi:2307:2,taxi,2307,2,agent,3,train,1
taxi:2307:3,taxi,2307,3,user,2,train,0
taxi:2307:4,taxi,2307,4,agent,1,train,0
taxi:2307:5,taxi,2307,5,user,0,train,0
taxi:2307:6,taxi,2307,6,agent,2,train,0
taxi:2307:7,taxi,2307,7,user,3,train,1
taxi:2307:8,taxi,2307,8,agent,2,train,0
taxi:2308:1,taxi,2308,1,user,1,train,1
taxi:2308:2,taxi,2308,2,agent,0,train,0
taxi:2308:3,taxi,2308,3,user,0,train,0
taxi:2308:4,taxi,2308,4,agent,2,train,0
taxi:2308:5,taxi,2308,5,user,3,train,1
taxi:2308:6,taxi,2308,6,agent,2,train,0
taxi:2308:7,taxi,2308,7,user,3,train,0
taxi:2309:1,taxi,2309,1,user,3,test,0
taxi:2309:2,taxi,2309,2,agent,3,test,1
taxi:2309:3,taxi,2309,3,user,0,test,1
taxi:2309:4,taxi,2309,4,agent,0,test,0
taxi:2309:5,taxi,2309,5,user,2,test,0
taxi:2309:6,taxi,2309,6,agent,2,test,1
taxi:2309:7,taxi,2309,7,user,2,test,0
taxi:2309:8,taxi,2309,8,agent,2,test,0
taxi:2309:9,taxi,2309,9,user,3,test,0
taxi:2309:10,taxi,2309,10,agent,2,test,0
taxi:2309:11,taxi,2309,11,user,3,test,1
taxi:2310:1,taxi,2310,1,user,0,train,0
taxi:2310:2,taxi,2310,2,agent,3,train,1
taxi:2310:3,taxi,2310,3,user,0,train,0
taxi:2310:4,taxi,2310,4,agent,1,train,0
taxi:2310:5,taxi,2310,5,user,2,train,0
taxi:2310:6,taxi,2310,6,agent,1,train,0
taxi:2310:7,taxi,2310,7,user,0,train,0
taxi:2310:8,taxi,2310,8,agent,2,train,0
taxi:2310:9,taxi,2310,9,user,0,train,0
taxi:2310:10,taxi,2310,10,agent,2,train,0
taxi:2311:1,taxi,2311,1,user,1,train,1
taxi:2311:2,taxi,2311,2,agent,0,train,1
taxi:2311:3,taxi,2311,3,user,0,train,0
taxi:2311:4,taxi,2311,4,agent,2,train,0
taxi:2311:5,taxi,2311,5,user,3,train,1
taxi:2311:6,taxi,2311,6,agent,2,train,1
taxi:2312:1,taxi,2312,1,user,3,train,1
taxi:2312:2,taxi,2312,2,agent,3,train,0
taxi:2312:3,taxi,2312,3,user,3,train,1
taxi:2312:4,taxi,2312,4,agent,2,train,0
taxi:2312:5,taxi,2312,5,user,2,train,1
taxi:2312:6,taxi,2312,6,agent,2,train,0
taxi:2313:1,taxi,2313,1,user,1,test,0
taxi:2313:2,taxi,2313,2,agent,0,test,0
taxi:2313:3,taxi,2313,3,user,0,test,0
taxi:2313:4,taxi,2313,4,agent,2,test,0
taxi:2313:5,taxi,2313,5,user,2,test,0
taxi:2313:6,taxi,2313,6,agent,2,test,0
taxi:2314:1,taxi,2314,1,user,1,validation,0
taxi:2314:2,taxi,2314,2,agent,3,validation,1
taxi:2314:3,taxi,2314,3,user,0,validation,0
taxi:2314:4,taxi,2314,4,agent,1,validation,1
taxi:2314:5,taxi,2314,5,user,0,validation,0
taxi:2314:6,taxi,2314,6,agent,2,validation,0
taxi:2314:7,taxi,2314,7,user,0,validation,0
taxi:2314:8,taxi,2314,8,agent,2,validation,0
taxi:2315:1,taxi,2315,1,user,2,test,0
taxi:2315:2,taxi,2315,2,agent,3,test,1
taxi:2315:3,taxi,2315,3,user,0,test,1
taxi:2315:4,taxi,2315,4,agent,1,test,0
taxi:2315:5,taxi,2315,5,user,0,test,0
taxi:2315:6,taxi,2315,6,agent,2,test,0
taxi:2315:7,taxi,2315,7,user,2,test,0
taxi:2315:8,taxi,2315,8,agent,2,test,1
taxi:2315:9,taxi,2315,9,user,3,test,1
taxi:2316:1,taxi,2316,1,user,1,train,0
taxi:2316:2,taxi,2316,2,agent,3,train,1
taxi:2316:3,taxi,2316,3,user,3,train,1
taxi:2316:4,taxi,2316,4,agent,2,train,0
taxi:2317:1,taxi,2317,1,user,1,train,0
taxi:2317:2,taxi,2317,2,agent,1,train,0
taxi:2317:3,taxi,2317,3,user,0,train,0
taxi:2317:4,taxi,2317,4,agent,2,train,1
taxi:2317:5,taxi,2317,5,user,3,train,1
taxi:2317:6,taxi,2317,6,agent,2,train,1
taxi:2317:7,taxi,2317,7,user,3,train,1
taxi:2318:1,taxi,2318,1,user,3,train,0
taxi:2318:2,taxi,2318,2,agent,1,train,0
taxi:2318:3,taxi,2318,3,user,3,train,1
taxi:2318:4,taxi,2318,4,agent,1,train,0
taxi:2318:5,taxi,2318,5,user,2,train,0
taxi:2318:6,taxi,2318,6,agent,2,train,0
taxi:2318:7,taxi,2318,7,user,3,train,0
taxi:2318:8,taxi,2318,8,agent,2,train,0
taxi:2319:1,taxi,2319,1,user,1,train,0
taxi:2319:2,taxi,2319,2,agent,3,train,0
taxi:2319:3,taxi,2319,3,user,0,train,1
taxi:2319:4,taxi,2319,4,agent,1,train,0
taxi:2319:5,taxi,2319,5,user,0,train,0
taxi:2319:6,taxi,2319,6,agent,2,train,0
taxi:2319:7,taxi,2319,7,user,3,train,0
taxi:2319:8,taxi,2319,8,agent,2,train,0
taxi:2319:9,taxi,2319,9,user,0,train,1
taxi:2319:10,taxi,2319,10,agent,2,train,0
taxi:2320:1,taxi,2320,1,user,3,train,1
taxi:2320:2,taxi,2320,2,agent,3,train,1
taxi:2320:3,taxi,2320,3,user,0,train,1
taxi:2320:4,taxi,2320,4,agent,1,train,0
taxi:2320:5,taxi,2320,5,user,0,train,0
taxi:2320:6,taxi,2320,6,agent,2,train,0
taxi:2320:7,taxi,2320,7,user,3,train,1
taxi:2320:8,taxi,2320,8,agent,2,train,0
taxi:2320:9,taxi,2320,9,user,3,train,0
taxi:2321:1,taxi,2321,1,user,0,validation,1
taxi:2321:2,taxi,2321,2,agent,3,validation,0
taxi:2321:3,taxi,2321,3,user,3,validation,1
taxi:2321:4,taxi,2321,4,agent,1,validation,0
taxi:2321:5,taxi,2321,5,user,0,validation,0
taxi:2321:6,taxi,2321,6,agent,1,validation,0
taxi:2321:7,taxi,2321,7,user,0,validation,0
taxi:2321:8,taxi,2321,8,agent,2,validation,0
taxi:2321:9,taxi,2321,9,user,3,validation,1
taxi:2321:10,taxi,2321,10,agent,2,validation,0
taxi:2321:11,taxi,2321,11,user,3,validation,1
taxi:2322:1,taxi,2322,1,user,1,validation,0
taxi:2322:2,taxi,2322,2,agent,0,validation,1
taxi:2322:3,taxi,2322,3,user,2,validation,0
taxi:2322:4,taxi,2322,4,agent,2,validation,0
taxi:2322:5,taxi,2322,5,user,0,validation,0
taxi:2322:6,taxi,2322,6,agent,2,validation,0
taxi:2322:7,taxi,2322,7,user,3,validation,1
taxi:2322:8,taxi,2322,8,agent,2,validation,0
taxi:2323:1,taxi,2323,1,user,3,train,0
taxi:2323:2,taxi,2323,2,agent,3,train,0
taxi:2323:3,taxi,2323,3,user,2,train,0
taxi:2323:4,taxi,2323,4,agent,2,train,0
taxi:2323:5,taxi,2323,5,user,0,train,0
taxi:2323:6,taxi,2323,6,agent,2,train,0
taxi:2324:1,taxi,2324,1,user,2,train,0
taxi:2324:2,taxi,2324,2,agent,3,train,0
taxi:2324:3,taxi,2324,3,user,3,train,1
taxi:2324:4,taxi,2324,4,agent,2,train,0
taxi:2324:5,taxi,2324,5,user,3,train,0
taxi:2324:6,taxi,2324,6,agent,2,train,0
taxi:2324:7,taxi,2324,7,user,3,train,1
taxi:2325:1,taxi,2325,1,user,3,validation,1
taxi:2325:2,taxi,2325,2,agent,3,validation,1
taxi:2325:3,taxi,2325,3,user,0,validation,1
taxi:2325:4,taxi,2325,4,agent,1,validation,1
taxi:2325:5,taxi,2325,5,user,0,validation,0
taxi:2325:6,taxi,2325,6,agent,1,validation,1
taxi:2325:7,taxi,2325,7,user,0,validation,1
taxi:2325:8,taxi,2325,8,agent,2,validation,1
taxi:2325:9,taxi,2325,9,user,0,validation,1
taxi:2325:10,taxi,2325,10,agent,2,validation,0
taxi:2325:11,taxi,2325,11,user,3,validation,1
taxi:2326:1,taxi,2326,1,user,3,train,0
taxi:2326:2,taxi,2326,2,agent,3,train,0
taxi:2326:3,taxi,2326,3,user,2,train,0
taxi:2326:4,taxi,2326,4,agent,2,train,0
taxi:2326:5,taxi,2326,5,user,0,train,0
taxi:2326:6,taxi,2326,6,agent,2,train,0
taxi:2327:1,taxi,2327,1,user,3,train,1
taxi:2327:2,taxi,2327,2,agent,3,train,0
taxi:2327:3,taxi,2327,3,user,3,train,0
taxi:2327:4,taxi,2327,4,agent,2,train,0
taxi:2327:5,taxi,2327,5,user,3,train,0
taxi:2327:6,taxi,2327,6,agent,2,train,0
taxi:2328:1,taxi,2328,1,user,1,train,0
taxi:2328:2,taxi,2328,2,agent,3,train,0
taxi:2328:3,taxi,2328,3,user,0,train,0
taxi:2328:4,taxi,2328,4,agent,0,train,0
taxi:2328:5,taxi,2328,5,user,0,train,0
taxi:2328:6,taxi,2328,6,agent,0,train,0
taxi:2328:7,taxi,2328,7,user,0,train,0
taxi:2328:8,taxi,2328,8,agent,2,train,0
taxi:2328:9,taxi,2328,9,user,0,train,0
taxi:2328:10,taxi,2328,10,agent,2,train,0
taxi:2329:1,taxi,2329,1,user,0,train,0
taxi:2329:2,taxi,2329,2,agent,3,train,0
taxi:2329:3,taxi,2329,3,user,2,train,0
taxi:2329:4,taxi,2329,4,agent,2,train,0
taxi:2329:5,taxi,2329,5,user,0,train,0
taxi:2329:6,taxi,2329,6,agent,2,train,0
taxi:2330:1,taxi,2330,1,user,3,train,1
taxi:2330:2,taxi,2330,2,agent,3,train,1
taxi:2330:3,taxi,2330,3,user,2,train,0
taxi:2330:4,taxi,2330,4,agent,0,train,1
taxi:2330:5,taxi,2330,5,user,0,train,0
taxi:2330:6,taxi,2330,6,agent,2,train,1
taxi:2330:7,taxi,2330,7,user,3,train,1
taxi:2330:8,taxi,2330,8,agent,2,train,1
taxi:2330:9,taxi,2330,9,user,3,train,0
taxi:2331:1,taxi,2331,1,user,1,train,0
taxi:2331:2,taxi,2331,2,agent,3,train,1
taxi:2331:3,taxi,2331,3,user,0,train,1
taxi:2331:4,taxi,2331,4,agent,0,train,0
taxi:2331:5,taxi,2331,5,user,0,train,0
taxi:2331:6,taxi,2331,6,agent,0,train,0
taxi:2331:7,taxi,2331,7,user,0,train,0
taxi:2331:8,taxi,2331,8,agent,0,train,0
taxi:2331:9,taxi,2331,9,user,0,train,0
taxi:2331:10,taxi,2331,10,agent,2,train,1
taxi:2331:11,taxi,2331,11,user,0,train,0
taxi:2331:12,taxi,2331,12,agent,2,train,1
taxi:2332:1,taxi,2332,1,user,3,train,1
taxi:2332:2,taxi,2332,2,agent,3,train,1
taxi:2332:3,taxi,2332,3,user,2,train,0
taxi:2332:4,taxi,2332,4,agent,2,train,0
taxi:2332:5,taxi,2332,5,user,0,train,0
taxi:2332:6,taxi,2332,6,agent,2,train,0
taxi:2333:1,taxi,2333,1,user,3,train,1
taxi:2333:2,taxi,2333,2,agent,3,train,1
taxi:2333:3,taxi,2333,3,user,2,train,0
taxi:2333:4,taxi,2333,4,agent,2,train,0
taxi:2333:5,taxi,2333,5,user,0,train,0
taxi:2333:6,taxi,2333,6,agent,2,train,0
taxi:2334:1,taxi,2334,1,user,3,test,1
taxi:2334:2,taxi,2334,2,agent,3,test,1
taxi:2334:3,taxi,2334,3,user,0,test,0
taxi:2334:4,taxi,2334,4,agent,2,test,0
taxi:2334:5,taxi,2334,5,user,0,test,1
taxi:2334:6,taxi,2334,6,agent,2,test,0
taxi:2334:7,taxi,2334,7,user,2,test,0
taxi:2334:8,taxi,2334,8,agent,2,test,0
taxi:2334:9,taxi,2334,9,user,3,test,1
taxi:2335:1,taxi,2335,1,user,3,train,1
taxi:2335:2,taxi,2335,2,agent,3,train,1
taxi:2335:3,taxi,2335,3,user,2,train,1
taxi:2335:4,taxi,2335,4,agent,2,train,0
taxi:2335:5,taxi,2335,5,user,0,train,1
taxi:2335:6,taxi,2335,6,agent,2,train,0
taxi:2336:1,taxi,2336,1,user,3,train,0
taxi:2336:2,taxi,2336,2,agent,2,train,0
taxi:2336:3,taxi,2336,3,user,3,train,1
taxi:2336:4,taxi,2336,4,agent,2,train,0
taxi:2337:1,taxi,2337,1,user,3,test,0
taxi:2337:2,taxi,2337,2,agent,2,test,0
taxi:2337:3,taxi,2337,3,user,3,test,1
taxi:2337:4,taxi,2337,4,agent,2,test,1
taxi:2338:1,taxi,2338,1,user,3,train,0
taxi:2338:2,taxi,2338,2,agent,2,train,0
taxi:2338:3,taxi,2338,3,user,3,train,1
taxi:2338:4,taxi,2338,4,agent,2,train,0
taxi:2339:1,taxi,2339,1,user,2,train,1
taxi:2339:2,taxi,2339,2,agent,2,train,0
taxi:2339:3,taxi,2339,3,user,3,train,1
taxi:2339:4,taxi,2339,4,agent,2,train,0
taxi:2340:1,taxi,2340,1,user,3,train,1
taxi:2340:2,taxi,2340,2,agent,2,train,0
taxi:2340:3,taxi,2340,3,user,3,train,1
taxi:2340:4,taxi,2340,4,agent,2,train,0
taxi:2341:1,taxi,2341,1,user,1,train,0
taxi:2341:2,taxi,2341,2,agent,3,train,1
taxi:2341:3,taxi,2341,3,user,0,train,0
taxi:2341:4,taxi,2341,4,agent,2,train,0
taxi:2341:5,taxi,2341,5,user,0,train,0
taxi:2341:6,taxi,2341,6,agent,2,train,1
taxi:2342:1,taxi,2342,1,user,3,train,1
taxi:2342:2,taxi,2342,2,agent,2,train,0
taxi:2342:3,taxi,2342,3,user,3,train,1
taxi:2343:1,taxi,2343,1,user,3,train,0
taxi:2343:2,taxi,2343,2,agent,2,train,0
taxi:2343:3,taxi,2343,3,user,3,train,1
taxi:2343:4,taxi,2343,4,agent,2,train,0
taxi:2344:1,taxi,2344,1,user,1,validation,0
taxi:2344:2,taxi,2344,2,agent,0,validation,1
taxi:2344:3,taxi,2344,3,user,0,validation,1
taxi:2344:4,taxi,2344,4,agent,2,validation,1
taxi:2344:5,taxi,2344,5,user,0,validation,0
taxi:2344:6,taxi,2344,6,agent,2,validation,0
taxi:2344:7,taxi,2344,7,user,3,validation,1
taxi:2345:1,taxi,2345,1,user,3,train,1
taxi:2345:2,taxi,2345,2,agent,0,train,0
taxi:2345:3,taxi,2345,3,user,0,train,0
taxi:2345:4,taxi,2345,4,agent,2,train,0
taxi:2345:5,taxi,2345,5,user,2,train,0
taxi:2345:6,taxi,2345,6,agent,2,train,0
taxi:2345:7,taxi,2345,7,user,3,train,1
taxi:2346:1,taxi,2346,1,user,3,train,0
taxi:2346:2,taxi,2346,2,agent,0,train,0
taxi:2346:3,taxi,2346,3,user,2,train,0
taxi:2346:4,taxi,2346,4,agent,2,train,0
taxi:2346:5,taxi,2346,5,user,0,train,0
taxi:2346:6,taxi,2346,6,agent,2,train,0
taxi:2346:7,taxi,2346,7,user,3,train,0
taxi:2347:1,taxi,2347,1,user,3,train,0
taxi:2347:2,taxi,2347,2,agent,1,train,0
taxi:2347:3,taxi,2347,3,user,0,train,0
taxi:2347:4,taxi,2347,4,agent,2,train,0
taxi:2347:5,taxi,2347,5,user,0,train,0
taxi:2347:6,taxi,2347,6,agent,2,train,0
taxi:2347:7,taxi,2347,7,user,3,train,1
taxi:2348:1,taxi,2348,1,user,3,train,0
taxi:2348:2,taxi,2348,2,agent,0,train,0
taxi:2348:3,taxi,2348,3,user,2,train,1
taxi:2348:4,taxi,2348,4,agent,2,train,0
taxi:2348:5,taxi,2348,5,user,0,train,1
taxi:2348:6,taxi,2348,6,agent,2,train,0
taxi:2348:7,taxi,2348,7,user,3,train,0
taxi:2349:1,taxi,2349,1,user,2,train,1
taxi:2349:2,taxi,2349,2,agent,3,train,1
taxi:2349:3,taxi,2349,3,user,0,train,0
taxi:2349:4,taxi,2349,4,agent,2,train,0
taxi:2350:1,taxi,2350,1,user,2,validation,0
taxi:2350:2,taxi,2350,2,agent,1,validation,0
taxi:2350:3,taxi,2350,3,user,0,validation,1
taxi:2350:4,taxi,2350,4,agent,2,validation,0
taxi:2350:5,taxi,2350,5,user,3,validation,1
taxi:2350:6,taxi,2350,6,agent,2,validation,1
taxi:2350:7,taxi,2350,7,agent,2,validation,1
taxi:2351:1,taxi,2351,1,user,2,train,1
taxi:2351:2,taxi,2351,2,agent,0,train,0
taxi:2351:3,taxi,2351,3,user,0,train,0
taxi:2351:4,taxi,2351,4,agent,1,train,1
taxi:2351:5,taxi,2351,5,user,0,train,0
taxi:2351:6,taxi,2351,6,agent,2,train,0
taxi:2351:7,taxi,2351,7,user,2,train,0
taxi:2351:8,taxi,2351,8,agent,1,train,0
taxi:2351:9,taxi,2351,9,user,0,train,0
taxi:2351:10,taxi,2351,10,agent,2,train,0
taxi:2351:11,taxi,2351,11,user,3,train,1
taxi:2352:1,taxi,2352,1,user,3,test,1
taxi:2352:2,taxi,2352,2,agent,2,test,1
taxi:2352:3,taxi,2352,3,user,2,test,1
taxi:2352:4,taxi,2352,4,agent,2,test,0
taxi:2352:5,taxi,2352,5,user,3,test,1
taxi:2353:1,taxi,2353,1,user,3,train,0
taxi:2353:2,taxi,2353,2,agent,0,train,0
taxi:2353:3,taxi,2353,3,user,0,train,1
taxi:2353:4,taxi,2353,4,agent,2,train,0
taxi:2353:5,taxi,2353,5,user,3,train,1
taxi:2353:6,taxi,2353,6,agent,2,train,1
taxi:2353:7,taxi,2353,7,agent,2,train,0
taxi:2354:1,taxi,2354,1,user,3,train,1
taxi:2354:2,taxi,2354,2,agent,0,train,0
taxi:2354:3,taxi,2354,3,user,2,train,0
taxi:2354:4,taxi,2354,4,user,1,train,0
taxi:2355:1,taxi,2355,1,user,2,test,0
taxi:2355:2,taxi,2355,2,agent,3,test,1
taxi:2355:3,taxi,2355,3,user,2,test,0
taxi:2355:4,taxi,2355,4,agent,2,test,1
taxi:2356:1,taxi,2356,1,user,2,test,0
taxi:2356:2,taxi,2356,2,user,0,test,0
taxi:2356:3,taxi,2356,3,agent,3,test,1
taxi:2356:4,taxi,2356,4,user,2,test,0
taxi:2356:5,taxi,2356,5,user,2,test,1
taxi:2356:6,taxi,2356,6,agent,1,test,0
taxi:2356:7,taxi,2356,7,user,2,test,0
taxi:2356:8,taxi,2356,8,agent,0,test,1
taxi:2356:9,taxi,2356,9,user,0,test,1
taxi:2356:10,taxi,2356,10,agent,2,test,0
taxi:2356:11,taxi,2356,11,user,2,test,0
taxi:2356:12,taxi,2356,12,agent,2,test,0
taxi:2356:13,taxi,2356,13,user,3,test,1
taxi:2357:1,taxi,2357,1,user,3,train,1
taxi:2357:2,taxi,2357,2,agent,3,train,1
taxi:2357:3,taxi,2357,3,user,2,train,0
taxi:2357:4,taxi,2357,4,agent,2,train,0
taxi:2357:5,taxi,2357,5,user,0,train,1
taxi:2357:6,taxi,2357,6,agent,2,train,0
taxi:2358:1,taxi,2358,1,user,3,train,0
taxi:2358:2,taxi,2358,2,agent,2,train,0
taxi:2358:3,taxi,2358,3,user,3,train,0
taxi:2358:4,taxi,2358,4,agent,2,train,1
taxi:2359:1,taxi,2359,1,user,1,test,0
taxi:2359:2,taxi,2359,2,agent,1,test,0
taxi:2359:3,taxi,2359,3,user,3,test,1
taxi:2359:4,taxi,2359,4,agent,2,test,1
taxi:2359:5,taxi,2359,5,user,2,test,0
taxi:2359:6,taxi,2359,6,agent,2,test,0
taxi:2359:7,taxi,2359,7,user,3,test,1
taxi:2359:8,taxi,2359,8,agent,2,test,1
taxi:2359:9,taxi,2359,9,user,3,test,1
taxi:2359:10,taxi,2359,10,agent,3,test,1
taxi:2360:1,taxi,2360,1,user,3,train,0
taxi:2360:2,taxi,2360,2,agent,0,train,1
taxi:2360:3,taxi,2360,3,user,2,train,0
taxi:2360:4,taxi,2360,4,agent,2,train,0
taxi:2360:5,taxi,2360,5,user,0,train,0
taxi:2360:6,taxi,2360,6,agent,2,train,1
taxi:2361:1,taxi,2361,1,user,3,train,1
taxi:2361:2,taxi,2361,2,agent,0,train,0
taxi:2361:3,taxi,2361,3,user,2,train,1
taxi:2361:4,taxi,2361,4,agent,1,train,0
taxi:2361:5,taxi,2361,5,user,0,train,0
taxi:2361:6,taxi,2361,6,agent,2,train,0
taxi:2362:1,taxi,2362,1,user,1,train,0
taxi:2362:2,taxi,2362,2,agent,3,train,1
taxi:2362:3,taxi,2362,3,user,2,train,1
taxi:2362:4,taxi,2362,4,agent,2,train,0
taxi:2362:5,taxi,2362,5,user,0,train,0
taxi:2362:6,taxi,2362,6,agent,2,train,0
taxi:2362:7,taxi,2362,7,user,2,train,0
taxi:2362:8,taxi,2362,8,agent,2,train,0
taxi:2362:9,taxi,2362,9,user,3,train,1
taxi:2362:10,taxi,2362,10,agent,2,train,0
taxi:2362:11,taxi,2362,11,user,3,train,1
taxi:2363:1,taxi,2363,1,user,2,train,0
taxi:2363:2,taxi,2363,2,agent,0,train,0
taxi:2363:3,taxi,2363,3,user,0,train,0
taxi:2363:4,taxi,2363,4,agent,2,train,0
taxi:2363:5,taxi,2363,5,user,2,train,1
taxi:2363:6,taxi,2363,6,agent,1,train,0
taxi:2363:7,taxi,2363,7,user,2,train,0
taxi:2363:8,taxi,2363,8,agent,3,train,1
taxi:2363:9,taxi,2363,9,user,3,train,1
taxi:2364:1,taxi,2364,1,user,1,validation,0
taxi:2364:2,taxi,2364,2,agent,0,validation,0
taxi:2364:3,taxi,2364,3,user,2,validation,0
taxi:2364:4,taxi,2364,4,agent,2,validation,1
taxi:2364:5,taxi,2364,5,user,3,validation,0
taxi:2364:6,taxi,2364,6,agent,2,validation,1
taxi:2364:7,taxi,2364,7,user,3,validation,1
taxi:2364:8,taxi,2364,8,agent,2,validation,0
taxi:2364:9,taxi,2364,9,user,3,validation,0
taxi:2365:1,taxi,2365,1,user,3,train,1
taxi:2365:2,taxi,2365,2,agent,1,train,0
taxi:2365:3,taxi,2365,3,user,0,train,0
taxi:2365:4,taxi,2365,4,agent,2,train,0
taxi:2365:5,taxi,2365,5,user,0,train,0
taxi:2365:6,taxi,2365,6,agent,2,train,0
taxi:2365:7,taxi,2365,7,user,3,train,1
taxi:2366:1,taxi,2366,1,user,2,test,0
taxi:2366:2,taxi,2366,2,agent,1,test,0
taxi:2366:3,taxi,2366,3,user,0,test,0
taxi:2366:4,taxi,2366,4,agent,2,test,0
taxi:2366:5,taxi,2366,5,user,3,test,1
taxi:2366:6,taxi,2366,6,agent,2,test,0
taxi:2366:7,taxi,2366,7,user,3,test,1
taxi:2366:8,taxi,2366,8,agent,2,test,0
taxi:2366:9,taxi,2366,9,user,3,test,1
taxi:2366:10,taxi,2366,10,agent,3,test,0
taxi:2367:1,taxi,2367,1,user,3,train,1
taxi:2367:2,taxi,2367,2,agent,0,train,0
taxi:2367:3,taxi,2367,3,user,2,train,1
taxi:2367:4,taxi,2367,4,agent,2,train,0
taxi:2367:5,taxi,2367,5,user,3,train,1
taxi:2367:6,taxi,2367,6,agent,2,train,0
taxi:2368:1,taxi,2368,1,user,1,train,0
taxi:2368:2,taxi,2368,2,agent,0,train,0
taxi:2368:3,taxi,2368,3,user,0,train,0
taxi:2368:4,taxi,2368,4,agent,2,train,0
taxi:2368:5,taxi,2368,5,user,2,train,0
taxi:2368:6,taxi,2368,6,agent,2,train,0
taxi:2368:7,taxi,2368,7,user,0,train,0
taxi:2368:8,taxi,2368,8,agent,2,train,0
taxi:2369:1,taxi,2369,1,user,1,train,0
taxi:2369:2,taxi,2369,2,agent,0,train,0
taxi:2369:3,taxi,2369,3,user,0,train,0
taxi:2369:4,taxi,2369,4,agent,2,train,0
taxi:2369:5,taxi,2369,5,user,0,train,0
taxi:2369:6,taxi,2369,6,agent,2,train,0
taxi:2370:1,taxi,2370,1,user,2,validation,0
taxi:2370:2,taxi,2370,2,agent,0,validation,0
taxi:2370:3,taxi,2370,3,user,0,validation,1
taxi:2370:4,taxi,2370,4,agent,2,validation,0
taxi:2370:5,taxi,2370,5,user,2,validation,0
taxi:2370:6,taxi,2370,6,agent,2,validation,0
taxi:2370:7,taxi,2370,7,user,3,validation,1
taxi:2370:8,taxi,2370,8,agent,2,validation,1
taxi:2370:9,taxi,2370,9,user,3,validation,1
taxi:2371:1,taxi,2371,1,user,3,train,0
taxi:2371:2,taxi,2371,2,agent,0,train,0
taxi:2371:3,taxi,2371,3,user,2,train,0
taxi:2371:4,taxi,2371,4,agent,2,train,1
taxi:2371:5,taxi,2371,5,user,0,train,0
taxi:2371:6,taxi,2371,6,agent,2,train,0
taxi:2371:7,taxi,2371,7,user,3,train,1
taxi:2372:1,taxi,2372,1,user,3,train,1
taxi:2372:2,taxi,2372,2,agent,1,train,0
taxi:2372:3,taxi,2372,3,user,0,train,0
taxi:2372:4,taxi,2372,4,agent,2,train,0
taxi:2372:5,taxi,2372,5,user,2,train,0
taxi:2372:6,taxi,2372,6,agent,2,train,0
taxi:2372:7,taxi,2372,7,user,3,train,1
taxi:2373:1,taxi,2373,1,user,1,test,0
taxi:2373:2,taxi,2373,2,agent,0,test,1
taxi:2373:3,taxi,2373,3,user,2,test,1
taxi:2373:4,taxi,2373,4,agent,3,test,1
taxi:2373:5,taxi,2373,5,user,3,test,1
taxi:2373:6,taxi,2373,6,agent,2,test,0
taxi:2373:7,taxi,2373,7,user,3,test,1
taxi:2373:8,taxi,2373,8,agent,2,test,1
taxi:2373:9,taxi,2373,9,user,3,test,1
taxi:2374:1,taxi,2374,1,user,2,test,0
taxi:2374:2,taxi,2374,2,agent,0,test,0
taxi:2374:3,taxi,2374,3,user,0,test,0
taxi:2374:4,taxi,2374,4,agent,0,test,1
taxi:2374:5,taxi,2374,5,user,0,test,0
taxi:2374:6,taxi,2374,6,agent,2,test,0
taxi:2374:7,taxi,2374,7,user,3,test,1
taxi:2375:1,taxi,2375,1,user,1,test,0
taxi:2375:2,taxi,2375,2,agent,1,test,1
taxi:2375:3,taxi,2375,3,user,2,test,0
taxi:2375:4,taxi,2375,4,agent,2,test,0
taxi:2375:5,taxi,2375,5,user,0,test,0
taxi:2375:6,taxi,2375,6,agent,2,test,0
taxi:2376:1,taxi,2376,1,user,1,train,0
taxi:2376:2,taxi,2376,2,agent,1,train,0
taxi:2376:3,taxi,2376,3,user,2,train,0
taxi:2376:4,taxi,2376,4,agent,0,train,0
taxi:2376:5,taxi,2376,5,user,0,train,0
taxi:2376:6,taxi,2376,6,agent,2,train,0
taxi:2376:7,taxi,2376,7,user,3,train,0
taxi:2376:8,taxi,2376,8,agent,2,train,0
taxi:2376:9,taxi,2376,9,user,3,train,1
taxi:2377:1,taxi,2377,1,user,3,train,1
taxi:2377:2,taxi,2377,2,agent,3,train,0
taxi:2377:3,taxi,2377,3,user,3,train,1
taxi:2377:4,taxi,2377,4,agent,2,train,0
taxi:2377:5,taxi,2377,5,user,2,train,0
taxi:2377:6,taxi,2377,6,agent,2,train,1
taxi:2377:7,taxi,2377,7,user,0,train,0
taxi:2377:8,taxi,2377,8,agent,2,train,0
taxi:2377:9,taxi,2377,9,user,3,train,1
taxi:2378:1,taxi,2378,1,user,3,train,1
taxi:2378:2,taxi,2378,2,agent,2,train,1
taxi:2378:3,taxi,2378,3,user,3,train,1
taxi:2378:4,taxi,2378,4,agent,2,train,0
taxi:2378:5,taxi,2378,5,user,3,train,1
taxi:2379:1,taxi,2379,1,user,3,train,1
taxi:2379:2,taxi,2379,2,agent,0,train,0
taxi:2379:3,taxi,2379,3,user,3,train,1
taxi:2379:4,taxi,2379,4,agent,1,train,0
taxi:2379:5,taxi,2379,5,user,0,train,0
taxi:2379:6,taxi,2379,6,agent,1,train,0
taxi:2379:7,taxi,2379,7,user,3,train,0
taxi:2379:8,taxi,2379,8,agent,2,train,0
taxi:2379:9,taxi,2379,9,user,3,train,1
taxi:2379:10,taxi,2379,10,agent,3,train,0
taxi:2380:1,taxi,2380,1,user,1,train,1
taxi:2380:2,taxi,2380,2,agent,0,train,1
taxi:2380:3,taxi,2380,3,user,0,train,0
taxi:2380:4,taxi,2380,4,agent,0,train,0
taxi:2380:5,taxi,2380,5,user,0,train,0
taxi:2380:6,taxi,2380,6,agent,2,train,0
taxi:2380:7,taxi,2380,7,user,0,train,0
taxi:2380:8,taxi,2380,8,agent,2,train,0
taxi:2381:1,taxi,2381,1,user,1,train,0
taxi:2381:2,taxi,2381,2,agent,0,train,0
taxi:2381:3,taxi,2381,3,user,2,train,0
taxi:2381:4,taxi,2381,4,agent,2,train,0
taxi:2381:5,taxi,2381,5,user,0,train,0
taxi:2381:6,taxi,2381,6,agent,2,train,0
taxi:2382:1,taxi,2382,1,user,1,test,0
taxi:2382:2,taxi,2382,2,agent,0,test,0
taxi:2382:3,taxi,2382,3,user,0,test,0
taxi:2382:4,taxi,2382,4,agent,1,test,0
taxi:2382:5,taxi,2382,5,user,0,test,1
taxi:2382:6,taxi,2382,6,agent,2,test,0
taxi:2382:7,taxi,2382,7,user,0,test,0
taxi:2382:8,taxi,2382,8,agent,1,test,0
taxi:2382:9,taxi,2382,9,user,3,test,0
taxi:2382:10,taxi,2382,10,agent,2,test,0
taxi:2382:11,taxi,2382,11,user,3,test,1
taxi:2382:12,taxi,2382,12,agent,3,test,0
taxi:2383:1,taxi,2383,1,user,2,train,0
taxi:2383:2,taxi,2383,2,agent,0,train,0
taxi:2383:3,taxi,2383,3,user,0,train,0
taxi:2383:4,taxi,2383,4,agent,2,train,0
taxi:2383:5,taxi,2383,5,user,2,train,0
taxi:2383:6,taxi,2383,6,agent,2,train,1
taxi:2383:7,taxi,2383,7,user,3,train,1
taxi:2384:1,taxi,2384,1,user,3,train,0
taxi:2384:2,taxi,2384,2,agent,3,train,0
taxi:2384:3,taxi,2384,3,user,0,train,0
taxi:2384:4,taxi,2384,4,agent,2,train,0
taxi:2384:5,taxi,2384,5,user,0,train,0
taxi:2384:6,taxi,2384,6,agent,3,train,1
taxi:2384:7,taxi,2384,7,user,3,train,0
taxi:2384:8,taxi,2384,8,agent,2,train,0
taxi:2384:9,taxi,2384,9,user,0,train,0
taxi:2384:10,taxi,2384,10,agent,2,train,0
taxi:2385:1,taxi,2385,1,user,3,train,0
taxi:2385:2,taxi,2385,2,agent,2,train,0
taxi:2385:3,taxi,2385,3,user,3,train,1
taxi:2385:4,taxi,2385,4,agent,2,train,0
taxi:2386:1,taxi,2386,1,user,2,train,0
taxi:2386:2,taxi,2386,2,agent,3,train,1
taxi:2386:3,taxi,2386,3,user,0,train,0
taxi:2386:4,taxi,2386,4,agent,2,train,0
taxi:2386:5,taxi,2386,5,user,3,train,0
taxi:2386:6,taxi,2386,6,agent,2,train,1
taxi:2386:7,taxi,2386,7,user,3,train,1
taxi:2387:1,taxi,2387,1,user,1,test,0
taxi:2387:2,taxi,2387,2,agent,2,test,0
taxi:2387:3,taxi,2387,3,user,0,test,0
taxi:2387:4,taxi,2387,4,agent,1,test,0
taxi:2387:5,taxi,2387,5,user,0,test,0
taxi:2387:6,taxi,2387,6,agent,2,test,1
taxi:2387:7,taxi,2387,7,user,0,test,0
taxi:2387:8,taxi,2387,8,agent,2,test,0
taxi:2387:9,taxi,2387,9,user,3,test,1
taxi:2388:1,taxi,2388,1,user,3,train,1
taxi:2388:2,taxi,2388,2,agent,0,train,1
taxi:2388:3,taxi,2388,3,user,0,train,0
taxi:2388:4,taxi,2388,4,agent,0,train,0
taxi:2388:5,taxi,2388,5,user,0,train,1
taxi:2388:6,taxi,2388,6,agent,2,train,0
taxi:2388:7,taxi,2388,7,user,3,train,0
taxi:2388:8,taxi,2388,8,agent,2,train,0
taxi:2388:9,taxi,2388,9,user,3,train,1
taxi:2389:1,taxi,2389,1,user,1,train,0
taxi:2389:2,taxi,2389,2,agent,2,train,0
taxi:2389:3,taxi,2389,3,user,2,train,1
taxi:2389:4,taxi,2389,4,agent,2,train,1
taxi:2390:1,taxi,2390,1,user,0,train,0
taxi:2390:2,taxi,2390,2,agent,1,train,0
taxi:2390:3,taxi,2390,3,user,0,train,0
taxi:2390:4,taxi,2390,4,agent,2,train,1
taxi:2390:5,taxi,2390,5,user,0,train,0
taxi:2390:6,taxi,2390,6,agent,2,train,0
taxi:2391:1,taxi,2391,1,user,0,train,0
taxi:2391:2,taxi,2391,2,agent,0,train,0
taxi:2391:3,taxi,2391,3,user,0,train,1
taxi:2391:4,taxi,2391,4,agent,1,train,0
taxi:2391:5,taxi,2391,5,user,0,train,0
taxi:2391:6,taxi,2391,6,agent,2,train,1
taxi:2391:7,taxi,2391,7,user,2,train,1
taxi:2391:8,taxi,2391,8,agent,2,train,0
taxi:2391:9,taxi,2391,9,user,3,train,1
taxi:2392:1,taxi,2392,1,user,2,train,0
taxi:2392:2,taxi,2392,2,agent,0,train,0
taxi:2392:3,taxi,2392,3,user,0,train,0
taxi:2392:4,taxi,2392,4,agent,1,train,0
taxi:2392:5,taxi,2392,5,user,2,train,0
taxi:2392:6,taxi,2392,6,agent,1,train,0
taxi:2392:7,taxi,2392,7,user,0,train,0
taxi:2392:8,taxi,2392,8,agent,2,train,0
taxi:2392:9,taxi,2392,9,user,1,train,0
taxi:2392:10,taxi,2392,10,agent,2,train,0
taxi:2392:11,taxi,2392,11,user,3,train,1
taxi:2392:12,taxi,2392,12,agent,2,train,1
taxi:2392:13,taxi,2392,13,user,3,train,1
taxi:2392:14,taxi,2392,14,agent,3,train,1
taxi:2393:1,taxi,2393,1,user,1,train,0
taxi:2393:2,taxi,2393,2,agent,1,train,1
taxi:2393:3,taxi,2393,3,user,0,train,0
taxi:2393:4,taxi,2393,4,agent,2,train,0
taxi:2393:5,taxi,2393,5,user,3,train,1
taxi:2393:6,taxi,2393,6,agent,2,train,0
taxi:2393:7,taxi,2393,7,user,3,train,0
taxi:2394:1,taxi,2394,1,user,3,train,1
taxi:2394:2,taxi,2394,2,agent,0,train,1
taxi:2394:3,taxi,2394,3,user,0,train,0
taxi:2394:4,taxi,2394,4,agent,2,train,0
taxi:2394:5,taxi,2394,5,user,3,train,0
taxi:2394:6,taxi,2394,6,agent,2,train,0
taxi:2394:7,taxi,2394,7,user,3,train,1
taxi:2395:1,taxi,2395,1,user,1,train,0
taxi:2395:2,taxi,2395,2,agent,0,train,0
taxi:2395:3,taxi,2395,3,user,2,train,0
taxi:2395:4,taxi,2395,4,agent,1,train,0
taxi:2395:5,taxi,2395,5,user,0,train,0
taxi:2395:6,taxi,2395,6,agent,2,train,1
taxi:2395:7,taxi,2395,7,user,0,train,0
taxi:2395:8,taxi,2395,8,agent,2,train,0
taxi:2396:1,taxi,2396,1,user,2,train,0
taxi:2396:2,taxi,2396,2,agent,0,train,0
taxi:2396:3,taxi,2396,3,user,0,train,0
taxi:2396:4,taxi,2396,4,agent,1,train,1
taxi:2396:5,taxi,2396,5,user,0,train,0
taxi:2396:6,taxi,2396,6,agent,2,train,0
taxi:2396:7,taxi,2396,7,user,3,train,1
taxi:2396:8,taxi,2396,8,agent,2,train,1
taxi:2396:9,taxi,2396,9,user,3,train,1
taxi:2397:1,taxi,2397,1,user,2,train,0
taxi:2397:2,taxi,2397,2,agent,2,train,0
taxi:2397:3,taxi,2397,3,user,0,train,1
taxi:2397:4,taxi,2397,4,agent,2,train,0
taxi:2398:1,taxi,2398,1,user,0,train,0
taxi:2398:2,taxi,2398,2,agent,0,train,1
taxi:2398:3,taxi,2398,3,user,0,train,0
taxi:2398:4,taxi,2398,4,agent,1,train,0
taxi:2398:5,taxi,2398,5,user,2,train,0
taxi:2398:6,taxi,2398,6,agent,2,train,0
taxi:2398:7,taxi,2398,7,user,3,train,1
taxi:2398:8,taxi,2398,8,agent,2,train,0
taxi:2398:9,taxi,2398,9,user,3,train,0
taxi:2399:1,taxi,2399,1,user,2,train,1
taxi:2399:2,taxi,2399,2,agent,0,train,0
taxi:2399:3,taxi,2399,3,user,0,train,0
taxi:2399:4,taxi,2399,4,agent,1,train,0
taxi:2399:5,taxi,2399,5,user,0,train,0
taxi:2399:6,taxi,2399,6,agent,1,train,0
taxi:2399:7,taxi,2399,7,user,3,train,0
taxi:2399:8,taxi,2399,8,agent,2,train,0
taxi:2399:9,taxi,2399,9,user,3,train,0
taxi:2399:10,taxi,2399,10,agent,3,train,1
taxi:2400:1,taxi,2400,1,user,3,test,1
taxi:2400:2,taxi,2400,2,agent,2,test,1
taxi:2400:3,taxi,2400,3,user,2,test,0
taxi:2400:4,taxi,2400,4,agent,2,test,0
taxi:2401:1,taxi,2401,1,user,3,train,1
taxi:2401:2,taxi,2401,2,agent,1,train,0
taxi:2401:3,taxi,2401,3,user,0,train,1
taxi:2401:4,taxi,2401,4,agent,2,train,0
taxi:2402:1,taxi,2402,1,user,1,train,0
taxi:2402:2,taxi,2402,2,agent,0,train,0
taxi:2402:3,taxi,2402,3,user,0,train,0
taxi:2402:4,taxi,2402,4,agent,2,train,0
taxi:2402:5,taxi,2402,5,user,2,train,1
taxi:2402:6,taxi,2402,6,agent,1,train,0
taxi:2402:7,taxi,2402,7,user,2,train,0
taxi:2402:8,taxi,2402,8,agent,2,train,1
taxi:2403:1,taxi,2403,1,user,3,train,0
taxi:2403:2,taxi,2403,2,agent,3,train,0
taxi:2403:3,taxi,2403,3,user,2,train,0
taxi:2403:4,taxi,2403,4,agent,2,train,0
taxi:2404:1,taxi,2404,1,user,2,validation,0
taxi:2404:2,taxi,2404,2,agent,2,validation,0
taxi:2404:3,taxi,2404,3,agent,3,validation,1
taxi:2404:4,taxi,2404,4,user,3,validation,0
taxi:2405:1,taxi,2405,1,user,1,train,0
taxi:2405:2,taxi,2405,2,agent,3,train,0
taxi:2405:3,taxi,2405,3,user,0,train,0
taxi:2406:1,taxi,2406,1,user,3,train,0
taxi:2406:2,taxi,2406,2,agent,3,train,0
taxi:2406:3,taxi,2406,3,user,2,train,0
taxi:2406:4,taxi,2406,4,agent,2,train,0
taxi:2406:5,taxi,2406,5,user,3,train,1
taxi:2406:6,taxi,2406,6,agent,3,train,1
taxi:2407:1,taxi,2407,1,user,2,train,0
taxi:2407:2,taxi,2407,2,agent,3,train,1
taxi:2407:3,taxi,2407,3,user,2,train,0
taxi:2407:4,taxi,2407,4,agent,2,train,0
taxi:2407:5,taxi,2407,5,user,3,train,1
taxi:2407:6,taxi,2407,6,agent,2,train,1
taxi:2407:7,taxi,2407,7,user,3,train,0
taxi:2408:1,taxi,2408,1,user,3,train,1
taxi:2408:2,taxi,2408,2,agent,3,train,1
taxi:2408:3,taxi,2408,3,user,3,train,1
taxi:2408:4,taxi,2408,4,agent,1,train,0
taxi:2408:5,taxi,2408,5,user,0,train,0
taxi:2408:6,taxi,2408,6,agent,2,train,0
taxi:2408:7,taxi,2408,7,user,3,train,1
taxi:2408:8,taxi,2408,8,agent,2,train,0
taxi:2408:9,taxi,2408,9,user,3,train,0
taxi:2409:1,taxi,2409,1,user,1,train,0
taxi:2409:2,taxi,2409,2,agent,2,train,1
taxi:2409:3,taxi,2409,3,user,0,train,0
taxi:2410:1,taxi,2410,1,user,1,train,0
taxi:2410:2,taxi,2410,2,agent,2,train,0
taxi:2410:3,taxi,2410,3,user,0,train,0
taxi:2410:4,taxi,2410,4,agent,2,train,0
taxi:2410:5,taxi,2410,5,user,0,train,0
taxi:2410:6,taxi,2410,6,agent,3,train,1
taxi:2410:7,taxi,2410,7,user,3,train,1
taxi:2410:8,taxi,2410,8,agent,2,train,1
taxi:2411:1,taxi,2411,1,user,0,validation,1
taxi:2411:2,taxi,2411,2,agent,3,validation,1
taxi:2411:3,taxi,2411,3,user,2,validation,1
taxi:2411:4,taxi,2411,4,agent,1,validation,1
taxi:2411:5,taxi,2411,5,user,0,validation,0
taxi:2411:6,taxi,2411,6,agent,2,validation,0
taxi:2411:7,taxi,2411,7,user,0,validation,0
taxi:2411:8,taxi,2411,8,agent,2,validation,0
taxi:2412:1,taxi,2412,1,user,3,validation,1
taxi:2412:2,taxi,2412,2,agent,3,validation,1
taxi:2412:3,taxi,2412,3,user,0,validation,0
taxi:2412:4,taxi,2412,4,agent,1,validation,0
taxi:2412:5,taxi,2412,5,user,0,validation,0
taxi:2412:6,taxi,2412,6,agent,2,validation,0
taxi:2412:7,taxi,2412,7,user,0,validation,1
taxi:2412:8,taxi,2412,8,agent,2,validation,0
taxi:2412:9,taxi,2412,9,user,3,validation,1
taxi:2412:10,taxi,2412,10,agent,2,validation,0
taxi:2413:1,taxi,2413,1,user,1,train,0
taxi:2413:2,taxi,2413,2,agent,2,train,0
taxi:2413:3,taxi,2413,3,user,0,train,0
taxi:2413:4,taxi,2413,4,agent,2,train,0
taxi:2414:1,taxi,2414,1,user,1,train,0
taxi:2414:2,taxi,2414,2,agent,0,train,0
taxi:2414:3,taxi,2414,3,user,0,train,0
taxi:2414:4,taxi,2414,4,agent,2,train,0
taxi:2414:5,taxi,2414,5,user,0,train,0
taxi:2414:6,taxi,2414,6,agent,0,train,0
taxi:2414:7,taxi,2414,7,user,0,train,0
taxi:2414:8,taxi,2414,8,agent,2,train,0
taxi:2415:1,taxi,2415,1,user,1,train,0
taxi:2415:2,taxi,2415,2,agent,2,train,0
taxi:2415:3,taxi,2415,3,user,0,train,0
taxi:2415:4,taxi,2415,4,agent,2,train,0
taxi:2416:1,taxi,2416,1,user,1,train,1
taxi:2416:2,taxi,2416,2,agent,3,train,1
taxi:2416:3,taxi,2416,3,user,3,train,1
taxi:2416:4,taxi,2416,4,agent,1,train,0
taxi:2416:5,taxi,2416,5,user,0,train,0
taxi:2416:6,taxi,2416,6,agent,2,train,0
taxi:2416:7,taxi,2416,7,user,0,train,1
taxi:2416:8,taxi,2416,8,agent,2,train,0
taxi:2417:1,taxi,2417,1,user,1,train,0
taxi:2417:2,taxi,2417,2,agent,2,train,1
taxi:2417:3,taxi,2417,3,user,2,train,0
taxi:2417:4,taxi,2417,4,agent,2,train,0
taxi:2418:1,taxi,2418,1,user,2,train,1
taxi:2418:2,taxi,2418,2,agent,2,train,0
taxi:2418:3,taxi,2418,3,user,3,train,0
taxi:2419:1,taxi,2419,1,user,2,train,0
taxi:2419:2,taxi,2419,2,agent,2,train,1
taxi:2419:3,taxi,2419,3,user,2,train,1
taxi:2420:1,taxi,2420,1,user,3,train,1
taxi:2420:2,taxi,2420,2,agent,3,train,0
taxi:2420:3,taxi,2420,3,user,0,train,0
taxi:2420:4,taxi,2420,4,agent,1,train,0
taxi:2420:5,taxi,2420,5,user,0,train,1
taxi:2420:6,taxi,2420,6,agent,2,train,0
taxi:2420:7,taxi,2420,7,user,3,train,1
taxi:2420:8,taxi,2420,8,agent,2,train,0
taxi:2420:9,taxi,2420,9,user,3,train,0
taxi:2421:1,taxi,2421,1,user,1,train,0
taxi:2421:2,taxi,2421,2,agent,2,train,0
taxi:2421:3,taxi,2421,3,user,3,train,1
taxi:2421:4,taxi,2421,4,agent,1,train,0
taxi:2421:5,taxi,2421,5,user,3,train,0
taxi:2421:6,taxi,2421,6,agent,2,train,1
taxi:2422:1,taxi,2422,1,user,1,train,1
taxi:2422:2,taxi,2422,2,agent,2,train,1
taxi:2422:3,taxi,2422,3,user,0,train,0
taxi:2423:1,taxi,2423,1,user,0,train,0
taxi:2423:2,taxi,2423,2,agent,0,train,0
taxi:2423:3,taxi,2423,3,user,0,train,0
taxi:2423:4,taxi,2423,4,agent,2,train,0
taxi:2423:5,taxi,2423,5,user,0,train,0
taxi:2423:6,taxi,2423,6,agent,1,train,0
taxi:2423:7,taxi,2423,7,user,0,train,0
taxi:2423:8,taxi,2423,8,agent,2,train,0
taxi:2424:1,taxi,2424,1,user,3,train,1
taxi:2424:2,taxi,2424,2,agent,3,train,1
taxi:2424:3,taxi,2424,3,user,3,train,1
taxi:2424:4,taxi,2424,4,agent,1,train,0
taxi:2424:5,taxi,2424,5,user,0,train,0
taxi:2424:6,taxi,2424,6,agent,2,train,0
taxi:2424:7,taxi,2424,7,user,2,train,0
taxi:2424:8,taxi,2424,8,agent,2,train,0
taxi:2424:9,taxi,2424,9,user,3,train,0
taxi:2424:10,taxi,2424,10,agent,2,train,0
taxi:2424:11,taxi,2424,11,user,3,train,0
taxi:2425:1,taxi,2425,1,user,3,train,1
taxi:2425:2,taxi,2425,2,agent,3,train,0
taxi:2425:3,taxi,2425,3,user,3,train,0
taxi:2425:4,taxi,2425,4,agent,2,train,0
taxi:2425:5,taxi,2425,5,user,0,train,0
taxi:2425:6,taxi,2425,6,agent,2,train,1
taxi:2425:7,taxi,2425,7,user,3,train,1
taxi:2425:8,taxi,2425,8,agent,2,train,0
taxi:2425:9,taxi,2425,9,user,3,train,1
taxi:2426:1,taxi,2426,1,user,1,validation,1
taxi:2426:2,taxi,2426,2,agent,0,validation,0
taxi:2426:3,taxi,2426,3,user,0,validation,0
taxi:2426:4,taxi,2426,4,agent,2,validation,0
taxi:2426:5,taxi,2426,5,user,0,validation,0
taxi:2426:6,taxi,2426,6,agent,2,validation,0
taxi:2426:7,taxi,2426,7,user,3,validation,1
taxi:2427:1,taxi,2427,1,user,3,train,1
taxi:2427:2,taxi,2427,2,agent,3,train,1
taxi:2427:3,taxi,2427,3,user,3,train,1
taxi:2427:4,taxi,2427,4,agent,2,train,0
taxi:2427:5,taxi,2427,5,user,2,train,1
taxi:2427:6,taxi,2427,6,agent,2,train,1
taxi:2427:7,taxi,2427,7,user,3,train,1
taxi:2428:1,taxi,2428,1,user,3,train,1
taxi:2428:2,taxi,2428,2,agent,3,train,1
taxi:2428:3,taxi,2428,3,user,3,train,1
taxi:2428:4,taxi,2428,4,agent,2,train,0
taxi:2428:5,taxi,2428,5,user,3,train,0
taxi:2428:6,taxi,2428,6,agent,2,train,0
taxi:2428:7,taxi,2428,7,user,3,train,1
taxi:2429:1,taxi,2429,1,user,2,train,1
taxi:2429:2,taxi,2429,2,agent,2,train,0
taxi:2429:3,taxi,2429,3,user,0,train,0
taxi:2429:4,taxi,2429,4,agent,2,train,0
taxi:2430:1,taxi,2430,1,user,3,train,1
taxi:2430:2,taxi,2430,2,agent,3,train,1
taxi:2430:3,taxi,2430,3,user,2,train,1
taxi:2430:4,taxi,2430,4,agent,0,train,0
taxi:2430:5,taxi,2430,5,user,0,train,0
taxi:2430:6,taxi,2430,6,agent,2,train,0
taxi:2430:7,taxi,2430,7,user,2,train,0
taxi:2430:8,taxi,2430,8,agent,2,train,0
taxi:2431:1,taxi,2431,1,user,3,validation,1
taxi:2431:2,taxi,2431,2,agent,3,validation,0
taxi:2431:3,taxi,2431,3,user,3,validation,1
taxi:2431:4,taxi,2431,4,agent,2,validation,0
taxi:2431:5,taxi,2431,5,user,2,validation,0
taxi:2431:6,taxi,2431,6,agent,2,validation,0
taxi:2431:7,taxi,2431,7,user,3,validation,0
taxi:2431:8,taxi,2431,8,agent,2,validation,0
taxi:2432:1,taxi,2432,1,user,3,train,0
taxi:2432:2,taxi,2432,2,agent,3,train,1
taxi:2432:3,taxi,2432,3,user,0,train,1
taxi:2432:4,taxi,2432,4,agent,0,train,1
taxi:2432:5,taxi,2432,5,user,0,train,0
taxi:2432:6,taxi,2432,6,agent,2,train,0
taxi:2432:7,taxi,2432,7,user,3,train,1
taxi:2432:8,taxi,2432,8,agent,2,train,0
taxi:2432:9,taxi,2432,9,user,3,train,0
taxi:2433:1,taxi,2433,1,user,1,train,0
taxi:2433:2,taxi,2433,2,agent,3,train,1
taxi:2433:3,taxi,2433,3,user,0,train,1
taxi:2433:4,taxi,2433,4,agent,1,train,0
taxi:2433:5,taxi,2433,5,user,0,train,0
taxi:2433:6,taxi,2433,6,agent,2,train,0
taxi:2433:7,taxi,2433,7,user,2,train,0
taxi:2433:8,taxi,2433,8,agent,2,train,0
taxi:2433:9,taxi,2433,9,user,3,train,1
taxi:2434:1,taxi,2434,1,user,3,validation,1
taxi:2434:2,taxi,2434,2,agent,3,validation,1
taxi:2434:3,taxi,2434,3,user,3,validation,1
taxi:2434:4,taxi,2434,4,agent,2,validation,0
taxi:2434:5,taxi,2434,5,user,0,validation,0
taxi:2434:6,taxi,2434,6,agent,2,validation,0
taxi:2434:7,taxi,2434,7,user,2,validation,0
taxi:2434:8,taxi,2434,8,agent,2,validation,0
taxi:2435:1,taxi,2435,1,user,3,validation,1
taxi:2435:2,taxi,2435,2,agent,3,validation,1
taxi:2435:3,taxi,2435,3,user,3,validation,1
taxi:2435:4,taxi,2435,4,agent,0,validation,0
taxi:2435:5,taxi,2435,5,user,0,validation,0
taxi:2435:6,taxi,2435,6,agent,2,validation,0
taxi:2435:7,taxi,2435,7,user,2,validation,1
taxi:2435:8,taxi,2435,8,agent,2,validation,1
taxi:2436:1,taxi,2436,1,user,3,validation,1
taxi:2436:2,taxi,2436,2,agent,3,validation,1
taxi:2436:3,taxi,2436,3,user,3,validation,1
taxi:2436:4,taxi,2436,4,agent,0,validation,0
taxi:2436:5,taxi,2436,5,agent,3,validation,1
taxi:2436:6,taxi,2436,6,user,2,validation,1
taxi:2436:7,taxi,2436,7,agent,2,validation,0
taxi:2436:8,taxi,2436,8,user,3,validation,1
taxi:2436:9,taxi,2436,9,agent,2,validation,0
taxi:2436:10,taxi,2436,10,user,2,validation,0
taxi:2436:11,taxi,2436,11,agent,2,validation,0
taxi:2437:1,taxi,2437,1,user,3,test,1
taxi:2437:2,taxi,2437,2,agent,3,test,1
taxi:2437:3,taxi,2437,3,user,2,test,1
taxi:2437:4,taxi,2437,4,agent,2,test,0
taxi:2437:5,taxi,2437,5,user,0,test,0
taxi:2437:6,taxi,2437,6,agent,0,test,1
taxi:2437:7,taxi,2437,7,user,0,test,0
taxi:2437:8,taxi,2437,8,agent,2,test,0
taxi:2437:9,taxi,2437,9,user,3,test,1
taxi:2437:10,taxi,2437,10,agent,2,test,0
taxi:2437:11,taxi,2437,11,user,3,test,1
taxi:2438:1,taxi,2438,1,user,3,train,1
taxi:2438:2,taxi,2438,2,agent,3,train,0
taxi:2438:3,taxi,2438,3,user,3,train,1
taxi:2438:4,taxi,2438,4,agent,0,train,0
taxi:2438:5,taxi,2438,5,user,0,train,0
taxi:2438:6,taxi,2438,6,agent,2,train,0
taxi:2438:7,taxi,2438,7,user,2,train,1
taxi:2438:8,taxi,2438,8,agent,2,train,0
taxi:2439:1,taxi,2439,1,user,3,train,0
taxi:2439:2,taxi,2439,2,agent,3,train,0
taxi:2439:3,taxi,2439,3,user,3,train,0
taxi:2439:4,taxi,2439,4,agent,2,train,0
taxi:2439:5,taxi,2439,5,user,3,train,1
taxi:2439:6,taxi,2439,6,agent,2,train,0
taxi:2439:7,taxi,2439,7,user,3,train,1
taxi:2440:1,taxi,2440,1,user,3,test,0
taxi:2440:2,taxi,2440,2,agent,3,test,1
taxi:2440:3,taxi,2440,3,user,2,test,1
taxi:2440:4,taxi,2440,4,agent,0,test,0
taxi:2440:5,taxi,2440,5,user,0,test,1
taxi:2440:6,taxi,2440,6,agent,1,test,0
taxi:2440:7,taxi,2440,7,user,0,test,0
taxi:2440:8,taxi,2440,8,agent,2,test,1
taxi:2440:9,taxi,2440,9,user,2,test,0
taxi:2440:10,taxi,2440,10,agent,2,test,1
taxi:2440:11,taxi,2440,11,user,3,test,1
taxi:2441:1,taxi,2441,1,user,2,train,0
taxi:2441:2,taxi,2441,2,agent,3,train,1
taxi:2441:3,taxi,2441,3,user,0,train,0
taxi:2441:4,taxi,2441,4,agent,2,train,0
taxi:2441:5,taxi,2441,5,user,2,train,0
taxi:2441:6,taxi,2441,6,agent,2,train,0
taxi:2441:7,taxi,2441,7,user,0,train,1
taxi:2441:8,taxi,2441,8,agent,2,train,0
taxi:2441:9,taxi,2441,9,user,3,train,1
taxi:2442:1,taxi,2442,1,user,1,validation,1
taxi:2442:2,taxi,2442,2,agent,3,validation,1
taxi:2442:3,taxi,2442,3,user,0,validation,0
taxi:2442:4,taxi,2442,4,agent,1,validation,0
taxi:2442:5,taxi,2442,5,user,0,validation,1
taxi:2442:6,taxi,2442,6,agent,2,validation,0
taxi:2442:7,taxi,2442,7,user,0,validation,1
taxi:2442:8,taxi,2442,8,agent,2,validation,0
taxi:2443:1,taxi,2443,1,user,2,train,0
taxi:2443:2,taxi,2443,2,agent,3,train,1
taxi:2443:3,taxi,2443,3,user,0,train,0
taxi:2443:4,taxi,2443,4,agent,2,train,1
taxi:2443:5,taxi,2443,5,user,2,train,0
taxi:2443:6,taxi,2443,6,agent,2,train,0
taxi:2443:7,taxi,2443,7,user,2,train,0
taxi:2443:8,taxi,2443,8,agent,2,train,0
taxi:2443:9,taxi,2443,9,user,3,train,1
taxi:2444:1,taxi,2444,1,user,1,train,0
taxi:2444:2,taxi,2444,2,agent,3,train,1
taxi:2444:3,taxi,2444,3,user,0,train,0
taxi:2444:4,taxi,2444,4,agent,0,train,0
taxi:2444:5,taxi,2444,5,user,0,train,0
taxi:2444:6,taxi,2444,6,agent,2,train,0
taxi:2444:7,taxi,2444,7,user,0,train,0
taxi:2444:8,taxi,2444,8,agent,2,train,0
taxi:2445:1,taxi,2445,1,user,3,train,1
taxi:2445:2,taxi,2445,2,agent,2,train,0
taxi:2445:3,taxi,2445,3,user,0,train,0
taxi:2445:4,taxi,2445,4,agent,2,train,0
taxi:2445:5,taxi,2445,5,user,3,train,1
taxi:2446:1,taxi,2446,1,user,3,train,1
taxi:2446:2,taxi,2446,2,agent,2,train,0
taxi:2446:3,taxi,2446,3,user,0,train,0
taxi:2446:4,taxi,2446,4,agent,2,train,0
taxi:2447:1,taxi,2447,1,user,3,train,1
taxi:2447:2,taxi,2447,2,agent,2,train,0
taxi:2447:3,taxi,2447,3,user,2,train,0
taxi:2447:4,taxi,2447,4,agent,1,train,0
taxi:2447:5,taxi,2447,5,user,0,train,0
taxi:2447:6,taxi,2447,6,agent,2,train,0
taxi:2447:7,taxi,2447,7,user,3,train,1
taxi:2447:8,taxi,2447,8,agent,2,train,0
taxi:2447:9,taxi,2447,9,user,2,train,0
taxi:2447:10,taxi,2447,10,agent,3,train,1
taxi:2447:11,taxi,2447,11,user,2,train,0
taxi:2447:12,taxi,2447,12,agent,3,train,1
taxi:2447:13,taxi,2447,13,user,3,train,1
taxi:2448:1,taxi,2448,1,user,1,train,0
taxi:2448:2,taxi,2448,2,agent,3,train,1
taxi:2448:3,taxi,2448,3,user,0,train,0
taxi:2448:4,taxi,2448,4,agent,1,train,0
taxi:2448:5,taxi,2448,5,user,0,train,0
taxi:2448:6,taxi,2448,6,agent,2,train,0
taxi:2448:7,taxi,2448,7,user,0,train,0
taxi:2448:8,taxi,2448,8,agent,2,train,0
taxi:2449:1,taxi,2449,1,user,3,test,1
taxi:2449:2,taxi,2449,2,agent,3,test,1
taxi:2449:3,taxi,2449,3,user,2,test,0
taxi:2449:4,taxi,2449,4,agent,1,test,0
taxi:2449:5,taxi,2449,5,user,0,test,0
taxi:2449:6,taxi,2449,6,agent,2,test,0
taxi:2449:7,taxi,2449,7,user,0,test,0
taxi:2449:8,taxi,2449,8,agent,2,test,0
taxi:2450:1,taxi,2450,1,user,3,train,1
taxi:2450:2,taxi,2450,2,agent,3,train,0
taxi:2450:3,taxi,2450,3,user,0,train,0
taxi:2450:4,taxi,2450,4,agent,1,train,0
taxi:2450:5,taxi,2450,5,user,0,train,1
taxi:2450:6,taxi,2450,6,agent,2,train,0
taxi:2450:7,taxi,2450,7,user,2,train,0
taxi:2450:8,taxi,2450,8,agent,2,train,0
taxi:2450:9,taxi,2450,9,user,3,train,1
taxi:2451:1,taxi,2451,1,user,3,train,1
taxi:2451:2,taxi,2451,2,agent,3,train,0
taxi:2451:3,taxi,2451,3,user,3,train,1
taxi:2451:4,taxi,2451,4,agent,0,train,0
taxi:2451:5,taxi,2451,5,user,3,train,1
taxi:2451:6,taxi,2451,6,agent,2,train,0
taxi:2451:7,taxi,2451,7,user,3,train,0
taxi:2451:8,taxi,2451,8,agent,2,train,0
taxi:2451:9,taxi,2451,9,user,3,train,1
taxi:2452:1,taxi,2452,1,user,1,test,0
taxi:2452:2,taxi,2452,2,agent,3,test,0
taxi:2452:3,taxi,2452,3,user,0,test,1
taxi:2452:4,taxi,2452,4,agent,1,test,0
taxi:2452:5,taxi,2452,5,user,2,test,0
taxi:2452:6,taxi,2452,6,agent,2,test,1
taxi:2452:7,taxi,2452,7,user,0,test,0
taxi:2452:8,taxi,2452,8,agent,2,test,0
taxi:2453:1,taxi,2453,1,user,1,train,0
taxi:2453:2,taxi,2453,2,agent,3,train,1
taxi:2453:3,taxi,2453,3,user,0,train,0
taxi:2453:4,taxi,2453,4,agent,1,train,1
taxi:2453:5,taxi,2453,5,user,0,train,0
taxi:2453:6,taxi,2453,6,agent,1,train,0
taxi:2453:7,taxi,2453,7,user,0,train,0
taxi:2453:8,taxi,2453,8,agent,2,train,0
taxi:2453:9,taxi,2453,9,user,3,train,1
taxi:2453:10,taxi,2453,10,agent,2,train,0
taxi:2453:11,taxi,2453,11,user,3,train,1
taxi:2454:1,taxi,2454,1,user,0,test,1
taxi:2454:2,taxi,2454,2,agent,1,test,0
taxi:2454:3,taxi,2454,3,user,0,test,0
taxi:2454:4,taxi,2454,4,agent,2,test,0
taxi:2454:5,taxi,2454,5,user,0,test,0
taxi:2454:6,taxi,2454,6,agent,2,test,0
taxi:2455:1,taxi,2455,1,user,1,train,1
taxi:2455:2,taxi,2455,2,agent,3,train,1
taxi:2455:3,taxi,2455,3,user,0,train,0
taxi:2455:4,taxi,2455,4,agent,0,train,1
taxi:2455:5,taxi,2455,5,user,0,train,0
taxi:2455:6,taxi,2455,6,agent,1,train,0
taxi:2455:7,taxi,2455,7,user,0,train,1
taxi:2455:8,taxi,2455,8,agent,2,train,0
taxi:2455:9,taxi,2455,9,user,2,train,0
taxi:2455:10,taxi,2455,10,agent,2,train,1
taxi:2455:11,taxi,2455,11,user,3,train,0
taxi:2456:1,taxi,2456,1,user,2,train,0
taxi:2456:2,taxi,2456,2,agent,2,train,0
taxi:2456:3,taxi,2456,3,user,3,train,0
taxi:2456:4,taxi,2456,4,agent,2,train,1
taxi:2457:1,taxi,2457,1,user,2,train,0
taxi:2457:2,taxi,2457,2,agent,3,train,1
taxi:2457:3,taxi,2457,3,user,0,train,0
taxi:2457:4,taxi,2457,4,agent,1,train,0
taxi:2457:5,taxi,2457,5,user,2,train,1
taxi:2457:6,taxi,2457,6,agent,2,train,0
taxi:2457:7,taxi,2457,7,user,3,train,1
taxi:2457:8,taxi,2457,8,agent,2,train,0
taxi:2457:9,taxi,2457,9,user,3,train,1
taxi:2458:1,taxi,2458,1,user,3,train,0
taxi:2458:2,taxi,2458,2,agent,2,train,0
taxi:2458:3,taxi,2458,3,user,3,train,1
taxi:2458:4,taxi,2458,4,agent,2,train,0
taxi:2459:1,taxi,2459,1,user,2,train,0
taxi:2459:2,taxi,2459,2,agent,3,train,0
taxi:2459:3,taxi,2459,3,user,3,train,1
taxi:2459:4,taxi,2459,4,agent,1,train,0
taxi:2459:5,taxi,2459,5,user,0,train,0
taxi:2459:6,taxi,2459,6,agent,2,train,0
taxi:2459:7,taxi,2459,7,user,3,train,1
taxi:2459:8,taxi,2459,8,agent,2,train,0
taxi:2459:9,taxi,2459,9,user,3,train,1
taxi:2459:10,taxi,2459,10,agent,2,train,0
taxi:2459:11,taxi,2459,11,user,3,train,1
taxi:2460:1,taxi,2460,1,user,3,train,0
taxi:2460:2,taxi,2460,2,agent,2,train,0
taxi:2460:3,taxi,2460,3,user,3,train,1
taxi:2460:4,taxi,2460,4,agent,2,train,0
taxi:2461:1,taxi,2461,1,user,2,train,0
taxi:2461:2,taxi,2461,2,agent,2,train,1
taxi:2461:3,taxi,2461,3,user,3,train,1
taxi:2461:4,taxi,2461,4,agent,2,train,1
taxi:2462:1,taxi,2462,1,user,3,train,1
taxi:2462:2,taxi,2462,2,agent,3,train,1
taxi:2462:3,taxi,2462,3,user,3,train,1
taxi:2462:4,taxi,2462,4,agent,2,train,1
taxi:2462:5,taxi,2462,5,user,3,train,1
taxi:2462:6,taxi,2462,6,agent,2,train,0
taxi:2462:7,taxi,2462,7,user,3,train,1
taxi:2462:8,taxi,2462,8,agent,2,train,0
taxi:2463:1,taxi,2463,1,user,1,train,0
taxi:2463:2,taxi,2463,2,agent,3,train,0
taxi:2463:3,taxi,2463,3,user,0,train,1
taxi:2463:4,taxi,2463,4,agent,1,train,0
taxi:2463:5,taxi,2463,5,user,0,train,1
taxi:2463:6,taxi,2463,6,agent,2,train,0
taxi:2463:7,taxi,2463,7,user,0,train,0
taxi:2463:8,taxi,2463,8,agent,2,train,1
taxi:2463:9,taxi,2463,9,user,3,train,1
taxi:2464:1,taxi,2464,1,user,3,train,1
taxi:2464:2,taxi,2464,2,agent,3,train,1
taxi:2464:3,taxi,2464,3,user,2,train,0
taxi:2464:4,taxi,2464,4,agent,2,train,0
taxi:2464:5,taxi,2464,5,user,2,train,0
taxi:2464:6,taxi,2464,6,agent,2,train,0
taxi:2465:1,taxi,2465,1,user,3,train,1
taxi:2465:2,taxi,2465,2,agent,3,train,1
taxi:2465:3,taxi,2465,3,user,2,train,1
taxi:2465:4,taxi,2465,4,agent,2,train,0
taxi:2465:5,taxi,2465,5,user,3,train,0
taxi:2465:6,taxi,2465,6,agent,2,train,0
taxi:2465:7,taxi,2465,7,user,0,train,0
taxi:2465:8,taxi,2465,8,agent,2,train,1
taxi:2466:1,taxi,2466,1,user,3,test,1
taxi:2466:2,taxi,2466,2,agent,3,test,0
taxi:2466:3,taxi,2466,3,user,3,test,1
taxi:2466:4,taxi,2466,4,agent,2,test,0
taxi:2466:5,taxi,2466,5,user,0,test,1
taxi:2466:6,taxi,2466,6,agent,2,test,0
taxi:2467:1,taxi,2467,1,user,1,train,0
taxi:2467:2,taxi,2467,2,agent,3,train,0
taxi:2467:3,taxi,2467,3,user,2,train,0
taxi:2467:4,taxi,2467,4,agent,2,train,0
taxi:2467:5,taxi,2467,5,user,3,train,1
taxi:2467:6,taxi,2467,6,agent,2,train,0
taxi:2468:1,taxi,2468,1,user,3,validation,1
taxi:2468:2,taxi,2468,2,agent,3,validation,1
taxi:2468:3,taxi,2468,3,user,3,validation,1
taxi:2468:4,taxi,2468,4,agent,1,validation,0
taxi:2468:5,taxi,2468,5,user,0,validation,0
taxi:2468:6,taxi,2468,6,agent,2,validation,1
taxi:2468:7,taxi,2468,7,user,0,validation,0
taxi:2468:8,taxi,2468,8,agent,2,validation,0
taxi:2469:1,taxi,2469,1,user,3,test,0
taxi:2469:2,taxi,2469,2,agent,3,test,1
taxi:2469:3,taxi,2469,3,user,3,test,1
taxi:2469:4,taxi,2469,4,agent,2,test,0
taxi:2469:5,taxi,2469,5,user,3,test,1
taxi:2469:6,taxi,2469,6,agent,2,test,0
taxi:2470:1,taxi,2470,1,user,3,train,1
taxi:2470:2,taxi,2470,2,agent,3,train,0
taxi:2470:3,taxi,2470,3,user,0,train,0
taxi:2470:4,taxi,2470,4,agent,1,train,0
taxi:2470:5,taxi,2470,5,user,0,train,1
taxi:2470:6,taxi,2470,6,agent,2,train,1
taxi:2470:7,taxi,2470,7,user,0,train,0
taxi:2470:8,taxi,2470,8,agent,3,train,1
taxi:2470:9,taxi,2470,9,user,2,train,0
taxi:2470:10,taxi,2470,10,agent,2,train,0
taxi:2470:11,taxi,2470,11,user,3,train,0
taxi:2471:1,taxi,2471,1,user,1,train,0
taxi:2471:2,taxi,2471,2,agent,3,train,0
taxi:2471:3,taxi,2471,3,user,0,train,0
taxi:2471:4,taxi,2471,4,agent,1,train,1
taxi:2471:5,taxi,2471,5,user,3,train,0
taxi:2471:6,taxi,2471,6,agent,2,train,0
taxi:2471:7,taxi,2471,7,user,0,train,0
taxi:2471:8,taxi,2471,8,agent,2,train,0
taxi:2472:1,taxi,2472,1,user,3,train,1
taxi:2472:2,taxi,2472,2,agent,3,train,1
taxi:2472:3,taxi,2472,3,user,0,train,0
taxi:2472:4,taxi,2472,4,agent,1,train,0
taxi:2472:5,taxi,2472,5,user,0,train,0
taxi:2472:6,taxi,2472,6,agent,2,train,0
taxi:2472:7,taxi,2472,7,user,2,train,1
taxi:2472:8,taxi,2472,8,agent,2,train,1
taxi:2472:9,taxi,2472,9,user,3,train,1
taxi:2473:1,taxi,2473,1,user,0,test,0
taxi:2473:2,taxi,2473,2,agent,3,test,0
taxi:2473:3,taxi,2473,3,user,0,test,0
taxi:2473:4,taxi,2473,4,agent,1,test,0
taxi:2473:5,taxi,2473,5,user,0,test,0
taxi:2473:6,taxi,2473,6,agent,2,test,0
taxi:2473:7,taxi,2473,7,user,0,test,0
taxi:2473:8,taxi,2473,8,agent,2,test,0
taxi:2474:1,taxi,2474,1,user,3,test,1
taxi:2474:2,taxi,2474,2,agent,3,test,1
taxi:2474:3,taxi,2474,3,user,0,test,1
taxi:2474:4,taxi,2474,4,agent,1,test,0
taxi:2474:5,taxi,2474,5,user,0,test,0
taxi:2474:6,taxi,2474,6,agent,2,test,0
taxi:2474:7,taxi,2474,7,user,2,test,0
taxi:2474:8,taxi,2474,8,agent,2,test,0
taxi:2474:9,taxi,2474,9,user,3,test,0
taxi:2475:1,taxi,2475,1,user,3,train,1
taxi:2475:2,taxi,2475,2,agent,0,train,1
taxi:2475:3,taxi,2475,3,user,0,train,0
taxi:2475:4,taxi,2475,4,agent,2,train,0
taxi:2475:5,taxi,2475,5,user,3,train,1
taxi:2475:6,taxi,2475,6,agent,2,train,0
taxi:2475:7,taxi,2475,7,user,3,train,0
taxi:2476:1,taxi,2476,1,user,3,train,1
taxi:2476:2,taxi,2476,2,agent,3,train,1
taxi:2476:3,taxi,2476,3,user,3,train,1
taxi:2476:4,taxi,2476,4,agent,1,train,0
taxi:2476:5,taxi,2476,5,user,3,train,1
taxi:2476:6,taxi,2476,6,agent,1,train,1
taxi:2476:7,taxi,2476,7,user,0,train,0
taxi:2476:8,taxi,2476,8,agent,2,train,0
taxi:2476:9,taxi,2476,9,user,3,train,0
taxi:2476:10,taxi,2476,10,agent,2,train,0
taxi:2476:11,taxi,2476,11,user,3,train,1
taxi:2477:1,taxi,2477,1,user,0,test,0
taxi:2477:2,taxi,2477,2,agent,1,test,0
taxi:2477:3,taxi,2477,3,user,2,test,1
taxi:2477:4,taxi,2477,4,agent,2,test,0
taxi:2477:5,taxi,2477,5,user,0,test,1
taxi:2477:6,taxi,2477,6,agent,2,test,1
taxi:2478:1,taxi,2478,1,user,2,train,0
taxi:2478:2,taxi,2478,2,agent,0,train,0
taxi:2478:3,taxi,2478,3,user,0,train,1
taxi:2478:4,taxi,2478,4,agent,2,train,0
taxi:2478:5,taxi,2478,5,user,0,train,0
taxi:2478:6,taxi,2478,6,agent,2,train,0
taxi:2479:1,taxi,2479,1,user,1,validation,1
taxi:2479:2,taxi,2479,2,agent,3,validation,0
taxi:2479:3,taxi,2479,3,user,0,validation,0
taxi:2479:4,taxi,2479,4,agent,1,validation,0
taxi:2479:5,taxi,2479,5,user,0,validation,0
taxi:2479:6,taxi,2479,6,agent,2,validation,1
taxi:2479:7,taxi,2479,7,user,0,validation,1
taxi:2479:8,taxi,2479,8,agent,2,validation,0
taxi:2480:1,taxi,2480,1,user,3,train,1
taxi:2480:2,taxi,2480,2,agent,3,train,1
taxi:2480:3,taxi,2480,3,user,2,train,0
taxi:2480:4,taxi,2480,4,agent,2,train,1
taxi:2480:5,taxi,2480,5,user,3,train,0
taxi:2480:6,taxi,2480,6,agent,2,train,0
taxi:2481:1,taxi,2481,1,user,3,test,1
taxi:2481:2,taxi,2481,2,user,3,test,1
taxi:2481:3,taxi,2481,3,agent,3,test,0
taxi:2481:4,taxi,2481,4,user,3,test,1
taxi:2481:5,taxi,2481,5,agent,0,test,0
taxi:2481:6,taxi,2481,6,user,0,test,0
taxi:2481:7,taxi,2481,7,agent,2,test,0
taxi:2481:8,taxi,2481,8,user,3,test,1
taxi:2481:9,taxi,2481,9,agent,2,test,0
taxi:2481:10,taxi,2481,10,user,3,test,1
taxi:2482:1,taxi,2482,1,user,3,train,0
taxi:2482:2,taxi,2482,2,agent,3,train,1
taxi:2482:3,taxi,2482,3,user,3,train,1
taxi:2482:4,taxi,2482,4,agent,2,train,0
taxi:2483:1,taxi,2483,1,user,3,train,1
taxi:2483:2,taxi,2483,2,agent,3,train,1
taxi:2483:3,taxi,2483,3,user,2,train,0
taxi:2483:4,taxi,2483,4,agent,0,train,1
taxi:2483:5,taxi,2483,5,user,0,train,0
taxi:2483:6,taxi,2483,6,agent,1,train,1
taxi:2483:7,taxi,2483,7,user,0,train,1
taxi:2483:8,taxi,2483,8,agent,2,train,0
taxi:2483:9,taxi,2483,9,user,0,train,0
taxi:2483:10,taxi,2483,10,agent,2,train,0
taxi:2483:11,taxi,2483,11,user,3,train,0
taxi:2484:1,taxi,2484,1,user,3,train,1
taxi:2484:2,taxi,2484,2,agent,3,train,1
taxi:2484:3,taxi,2484,3,user,2,train,0
taxi:2484:4,taxi,2484,4,agent,2,train,0
taxi:2484:5,taxi,2484,5,user,0,train,0
taxi:2484:6,taxi,2484,6,agent,2,train,1
taxi:2485:1,taxi,2485,1,user,1,train,1
taxi:2485:2,taxi,2485,2,agent,3,train,1
taxi:2485:3,taxi,2485,3,user,2,train,0
taxi:2485:4,taxi,2485,4,agent,0,train,1
taxi:2485:5,taxi,2485,5,user,2,train,0
taxi:2485:6,taxi,2485,6,agent,2,train,1
taxi:2485:7,taxi,2485,7,user,0,train,0
taxi:2485:8,taxi,2485,8,agent,2,train,0
taxi:2485:9,taxi,2485,9,user,0,train,0
taxi:2485:10,taxi,2485,10,agent,2,train,1
taxi:2485:11,taxi,2485,11,user,3,train,1
taxi:2486:1,taxi,2486,1,user,3,train,1
taxi:2486:2,taxi,2486,2,agent,2,train,0
taxi:2486:3,taxi,2486,3,user,3,train,1
taxi:2486:4,taxi,2486,4,agent,3,train,1
taxi:2487:1,taxi,2487,1,user,2,train,0
taxi:2487:2,taxi,2487,2,agent,3,train,1
taxi:2487:3,taxi,2487,3,user,0,train,0
taxi:2487:4,taxi,2487,4,agent,1,train,0
taxi:2487:5,taxi,2487,5,user,3,train,1
taxi:2487:6,taxi,2487,6,agent,1,train,1
taxi:2487:7,taxi,2487,7,user,0,train,0
taxi:2487:8,taxi,2487,8,agent,2,train,1
taxi:2487:9,taxi,2487,9,user,2,train,0
taxi:2487:10,taxi,2487,10,agent,2,train,1
taxi:2487:11,taxi,2487,11,user,3,train,0
taxi:2488:1,taxi,2488,1,user,3,test,1
taxi:2488:2,taxi,2488,2,agent,3,test,1
taxi:2488:3,taxi,2488,3,user,0,test,0
taxi:2488:4,taxi,2488,4,agent,2,test,0
taxi:2488:5,taxi,2488,5,user,0,test,1
taxi:2488:6,taxi,2488,6,agent,2,test,1
taxi:2488:7,taxi,2488,7,user,0,test,0
taxi:2488:8,taxi,2488,8,agent,2,test,1
taxi:2488:9,taxi,2488,9,user,3,test,0
taxi:2489:1,taxi,2489,1,user,3,test,1
taxi:2489:2,taxi,2489,2,agent,3,test,1
taxi:2489:3,taxi,2489,3,user,2,test,0
taxi:2489:4,taxi,2489,4,agent,2,test,1
taxi:2489:5,taxi,2489,5,user,0,test,0
taxi:2489:6,taxi,2489,6,agent,2,test,1
taxi:2490:1,taxi,2490,1,user,3,test,1
taxi:2490:2,taxi,2490,2,agent,3,test,1
taxi:2490:3,taxi,2490,3,user,0,test,0
taxi:2490:4,taxi,2490,4,agent,1,test,0
taxi:2490:5,taxi,2490,5,user,0,test,0
taxi:2490:6,taxi,2490,6,agent,1,test,0
taxi:2490:7,taxi,2490,7,user,0,test,0
taxi:2490:8,taxi,2490,8,agent,2,test,0
taxi:2490:9,taxi,2490,9,user,0,test,0
taxi:2490:10,taxi,2490,10,agent,2,test,0
taxi:2490:11,taxi,2490,11,user,3,test,1
taxi:2491:1,taxi,2491,1,user,3,test,1
taxi:2491:2,taxi,2491,2,agent,3,test,1
taxi:2491:3,taxi,2491,3,user,2,test,0
taxi:2491:4,taxi,2491,4,agent,2,test,0
taxi:2491:5,taxi,2491,5,user,0,test,0
taxi:2491:6,taxi,2491,6,agent,2,test,0
taxi:2492:1,taxi,2492,1,user,3,train,1
taxi:2492:2,taxi,2492,2,agent,3,train,0
taxi:2492:3,taxi,2492,3,user,2,train,0
taxi:2492:4,taxi,2492,4,agent,2,train,0
taxi:2492:5,taxi,2492,5,user,0,train,0
taxi:2492:6,taxi,2492,6,agent,2,train,0
taxi:2493:1,taxi,2493,1,user,3,validation,1
taxi:2493:2,taxi,2493,2,agent,3,validation,1
taxi:2493:3,taxi,2493,3,user,2,validation,0
taxi:2493:4,taxi,2493,4,agent,1,validation,0
taxi:2493:5,taxi,2493,5,user,0,validation,0
taxi:2493:6,taxi,2493,6,agent,2,validation,0
taxi:2493:7,taxi,2493,7,user,0,validation,0
taxi:2493:8,taxi,2493,8,agent,2,validation,1
taxi:2494:1,taxi,2494,1,user,3,train,1
taxi:2494:2,taxi,2494,2,agent,3,train,1
taxi:2494:3,taxi,2494,3,user,2,train,0
taxi:2494:4,taxi,2494,4,agent,2,train,0
taxi:2494:5,taxi,2494,5,user,0,train,0
taxi:2494:6,taxi,2494,6,agent,2,train,0
taxi:2495:1,taxi,2495,1,user,3,train,1
taxi:2495:2,taxi,2495,2,agent,3,train,1
taxi:2495:3,taxi,2495,3,user,2,train,0
taxi:2495:4,taxi,2495,4,agent,2,train,0
taxi:2495:5,taxi,2495,5,user,0,train,0
taxi:2495:6,taxi,2495,6,agent,2,train,1
taxi:2496:1,taxi,2496,1,user,3,train,1
taxi:2496:2,taxi,2496,2,agent,3,train,0
taxi:2496:3,taxi,2496,3,user,2,train,0
taxi:2496:4,taxi,2496,4,agent,3,train,1
taxi:2496:5,taxi,2496,5,user,0,train,0
taxi:2496:6,taxi,2496,6,agent,2,train,0
taxi:2496:7,taxi,2496,7,user,0,train,0
taxi:2496:8,taxi,2496,8,agent,2,train,0
taxi:2497:1,taxi,2497,1,user,3,test,1
taxi:2497:2,taxi,2497,2,agent,3,test,1
taxi:2497:3,taxi,2497,3,user,2,test,0
taxi:2497:4,taxi,2497,4,agent,2,test,1
taxi:2497:5,taxi,2497,5,user,0,test,0
taxi:2497:6,taxi,2497,6,agent,2,test,0
taxi:2498:1,taxi,2498,1,user,3,train,0
taxi:2498:2,taxi,2498,2,agent,3,train,1
taxi:2498:3,taxi,2498,3,user,2,train,0
taxi:2498:4,taxi,2498,4,agent,2,train,0
taxi:2498:5,taxi,2498,5,user,0,train,1
taxi:2498:6,taxi,2498,6,agent,2,train,0
taxi:2499:1,taxi,2499,1,user,3,train,1
taxi:2499:2,taxi,2499,2,agent,3,train,1
taxi:2499:3,taxi,2499,3,user,3,train,1
taxi:2499:4,taxi,2499,4,agent,2,train,1
taxi:2499:5,taxi,2499,5,user,0,train,1
taxi:2499:6,taxi,2499,6,agent,0,train,0
taxi:2499:7,taxi,2499,7,user,0,train,1
taxi:2499:8,taxi,2499,8,agent,2,train,0
taxi:2499:9,taxi,2499,9,user,3,train,1
taxi:2499:10,taxi,2499,10,agent,2,train,0
taxi:2499:11,taxi,2499,11,user,3,train,0
taxi:2500:1,taxi,2500,1,user,3,test,1
taxi:2500:2,taxi,2500,2,agent,3,test,1
taxi:2500:3,taxi,2500,3,user,2,test,0
taxi:2500:4,taxi,2500,4,agent,2,test,0
taxi:2500:5,taxi,2500,5,user,0,test,0
taxi:2500:6,taxi,2500,6,agent,2,test,1
taxi:2501:1,taxi,2501,1,user,3,test,1
taxi:2501:2,taxi,2501,2,agent,3,test,1
taxi:2501:3,taxi,2501,3,user,2,test,0
taxi:2501:4,taxi,2501,4,agent,2,test,1
taxi:2501:5,taxi,2501,5,user,0,test,1
taxi:2501:6,taxi,2501,6,agent,2,test,0
taxi:2502:1,taxi,2502,1,user,3,train,0
taxi:2502:2,taxi,2502,2,agent,3,train,1
taxi:2502:3,taxi,2502,3,user,2,train,0
taxi:2502:4,taxi,2502,4,agent,2,train,0
taxi:2502:5,taxi,2502,5,user,0,train,0
taxi:2502:6,taxi,2502,6,agent,2,train,0
taxi:2503:1,taxi,2503,1,user,2,validation,1
taxi:2503:2,taxi,2503,2,agent,2,validation,0
taxi:2503:3,taxi,2503,3,user,0,validation,1
taxi:2503:4,taxi,2503,4,agent,2,validation,0
taxi:2503:5,taxi,2503,5,user,3,validation,0
taxi:2503:6,taxi,2503,6,agent,2,validation,0
taxi:2503:7,taxi,2503,7,user,3,validation,0
taxi:2504:1,taxi,2504,1,user,3,train,1
taxi:2504:2,taxi,2504,2,agent,3,train,1
taxi:2504:3,taxi,2504,3,user,2,train,0
taxi:2504:4,taxi,2504,4,agent,1,train,0
taxi:2504:5,taxi,2504,5,user,0,train,0
taxi:2504:6,taxi,2504,6,agent,1,train,1
taxi:2504:7,taxi,2504,7,user,0,train,0
taxi:2504:8,taxi,2504,8,agent,2,train,0
taxi:2504:9,taxi,2504,9,user,2,train,0
taxi:2504:10,taxi,2504,10,agent,2,train,0
taxi:2504:11,taxi,2504,11,user,3,train,0
taxi:2505:1,taxi,2505,1,user,3,train,1
taxi:2505:2,taxi,2505,2,agent,3,train,0
taxi:2505:3,taxi,2505,3,user,2,train,0
taxi:2505:4,taxi,2505,4,agent,1,train,0
taxi:2505:5,taxi,2505,5,user,2,train,1
taxi:2505:6,taxi,2505,6,agent,1,train,0
taxi:2505:7,taxi,2505,7,user,2,train,0
taxi:2505:8,taxi,2505,8,agent,2,train,0
taxi:2505:9,taxi,2505,9,user,2,train,0
taxi:2505:10,taxi,2505,10,agent,2,train,0
taxi:2505:11,taxi,2505,11,user,3,train,1
taxi:2506:1,taxi,2506,1,user,3,train,1
taxi:2506:2,taxi,2506,2,agent,0,train,0
taxi:2506:3,taxi,2506,3,user,2,train,0
taxi:2506:4,taxi,2506,4,agent,2,train,1
taxi:2506:5,taxi,2506,5,user,0,train,0
taxi:2506:6,taxi,2506,6,agent,2,train,1
taxi:2507:1,taxi,2507,1,user,3,train,1
taxi:2507:2,taxi,2507,2,agent,3,train,1
taxi:2507:3,taxi,2507,3,user,2,train,0
taxi:2507:4,taxi,2507,4,agent,2,train,0
taxi:2507:5,taxi,2507,5,user,0,train,1
taxi:2507:6,taxi,2507,6,agent,2,train,0
taxi:2508:1,taxi,2508,1,user,3,validation,1
taxi:2508:2,taxi,2508,2,agent,3,validation,1
taxi:2508:3,taxi,2508,3,user,2,validation,0
taxi:2508:4,taxi,2508,4,agent,2,validation,0
taxi:2508:5,taxi,2508,5,user,0,validation,0
taxi:2508:6,taxi,2508,6,agent,2,validation,1
taxi:2509:1,taxi,2509,1,user,3,train,1
taxi:2509:2,taxi,2509,2,agent,1,train,0
taxi:2509:3,taxi,2509,3,user,3,train,1
taxi:2509:4,taxi,2509,4,agent,2,train,0
taxi:2509:5,taxi,2509,5,user,2,train,0
taxi:2509:6,taxi,2509,6,agent,2,train,0
taxi:2509:7,taxi,2509,7,user,0,train,1
taxi:2509:8,taxi,2509,8,agent,1,train,0
taxi:2509:9,taxi,2509,9,user,2,train,0
taxi:2509:10,taxi,2509,10,agent,2,train,0
taxi:2510:1,taxi,2510,1,user,3,test,1
taxi:2510:2,taxi,2510,2,agent,3,test,1
taxi:2510:3,taxi,2510,3,user,2,test,0
taxi:2510:4,taxi,2510,4,agent,2,test,0
taxi:2510:5,taxi,2510,5,user,0,test,0
taxi:2510:6,taxi,2510,6,agent,2,test,0
taxi:2511:1,taxi,2511,1,user,3,train,1
taxi:2511:2,taxi,2511,2,agent,3,train,1
taxi:2511:3,taxi,2511,3,user,2,train,0
taxi:2511:4,taxi,2511,4,agent,2,train,0
taxi:2511:5,taxi,2511,5,user,0,train,0
taxi:2511:6,taxi,2511,6,agent,2,train,0
taxi:2512:1,taxi,2512,1,user,3,train,1
taxi:2512:2,taxi,2512,2,agent,2,train,0
taxi:2512:3,taxi,2512,3,user,2,train,0
taxi:2512:4,taxi,2512,4,agent,2,train,0
taxi:2512:5,taxi,2512,5,user,0,train,0
taxi:2512:6,taxi,2512,6,agent,2,train,0
taxi:2513:1,taxi,2513,1,user,3,train,1
taxi:2513:2,taxi,2513,2,agent,3,train,0
taxi:2513:3,taxi,2513,3,user,2,train,0
taxi:2513:4,taxi,2513,4,agent,2,train,1
taxi:2513:5,taxi,2513,5,user,0,train,1
taxi:2513:6,taxi,2513,6,agent,2,train,1
taxi:2514:1,taxi,2514,1,user,3,train,1
taxi:2514:2,taxi,2514,2,agent,3,train,1
taxi:2514:3,taxi,2514,3,user,0,train,0
taxi:2514:4,taxi,2514,4,agent,2,train,0
taxi:2514:5,taxi,2514,5,user,0,train,0
taxi:2514:6,taxi,2514,6,agent,2,train,0
taxi:2514:7,taxi,2514,7,user,3,train,1
taxi:2515:1,taxi,2515,1,user,2,test,0
taxi:2515:2,taxi,2515,2,agent,3,test,1
taxi:2515:3,taxi,2515,3,user,0,test,0
taxi:2515:4,taxi,2515,4,agent,1,test,0
taxi:2515:5,taxi,2515,5,user,2,test,0
taxi:2515:6,taxi,2515,6,agent,1,test,1
taxi:2515:7,taxi,2515,7,user,0,test,1
taxi:2515:8,taxi,2515,8,agent,2,test,0
taxi:2515:9,taxi,2515,9,user,3,test,0
taxi:2515:10,taxi,2515,10,agent,2,test,0
taxi:2515:11,taxi,2515,11,user,3,test,0
taxi:2516:1,taxi,2516,1,user,3,train,1
taxi:2516:2,taxi,2516,2,agent,3,train,1
taxi:2516:3,taxi,2516,3,user,2,train,1
taxi:2516:4,taxi,2516,4,agent,2,train,1
taxi:2516:5,taxi,2516,5,user,0,train,0
taxi:2516:6,taxi,2516,6,agent,2,train,0
taxi:2517:1,taxi,2517,1,user,3,test,0
taxi:2517:2,taxi,2517,2,agent,3,test,0
taxi:2517:3,taxi,2517,3,user,0,test,1
taxi:2517:4,taxi,2517,4,agent,1,test,0
taxi:2517:5,taxi,2517,5,user,0,test,0
taxi:2517:6,taxi,2517,6,agent,1,test,0
taxi:2517:7,taxi,2517,7,user,0,test,1
taxi:2517:8,taxi,2517,8,agent,2,test,0
taxi:2517:9,taxi,2517,9,user,0,test,0
taxi:2517:10,taxi,2517,10,agent,2,test,0
taxi:2517:11,taxi,2517,11,user,3,test,0
taxi:2518:1,taxi,2518,1,user,3,train,1
taxi:2518:2,taxi,2518,2,agent,3,train,0
taxi:2518:3,taxi,2518,3,user,0,train,0
taxi:2518:4,taxi,2518,4,agent,2,train,0
taxi:2518:5,taxi,2518,5,user,0,train,0
taxi:2518:6,taxi,2518,6,agent,2,train,1
taxi:2518:7,taxi,2518,7,user,3,train,1
taxi:2519:1,taxi,2519,1,user,3,train,1
taxi:2519:2,taxi,2519,2,agent,3,train,1
taxi:2519:3,taxi,2519,3,user,2,train,1
taxi:2519:4,taxi,2519,4,agent,3,train,0
taxi:2519:5,taxi,2519,5,user,0,train,0
taxi:2519:6,taxi,2519,6,agent,2,train,0
taxi:2519:7,taxi,2519,7,user,0,train,1
taxi:2519:8,taxi,2519,8,agent,2,train,1
taxi:2520:1,taxi,2520,1,user,3,train,1
taxi:2520:2,taxi,2520,2,agent,3,train,1
taxi:2520:3,taxi,2520,3,user,2,train,0
taxi:2520:4,taxi,2520,4,agent,2,train,0
taxi:2520:5,taxi,2520,5,user,0,train,0
taxi:2520:6,taxi,2520,6,agent,2,train,0
taxi:2521:1,taxi,2521,1,user,2,test,0
taxi:2521:2,taxi,2521,2,agent,3,test,1
taxi:2521:3,taxi,2521,3,user,0,test,0
taxi:2521:4,taxi,2521,4,agent,1,test,1
taxi:2521:5,taxi,2521,5,user,0,test,0
taxi:2521:6,taxi,2521,6,agent,1,test,0
taxi:2521:7,taxi,2521,7,user,0,test,1
taxi:2521:8,taxi,2521,8,agent,2,test,0
taxi:2521:9,taxi,2521,9,user,3,test,1
taxi:2521:10,taxi,2521,10,agent,2,test,0
taxi:2521:11,taxi,2521,11,user,3,test,1
taxi:2522:1,taxi,2522,1,user,3,train,0
taxi:2522:2,taxi,2522,2,agent,3,train,0
taxi:2522:3,taxi,2522,3,user,2,train,0
taxi:2522:4,taxi,2522,4,agent,2,train,1
taxi:2522:5,taxi,2522,5,user,0,train,0
taxi:2522:6,taxi,2522,6,agent,2,train,0
taxi:2523:1,taxi,2523,1,user,3,test,1
taxi:2523:2,taxi,2523,2,agent,3,test,0
taxi:2523:3,taxi,2523,3,user,2,test,0
taxi:2523:4,taxi,2523,4,agent,2,test,0
taxi:2523:5,taxi,2523,5,user,0,test,0
taxi:2523:6,taxi,2523,6,agent,2,test,0
taxi:2524:1,taxi,2524,1,user,2,train,1
taxi:2524:2,taxi,2524,2,agent,3,train,1
taxi:2524:3,taxi,2524,3,user,2,train,1
taxi:2524:4,taxi,2524,4,agent,1,train,0
taxi:2524:5,taxi,2524,5,user,0,train,0
taxi:2524:6,taxi,2524,6,agent,2,train,0
taxi:2524:7,taxi,2524,7,user,2,train,0
taxi:2524:8,taxi,2524,8,agent,2,train,1
taxi:2524:9,taxi,2524,9,user,3,train,1
taxi:2525:1,taxi,2525,1,user,3,train,1
taxi:2525:2,taxi,2525,2,agent,3,train,0
taxi:2525:3,taxi,2525,3,user,1,train,1
taxi:2525:4,taxi,2525,4,agent,2,train,0
taxi:2525:5,taxi,2525,5,user,0,train,0
taxi:2525:6,taxi,2525,6,agent,2,train,0
taxi:2526:1,taxi,2526,1,user,3,train,0
taxi:2526:2,taxi,2526,2,agent,3,train,0
taxi:2526:3,taxi,2526,3,user,3,train,1
taxi:2526:4,taxi,2526,4,agent,2,train,0
taxi:2526:5,taxi,2526,5,user,0,train,0
taxi:2526:6,taxi,2526,6,agent,2,train,0
taxi:2526:7,taxi,2526,7,user,0,train,0
taxi:2526:8,taxi,2526,8,agent,2,train,0
taxi:2526:9,taxi,2526,9,user,3,train,1
taxi:2527:1,taxi,2527,1,user,3,test,0
taxi:2527:2,taxi,2527,2,agent,3,test,0
taxi:2527:3,taxi,2527,3,user,2,test,0
taxi:2527:4,taxi,2527,4,agent,2,test,1
taxi:2527:5,taxi,2527,5,user,0,test,1
taxi:2527:6,taxi,2527,6,agent,2,test,0
taxi:2528:1,taxi,2528,1,user,2,train,1
taxi:2528:2,taxi,2528,2,agent,2,train,1
taxi:2528:3,taxi,2528,3,user,0,train,0
taxi:2528:4,taxi,2528,4,agent,2,train,0
taxi:2529:1,taxi,2529,1,user,2,train,0
taxi:2529:2,taxi,2529,2,agent,3,train,1
taxi:2529:3,taxi,2529,3,user,0,train,1
taxi:2529:4,taxi,2529,4,agent,1,train,0
taxi:2529:5,taxi,2529,5,user,0,train,0
taxi:2529:6,taxi,2529,6,agent,1,train,0
taxi:2529:7,taxi,2529,7,user,0,train,0
taxi:2529:8,taxi,2529,8,agent,2,train,0
taxi:2529:9,taxi,2529,9,user,3,train,1
taxi:2529:10,taxi,2529,10,agent,2,train,0
taxi:2529:11,taxi,2529,11,user,3,train,1
taxi:2530:1,taxi,2530,1,user,2,train,0
taxi:2530:2,taxi,2530,2,agent,0,train,0
taxi:2530:3,taxi,2530,3,user,0,train,0
taxi:2530:4,taxi,2530,4,agent,1,train,0
taxi:2530:5,taxi,2530,5,user,0,train,0
taxi:2530:6,taxi,2530,6,agent,2,train,0
taxi:2530:7,taxi,2530,7,user,0,train,0
taxi:2530:8,taxi,2530,8,agent,2,train,1
taxi:2531:1,taxi,2531,1,user,1,train,0
taxi:2531:2,taxi,2531,2,agent,3,train,1
taxi:2531:3,taxi,2531,3,user,0,train,0
taxi:2531:4,taxi,2531,4,agent,1,train,0
taxi:2531:5,taxi,2531,5,user,0,train,0
taxi:2531:6,taxi,2531,6,agent,2,train,0
taxi:2531:7,taxi,2531,7,user,0,train,0
taxi:2531:8,taxi,2531,8,agent,2,train,0
taxi:2532:1,taxi,2532,1,user,1,train,0
taxi:2532:2,taxi,2532,2,agent,3,train,0
taxi:2532:3,taxi,2532,3,user,3,train,1
taxi:2532:4,taxi,2532,4,agent,1,train,0
taxi:2532:5,taxi,2532,5,user,0,train,1
taxi:2532:6,taxi,2532,6,agent,2,train,0
taxi:2532:7,taxi,2532,7,user,0,train,0
taxi:2532:8,taxi,2532,8,agent,2,train,1
taxi:2533:1,taxi,2533,1,user,1,train,1
taxi:2533:2,taxi,2533,2,agent,3,train,1
taxi:2533:3,taxi,2533,3,user,0,train,0
taxi:2533:4,taxi,2533,4,agent,1,train,0
taxi:2533:5,taxi,2533,5,user,0,train,0
taxi:2533:6,taxi,2533,6,agent,2,train,0
taxi:2533:7,taxi,2533,7,user,0,train,0
taxi:2533:8,taxi,2533,8,agent,2,train,0
taxi:2534:1,taxi,2534,1,user,1,train,0
taxi:2534:2,taxi,2534,2,agent,3,train,0
taxi:2534:3,taxi,2534,3,user,0,train,0
taxi:2534:4,taxi,2534,4,agent,2,train,0
taxi:2534:5,taxi,2534,5,user,0,train,0
taxi:2534:6,taxi,2534,6,agent,2,train,1
taxi:2535:1,taxi,2535,1,user,3,test,0
taxi:2535:2,taxi,2535,2,agent,3,test,1
taxi:2535:3,taxi,2535,3,user,3,test,1
taxi:2535:4,taxi,2535,4,agent,1,test,1
taxi:2535:5,taxi,2535,5,user,0,test,0
taxi:2535:6,taxi,2535,6,agent,2,test,0
taxi:2535:7,taxi,2535,7,user,3,test,1
taxi:2535:8,taxi,2535,8,agent,2,test,0
taxi:2535:9,taxi,2535,9,user,3,test,0
taxi:2536:1,taxi,2536,1,user,2,train,0
taxi:2536:2,taxi,2536,2,agent,3,train,1
taxi:2536:3,taxi,2536,3,user,0,train,0
taxi:2536:4,taxi,2536,4,agent,2,train,0
taxi:2536:5,taxi,2536,5,user,0,train,0
taxi:2536:6,taxi,2536,6,agent,2,train,0
taxi:2536:7,taxi,2536,7,user,0,train,0
taxi:2536:8,taxi,2536,8,agent,2,train,0
taxi:2536:9,taxi,2536,9,user,2,train,0
taxi:2536:10,taxi,2536,10,agent,2,train,0
taxi:2536:11,taxi,2536,11,user,2,train,0
taxi:2536:12,taxi,2536,12,agent,2,train,0
taxi:2536:13,taxi,2536,13,user,3,train,0
taxi:2537:1,taxi,2537,1,user,2,train,1
taxi:2537:2,taxi,2537,2,agent,2,train,0
taxi:2537:3,taxi,2537,3,user,3,train,1
taxi:2537:4,taxi,2537,4,agent,2,train,0
taxi:2538:1,taxi,2538,1,user,3,test,0
taxi:2538:2,taxi,2538,2,agent,1,test,0
taxi:2538:3,taxi,2538,3,user,2,test,0
taxi:2538:4,taxi,2538,4,agent,2,test,0
taxi:2538:5,taxi,2538,5,user,3,test,1
taxi:2538:6,taxi,2538,6,agent,2,test,0
taxi:2538:7,taxi,2538,7,user,3,test,0
taxi:2539:1,taxi,2539,1,user,3,train,1
taxi:2539:2,taxi,2539,2,agent,3,train,1
taxi:2539:3,taxi,2539,3,user,2,train,0
taxi:2539:4,taxi,2539,4,agent,2,train,0
taxi:2540:1,taxi,2540,1,user,3,train,0
taxi:2540:2,taxi,2540,2,agent,3,train,1
taxi:2540:3,taxi,2540,3,user,2,train,0
taxi:2540:4,taxi,2540,4,agent,2,train,0
taxi:2540:5,taxi,2540,5,user,0,train,1
taxi:2540:6,taxi,2540,6,agent,2,train,0
taxi:2541:1,taxi,2541,1,user,2,train,0
taxi:2541:2,taxi,2541,2,agent,3,train,1
taxi:2541:3,taxi,2541,3,user,3,train,1
taxi:2541:4,taxi,2541,4,agent,3,train,1
taxi:2542:1,taxi,2542,1,user,3,train,1
taxi:2542:2,taxi,2542,2,agent,3,train,1
taxi:2542:3,taxi,2542,3,user,0,train,0
taxi:2542:4,taxi,2542,4,agent,2,train,1
taxi:2542:5,taxi,2542,5,user,3,train,1
taxi:2542:6,taxi,2542,6,agent,2,train,1
taxi:2543:1,taxi,2543,1,user,2,train,0
taxi:2543:2,taxi,2543,2,agent,3,train,0
taxi:2543:3,taxi,2543,3,user,0,train,0
taxi:2543:4,taxi,2543,4,agent,2,train,0
taxi:2543:5,taxi,2543,5,user,0,train,0
taxi:2543:6,taxi,2543,6,agent,2,train,0
taxi:2543:7,taxi,2543,7,user,2,train,1
taxi:2543:8,taxi,2543,8,agent,0,train,1
taxi:2543:9,taxi,2543,9,user,0,train,0
taxi:2543:10,taxi,2543,10,agent,0,train,1
taxi:2543:11,taxi,2543,11,user,0,train,0
taxi:2543:12,taxi,2543,12,agent,1,train,0
taxi:2543:13,taxi,2543,13,user,0,train,0
taxi:2543:14,taxi,2543,14,agent,2,train,0
taxi:2543:15,taxi,2543,15,user,3,train,1
taxi:2543:16,taxi,2543,16,agent,2,train,1
taxi:2543:17,taxi,2543,17,user,3,train,1
taxi:2544:1,taxi,2544,1,user,3,train,1
taxi:2544:2,taxi,2544,2,agent,3,train,1
taxi:2544:3,taxi,2544,3,user,0,train,0
taxi:2544:4,taxi,2544,4,agent,1,train,0
taxi:2544:5,taxi,2544,5,user,0,train,0
taxi:2544:6,taxi,2544,6,agent,2,train,1
taxi:2544:7,taxi,2544,7,user,2,train,1
taxi:2544:8,taxi,2544,8,agent,2,train,0
taxi:2544:9,taxi,2544,9,user,3,train,1
taxi:2545:1,taxi,2545,1,user,0,train,0
taxi:2545:2,taxi,2545,2,agent,2,train,0
taxi:2545:3,taxi,2545,3,user,0,train,0
taxi:2545:4,taxi,2545,4,agent,3,train,1
taxi:2545:5,taxi,2545,5,user,2,train,0
taxi:2545:6,taxi,2545,6,agent,2,train,0
taxi:2545:7,taxi,2545,7,user,0,train,0
taxi:2545:8,taxi,2545,8,agent,2,train,0
taxi:2545:9,taxi,2545,9,user,3,train,1
taxi:2545:10,taxi,2545,10,agent,2,train,0
taxi:2545:11,taxi,2545,11,user,3,train,0
taxi:2546:1,taxi,2546,1,user,2,train,0
taxi:2546:2,taxi,2546,2,agent,2,train,0
taxi:2546:3,taxi,2546,3,user,0,train,1
taxi:2546:4,taxi,2546,4,agent,3,train,1
taxi:2546:5,taxi,2546,5,user,0,train,0
taxi:2546:6,taxi,2546,6,agent,3,train,1
taxi:2546:7,taxi,2546,7,user,0,train,1
taxi:2546:8,taxi,2546,8,agent,2,train,0
taxi:2547:1,taxi,2547,1,user,1,train,0
taxi:2547:2,taxi,2547,2,agent,3,train,0
taxi:2547:3,taxi,2547,3,user,0,train,0
taxi:2547:4,taxi,2547,4,agent,1,train,0
taxi:2547:5,taxi,2547,5,user,0,train,0
taxi:2547:6,taxi,2547,6,agent,2,train,0
taxi:2547:7,taxi,2547,7,user,0,train,1
taxi:2547:8,taxi,2547,8,agent,2,train,0
taxi:2548:1,taxi,2548,1,user,1,train,0
taxi:2548:2,taxi,2548,2,agent,3,train,1
taxi:2548:3,taxi,2548,3,user,0,train,0
taxi:2548:4,taxi,2548,4,agent,2,train,0
taxi:2548:5,taxi,2548,5,user,0,train,0
taxi:2548:6,taxi,2548,6,agent,2,train,0
taxi:2549:1,taxi,2549,1,user,2,train,0
taxi:2549:2,taxi,2549,2,agent,0,train,0
taxi:2549:3,taxi,2549,3,user,0,train,0
taxi:2549:4,taxi,2549,4,agent,0,train,0
taxi:2549:5,taxi,2549,5,user,0,train,0
taxi:2549:6,taxi,2549,6,agent,2,train,1
taxi:2549:7,taxi,2549,7,user,3,train,1
taxi:2549:8,taxi,2549,8,agent,2,train,0
taxi:2549:9,taxi,2549,9,user,3,train,0
taxi:2550:1,taxi,2550,1,user,1,train,1
taxi:2550:2,taxi,2550,2,agent,3,train,0
taxi:2550:3,taxi,2550,3,user,0,train,1
taxi:2550:4,taxi,2550,4,agent,2,train,0
taxi:2550:5,taxi,2550,5,user,0,train,0
taxi:2550:6,taxi,2550,6,agent,2,train,0
taxi:2551:1,taxi,2551,1,user,2,test,0
taxi:2551:2,taxi,2551,2,agent,2,test,0
taxi:2551:3,taxi,2551,3,user,0,test,0
taxi:2551:4,taxi,2551,4,agent,2,test,0
taxi:2552:1,taxi,2552,1,user,2,train,0
taxi:2552:2,taxi,2552,2,agent,3,train,0
taxi:2552:3,taxi,2552,3,user,0,train,1
taxi:2552:4,taxi,2552,4,agent,2,train,1
taxi:2552:5,taxi,2552,5,user,0,train,0
taxi:2552:6,taxi,2552,6,agent,2,train,0
taxi:2553:1,taxi,2553,1,user,1,train,0
taxi:2553:2,taxi,2553,2,agent,3,train,1
taxi:2553:3,taxi,2553,3,user,2,train,0
taxi:2553:4,taxi,2553,4,agent,2,train,0
taxi:2553:5,taxi,2553,5,user,0,train,0
taxi:2553:6,taxi,2553,6,agent,2,train,0
taxi:2554:1,taxi,2554,1,user,2,train,0
taxi:2554:2,taxi,2554,2,agent,3,train,0
taxi:2554:3,taxi,2554,3,user,0,train,1
taxi:2554:4,taxi,2554,4,agent,1,train,0
taxi:2554:5,taxi,2554,5,user,0,train,0
taxi:2554:6,taxi,2554,6,agent,2,train,0
taxi:2554:7,taxi,2554,7,user,0,train,0
taxi:2554:8,taxi,2554,8,agent,2,train,0
taxi:2554:9,taxi,2554,9,user,3,train,0
taxi:2555:1,taxi,2555,1,user,1,train,0
taxi:2555:2,taxi,2555,2,agent,3,train,0
taxi:2555:3,taxi,2555,3,user,0,train,0
taxi:2555:4,taxi,2555,4,agent,2,train,0
taxi:2555:5,taxi,2555,5,user,0,train,1
taxi:2555:6,taxi,2555,6,agent,2,train,1
taxi:2556:1,taxi,2556,1,user,2,test,0
taxi:2556:2,taxi,2556,2,agent,2,test,0
taxi:2556:3,taxi,2556,3,user,0,test,0
taxi:2556:4,taxi,2556,4,agent,3,test,1
taxi:2556:5,taxi,2556,5,user,2,test,0
taxi:2556:6,taxi,2556,6,agent,2,test,1
taxi:2556:7,taxi,2556,7,user,0,test,1
taxi:2556:8,taxi,2556,8,agent,2,test,0
taxi:2556:9,taxi,2556,9,user,3,test,1
taxi:2556:10,taxi,2556,10,agent,2,test,0
taxi:2556:11,taxi,2556,11,user,3,test,1
taxi:2557:1,taxi,2557,1,user,1,train,0
taxi:2557:2,taxi,2557,2,agent,3,train,0
taxi:2557:3,taxi,2557,3,user,0,train,0
taxi:2557:4,taxi,2557,4,agent,1,train,0
taxi:2557:5,taxi,2557,5,user,0,train,0
taxi:2557:6,taxi,2557,6,agent,1,train,0
taxi:2557:7,taxi,2557,7,user,0,train,0
taxi:2557:8,taxi,2557,8,agent,2,train,0
taxi:2557:9,taxi,2557,9,user,2,train,0
taxi:2557:10,taxi,2557,10,agent,2,train,1
taxi:2557:11,taxi,2557,11,user,3,train,1
taxi:2558:1,taxi,2558,1,user,2,train,0
taxi:2558:2,taxi,2558,2,user,2,train,0
taxi:2558:3,taxi,2558,3,agent,3,train,0
taxi:2558:4,taxi,2558,4,user,3,train,0
taxi:2558:5,taxi,2558,5,agent,2,train,0
taxi:2558:6,taxi,2558,6,user,2,train,1
taxi:2558:7,taxi,2558,7,agent,2,train,0
taxi:2558:8,taxi,2558,8,user,3,train,1
taxi:2558:9,taxi,2558,9,agent,2,train,0
taxi:2559:1,taxi,2559,1,user,0,train,0
taxi:2559:2,taxi,2559,2,agent,1,train,0
taxi:2559:3,taxi,2559,3,user,0,train,1
taxi:2559:4,taxi,2559,4,agent,3,train,1
taxi:2559:5,taxi,2559,5,user,2,train,0
taxi:2559:6,taxi,2559,6,agent,2,train,0
taxi:2559:7,taxi,2559,7,user,0,train,0
taxi:2559:8,taxi,2559,8,agent,2,train,0
taxi:2559:9,taxi,2559,9,user,2,train,0
taxi:2559:10,taxi,2559,10,agent,2,train,0
taxi:2559:11,taxi,2559,11,user,3,train,1
taxi:2560:1,taxi,2560,1,user,3,train,1
taxi:2560:2,taxi,2560,2,agent,3,train,1
taxi:2560:3,taxi,2560,3,user,3,train,0
taxi:2560:4,taxi,2560,4,agent,2,train,1
taxi:2560:5,taxi,2560,5,user,2,train,0
taxi:2560:6,taxi,2560,6,agent,2,train,0
taxi:2560:7,taxi,2560,7,user,3,train,1
taxi:2561:1,taxi,2561,1,user,3,train,1
taxi:2561:2,taxi,2561,2,agent,3,train,0
taxi:2561:3,taxi,2561,3,user,0,train,0
taxi:2561:4,taxi,2561,4,agent,3,train,1
taxi:2561:5,taxi,2561,5,user,3,train,1
taxi:2561:6,taxi,2561,6,agent,3,train,1
taxi:2562:1,taxi,2562,1,user,1,validation,0
taxi:2562:2,taxi,2562,2,agent,3,validation,1
taxi:2562:3,taxi,2562,3,user,0,validation,1
taxi:2562:4,taxi,2562,4,agent,2,validation,0
taxi:2562:5,taxi,2562,5,user,0,validation,0
taxi:2562:6,taxi,2562,6,agent,2,validation,0
taxi:2563:1,taxi,2563,1,user,2,test,0
taxi:2563:2,taxi,2563,2,agent,2,test,0
taxi:2563:3,taxi,2563,3,user,0,test,0
taxi:2563:4,taxi,2563,4,agent,3,test,1
taxi:2563:5,taxi,2563,5,user,0,test,0
taxi:2563:6,taxi,2563,6,agent,2,test,1
taxi:2563:7,taxi,2563,7,user,0,test,0
taxi:2563:8,taxi,2563,8,agent,2,test,0
taxi:2564:1,taxi,2564,1,user,1,test,0
taxi:2564:2,taxi,2564,2,agent,3,test,1
taxi:2564:3,taxi,2564,3,user,0,test,0
taxi:2564:4,taxi,2564,4,agent,2,test,0
taxi:2564:5,taxi,2564,5,user,0,test,0
taxi:2564:6,taxi,2564,6,agent,2,test,0
taxi:2565:1,taxi,2565,1,user,1,train,1
taxi:2565:2,taxi,2565,2,agent,1,train,0
taxi:2565:3,taxi,2565,3,user,3,train,1
taxi:2565:4,taxi,2565,4,agent,0,train,0
taxi:2565:5,taxi,2565,5,user,0,train,0
taxi:2565:6,taxi,2565,6,agent,2,train,0
taxi:2565:7,taxi,2565,7,user,3,train,1
taxi:2565:8,taxi,2565,8,agent,2,train,0
taxi:2565:9,taxi,2565,9,user,3,train,1
taxi:2566:1,taxi,2566,1,user,1,train,0
taxi:2566:2,taxi,2566,2,agent,3,train,0
taxi:2566:3,taxi,2566,3,user,0,train,0
taxi:2566:4,taxi,2566,4,agent,2,train,0
taxi:2566:5,taxi,2566,5,user,0,train,1
taxi:2566:6,taxi,2566,6,agent,2,train,0
taxi:2566:7,taxi,2566,7,user,0,train,1
taxi:2566:8,taxi,2566,8,agent,2,train,0
taxi:2566:9,taxi,2566,9,user,2,train,0
taxi:2566:10,taxi,2566,10,agent,2,train,0
taxi:2566:11,taxi,2566,11,user,3,train,1
taxi:2567:1,taxi,2567,1,user,3,train,1
taxi:2567:2,taxi,2567,2,agent,3,train,1
taxi:2567:3,taxi,2567,3,user,2,train,1
taxi:2567:4,taxi,2567,4,agent,2,train,0
taxi:2567:5,taxi,2567,5,user,2,train,0
taxi:2567:6,taxi,2567,6,agent,2,train,0
taxi:2567:7,taxi,2567,7,user,2,train,0
taxi:2567:8,taxi,2567,8,agent,2,train,0
taxi:2567:9,taxi,2567,9,user,2,train,0
taxi:2567:10,taxi,2567,10,agent,2,train,0
taxi:2567:11,taxi,2567,11,user,3,train,1
taxi:2567:12,taxi,2567,12,agent,2,train,0
taxi:2567:13,taxi,2567,13,user,3,train,0
taxi:2568:1,taxi,2568,1,user,2,train,0
taxi:2568:2,taxi,2568,2,agent,2,train,0
taxi:2568:3,taxi,2568,3,user,3,train,0
taxi:2568:4,taxi,2568,4,agent,2,train,0
taxi:2569:1,taxi,2569,1,user,2,train,0
taxi:2569:2,taxi,2569,2,agent,2,train,0
taxi:2569:3,taxi,2569,3,user,2,train,1
taxi:2569:4,taxi,2569,4,agent,2,train,0
taxi:2569:5,taxi,2569,5,user,3,train,1
taxi:2570:1,taxi,2570,1,user,3,train,1
taxi:2570:2,taxi,2570,2,agent,2,train,1
taxi:2570:3,taxi,2570,3,user,3,train,1
taxi:2570:4,taxi,2570,4,agent,2,train,0
taxi:2570:5,taxi,2570,5,user,3,train,1
taxi:2571:1,taxi,2571,1,user,2,train,0
taxi:2571:2,taxi,2571,2,agent,3,train,1
taxi:2571:3,taxi,2571,3,user,0,train,1
taxi:2571:4,taxi,2571,4,agent,2,train,0
taxi:2571:5,taxi,2571,5,user,0,train,0
taxi:2571:6,taxi,2571,6,agent,2,train,0
taxi:2571:7,taxi,2571,7,user,3,train,1
taxi:2571:8,taxi,2571,8,agent,2,train,1
taxi:2571:9,taxi,2571,9,user,3,train,1
taxi:2571:10,taxi,2571,10,agent,2,train,0
taxi:2572:1,taxi,2572,1,user,2,test,1
taxi:2572:2,taxi,2572,2,agent,3,test,0
taxi:2572:3,taxi,2572,3,user,0,test,0
taxi:2572:4,taxi,2572,4,agent,2,test,0
taxi:2572:5,taxi,2572,5,user,3,test,0
taxi:2572:6,taxi,2572,6,agent,2,test,0
taxi:2573:1,taxi,2573,1,user,2,train,0
taxi:2573:2,taxi,2573,2,agent,3,train,1
taxi:2573:3,taxi,2573,3,user,0,train,1
taxi:2573:4,taxi,2573,4,agent,1,train,0
taxi:2573:5,taxi,2573,5,user,3,train,1
taxi:2573:6,taxi,2573,6,agent,1,train,0
taxi:2573:7,taxi,2573,7,user,0,train,0
taxi:2573:8,taxi,2573,8,agent,2,train,0
taxi:2573:9,taxi,2573,9,user,3,train,0
taxi:2573:10,taxi,2573,10,agent,2,train,0
taxi:2573:11,taxi,2573,11,user,3,train,1
taxi:2574:1,taxi,2574,1,user,1,train,0
taxi:2574:2,taxi,2574,2,agent,3,train,1
taxi:2574:3,taxi,2574,3,user,0,train,0
taxi:2574:4,taxi,2574,4,agent,2,train,0
taxi:2574:5,taxi,2574,5,user,0,train,1
taxi:2574:6,taxi,2574,6,agent,2,train,0
taxi:2575:1,taxi,2575,1,user,2,train,1
taxi:2575:2,taxi,2575,2,agent,3,train,1
taxi:2575:3,taxi,2575,3,user,0,train,0
taxi:2575:4,taxi,2575,4,agent,0,train,0
taxi:2575:5,taxi,2575,5,user,0,train,0
taxi:2575:6,taxi,2575,6,agent,1,train,0
taxi:2575:7,taxi,2575,7,user,0,train,0
taxi:2575:8,taxi,2575,8,agent,2,train,0
taxi:2575:9,taxi,2575,9,user,3,train,1
taxi:2575:10,taxi,2575,10,agent,2,train,0
taxi:2575:11,taxi,2575,11,user,3,train,0
taxi:2576:1,taxi,2576,1,user,3,train,0
taxi:2576:2,taxi,2576,2,agent,3,train,0
taxi:2576:3,taxi,2576,3,user,3,train,1
taxi:2576:4,taxi,2576,4,agent,1,train,1
taxi:2576:5,taxi,2576,5,user,0,train,0
taxi:2576:6,taxi,2576,6,agent,2,train,0
taxi:2576:7,taxi,2576,7,user,3,train,1
taxi:2576:8,taxi,2576,8,agent,2,train,0
taxi:2576:9,taxi,2576,9,user,3,train,1
taxi:2577:1,taxi,2577,1,user,2,train,0
taxi:2577:2,taxi,2577,2,agent,3,train,1
taxi:2577:3,taxi,2577,3,user,0,train,1
taxi:2577:4,taxi,2577,4,agent,1,train,0
taxi:2577:5,taxi,2577,5,user,0,train,1
taxi:2577:6,taxi,2577,6,agent,1,train,0
taxi:2577:7,taxi,2577,7,user,0,train,0
taxi:2577:8,taxi,2577,8,agent,1,train,0
taxi:2577:9,taxi,2577,9,user,2,train,0
taxi:2577:10,taxi,2577,10,agent,3,train,1
taxi:2577:11,taxi,2577,11,user,2,train,0
taxi:2577:12,taxi,2577,12,agent,3,train,1
taxi:2577:13,taxi,2577,13,user,3,train,1
taxi:2577:14,taxi,2577,14,agent,2,train,1
taxi:2577:15,taxi,2577,15,user,3,train,0
taxi:2577:16,taxi,2577,16,agent,2,train,1
taxi:2577:17,taxi,2577,17,user,3,train,1
taxi:2578:1,taxi,2578,1,user,2,train,0
taxi:2578:2,taxi,2578,2,agent,3,train,1
taxi:2578:3,taxi,2578,3,user,3,train,1
taxi:2578:4,taxi,2578,4,agent,2,train,0
taxi:2578:5,taxi,2578,5,user,3,train,1
taxi:2579:1,taxi,2579,1,user,3,train,1
taxi:2579:2,taxi,2579,2,agent,3,train,1
taxi:2579:3,taxi,2579,3,user,0,train,0
taxi:2579:4,taxi,2579,4,agent,2,train,1
taxi:2579:5,taxi,2579,5,user,2,train,0
taxi:2579:6,taxi,2579,6,agent,2,train,1
taxi:2579:7,taxi,2579,7,user,3,train,1
taxi:2580:1,taxi,2580,1,user,3,validation,1
taxi:2580:2,taxi,2580,2,agent,3,validation,1
taxi:2580:3,taxi,2580,3,agent,2,validation,0
taxi:2580:4,taxi,2580,4,user,2,validation,0
taxi:2580:5,taxi,2580,5,agent,2,validation,0
taxi:2580:6,taxi,2580,6,user,3,validation,1
taxi:2580:7,taxi,2580,7,agent,2,validation,1
taxi:2580:8,taxi,2580,8,user,3,validation,1
taxi:2581:1,taxi,2581,1,user,3,train,0
taxi:2581:2,taxi,2581,2,agent,3,train,0
taxi:2581:3,taxi,2581,3,user,3,train,1
taxi:2581:4,taxi,2581,4,agent,2,train,0
taxi:2581:5,taxi,2581,5,user,3,train,1
taxi:2581:6,taxi,2581,6,agent,2,train,0
taxi:2582:1,taxi,2582,1,user,2,train,0
taxi:2582:2,taxi,2582,2,agent,0,train,0
taxi:2582:3,taxi,2582,3,user,0,train,0
taxi:2583:1,taxi,2583,1,user,3,test,0
taxi:2583:2,taxi,2583,2,agent,2,test,0
taxi:2583:3,taxi,2583,3,user,3,test,1
taxi:2583:4,taxi,2583,4,agent,2,test,0
taxi:2584:1,taxi,2584,1,user,3,train,1
taxi:2584:2,taxi,2584,2,agent,3,train,1
taxi:2584:3,taxi,2584,3,user,2,train,1
taxi:2584:4,taxi,2584,4,agent,2,train,0
taxi:2584:5,taxi,2584,5,user,0,train,0
taxi:2584:6,taxi,2584,6,agent,2,train,0
taxi:2585:1,taxi,2585,1,user,1,train,0
taxi:2585:2,taxi,2585,2,agent,2,train,0
taxi:2585:3,taxi,2585,3,user,2,train,0
taxi:2585:4,taxi,2585,4,agent,3,train,1
taxi:2585:5,taxi,2585,5,user,0,train,0
taxi:2585:6,taxi,2585,6,agent,2,train,0
taxi:2585:7,taxi,2585,7,user,3,train,1
taxi:2585:8,taxi,2585,8,agent,2,train,0
taxi:2586:1,taxi,2586,1,user,3,train,0
taxi:2586:2,taxi,2586,2,agent,3,train,1
taxi:2586:3,taxi,2586,3,user,2,train,0
taxi:2586:4,taxi,2586,4,agent,2,train,0
taxi:2586:5,taxi,2586,5,user,0,train,1
taxi:2586:6,taxi,2586,6,agent,2,train,0
taxi:2587:1,taxi,2587,1,user,2,train,0
taxi:2587:2,taxi,2587,2,agent,2,train,0
taxi:2587:3,taxi,2587,3,user,0,train,0
taxi:2587:4,taxi,2587,4,agent,3,train,1
taxi:2587:5,taxi,2587,5,user,0,train,0
taxi:2587:6,taxi,2587,6,agent,2,train,0
taxi:2588:1,taxi,2588,1,user,3,train,1
taxi:2588:2,taxi,2588,2,agent,0,train,1
taxi:2588:3,taxi,2588,3,user,0,train,0
taxi:2589:1,taxi,2589,1,user,1,test,0
taxi:2589:2,taxi,2589,2,agent,3,test,1
taxi:2589:3,taxi,2589,3,user,0,test,0
taxi:2589:4,taxi,2589,4,agent,2,test,1
taxi:2589:5,taxi,2589,5,user,0,test,0
taxi:2589:6,taxi,2589,6,agent,2,test,0
taxi:2590:1,taxi,2590,1,user,3,train,0
taxi:2590:2,taxi,2590,2,agent,3,train,1
taxi:2590:3,taxi,2590,3,user,2,train,0
taxi:2590:4,taxi,2590,4,agent,2,train,0
taxi:2590:5,taxi,2590,5,user,0,train,0
taxi:2590:6,taxi,2590,6,agent,2,train,1
taxi:2591:1,taxi,2591,1,user,3,train,0
taxi:2591:2,taxi,2591,2,agent,1,train,0
taxi:2591:3,taxi,2591,3,user,2,train,0
taxi:2591:4,taxi,2591,4,agent,2,train,0
taxi:2591:5,taxi,2591,5,user,2,train,0
taxi:2591:6,taxi,2591,6,agent,2,train,0
taxi:2591:7,taxi,2591,7,user,3,train,1
taxi:2592:1,taxi,2592,1,user,3,test,1
taxi:2592:2,taxi,2592,2,agent,3,test,1
taxi:2592:3,taxi,2592,3,user,2,test,1
taxi:2592:4,taxi,2592,4,agent,2,test,0
taxi:2592:5,taxi,2592,5,user,0,test,0
taxi:2592:6,taxi,2592,6,agent,2,test,0
taxi:2593:1,taxi,2593,1,user,1,train,0
taxi:2593:2,taxi,2593,2,agent,2,train,0
taxi:2593:3,taxi,2593,3,user,2,train,0
taxi:2593:4,taxi,2593,4,agent,2,train,0
taxi:2593:5,taxi,2593,5,user,0,train,0
taxi:2593:6,taxi,2593,6,agent,2,train,0
taxi:2593:7,taxi,2593,7,user,0,train,0
taxi:2593:8,taxi,2593,8,agent,2,train,0
taxi:2593:9,taxi,2593,9,user,0,train,0
taxi:2593:10,taxi,2593,10,agent,2,train,0
taxi:2594:1,taxi,2594,1,user,3,train,0
taxi:2594:2,taxi,2594,2,agent,3,train,0
taxi:2594:3,taxi,2594,3,user,2,train,0
taxi:2594:4,taxi,2594,4,agent,2,train,0
taxi:2594:5,taxi,2594,5,user,0,train,0
taxi:2594:6,taxi,2594,6,agent,2,train,0
taxi:2595:1,taxi,2595,1,user,3,train,0
taxi:2595:2,taxi,2595,2,agent,2,train,0
taxi:2595:3,taxi,2595,3,user,3,train,1
taxi:2596:1,taxi,2596,1,user,1,test,0
taxi:2596:2,taxi,2596,2,agent,3,test,1
taxi:2596:3,taxi,2596,3,user,0,test,1
taxi:2596:4,taxi,2596,4,agent,2,test,0
taxi:2596:5,taxi,2596,5,user,0,test,0
taxi:2596:6,taxi,2596,6,agent,2,test,0
taxi:2597:1,taxi,2597,1,user,1,train,1
taxi:2597:2,taxi,2597,2,agent,3,train,0
taxi:2597:3,taxi,2597,3,user,0,train,0
taxi:2597:4,taxi,2597,4,agent,2,train,1
taxi:2597:5,taxi,2597,5,user,0,train,0
taxi:2597:6,taxi,2597,6,agent,2,train,0
taxi:2598:1,taxi,2598,1,user,1,validation,0
taxi:2598:2,taxi,2598,2,agent,2,validation,0
taxi:2598:3,taxi,2598,3,user,3,validation,1
taxi:2598:4,taxi,2598,4,agent,2,validation,0
taxi:2598:5,taxi,2598,5,user,0,validation,0
taxi:2598:6,taxi,2598,6,agent,2,validation,0
taxi:2599:1,taxi,2599,1,user,1,validation,0
taxi:2599:2,taxi,2599,2,agent,3,validation,1
taxi:2599:3,taxi,2599,3,user,2,validation,0
taxi:2599:4,taxi,2599,4,agent,2,validation,1
taxi:2599:5,taxi,2599,5,user,3,validation,1
taxi:2599:6,taxi,2599,6,agent,2,validation,0
taxi:2599:7,taxi,2599,7,agent,3,validation,0
taxi:2599:8,taxi,2599,8,user,3,validation,1
taxi:2599:9,taxi,2599,9,agent,3,validation,1
taxi:2599:10,taxi,2599,10,user,3,validation,0
taxi:2600:1,taxi,2600,1,user,2,train,0
taxi:2600:2,taxi,2600,2,agent,0,train,0
taxi:2600:3,taxi,2600,3,user,0,train,0
taxi:2600:4,taxi,2600,4,agent,1,train,0
taxi:2600:5,taxi,2600,5,user,0,train,0
taxi:2600:6,taxi,2600,6,agent,1,train,0
taxi:2600:7,taxi,2600,7,user,0,train,0
taxi:2600:8,taxi,2600,8,agent,2,train,1
taxi:2601:1,taxi,2601,1,user,1,train,0
taxi:2601:2,taxi,2601,2,agent,3,train,0
taxi:2601:3,taxi,2601,3,user,0,train,0
taxi:2601:4,taxi,2601,4,agent,1,train,1
taxi:2601:5,taxi,2601,5,user,0,train,0
taxi:2601:6,taxi,2601,6,agent,2,train,1
taxi:2601:7,taxi,2601,7,user,0,train,0
taxi:2601:8,taxi,2601,8,agent,2,train,0
taxi:2602:1,taxi,2602,1,user,1,train,0
taxi:2602:2,taxi,2602,2,agent,2,train,0
taxi:2602:3,taxi,2602,3,user,3,train,0
taxi:2602:4,taxi,2602,4,agent,2,train,0
taxi:2602:5,taxi,2602,5,user,0,train,0
taxi:2602:6,taxi,2602,6,agent,2,train,0
taxi:2603:1,taxi,2603,1,user,3,validation,1
taxi:2603:2,taxi,2603,2,agent,1,validation,0
taxi:2603:3,taxi,2603,3,user,0,validation,0
taxi:2604:1,taxi,2604,1,user,1,train,0
taxi:2604:2,taxi,2604,2,agent,3,train,1
taxi:2604:3,taxi,2604,3,user,0,train,0
taxi:2604:4,taxi,2604,4,user,0,train,0
taxi:2604:5,taxi,2604,5,agent,2,train,1
taxi:2604:6,taxi,2604,6,user,0,train,0
taxi:2604:7,taxi,2604,7,agent,2,train,0
taxi:2605:1,taxi,2605,1,user,3,validation,1
taxi:2605:2,taxi,2605,2,agent,3,validation,1
taxi:2605:3,taxi,2605,3,user,2,validation,0
taxi:2605:4,taxi,2605,4,agent,2,validation,1
taxi:2605:5,taxi,2605,5,user,0,validation,0
taxi:2605:6,taxi,2605,6,agent,2,validation,0
taxi:2606:1,taxi,2606,1,user,1,train,0
taxi:2606:2,taxi,2606,2,agent,0,train,1
taxi:2606:3,taxi,2606,3,user,0,train,0
taxi:2606:4,taxi,2606,4,agent,2,train,1
taxi:2606:5,taxi,2606,5,user,0,train,0
taxi:2606:6,taxi,2606,6,agent,2,train,0
taxi:2607:1,taxi,2607,1,user,3,train,0
taxi:2607:2,taxi,2607,2,agent,0,train,0
taxi:2607:3,taxi,2607,3,user,2,train,0
taxi:2607:4,taxi,2607,4,agent,2,train,0
taxi:2607:5,taxi,2607,5,user,0,train,0
taxi:2607:6,taxi,2607,6,agent,2,train,0
taxi:2607:7,taxi,2607,7,user,0,train,0
taxi:2607:8,taxi,2607,8,agent,2,train,0
taxi:2607:9,taxi,2607,9,user,3,train,1
taxi:2607:10,taxi,2607,10,agent,2,train,0
taxi:2607:11,taxi,2607,11,user,3,train,1
taxi:2608:1,taxi,2608,1,user,1,train,0
taxi:2608:2,taxi,2608,2,agent,0,train,0
taxi:2608:3,taxi,2608,3,user,0,train,0
taxi:2608:4,taxi,2608,4,agent,2,train,0
taxi:2608:5,taxi,2608,5,user,0,train,0
taxi:2608:6,taxi,2608,6,agent,2,train,1
taxi:2609:1,taxi,2609,1,user,3,train,1
taxi:2609:2,taxi,2609,2,agent,3,train,0
taxi:2609:3,taxi,2609,3,user,2,train,0
taxi:2609:4,taxi,2609,4,agent,2,train,1
taxi:2609:5,taxi,2609,5,user,0,train,1
taxi:2609:6,taxi,2609,6,agent,2,train,0
taxi:2610:1,taxi,2610,1,user,3,train,0
taxi:2610:2,taxi,2610,2,agent,3,train,0
taxi:2610:3,taxi,2610,3,user,2,train,0
taxi:2610:4,taxi,2610,4,agent,2,train,0
taxi:2610:5,taxi,2610,5,user,0,train,0
taxi:2610:6,taxi,2610,6,agent,2,train,1
taxi:2611:1,taxi,2611,1,user,3,train,0
taxi:2611:2,taxi,2611,2,agent,3,train,1
taxi:2611:3,taxi,2611,3,user,0,train,1
taxi:2611:4,taxi,2611,4,agent,2,train,0
taxi:2611:5,taxi,2611,5,user,0,train,0
taxi:2611:6,taxi,2611,6,agent,2,train,0
taxi:2611:7,taxi,2611,7,user,3,train,0
taxi:2612:1,taxi,2612,1,user,3,train,1
taxi:2612:2,taxi,2612,2,agent,3,train,1
taxi:2612:3,taxi,2612,3,user,2,train,0
taxi:2612:4,taxi,2612,4,agent,2,train,0
taxi:2612:5,taxi,2612,5,user,0,train,0
taxi:2612:6,taxi,2612,6,agent,2,train,0
taxi:2613:1,taxi,2613,1,user,2,train,0
taxi:2613:2,taxi,2613,2,agent,3,train,1
taxi:2613:3,taxi,2613,3,user,0,train,1
taxi:2613:4,taxi,2613,4,agent,1,train,0
taxi:2613:5,taxi,2613,5,user,0,train,0
taxi:2613:6,taxi,2613,6,agent,2,train,0
taxi:2613:7,taxi,2613,7,user,3,train,0
taxi:2613:8,taxi,2613,8,agent,2,train,0
taxi:2613:9,taxi,2613,9,user,3,train,1
taxi:2614:1,taxi,2614,1,user,3,train,1
taxi:2614:2,taxi,2614,2,agent,3,train,1
taxi:2614:3,taxi,2614,3,user,2,train,0
taxi:2614:4,taxi,2614,4,agent,2,train,1
taxi:2614:5,taxi,2614,5,user,0,train,0
taxi:2614:6,taxi,2614,6,agent,2,train,0
taxi:2615:1,taxi,2615,1,user,3,test,1
taxi:2615:2,taxi,2615,2,agent,3,test,1
taxi:2615:3,taxi,2615,3,user,2,test,0
taxi:2615:4,taxi,2615,4,agent,2,test,0
taxi:2615:5,taxi,2615,5,user,0,test,1
taxi:2615:6,taxi,2615,6,agent,2,test,0
taxi:2616:1,taxi,2616,1,user,3,validation,1
taxi:2616:2,taxi,2616,2,agent,0,validation,0
taxi:2616:3,taxi,2616,3,user,0,validation,0
taxi:2616:4,taxi,2616,4,agent,1,validation,1
taxi:2616:5,taxi,2616,5,user,0,validation,0
taxi:2616:6,taxi,2616,6,agent,2,validation,0
taxi:2616:7,taxi,2616,7,user,0,validation,0
taxi:2616:8,taxi,2616,8,agent,2,validation,0
taxi:2616:9,taxi,2616,9,user,3,validation,1
taxi:2617:1,taxi,2617,1,user,2,test,1
taxi:2617:2,taxi,2617,2,agent,3,test,1
taxi:2617:3,taxi,2617,3,user,3,test,1
taxi:2617:4,taxi,2617,4,agent,1,test,1
taxi:2617:5,taxi,2617,5,user,0,test,0
taxi:2617:6,taxi,2617,6,agent,2,test,0
taxi:2617:7,taxi,2617,7,user,3,test,0
taxi:2617:8,taxi,2617,8,agent,2,test,0
taxi:2617:9,taxi,2617,9,user,3,test,1
taxi:2618:1,taxi,2618,1,user,2,train,1
taxi:2618:2,taxi,2618,2,agent,2,train,0
taxi:2618:3,taxi,2618,3,user,3,train,1
taxi:2619:1,taxi,2619,1,user,3,train,1
taxi:2619:2,taxi,2619,2,agent,3,train,1
taxi:2619:3,taxi,2619,3,user,2,train,0
taxi:2619:4,taxi,2619,4,agent,2,train,1
taxi:2619:5,taxi,2619,5,user,0,train,0
taxi:2619:6,taxi,2619,6,agent,2,train,1
taxi:2620:1,taxi,2620,1,user,3,test,1
taxi:2620:2,taxi,2620,2,agent,2,test,0
taxi:2620:3,taxi,2620,3,user,3,test,1
taxi:2620:4,taxi,2620,4,agent,2,test,0
taxi:2620:5,taxi,2620,5,user,3,test,0
taxi:2621:1,taxi,2621,1,user,1,test,0
taxi:2621:2,taxi,2621,2,agent,0,test,0
taxi:2621:3,taxi,2621,3,user,0,test,0
taxi:2621:4,taxi,2621,4,user,0,test,0
taxi:2621:5,taxi,2621,5,agent,2,test,0
taxi:2621:6,taxi,2621,6,user,3,test,1
taxi:2621:7,taxi,2621,7,agent,2,test,0
taxi:2622:1,taxi,2622,1,user,1,train,0
taxi:2622:2,taxi,2622,2,agent,2,train,0
taxi:2622:3,taxi,2622,3,user,2,train,0
taxi:2622:4,taxi,2622,4,agent,2,train,0
taxi:2623:1,taxi,2623,1,user,2,train,1
taxi:2623:2,taxi,2623,2,agent,2,train,0
taxi:2623:3,taxi,2623,3,user,0,train,0
taxi:2623:4,taxi,2623,4,agent,2,train,0
taxi:2624:1,taxi,2624,1,user,2,train,0
taxi:2624:2,taxi,2624,2,agent,2,train,0
taxi:2624:3,taxi,2624,3,user,2,train,0
taxi:2624:4,taxi,2624,4,agent,2,train,0
taxi:2625:1,taxi,2625,1,user,3,train,0
taxi:2625:2,taxi,2625,2,agent,2,train,0
taxi:2625:3,taxi,2625,3,user,0,train,0
taxi:2625:4,taxi,2625,4,agent,2,train,0
taxi:2626:1,taxi,2626,1,user,2,train,0
taxi:2626:2,taxi,2626,2,agent,2,train,0
taxi:2626:3,taxi,2626,3,user,0,train,0
taxi:2626:4,taxi,2626,4,agent,2,train,0
taxi:2627:1,taxi,2627,1,user,2,train,0
taxi:2627:2,taxi,2627,2,agent,3,train,0
taxi:2627:3,taxi,2627,3,user,0,train,0
taxi:2627:4,taxi,2627,4,agent,2,train,0
taxi:2628:1,taxi,2628,1,user,1,train,0
taxi:2628:2,taxi,2628,2,agent,0,train,1
taxi:2628:3,taxi,2628,3,user,0,train,0
taxi:2628:4,taxi,2628,4,agent,2,train,0
taxi:2628:5,taxi,2628,5,user,0,train,1
taxi:2628:6,taxi,2628,6,agent,2,train,0
taxi:2629:1,taxi,2629,1,user,3,train,1
taxi:2629:2,taxi,2629,2,agent,3,train,0
taxi:2629:3,taxi,2629,3,user,2,train,1
taxi:2629:4,taxi,2629,4,agent,2,train,0
taxi:2629:5,taxi,2629,5,user,2,train,0
taxi:2629:6,taxi,2629,6,agent,2,train,0
taxi:2629:7,taxi,2629,7,user,3,train,0
taxi:2629:8,taxi,2629,8,user,3,train,1
taxi:2629:9,taxi,2629,9,agent,3,train,0
taxi:2629:10,taxi,2629,10,user,3,train,1
taxi:2630:1,taxi,2630,1,user,1,train,1
taxi:2630:2,taxi,2630,2,agent,0,train,0
taxi:2630:3,taxi,2630,3,user,0,train,0
taxi:2630:4,taxi,2630,4,agent,2,train,1
taxi:2630:5,taxi,2630,5,user,0,train,0
taxi:2630:6,taxi,2630,6,agent,2,train,0
taxi:2631:1,taxi,2631,1,user,1,test,0
taxi:2631:2,taxi,2631,2,agent,1,test,1
taxi:2631:3,taxi,2631,3,user,0,test,1
taxi:2631:4,taxi,2631,4,agent,2,test,0
taxi:2631:5,taxi,2631,5,user,0,test,0
taxi:2631:6,taxi,2631,6,agent,2,test,0
taxi:2632:1,taxi,2632,1,user,1,test,0
taxi:2632:2,taxi,2632,2,agent,1,test,0
taxi:2632:3,taxi,2632,3,user,0,test,0
taxi:2632:4,taxi,2632,4,agent,2,test,1
taxi:2632:5,taxi,2632,5,user,0,test,1
taxi:2632:6,taxi,2632,6,agent,2,test,0
taxi:2633:1,taxi,2633,1,user,1,validation,0
taxi:2633:2,taxi,2633,2,agent,0,validation,0
taxi:2633:3,taxi,2633,3,user,0,validation,0
taxi:2633:4,taxi,2633,4,agent,2,validation,0
taxi:2633:5,taxi,2633,5,user,0,validation,0
taxi:2633:6,taxi,2633,6,agent,2,validation,0
taxi:2634:1,taxi,2634,1,user,1,train,0
taxi:2634:2,taxi,2634,2,agent,0,train,0
taxi:2634:3,taxi,2634,3,user,0,train,0
taxi:2634:4,taxi,2634,4,agent,2,train,1
taxi:2634:5,taxi,2634,5,user,2,train,0
taxi:2634:6,taxi,2634,6,agent,2,train,0
taxi:2634:7,taxi,2634,7,user,2,train,0
taxi:2634:8,taxi,2634,8,agent,1,train,0
taxi:2634:9,taxi,2634,9,user,3,train,1
taxi:2634:10,taxi,2634,10,agent,2,train,0
taxi:2635:1,taxi,2635,1,user,3,train,1
taxi:2635:2,taxi,2635,2,agent,2,train,0
taxi:2635:3,taxi,2635,3,user,3,train,1
taxi:2635:4,taxi,2635,4,agent,2,train,0
taxi:2635:5,taxi,2635,5,user,3,train,1
taxi:2636:1,taxi,2636,1,user,1,validation,0
taxi:2636:2,taxi,2636,2,agent,1,validation,1
taxi:2636:3,taxi,2636,3,user,0,validation,0
taxi:2636:4,taxi,2636,4,agent,2,validation,0
taxi:2636:5,taxi,2636,5,user,0,validation,0
taxi:2636:6,taxi,2636,6,agent,2,validation,0
taxi:2637:1,taxi,2637,1,user,1,test,0
taxi:2637:2,taxi,2637,2,agent,3,test,0
taxi:2637:3,taxi,2637,3,user,0,test,0
taxi:2637:4,taxi,2637,4,agent,2,test,0
taxi:2637:5,taxi,2637,5,user,0,test,1
taxi:2637:6,taxi,2637,6,agent,2,test,0
taxi:2637:7,taxi,2637,7,user,3,test,1
taxi:2637:8,taxi,2637,8,agent,2,test,0
taxi:2638:1,taxi,2638,1,user,2,train,0
taxi:2638:2,taxi,2638,2,agent,0,train,0
taxi:2638:3,taxi,2638,3,user,0,train,1
taxi:2638:4,taxi,2638,4,agent,2,train,0
taxi:2638:5,taxi,2638,5,user,0,train,0
taxi:2638:6,taxi,2638,6,agent,2,train,1
taxi:2638:7,taxi,2638,7,user,3,train,0
taxi:2639:1,taxi,2639,1,user,1,train,0
taxi:2639:2,taxi,2639,2,agent,0,train,0
taxi:2639:3,taxi,2639,3,user,0,train,0
taxi:2639:4,taxi,2639,4,agent,2,train,0
taxi:2639:5,taxi,2639,5,user,3,train,1
taxi:2639:6,taxi,2639,6,agent,2,train,0
taxi:2639:7,taxi,2639,7,user,3,train,0
taxi:2640:1,taxi,2640,1,user,0,test,0
taxi:2640:2,taxi,2640,2,agent,2,test,0
taxi:2640:3,taxi,2640,3,user,3,test,0
taxi:2640:4,taxi,2640,4,agent,2,test,0
taxi:2641:1,taxi,2641,1,user,2,train,1
taxi:2641:2,taxi,2641,2,agent,1,train,0
taxi:2641:3,taxi,2641,3,user,0,train,0
taxi:2641:4,taxi,2641,4,agent,2,train,1
taxi:2641:5,taxi,2641,5,user,0,train,0
taxi:2641:6,taxi,2641,6,agent,2,train,0
taxi:2641:7,taxi,2641,7,user,3,train,1
taxi:2642:1,taxi,2642,1,user,2,train,0
taxi:2642:2,taxi,2642,2,agent,2,train,0
taxi:2642:3,taxi,2642,3,user,3,train,1
taxi:2642:4,taxi,2642,4,agent,2,train,0
taxi:2643:1,taxi,2643,1,user,1,train,0
taxi:2643:2,taxi,2643,2,agent,2,train,0
taxi:2643:3,taxi,2643,3,user,0,train,1
taxi:2643:4,taxi,2643,4,agent,2,train,0
taxi:2643:5,taxi,2643,5,user,0,train,0
taxi:2643:6,taxi,2643,6,agent,2,train,0
taxi:2644:1,taxi,2644,1,user,0,validation,0
taxi:2644:2,taxi,2644,2,agent,0,validation,0
taxi:2644:3,taxi,2644,3,user,0,validation,0
taxi:2644:4,taxi,2644,4,agent,2,validation,0
taxi:2644:5,taxi,2644,5,user,0,validation,0
taxi:2644:6,taxi,2644,6,agent,2,validation,0
taxi:2645:1,taxi,2645,1,user,3,test,1
taxi:2645:2,taxi,2645,2,user,1,test,0
taxi:2645:3,taxi,2645,3,agent,0,test,0
taxi:2645:4,taxi,2645,4,user,2,test,0
taxi:2645:5,taxi,2645,5,agent,2,test,0
taxi:2645:6,taxi,2645,6,user,2,test,0
taxi:2645:7,taxi,2645,7,agent,2,test,1
taxi:2645:8,taxi,2645,8,user,3,test,1
taxi:2646:1,taxi,2646,1,user,1,validation,0
taxi:2646:2,taxi,2646,2,agent,1,validation,0
taxi:2646:3,taxi,2646,3,user,0,validation,1
taxi:2646:4,taxi,2646,4,agent,2,validation,0
taxi:2646:5,taxi,2646,5,user,0,validation,1
taxi:2646:6,taxi,2646,6,agent,2,validation,1
taxi:2646:7,taxi,2646,7,user,2,validation,0
taxi:2646:8,taxi,2646,8,agent,2,validation,0
taxi:2646:9,taxi,2646,9,user,3,validation,1
taxi:2647:1,taxi,2647,1,user,1,train,0
taxi:2647:2,taxi,2647,2,agent,1,train,0
taxi:2647:3,taxi,2647,3,user,0,train,0
taxi:2647:4,taxi,2647,4,agent,2,train,0
taxi:2647:5,taxi,2647,5,user,0,train,0
taxi:2647:6,taxi,2647,6,agent,2,train,0
taxi:2648:1,taxi,2648,1,user,1,test,0
taxi:2648:2,taxi,2648,2,agent,2,test,0
taxi:2648:3,taxi,2648,3,user,0,test,0
taxi:2648:4,taxi,2648,4,agent,2,test,0
taxi:2649:1,taxi,2649,1,user,1,test,0
taxi:2649:2,taxi,2649,2,agent,2,test,0
taxi:2649:3,taxi,2649,3,user,3,test,1
taxi:2649:4,taxi,2649,4,agent,2,test,0
taxi:2650:1,taxi,2650,1,user,2,train,0
taxi:2650:2,taxi,2650,2,agent,0,train,0
taxi:2650:3,taxi,2650,3,user,0,train,0
taxi:2650:4,taxi,2650,4,agent,2,train,1
taxi:2650:5,taxi,2650,5,user,3,train,1
taxi:2650:6,taxi,2650,6,agent,2,train,0
taxi:2650:7,taxi,2650,7,user,3,train,0
taxi:2651:1,taxi,2651,1,user,3,train,1
taxi:2651:2,taxi,2651,2,user,1,train,0
taxi:2651:3,taxi,2651,3,user,1,train,0
taxi:2651:4,taxi,2651,4,agent,3,train,0
taxi:2651:5,taxi,2651,5,user,0,train,0
taxi:2651:6,taxi,2651,6,agent,1,train,1
taxi:2651:7,taxi,2651,7,user,0,train,1
taxi:2651:8,taxi,2651,8,agent,1,train,1
taxi:2651:9,taxi,2651,9,user,0,train,0
taxi:2651:10,taxi,2651,10,agent,2,train,0
taxi:2651:11,taxi,2651,11,user,3,train,0
taxi:2651:12,taxi,2651,12,agent,2,train,0
taxi:2651:13,taxi,2651,13,user,3,train,1
taxi:2652:1,taxi,2652,1,user,3,train,1
taxi:2652:2,taxi,2652,2,user,1,train,1
taxi:2652:3,taxi,2652,3,user,1,train,0
taxi:2652:4,taxi,2652,4,agent,3,train,0
taxi:2652:5,taxi,2652,5,user,0,train,0
taxi:2652:6,taxi,2652,6,agent,1,train,0
taxi:2652:7,taxi,2652,7,user,3,train,0
taxi:2652:8,taxi,2652,8,agent,2,train,1
taxi:2652:9,taxi,2652,9,user,3,train,1
taxi:2652:10,taxi,2652,10,agent,2,train,1
taxi:2652:11,taxi,2652,11,user,3,train,1
taxi:2653:1,taxi,2653,1,user,1,train,0
taxi:2653:2,taxi,2653,2,agent,2,train,0
taxi:2653:3,taxi,2653,3,user,3,train,0
taxi:2653:4,taxi,2653,4,agent,2,train,0
taxi:2653:5,taxi,2653,5,user,0,train,0
taxi:2654:1,taxi,2654,1,user,1,test,0
taxi:2654:2,taxi,2654,2,agent,2,test,0
taxi:2654:3,taxi,2654,3,user,0,test,0
taxi:2654:4,taxi,2654,4,agent,2,test,0
taxi:2655:1,taxi,2655,1,user,3,train,1
taxi:2655:2,taxi,2655,2,user,1,train,0
taxi:2655:3,taxi,2655,3,agent,0,train,0
taxi:2655:4,taxi,2655,4,user,0,train,0
taxi:2655:5,taxi,2655,5,agent,2,train,0
taxi:2655:6,taxi,2655,6,user,2,train,0
taxi:2655:7,taxi,2655,7,agent,2,train,0
taxi:2655:8,taxi,2655,8,user,3,train,0
taxi:2656:1,taxi,2656,1,user,3,train,0
taxi:2656:2,taxi,2656,2,agent,2,train,1
taxi:2656:3,taxi,2656,3,user,0,train,0
taxi:2656:4,taxi,2656,4,agent,2,train,0
taxi:2657:1,taxi,2657,1,user,1,test,0
taxi:2657:2,taxi,2657,2,agent,0,test,0
taxi:2657:3,taxi,2657,3,user,2,test,0
taxi:2657:4,taxi,2657,4,agent,2,test,0
taxi:2657:5,taxi,2657,5,user,0,test,0
taxi:2657:6,taxi,2657,6,agent,2,test,0
taxi:2658:1,taxi,2658,1,user,1,train,1
taxi:2658:2,taxi,2658,2,agent,0,train,1
taxi:2658:3,taxi,2658,3,user,0,train,0
taxi:2658:4,taxi,2658,4,agent,1,train,1
taxi:2658:5,taxi,2658,5,user,0,train,0
taxi:2658:6,taxi,2658,6,agent,2,train,0
taxi:2658:7,taxi,2658,7,user,0,train,0
taxi:2658:8,taxi,2658,8,agent,2,train,0
taxi:2658:9,taxi,2658,9,user,3,train,1
taxi:2659:1,taxi,2659,1,user,1,train,0
taxi:2659:2,taxi,2659,2,agent,1,train,0
taxi:2659:3,taxi,2659,3,user,0,train,0
taxi:2659:4,taxi,2659,4,agent,2,train,0
taxi:2659:5,taxi,2659,5,user,0,train,0
taxi:2659:6,taxi,2659,6,agent,2,train,0
taxi:2660:1,taxi,2660,1,user,0,validation,0
taxi:2660:2,taxi,2660,2,agent,0,validation,0
taxi:2660:3,taxi,2660,3,user,0,validation,0
taxi:2660:4,taxi,2660,4,agent,2,validation,1
taxi:2660:5,taxi,2660,5,user,0,validation,0
taxi:2660:6,taxi,2660,6,agent,2,validation,0
taxi:2661:1,taxi,2661,1,user,1,validation,0
taxi:2661:2,taxi,2661,2,agent,3,validation,1
taxi:2661:3,taxi,2661,3,user,0,validation,0
taxi:2661:4,taxi,2661,4,agent,2,validation,0
taxi:2661:5,taxi,2661,5,user,0,validation,0
taxi:2661:6,taxi,2661,6,agent,2,validation,0
taxi:2662:1,taxi,2662,1,user,3,train,0
taxi:2662:2,taxi,2662,2,agent,3,train,0
taxi:2662:3,taxi,2662,3,user,3,train,1
taxi:2662:4,taxi,2662,4,agent,2,train,1
taxi:2662:5,taxi,2662,5,user,0,train,0
taxi:2662:6,taxi,2662,6,agent,2,train,0
taxi:2662:7,taxi,2662,7,user,3,train,0
taxi:2662:8,taxi,2662,8,agent,2,train,0
taxi:2662:9,taxi,2662,9,user,3,train,1
taxi:2663:1,taxi,2663,1,user,3,train,1
taxi:2663:2,taxi,2663,2,agent,0,train,1
taxi:2663:3,taxi,2663,3,user,0,train,0
taxi:2663:4,taxi,2663,4,agent,2,train,0
taxi:2663:5,taxi,2663,5,user,2,train,0
taxi:2663:6,taxi,2663,6,agent,2,train,0
taxi:2663:7,taxi,2663,7,user,3,train,0
taxi:2664:1,taxi,2664,1,user,1,train,0
taxi:2664:2,taxi,2664,2,agent,0,train,0
taxi:2664:3,taxi,2664,3,user,0,train,0
taxi:2664:4,taxi,2664,4,agent,2,train,0
taxi:2664:5,taxi,2664,5,user,0,train,0
taxi:2664:6,taxi,2664,6,agent,2,train,0
taxi:2665:1,taxi,2665,1,user,3,train,1
taxi:2665:2,taxi,2665,2,agent,3,train,0
taxi:2665:3,taxi,2665,3,user,0,train,0
taxi:2665:4,taxi,2665,4,agent,0,train,0
taxi:2665:5,taxi,2665,5,user,0,train,1
taxi:2665:6,taxi,2665,6,agent,0,train,0
taxi:2665:7,taxi,2665,7,user,0,train,1
taxi:2665:8,taxi,2665,8,agent,1,train,0
taxi:2665:9,taxi,2665,9,user,2,train,0
taxi:2665:10,taxi,2665,10,agent,2,train,1
taxi:2665:11,taxi,2665,11,user,3,train,0
taxi:2665:12,taxi,2665,12,agent,2,train,0
taxi:2665:13,taxi,2665,13,user,3,train,1
taxi:2666:1,taxi,2666,1,user,2,validation,0
taxi:2666:2,taxi,2666,2,agent,1,validation,1
taxi:2666:3,taxi,2666,3,user,2,validation,0
taxi:2666:4,taxi,2666,4,agent,0,validation,1
taxi:2666:5,taxi,2666,5,user,0,validation,0
taxi:2666:6,taxi,2666,6,agent,2,validation,0
taxi:2666:7,taxi,2666,7,user,0,validation,0
taxi:2666:8,taxi,2666,8,agent,2,validation,0
taxi:2666:9,taxi,2666,9,user,3,validation,0
taxi:2667:1,taxi,2667,1,user,3,train,1
taxi:2667:2,taxi,2667,2,agent,2,train,0
taxi:2667:3,taxi,2667,3,user,3,train,0
taxi:2667:4,taxi,2667,4,agent,2,train,0
taxi:2668:1,taxi,2668,1,user,3,train,1
taxi:2668:2,taxi,2668,2,agent,1,train,0
taxi:2668:3,taxi,2668,3,user,0,train,0
taxi:2668:4,taxi,2668,4,agent,2,train,1
taxi:2668:5,taxi,2668,5,user,0,train,0
taxi:2668:6,taxi,2668,6,agent,2,train,1
taxi:2668:7,taxi,2668,7,user,3,train,0
taxi:2669:1,taxi,2669,1,user,3,train,1
taxi:2669:2,taxi,2669,2,agent,0,train,0
taxi:2669:3,taxi,2669,3,user,0,train,0
taxi:2669:4,taxi,2669,4,agent,2,train,0
taxi:2669:5,taxi,2669,5,user,2,train,0
taxi:2669:6,taxi,2669,6,agent,2,train,0
taxi:2669:7,taxi,2669,7,user,3,train,0
taxi:2670:1,taxi,2670,1,user,3,train,0
taxi:2670:2,taxi,2670,2,agent,3,train,1
taxi:2670:3,taxi,2670,3,user,0,train,0
taxi:2670:4,taxi,2670,4,agent,0,train,1
taxi:2670:5,taxi,2670,5,user,0,train,1
taxi:2670:6,taxi,2670,6,agent,0,train,0
taxi:2670:7,taxi,2670,7,user,0,train,0
taxi:2670:8,taxi,2670,8,agent,2,train,0
taxi:2670:9,taxi,2670,9,user,0,train,1
taxi:2670:10,taxi,2670,10,agent,2,train,0
taxi:2670:11,taxi,2670,11,user,2,train,0
taxi:2670:12,taxi,2670,12,agent,2,train,0
taxi:2670:13,taxi,2670,13,user,3,train,0
taxi:2671:1,taxi,2671,1,user,0,train,1
taxi:2671:2,taxi,2671,2,agent,3,train,1
taxi:2671:3,taxi,2671,3,user,0,train,0
taxi:2671:4,taxi,2671,4,agent,2,train,0
taxi:2671:5,taxi,2671,5,user,3,train,1
taxi:2671:6,taxi,2671,6,agent,2,train,0
taxi:2671:7,taxi,2671,7,user,3,train,1
taxi:2672:1,taxi,2672,1,user,1,train,0
taxi:2672:2,taxi,2672,2,agent,1,train,0
taxi:2672:3,taxi,2672,3,user,0,train,0
taxi:2672:4,taxi,2672,4,agent,2,train,0
taxi:2672:5,taxi,2672,5,user,3,train,1
taxi:2672:6,taxi,2672,6,agent,2,train,0
taxi:2672:7,taxi,2672,7,user,3,train,1
taxi:2673:1,taxi,2673,1,user,1,train,0
taxi:2673:2,taxi,2673,2,agent,0,train,0
taxi:2673:3,taxi,2673,3,user,0,train,0
taxi:2673:4,taxi,2673,4,agent,1,train,0
taxi:2673:5,taxi,2673,5,user,0,train,0
taxi:2673:6,taxi,2673,6,agent,2,train,0
taxi:2673:7,taxi,2673,7,user,3,train,1
taxi:2673:8,taxi,2673,8,agent,2,train,0
taxi:2673:9,taxi,2673,9,user,3,train,1
taxi:2674:1,taxi,2674,1,user,3,train,1
taxi:2674:2,taxi,2674,2,user,1,train,0
taxi:2674:3,taxi,2674,3,agent,0,train,1
taxi:2674:4,taxi,2674,4,user,3,train,0
taxi:2674:5,taxi,2674,5,agent,2,train,0
taxi:2674:6,taxi,2674,6,user,2,train,1
taxi:2674:7,taxi,2674,7,agent,2,train,0
taxi:2674:8,taxi,2674,8,user,3,train,0
taxi:2675:1,taxi,2675,1,user,2,train,0
taxi:2675:2,taxi,2675,2,agent,3,train,1
taxi:2675:3,taxi,2675,3,user,0,train,0
taxi:2675:4,taxi,2675,4,agent,2,train,1
taxi:2675:5,taxi,2675,5,user,2,train,0
taxi:2675:6,taxi,2675,6,agent,3,train,1
taxi:2675:7,taxi,2675,7,user,3,train,0
taxi:2676:1,taxi,2676,1,user,3,train,1
taxi:2676:2,taxi,2676,2,agent,0,train,1
taxi:2676:3,taxi,2676,3,user,2,train,1
taxi:2676:4,taxi,2676,4,agent,2,train,1
taxi:2676:5,taxi,2676,5,user,3,train,1
taxi:2676:6,taxi,2676,6,agent,2,train,0
taxi:2676:7,taxi,2676,7,user,3,train,1
taxi:2677:1,taxi,2677,1,user,2,train,1
taxi:2677:2,taxi,2677,2,agent,0,train,1
taxi:2677:3,taxi,2677,3,user,2,train,0
taxi:2677:4,taxi,2677,4,agent,0,train,0
taxi:2677:5,taxi,2677,5,user,0,train,0
taxi:2677:6,taxi,2677,6,agent,0,train,1
taxi:2677:7,taxi,2677,7,user,0,train,0
taxi:2677:8,taxi,2677,8,agent,2,train,1
taxi:2677:9,taxi,2677,9,user,3,train,0
taxi:2677:10,taxi,2677,10,agent,2,train,0
taxi:2677:11,taxi,2677,11,user,3,train,1
taxi:2678:1,taxi,2678,1,user,3,validation,1
taxi:2678:2,taxi,2678,2,agent,3,validation,0
taxi:2678:3,taxi,2678,3,user,2,validation,0
taxi:2678:4,taxi,2678,4,agent,2,validation,1
taxi:2678:5,taxi,2678,5,user,0,validation,0
taxi:2678:6,taxi,2678,6,agent,2,validation,0
taxi:2679:1,taxi,2679,1,user,3,train,1
taxi:2679:2,taxi,2679,2,agent,3,train,1
taxi:2679:3,taxi,2679,3,user,2,train,0
taxi:2679:4,taxi,2679,4,agent,2,train,0
taxi:2679:5,taxi,2679,5,user,0,train,0
taxi:2679:6,taxi,2679,6,agent,2,train,1
taxi:2680:1,taxi,2680,1,user,1,train,1
taxi:2680:2,taxi,2680,2,agent,3,train,1
taxi:2680:3,taxi,2680,3,user,0,train,0
taxi:2680:4,taxi,2680,4,agent,0,train,0
taxi:2680:5,taxi,2680,5,user,0,train,0
taxi:2680:6,taxi,2680,6,agent,0,train,0
taxi:2680:7,taxi,2680,7,user,0,train,0
taxi:2680:8,taxi,2680,8,agent,0,train,0
taxi:2680:9,taxi,2680,9,user,0,train,1
taxi:2680:10,taxi,2680,10,agent,2,train,0
taxi:2680:11,taxi,2680,11,user,0,train,0
taxi:2680:12,taxi,2680,12,agent,2,train,0
taxi:2681:1,taxi,2681,1,user,1,train,0
taxi:2681:2,taxi,2681,2,agent,3,train,0
taxi:2681:3,taxi,2681,3,user,0,train,0
taxi:2681:4,taxi,2681,4,agent,0,train,0
taxi:2681:5,taxi,2681,5,user,0,train,1
taxi:2681:6,taxi,2681,6,agent,0,train,0
taxi:2681:7,taxi,2681,7,user,0,train,0
taxi:2681:8,taxi,2681,8,agent,0,train,1
taxi:2681:9,taxi,2681,9,user,0,train,1
taxi:2681:10,taxi,2681,10,agent,2,train,0
taxi:2681:11,taxi,2681,11,user,0,train,0
taxi:2681:12,taxi,2681,12,agent,2,train,0
taxi:2682:1,taxi,2682,1,user,0,train,0
taxi:2682:2,taxi,2682,2,agent,3,train,0
taxi:2682:3,taxi,2682,3,user,0,train,1
taxi:2682:4,taxi,2682,4,agent,1,train,0
taxi:2682:5,taxi,2682,5,user,0,train,1
taxi:2682:6,taxi,2682,6,agent,2,train,0
taxi:2682:7,taxi,2682,7,user,0,train,0
taxi:2682:8,taxi,2682,8,agent,2,train,0
taxi:2683:1,taxi,2683,1,user,3,validation,0
taxi:2683:2,taxi,2683,2,agent,3,validation,1
taxi:2683:3,taxi,2683,3,user,2,validation,0
taxi:2683:4,taxi,2683,4,agent,2,validation,1
taxi:2683:5,taxi,2683,5,user,0,validation,0
taxi:2683:6,taxi,2683,6,agent,2,validation,0
taxi:2684:1,taxi,2684,1,user,3,train,1
taxi:2684:2,taxi,2684,2,agent,3,train,1
taxi:2684:3,taxi,2684,3,user,2,train,0
taxi:2684:4,taxi,2684,4,agent,2,train,0
taxi:2684:5,taxi,2684,5,user,0,train,0
taxi:2684:6,taxi,2684,6,agent,2,train,0
taxi:2685:1,taxi,2685,1,user,2,train,1
taxi:2685:2,taxi,2685,2,agent,3,train,1
taxi:2685:3,taxi,2685,3,user,0,train,0
taxi:2685:4,taxi,2685,4,agent,2,train,0
taxi:2685:5,taxi,2685,5,user,0,train,1
taxi:2685:6,taxi,2685,6,agent,2,train,1
taxi:2685:7,taxi,2685,7,user,0,train,0
taxi:2685:8,taxi,2685,8,agent,2,train,0
taxi:2686:1,taxi,2686,1,user,3,train,1
taxi:2686:2,taxi,2686,2,agent,3,train,1
taxi:2686:3,taxi,2686,3,user,0,train,0
taxi:2686:4,taxi,2686,4,agent,2,train,1
taxi:2686:5,taxi,2686,5,user,3,train,1
taxi:2686:6,taxi,2686,6,agent,3,train,1
taxi:2687:1,taxi,2687,1,user,3,train,1
taxi:2687:2,taxi,2687,2,agent,3,train,1
taxi:2687:3,taxi,2687,3,user,2,train,1
taxi:2687:4,taxi,2687,4,agent,2,train,0
taxi:2687:5,taxi,2687,5,user,0,train,0
taxi:2687:6,taxi,2687,6,agent,2,train,0
taxi:2688:1,taxi,2688,1,user,1,train,1
taxi:2688:2,taxi,2688,2,agent,3,train,1
taxi:2688:3,taxi,2688,3,user,0,train,0
taxi:2688:4,taxi,2688,4,agent,2,train,0
taxi:2688:5,taxi,2688,5,user,0,train,0
taxi:2688:6,taxi,2688,6,agent,2,train,1
taxi:2689:1,taxi,2689,1,user,3,test,1
taxi:2689:2,taxi,2689,2,agent,3,test,1
taxi:2689:3,taxi,2689,3,user,3,test,1
taxi:2689:4,taxi,2689,4,agent,2,test,0
taxi:2689:5,taxi,2689,5,user,3,test,1
taxi:2689:6,taxi,2689,6,agent,2,test,1
taxi:2690:1,taxi,2690,1,user,3,train,1
taxi:2690:2,taxi,2690,2,agent,3,train,1
taxi:2690:3,taxi,2690,3,user,2,train,0
taxi:2690:4,taxi,2690,4,agent,2,train,0
taxi:2690:5,taxi,2690,5,user,0,train,0
taxi:2690:6,taxi,2690,6,agent,2,train,0
taxi:2691:1,taxi,2691,1,user,2,test,0
taxi:2691:2,taxi,2691,2,agent,3,test,1
taxi:2691:3,taxi,2691,3,user,2,test,0
taxi:2691:4,taxi,2691,4,agent,2,test,0
taxi:2691:5,taxi,2691,5,user,3,test,1
taxi:2691:6,taxi,2691,6,agent,3,test,1
taxi:2692:1,taxi,2692,1,user,3,train,1
taxi:2692:2,taxi,2692,2,agent,3,train,1
taxi:2692:3,taxi,2692,3,user,3,train,1
taxi:2692:4,taxi,2692,4,agent,0,train,0
taxi:2692:5,taxi,2692,5,user,2,train,0
taxi:2692:6,taxi,2692,6,agent,2,train,0
taxi:2692:7,taxi,2692,7,user,3,train,1
taxi:2692:8,taxi,2692,8,agent,2,train,0
taxi:2693:1,taxi,2693,1,user,3,train,1
taxi:2693:2,taxi,2693,2,agent,3,train,1
taxi:2693:3,taxi,2693,3,user,2,train,0
taxi:2693:4,taxi,2693,4,agent,2,train,1
taxi:2693:5,taxi,2693,5,user,0,train,0
taxi:2693:6,taxi,2693,6,agent,2,train,0
taxi:2694:1,taxi,2694,1,user,1,train,0
taxi:2694:2,taxi,2694,2,agent,3,train,0
taxi:2694:3,taxi,2694,3,user,0,train,1
taxi:2694:4,taxi,2694,4,agent,2,train,1
taxi:2694:5,taxi,2694,5,user,0,train,0
taxi:2694:6,taxi,2694,6,agent,2,train,0
taxi:2695:1,taxi,2695,1,user,3,train,0
taxi:2695:2,taxi,2695,2,agent,3,train,0
taxi:2695:3,taxi,2695,3,user,2,train,0
taxi:2695:4,taxi,2695,4,agent,2,train,1
taxi:2695:5,taxi,2695,5,user,0,train,1
taxi:2695:6,taxi,2695,6,agent,2,train,1
taxi:2696:1,taxi,2696,1,user,1,train,1
taxi:2696:2,taxi,2696,2,agent,3,train,0
taxi:2696:3,taxi,2696,3,user,0,train,0
taxi:2696:4,taxi,2696,4,agent,2,train,0
taxi:2696:5,taxi,2696,5,user,0,train,0
taxi:2696:6,taxi,2696,6,agent,2,train,1
taxi:2697:1,taxi,2697,1,user,3,train,1
taxi:2697:2,taxi,2697,2,agent,3,train,0
taxi:2697:3,taxi,2697,3,user,2,train,0
taxi:2697:4,taxi,2697,4,agent,2,train,0
taxi:2697:5,taxi,2697,5,user,0,train,0
taxi:2697:6,taxi,2697,6,agent,2,train,0
taxi:2698:1,taxi,2698,1,user,3,test,1
taxi:2698:2,taxi,2698,2,agent,3,test,1
taxi:2698:3,taxi,2698,3,user,3,test,1
taxi:2698:4,taxi,2698,4,agent,2,test,0
taxi:2699:1,taxi,2699,1,user,3,train,1
taxi:2699:2,taxi,2699,2,agent,3,train,0
taxi:2699:3,taxi,2699,3,user,3,train,1
taxi:2699:4,taxi,2699,4,agent,1,train,0
taxi:2699:5,taxi,2699,5,user,3,train,1
taxi:2699:6,taxi,2699,6,agent,2,train,0
taxi:2699:7,taxi,2699,7,user,3,train,1
taxi:2699:8,taxi,2699,8,agent,3,train,1
taxi:2700:1,taxi,2700,1,user,3,train,0
taxi:2700:2,taxi,2700,2,agent,3,train,1
taxi:2700:3,taxi,2700,3,user,3,train,1
taxi:2700:4,taxi,2700,4,agent,2,train,0
taxi:2701:1,taxi,2701,1,user,3,train,0
taxi:2701:2,taxi,2701,2,agent,3,train,1
taxi:2701:3,taxi,2701,3,user,2,train,0
taxi:2701:4,taxi,2701,4,agent,2,train,0
taxi:2701:5,taxi,2701,5,user,3,train,1
taxi:2701:6,taxi,2701,6,agent,3,train,0
taxi:2702:1,taxi,2702,1,user,2,test,0
taxi:2702:2,taxi,2702,2,agent,3,test,0
taxi:2702:3,taxi,2702,3,user,3,test,1
taxi:2702:4,taxi,2702,4,agent,2,test,0
taxi:2702:5,taxi,2702,5,user,3,test,1
taxi:2702:6,taxi,2702,6,agent,3,test,1
taxi:2703:1,taxi,2703,1,user,0,train,0
taxi:2703:2,taxi,2703,2,agent,3,train,1
taxi:2703:3,taxi,2703,3,user,0,train,0
taxi:2703:4,taxi,2703,4,agent,2,train,0
taxi:2703:5,taxi,2703,5,user,0,train,0
taxi:2703:6,taxi,2703,6,agent,2,train,1
taxi:2703:7,taxi,2703,7,user,0,train,0
taxi:2703:8,taxi,2703,8,agent,2,train,0
taxi:2704:1,taxi,2704,1,user,1,test,0
taxi:2704:2,taxi,2704,2,agent,3,test,1
taxi:2704:3,taxi,2704,3,user,0,test,1
taxi:2704:4,taxi,2704,4,agent,2,test,1
taxi:2704:5,taxi,2704,5,user,0,test,0
taxi:2704:6,taxi,2704,6,agent,2,test,0
taxi:2705:1,taxi,2705,1,user,2,train,0
taxi:2705:2,taxi,2705,2,agent,3,train,1
taxi:2705:3,taxi,2705,3,user,2,train,0
taxi:2705:4,taxi,2705,4,agent,2,train,0
taxi:2705:5,taxi,2705,5,user,2,train,0
taxi:2705:6,taxi,2705,6,agent,2,train,0
taxi:2706:1,taxi,2706,1,user,3,test,0
taxi:2706:2,taxi,2706,2,agent,3,test,1
taxi:2706:3,taxi,2706,3,user,3,test,0
taxi:2706:4,taxi,2706,4,agent,2,test,0
taxi:2706:5,taxi,2706,5,user,3,test,1
taxi:2706:6,taxi,2706,6,agent,2,test,1
taxi:2707:1,taxi,2707,1,user,2,train,0
taxi:2707:2,taxi,2707,2,agent,3,train,1
taxi:2707:3,taxi,2707,3,user,2,train,0
taxi:2707:4,taxi,2707,4,agent,1,train,0
taxi:2707:5,taxi,2707,5,user,2,train,0
taxi:2707:6,taxi,2707,6,agent,2,train,0
taxi:2707:7,taxi,2707,7,user,2,train,0
taxi:2707:8,taxi,2707,8,agent,3,train,1
taxi:2708:1,taxi,2708,1,user,1,train,0
taxi:2708:2,taxi,2708,2,agent,3,train,0
taxi:2708:3,taxi,2708,3,user,0,train,0
taxi:2708:4,taxi,2708,4,agent,2,train,0
taxi:2708:5,taxi,2708,5,user,0,train,0
taxi:2708:6,taxi,2708,6,agent,2,train,0
taxi:2709:1,taxi,2709,1,user,3,train,1
taxi:2709:2,taxi,2709,2,agent,3,train,0
taxi:2709:3,taxi,2709,3,user,3,train,1
taxi:2709:4,taxi,2709,4,agent,2,train,0
taxi:2710:1,taxi,2710,1,user,1,train,1
taxi:2710:2,taxi,2710,2,agent,3,train,0
taxi:2710:3,taxi,2710,3,user,0,train,0
taxi:2710:4,taxi,2710,4,agent,2,train,0
taxi:2710:5,taxi,2710,5,user,0,train,0
taxi:2710:6,taxi,2710,6,agent,2,train,0
taxi:2710:7,taxi,2710,7,user,0,train,0
taxi:2710:8,taxi,2710,8,agent,2,train,0
taxi:2711:1,taxi,2711,1,user,3,validation,1
taxi:2711:2,taxi,2711,2,agent,3,validation,1
taxi:2711:3,taxi,2711,3,user,2,validation,0
taxi:2711:4,taxi,2711,4,agent,2,validation,0
taxi:2711:5,taxi,2711,5,user,0,validation,0
taxi:2711:6,taxi,2711,6,agent,2,validation,0
taxi:2712:1,taxi,2712,1,user,2,train,1
taxi:2712:2,taxi,2712,2,agent,3,train,1
taxi:2712:3,taxi,2712,3,user,3,train,1
taxi:2712:4,taxi,2712,4,agent,2,train,0
taxi:2713:1,taxi,2713,1,user,0,train,0
taxi:2713:2,taxi,2713,2,agent,3,train,1
taxi:2713:3,taxi,2713,3,user,2,train,1
taxi:2713:4,taxi,2713,4,agent,2,train,0
taxi:2713:5,taxi,2713,5,user,0,train,1
taxi:2713:6,taxi,2713,6,agent,1,train,0
taxi:2713:7,taxi,2713,7,user,2,train,0
taxi:2713:8,taxi,2713,8,agent,1,train,0
taxi:2713:9,taxi,2713,9,user,0,train,0
taxi:2713:10,taxi,2713,10,agent,2,train,0
taxi:2713:11,taxi,2713,11,user,0,train,0
taxi:2713:12,taxi,2713,12,agent,2,train,1
taxi:2714:1,taxi,2714,1,user,2,train,0
taxi:2714:2,taxi,2714,2,agent,3,train,1
taxi:2714:3,taxi,2714,3,user,2,train,1
taxi:2714:4,taxi,2714,4,agent,1,train,0
taxi:2714:5,taxi,2714,5,user,3,train,1
taxi:2714:6,taxi,2714,6,agent,2,train,0
taxi:2714:7,taxi,2714,7,user,2,train,0
taxi:2714:8,taxi,2714,8,agent,3,train,1
taxi:2715:1,taxi,2715,1,user,2,train,0
taxi:2715:2,taxi,2715,2,agent,3,train,1
taxi:2715:3,taxi,2715,3,user,0,train,0
taxi:2715:4,taxi,2715,4,agent,1,train,0
taxi:2715:5,taxi,2715,5,user,0,train,0
taxi:2715:6,taxi,2715,6,agent,2,train,0
taxi:2715:7,taxi,2715,7,user,3,train,0
taxi:2715:8,taxi,2715,8,agent,3,train,1
taxi:2716:1,taxi,2716,1,user,3,train,1
taxi:2716:2,taxi,2716,2,agent,3,train,0
taxi:2716:3,taxi,2716,3,user,2,train,0
taxi:2716:4,taxi,2716,4,agent,1,train,0
taxi:2716:5,taxi,2716,5,user,2,train,0
taxi:2716:6,taxi,2716,6,agent,2,train,0
taxi:2716:7,taxi,2716,7,user,0,train,0
taxi:2716:8,taxi,2716,8,agent,3,train,0
taxi:2717:1,taxi,2717,1,user,0,test,0
taxi:2717:2,taxi,2717,2,agent,3,test,0
taxi:2717:3,taxi,2717,3,user,0,test,1
taxi:2717:4,taxi,2717,4,agent,0,test,0
taxi:2717:5,taxi,2717,5,user,0,test,1
taxi:2717:6,taxi,2717,6,agent,0,test,0
taxi:2717:7,taxi,2717,7,user,0,test,0
taxi:2717:8,taxi,2717,8,agent,2,test,0
taxi:2717:9,taxi,2717,9,user,0,test,0
taxi:2717:10,taxi,2717,10,agent,2,test,0
taxi:2718:1,taxi,2718,1,user,3,train,0
taxi:2718:2,taxi,2718,2,agent,3,train,1
taxi:2718:3,taxi,2718,3,user,3,train,0
taxi:2718:4,taxi,2718,4,agent,0,train,0
taxi:2718:5,taxi,2718,5,user,3,train,0
taxi:2718:6,taxi,2718,6,agent,2,train,0
taxi:2718:7,taxi,2718,7,user,3,train,0
taxi:2718:8,taxi,2718,8,agent,2,train,0
taxi:2719:1,taxi,2719,1,user,1,train,0
taxi:2719:2,taxi,2719,2,agent,3,train,1
taxi:2719:3,taxi,2719,3,user,2,train,0
taxi:2719:4,taxi,2719,4,agent,2,train,0
taxi:2719:5,taxi,2719,5,user,0,train,0
taxi:2719:6,taxi,2719,6,agent,2,train,0
taxi:2720:1,taxi,2720,1,user,3,train,0
taxi:2720:2,taxi,2720,2,agent,3,train,0
taxi:2720:3,taxi,2720,3,user,3,train,0
taxi:2720:4,taxi,2720,4,agent,1,train,1
taxi:2720:5,taxi,2720,5,user,2,train,0
taxi:2720:6,taxi,2720,6,agent,2,train,0
taxi:2720:7,taxi,2720,7,user,3,train,0
taxi:2720:8,taxi,2720,8,agent,3,train,1
taxi:2721:1,taxi,2721,1,user,3,train,1
taxi:2721:2,taxi,2721,2,agent,3,train,0
taxi:2721:3,taxi,2721,3,user,2,train,0
taxi:2721:4,taxi,2721,4,agent,2,train,0
taxi:2721:5,taxi,2721,5,user,0,train,1
taxi:2721:6,taxi,2721,6,agent,2,train,0
taxi:2722:1,taxi,2722,1,user,3,train,1
taxi:2722:2,taxi,2722,2,agent,3,train,1
taxi:2722:3,taxi,2722,3,user,2,train,1
taxi:2722:4,taxi,2722,4,agent,2,train,0
taxi:2722:5,taxi,2722,5,user,0,train,0
taxi:2722:6,taxi,2722,6,agent,2,train,0
taxi:2723:1,taxi,2723,1,user,3,test,1
taxi:2723:2,taxi,2723,2,agent,3,test,0
taxi:2723:3,taxi,2723,3,user,2,test,0
taxi:2723:4,taxi,2723,4,agent,2,test,0
taxi:2723:5,taxi,2723,5,user,0,test,0
taxi:2723:6,taxi,2723,6,agent,2,test,1
taxi:2724:1,taxi,2724,1,user,3,test,1
taxi:2724:2,taxi,2724,2,agent,3,test,1
taxi:2724:3,taxi,2724,3,user,2,test,0
taxi:2724:4,taxi,2724,4,agent,2,test,0
taxi:2724:5,taxi,2724,5,user,0,test,0
taxi:2724:6,taxi,2724,6,agent,2,test,0
taxi:2725:1,taxi,2725,1,user,3,test,1
taxi:2725:2,taxi,2725,2,agent,3,test,1
taxi:2725:3,taxi,2725,3,user,0,test,0
taxi:2725:4,taxi,2725,4,agent,1,test,0
taxi:2725:5,taxi,2725,5,user,2,test,0
taxi:2725:6,taxi,2725,6,agent,2,test,0
taxi:2725:7,taxi,2725,7,user,2,test,0
taxi:2725:8,taxi,2725,8,agent,3,test,1
taxi:2726:1,taxi,2726,1,user,3,train,1
taxi:2726:2,taxi,2726,2,agent,3,train,1
taxi:2726:3,taxi,2726,3,user,2,train,0
taxi:2726:4,taxi,2726,4,agent,2,train,1
taxi:2726:5,taxi,2726,5,user,0,train,1
taxi:2726:6,taxi,2726,6,agent,2,train,0
taxi:2727:1,taxi,2727,1,user,2,test,1
taxi:2727:2,taxi,2727,2,agent,3,test,1
taxi:2727:3,taxi,2727,3,user,0,test,1
taxi:2727:4,taxi,2727,4,agent,0,test,1
taxi:2727:5,taxi,2727,5,user,0,test,1
taxi:2727:6,taxi,2727,6,agent,0,test,1
taxi:2727:7,taxi,2727,7,user,0,test,0
taxi:2727:8,taxi,2727,8,agent,1,test,1
taxi:2727:9,taxi,2727,9,user,0,test,0
taxi:2727:10,taxi,2727,10,agent,2,test,1
taxi:2727:11,taxi,2727,11,user,3,test,1
taxi:2727:12,taxi,2727,12,agent,2,test,1
taxi:2727:13,taxi,2727,13,user,3,test,1
taxi:2728:1,taxi,2728,1,user,1,train,0
taxi:2728:2,taxi,2728,2,agent,2,train,0
taxi:2728:3,taxi,2728,3,user,3,train,1
taxi:2728:4,taxi,2728,4,agent,2,train,0
taxi:2729:1,taxi,2729,1,user,2,test,1
taxi:2729:2,taxi,2729,2,agent,3,test,1
taxi:2729:3,taxi,2729,3,user,3,test,0
taxi:2729:4,taxi,2729,4,agent,3,test,0
taxi:2730:1,taxi,2730,1,user,3,train,1
taxi:2730:2,taxi,2730,2,agent,3,train,1
taxi:2730:3,taxi,2730,3,user,2,train,1
taxi:2730:4,taxi,2730,4,agent,2,train,0
taxi:2730:5,taxi,2730,5,user,0,train,0
taxi:2730:6,taxi,2730,6,agent,3,train,1
taxi:2731:1,taxi,2731,1,user,3,train,1
taxi:2731:2,taxi,2731,2,agent,2,train,1
taxi:2731:3,taxi,2731,3,user,3,train,1
taxi:2731:4,taxi,2731,4,agent,2,train,0
taxi:2732:1,taxi,2732,1,user,3,train,1
taxi:2732:2,taxi,2732,2,agent,3,train,1
taxi:2732:3,taxi,2732,3,user,2,train,0
taxi:2732:4,taxi,2732,4,agent,2,train,0
taxi:2732:5,taxi,2732,5,user,0,train,1
taxi:2732:6,taxi,2732,6,agent,3,train,1
taxi:2733:1,taxi,2733,1,user,3,train,0
taxi:2733:2,taxi,2733,2,agent,3,train,0
taxi:2733:3,taxi,2733,3,user,2,train,1
taxi:2733:4,taxi,2733,4,agent,2,train,0
taxi:2733:5,taxi,2733,5,user,0,train,0
taxi:2733:6,taxi,2733,6,agent,2,train,0
taxi:2734:1,taxi,2734,1,user,2,validation,0
taxi:2734:2,taxi,2734,2,agent,3,validation,1
taxi:2734:3,taxi,2734,3,user,2,validation,0
taxi:2734:4,taxi,2734,4,agent,3,validation,0
taxi:2735:1,taxi,2735,1,user,3,train,0
taxi:2735:2,taxi,2735,2,agent,3,train,0
taxi:2735:3,taxi,2735,3,user,0,train,0
taxi:2735:4,taxi,2735,4,agent,1,train,0
taxi:2735:5,taxi,2735,5,user,0,train,0
taxi:2735:6,taxi,2735,6,agent,2,train,0
taxi:2735:7,taxi,2735,7,user,2,train,0
taxi:2735:8,taxi,2735,8,agent,3,train,1
taxi:2736:1,taxi,2736,1,user,1,test,0
taxi:2736:2,taxi,2736,2,agent,0,test,0
taxi:2736:3,taxi,2736,3,user,0,test,0
taxi:2736:4,taxi,2736,4,agent,2,test,0
taxi:2736:5,taxi,2736,5,user,0,test,0
taxi:2736:6,taxi,2736,6,agent,2,test,1
taxi:2737:1,taxi,2737,1,user,3,train,0
taxi:2737:2,taxi,2737,2,agent,3,train,1
taxi:2737:3,taxi,2737,3,user,3,train,1
taxi:2737:4,taxi,2737,4,agent,3,train,1
taxi:2738:1,taxi,2738,1,user,3,train,1
taxi:2738:2,taxi,2738,2,agent,3,train,0
taxi:2738:3,taxi,2738,3,user,2,train,1
taxi:2738:4,taxi,2738,4,agent,2,train,0
taxi:2738:5,taxi,2738,5,user,0,train,1
taxi:2738:6,taxi,2738,6,agent,3,train,0
taxi:2739:1,taxi,2739,1,user,3,train,1
taxi:2739:2,taxi,2739,2,agent,3,train,1
taxi:2739:3,taxi,2739,3,user,3,train,1
taxi:2739:4,taxi,2739,4,agent,3,train,1
taxi:2740:1,taxi,2740,1,user,1,train,1
taxi:2740:2,taxi,2740,2,agent,3,train,0
taxi:2740:3,taxi,2740,3,user,2,train,0
taxi:2740:4,taxi,2740,4,agent,3,train,1
taxi:2741:1,taxi,2741,1,user,2,train,0
taxi:2741:2,taxi,2741,2,agent,3,train,1
taxi:2741:3,taxi,2741,3,user,2,train,0
taxi:2741:4,taxi,2741,4,agent,3,train,0
taxi:2742:1,taxi,2742,1,user,1,test,0
taxi:2742:2,taxi,2742,2,agent,3,test,1
taxi:2742:3,taxi,2742,3,user,3,test,1
taxi:2742:4,taxi,2742,4,agent,3,test,1
taxi:2743:1,taxi,2743,1,user,3,train,0
taxi:2743:2,taxi,2743,2,agent,3,train,0
taxi:2743:3,taxi,2743,3,user,2,train,1
taxi:2743:4,taxi,2743,4,agent,2,train,1
taxi:2743:5,taxi,2743,5,user,3,train,1
taxi:2743:6,taxi,2743,6,agent,2,train,0
taxi:2743:7,taxi,2743,7,user,3,train,0
taxi:2744:1,taxi,2744,1,user,3,train,1
taxi:2744:2,taxi,2744,2,agent,3,train,1
taxi:2744:3,taxi,2744,3,user,3,train,1
taxi:2744:4,taxi,2744,4,agent,2,train,0
taxi:2744:5,taxi,2744,5,user,3,train,1
taxi:2744:6,taxi,2744,6,agent,2,train,0
taxi:2745:1,taxi,2745,1,user,2,train,0
taxi:2745:2,taxi,2745,2,agent,2,train,0
taxi:2745:3,taxi,2745,3,user,3,train,0
taxi:2745:4,taxi,2745,4,agent,2,train,1
taxi:2746:1,taxi,2746,1,user,3,train,1
taxi:2746:2,taxi,2746,2,agent,3,train,1
taxi:2746:3,taxi,2746,3,user,2,train,0
taxi:2746:4,taxi,2746,4,agent,2,train,0
taxi:2746:5,taxi,2746,5,user,0,train,0
taxi:2746:6,taxi,2746,6,agent,2,train,1
taxi:2747:1,taxi,2747,1,user,3,train,0
taxi:2747:2,taxi,2747,2,agent,2,train,0
taxi:2747:3,taxi,2747,3,user,3,train,1
taxi:2747:4,taxi,2747,4,agent,2,train,0
taxi:2748:1,taxi,2748,1,user,3,train,1
taxi:2748:2,taxi,2748,2,agent,3,train,1
taxi:2748:3,taxi,2748,3,user,2,train,1
taxi:2748:4,taxi,2748,4,agent,2,train,0
taxi:2748:5,taxi,2748,5,user,0,train,0
taxi:2748:6,taxi,2748,6,agent,2,train,1
taxi:2749:1,taxi,2749,1,user,3,train,0
taxi:2749:2,taxi,2749,2,agent,3,train,1
taxi:2749:3,taxi,2749,3,user,2,train,0
taxi:2749:4,taxi,2749,4,agent,2,train,0
taxi:2749:5,taxi,2749,5,user,0,train,0
taxi:2749:6,taxi,2749,6,agent,2,train,0
taxi:2750:1,taxi,2750,1,user,3,train,1
taxi:2750:2,taxi,2750,2,agent,0,train,0
taxi:2750:3,taxi,2750,3,user,2,train,0
taxi:2750:4,taxi,2750,4,agent,2,train,1
taxi:2750:5,taxi,2750,5,user,0,train,0
taxi:2750:6,taxi,2750,6,agent,2,train,1
taxi:2751:1,taxi,2751,1,user,3,train,0
taxi:2751:2,taxi,2751,2,agent,3,train,0
taxi:2751:3,taxi,2751,3,user,2,train,0
taxi:2751:4,taxi,2751,4,agent,2,train,0
taxi:2751:5,taxi,2751,5,user,0,train,1
taxi:2751:6,taxi,2751,6,agent,2,train,0
taxi:2752:1,taxi,2752,1,user,2,train,1
taxi:2752:2,taxi,2752,2,agent,3,train,1
taxi:2752:3,taxi,2752,3,user,0,train,1
taxi:2752:4,taxi,2752,4,agent,0,train,0
taxi:2752:5,taxi,2752,5,agent,3,train,1
taxi:2752:6,taxi,2752,6,user,3,train,1
taxi:2752:7,taxi,2752,7,agent,1,train,0
taxi:2752:8,taxi,2752,8,user,0,train,0
taxi:2752:9,taxi,2752,9,agent,2,train,1
taxi:2752:10,taxi,2752,10,user,3,train,1
taxi:2752:11,taxi,2752,11,agent,3,train,1
taxi:2753:1,taxi,2753,1,user,2,train,0
taxi:2753:2,taxi,2753,2,agent,2,train,0
taxi:2753:3,taxi,2753,3,user,0,train,0
taxi:2753:4,taxi,2753,4,agent,2,train,0
taxi:2753:5,taxi,2753,5,user,0,train,0
taxi:2753:6,taxi,2753,6,agent,2,train,0
taxi:2753:7,taxi,2753,7,user,2,train,0
taxi:2753:8,taxi,2753,8,agent,2,train,0
taxi:2753:9,taxi,2753,9,user,3,train,1
taxi:2754:1,taxi,2754,1,user,3,train,1
taxi:2754:2,taxi,2754,2,agent,3,train,1
taxi:2754:3,taxi,2754,3,user,2,train,0
taxi:2754:4,taxi,2754,4,agent,2,train,0
taxi:2754:5,taxi,2754,5,user,0,train,0
taxi:2754:6,taxi,2754,6,agent,2,train,1
taxi:2755:1,taxi,2755,1,user,1,validation,1
taxi:2755:2,taxi,2755,2,agent,3,validation,1
taxi:2755:3,taxi,2755,3,user,2,validation,1
taxi:2755:4,taxi,2755,4,agent,3,validation,1
taxi:2756:1,taxi,2756,1,user,3,train,1
taxi:2756:2,taxi,2756,2,agent,2,train,0
taxi:2756:3,taxi,2756,3,user,2,train,0
taxi:2756:4,taxi,2756,4,agent,2,train,0
taxi:2756:5,taxi,2756,5,user,3,train,1
taxi:2757:1,taxi,2757,1,user,1,test,1
taxi:2757:2,taxi,2757,2,agent,3,test,0
taxi:2757:3,taxi,2757,3,user,2,test,0
taxi:2757:4,taxi,2757,4,agent,3,test,0
taxi:2758:1,taxi,2758,1,user,2,train,1
taxi:2758:2,taxi,2758,2,agent,3,train,1
taxi:2758:3,taxi,2758,3,user,3,train,0
taxi:2758:4,taxi,2758,4,agent,3,train,0
taxi:2759:1,taxi,2759,1,user,3,test,1
taxi:2759:2,taxi,2759,2,agent,3,test,0
taxi:2759:3,taxi,2759,3,user,0,test,1
taxi:2759:4,taxi,2759,4,agent,2,test,1
taxi:2760:1,taxi,2760,1,user,1,train,1
taxi:2760:2,taxi,2760,2,agent,2,train,0
taxi:2760:3,taxi,2760,3,user,0,train,0
taxi:2760:4,taxi,2760,4,agent,2,train,1
taxi:2761:1,taxi,2761,1,user,1,train,0
taxi:2761:2,taxi,2761,2,agent,3,train,1
taxi:2761:3,taxi,2761,3,user,0,train,1
taxi:2761:4,taxi,2761,4,agent,2,train,0
taxi:2761:5,taxi,2761,5,user,0,train,0
taxi:2761:6,taxi,2761,6,agent,3,train,1
taxi:2762:1,taxi,2762,1,user,2,train,0
taxi:2762:2,taxi,2762,2,agent,3,train,0
taxi:2762:3,taxi,2762,3,user,3,train,0
taxi:2762:4,taxi,2762,4,agent,2,train,1
taxi:2762:5,taxi,2762,5,user,0,train,0
taxi:2762:6,taxi,2762,6,agent,3,train,0
taxi:2763:1,taxi,2763,1,user,3,train,1
taxi:2763:2,taxi,2763,2,agent,3,train,1
taxi:2763:3,taxi,2763,3,user,2,train,0
taxi:2763:4,taxi,2763,4,agent,2,train,0
taxi:2763:5,taxi,2763,5,user,0,train,0
taxi:2763:6,taxi,2763,6,agent,3,train,0
taxi:2764:1,taxi,2764,1,user,3,test,1
taxi:2764:2,taxi,2764,2,agent,3,test,1
taxi:2764:3,taxi,2764,3,user,2,test,0
taxi:2764:4,taxi,2764,4,agent,2,test,1
taxi:2764:5,taxi,2764,5,user,0,test,1
taxi:2764:6,taxi,2764,6,agent,2,test,0
taxi:2765:1,taxi,2765,1,user,2,test,0
taxi:2765:2,taxi,2765,2,agent,3,test,1
taxi:2765:3,taxi,2765,3,user,3,test,1
taxi:2765:4,taxi,2765,4,agent,2,test,0
taxi:2766:1,taxi,2766,1,user,2,validation,0
taxi:2766:2,taxi,2766,2,agent,3,validation,0
taxi:2766:3,taxi,2766,3,user,2,validation,0
taxi:2766:4,taxi,2766,4,agent,2,validation,0
taxi:2767:1,taxi,2767,1,user,1,train,1
taxi:2767:2,taxi,2767,2,agent,3,train,1
taxi:2767:3,taxi,2767,3,user,0,train,0
taxi:2767:4,taxi,2767,4,agent,2,train,0
taxi:2767:5,taxi,2767,5,user,0,train,0
taxi:2767:6,taxi,2767,6,agent,3,train,0
taxi:2768:1,taxi,2768,1,user,3,validation,1
taxi:2768:2,taxi,2768,2,agent,3,validation,1
taxi:2768:3,taxi,2768,3,user,2,validation,0
taxi:2768:4,taxi,2768,4,agent,2,validation,0
taxi:2768:5,taxi,2768,5,user,0,validation,0
taxi:2768:6,taxi,2768,6,agent,3,validation,1
taxi:2769:1,taxi,2769,1,user,2,train,0
taxi:2769:2,taxi,2769,2,agent,3,train,0
taxi:2769:3,taxi,2769,3,user,3,train,1
taxi:2769:4,taxi,2769,4,agent,3,train,1
taxi:2770:1,taxi,2770,1,user,1,test,0
taxi:2770:2,taxi,2770,2,agent,2,test,0
taxi:2770:3,taxi,2770,3,user,3,test,1
taxi:2770:4,taxi,2770,4,agent,2,test,1
taxi:2771:1,taxi,2771,1,user,1,test,0
taxi:2771:2,taxi,2771,2,agent,3,test,1
taxi:2771:3,taxi,2771,3,user,0,test,0
taxi:2771:4,taxi,2771,4,agent,2,test,0
taxi:2771:5,taxi,2771,5,user,3,test,0
taxi:2771:6,taxi,2771,6,agent,3,test,1
taxi:2772:1,taxi,2772,1,user,1,test,0
taxi:2772:2,taxi,2772,2,agent,0,test,1
taxi:2772:3,taxi,2772,3,user,0,test,0
taxi:2772:4,taxi,2772,4,agent,2,test,0
taxi:2772:5,taxi,2772,5,user,2,test,0
taxi:2772:6,taxi,2772,6,agent,2,test,0
taxi:2773:1,taxi,2773,1,user,1,train,1
taxi:2773:2,taxi,2773,2,agent,3,train,1
taxi:2773:3,taxi,2773,3,user,2,train,0
taxi:2773:4,taxi,2773,4,agent,3,train,1
taxi:2774:1,taxi,2774,1,user,2,train,0
taxi:2774:2,taxi,2774,2,agent,3,train,1
taxi:2774:3,taxi,2774,3,user,0,train,0
taxi:2774:4,taxi,2774,4,agent,1,train,0
taxi:2774:5,taxi,2774,5,user,0,train,0
taxi:2774:6,taxi,2774,6,agent,1,train,0
taxi:2774:7,taxi,2774,7,user,2,train,1
taxi:2774:8,taxi,2774,8,agent,1,train,0
taxi:2774:9,taxi,2774,9,user,0,train,0
taxi:2774:10,taxi,2774,10,agent,2,train,0
taxi:2774:11,taxi,2774,11,user,3,train,0
taxi:2774:12,taxi,2774,12,agent,2,train,1
taxi:2774:13,taxi,2774,13,user,3,train,1
taxi:2775:1,taxi,2775,1,user,1,test,1
taxi:2775:2,taxi,2775,2,agent,3,test,1
taxi:2775:3,taxi,2775,3,user,0,test,0
taxi:2775:4,taxi,2775,4,agent,2,test,1
taxi:2775:5,taxi,2775,5,user,0,test,0
taxi:2775:6,taxi,2775,6,agent,3,test,0
taxi:2776:1,taxi,2776,1,user,1,train,0
taxi:2776:2,taxi,2776,2,agent,3,train,1
taxi:2776:3,taxi,2776,3,user,0,train,0
taxi:2776:4,taxi,2776,4,agent,2,train,0
taxi:2776:5,taxi,2776,5,user,0,train,0
taxi:2776:6,taxi,2776,6,agent,2,train,0
taxi:2777:1,taxi,2777,1,user,1,test,0
taxi:2777:2,taxi,2777,2,agent,2,test,1
taxi:2777:3,taxi,2777,3,user,3,test,1
taxi:2777:4,taxi,2777,4,agent,2,test,0
taxi:2778:1,taxi,2778,1,user,0,test,0
taxi:2778:2,taxi,2778,2,user,2,test,0
taxi:2778:3,taxi,2778,3,agent,2,test,1
taxi:2778:4,taxi,2778,4,user,2,test,0
taxi:2778:5,taxi,2778,5,agent,2,test,0
taxi:2779:1,taxi,2779,1,user,2,train,0
taxi:2779:2,taxi,2779,2,agent,3,train,0
taxi:2779:3,taxi,2779,3,user,0,train,0
taxi:2779:4,taxi,2779,4,agent,2,train,0
taxi:2779:5,taxi,2779,5,user,0,train,0
taxi:2779:6,taxi,2779,6,agent,2,train,0
taxi:2779:7,taxi,2779,7,user,0,train,0
taxi:2779:8,taxi,2779,8,agent,2,train,0
taxi:2779:9,taxi,2779,9,user,2,train,0
taxi:2779:10,taxi,2779,10,agent,2,train,1
taxi:2779:11,taxi,2779,11,user,3,train,0
taxi:2780:1,taxi,2780,1,user,3,test,0
taxi:2780:2,taxi,2780,2,agent,3,test,1
taxi:2780:3,taxi,2780,3,user,2,test,0
taxi:2780:4,taxi,2780,4,agent,2,test,1
taxi:2780:5,taxi,2780,5,user,0,test,0
taxi:2780:6,taxi,2780,6,agent,2,test,0
taxi:2781:1,taxi,2781,1,user,3,train,1
taxi:2781:2,taxi,2781,2,agent,3,train,1
taxi:2781:3,taxi,2781,3,user,2,train,0
taxi:2781:4,taxi,2781,4,agent,2,train,1
taxi:2781:5,taxi,2781,5,user,0,train,1
taxi:2781:6,taxi,2781,6,agent,2,train,0
taxi:2782:1,taxi,2782,1,user,1,train,0
taxi:2782:2,taxi,2782,2,agent,3,train,1
taxi:2782:3,taxi,2782,3,user,2,train,1
taxi:2782:4,taxi,2782,4,agent,2,train,0
taxi:2782:5,taxi,2782,5,user,0,train,0
taxi:2782:6,taxi,2782,6,agent,2,train,0
taxi:2783:1,taxi,2783,1,user,3,train,1
taxi:2783:2,taxi,2783,2,agent,3,train,1
taxi:2783:3,taxi,2783,3,user,2,train,1
taxi:2783:4,taxi,2783,4,agent,2,train,0
taxi:2783:5,taxi,2783,5,user,0,train,0
taxi:2783:6,taxi,2783,6,agent,2,train,0
taxi:2784:1,taxi,2784,1,user,2,train,0
taxi:2784:2,taxi,2784,2,agent,3,train,1
taxi:2784:3,taxi,2784,3,user,0,train,0
taxi:2784:4,taxi,2784,4,agent,1,train,0
taxi:2784:5,taxi,2784,5,user,0,train,1
taxi:2784:6,taxi,2784,6,agent,1,train,0
taxi:2784:7,taxi,2784,7,user,0,train,0
taxi:2784:8,taxi,2784,8,agent,2,train,1
taxi:2784:9,taxi,2784,9,user,2,train,1
taxi:2784:10,taxi,2784,10,agent,3,train,1
taxi:2784:11,taxi,2784,11,user,3,train,1
taxi:2785:1,taxi,2785,1,user,1,train,0
taxi:2785:2,taxi,2785,2,agent,3,train,1
taxi:2785:3,taxi,2785,3,user,0,train,0
taxi:2785:4,taxi,2785,4,agent,2,train,0
taxi:2785:5,taxi,2785,5,user,0,train,1
taxi:2785:6,taxi,2785,6,agent,2,train,0
taxi:2786:1,taxi,2786,1,user,3,train,1
taxi:2786:2,taxi,2786,2,agent,3,train,1
taxi:2786:3,taxi,2786,3,user,2,train,0
taxi:2786:4,taxi,2786,4,agent,2,train,0
taxi:2786:5,taxi,2786,5,user,0,train,0
taxi:2786:6,taxi,2786,6,agent,2,train,0
taxi:2787:1,taxi,2787,1,user,3,train,1
taxi:2787:2,taxi,2787,2,agent,3,train,1
taxi:2787:3,taxi,2787,3,user,3,train,0
taxi:2787:4,taxi,2787,4,agent,2,train,0
taxi:2788:1,taxi,2788,1,user,1,test,1
taxi:2788:2,taxi,2788,2,agent,2,test,1
taxi:2788:3,taxi,2788,3,user,0,test,1
taxi:2788:4,taxi,2788,4,agent,2,test,1
taxi:2789:1,taxi,2789,1,user,3,test,1
taxi:2789:2,taxi,2789,2,agent,3,test,1
taxi:2789:3,taxi,2789,3,user,2,test,0
taxi:2789:4,taxi,2789,4,agent,2,test,0
taxi:2789:5,taxi,2789,5,user,0,test,0
taxi:2789:6,taxi,2789,6,agent,2,test,0
taxi:2790:1,taxi,2790,1,user,3,train,1
taxi:2790:2,taxi,2790,2,agent,3,train,1
taxi:2790:3,taxi,2790,3,user,2,train,0
taxi:2790:4,taxi,2790,4,agent,2,train,0
taxi:2790:5,taxi,2790,5,user,0,train,0
taxi:2790:6,taxi,2790,6,agent,2,train,1
taxi:2791:1,taxi,2791,1,user,3,train,1
taxi:2791:2,taxi,2791,2,agent,3,train,1
taxi:2791:3,taxi,2791,3,user,0,train,0
taxi:2791:4,taxi,2791,4,agent,0,train,0
taxi:2791:5,taxi,2791,5,user,0,train,0
taxi:2791:6,taxi,2791,6,agent,0,train,0
taxi:2791:7,taxi,2791,7,user,0,train,0
taxi:2791:8,taxi,2791,8,agent,2,train,0
taxi:2791:9,taxi,2791,9,user,3,train,1
taxi:2791:10,taxi,2791,10,agent,3,train,0
taxi:2792:1,taxi,2792,1,user,3,validation,1
taxi:2792:2,taxi,2792,2,agent,3,validation,1
taxi:2792:3,taxi,2792,3,user,2,validation,0
taxi:2792:4,taxi,2792,4,agent,3,validation,1
taxi:2793:1,taxi,2793,1,user,3,train,1
taxi:2793:2,taxi,2793,2,agent,3,train,1
taxi:2793:3,taxi,2793,3,user,2,train,0
taxi:2793:4,taxi,2793,4,agent,2,train,0
taxi:2793:5,taxi,2793,5,user,0,train,0
taxi:2793:6,taxi,2793,6,agent,3,train,1
taxi:2794:1,taxi,2794,1,user,3,test,0
taxi:2794:2,taxi,2794,2,agent,3,test,0
taxi:2794:3,taxi,2794,3,user,2,test,0
taxi:2794:4,taxi,2794,4,agent,2,test,1
taxi:2794:5,taxi,2794,5,user,0,test,0
taxi:2794:6,taxi,2794,6,agent,2,test,0
taxi:2795:1,taxi,2795,1,user,1,train,1
taxi:2795:2,taxi,2795,2,agent,3,train,1
taxi:2795:3,taxi,2795,3,user,2,train,1
taxi:2795:4,taxi,2795,4,agent,3,train,1
taxi:2796:1,taxi,2796,1,user,1,train,0
taxi:2796:2,taxi,2796,2,agent,2,train,1
taxi:2796:3,taxi,2796,3,user,0,train,0
taxi:2796:4,taxi,2796,4,agent,2,train,0
taxi:2797:1,taxi,2797,1,user,3,test,1
taxi:2797:2,taxi,2797,2,agent,3,test,0
taxi:2797:3,taxi,2797,3,user,2,test,0
taxi:2797:4,taxi,2797,4,agent,2,test,0
taxi:2797:5,taxi,2797,5,user,0,test,0
taxi:2797:6,taxi,2797,6,agent,3,test,0
taxi:2798:1,taxi,2798,1,user,3,train,1
taxi:2798:2,taxi,2798,2,user,3,train,1
taxi:2798:3,taxi,2798,3,agent,3,train,1
taxi:2798:4,taxi,2798,4,user,0,train,0
taxi:2798:5,taxi,2798,5,agent,2,train,0
taxi:2798:6,taxi,2798,6,user,2,train,0
taxi:2798:7,taxi,2798,7,agent,2,train,0
taxi:2798:8,taxi,2798,8,user,0,train,0
taxi:2798:9,taxi,2798,9,agent,2,train,0
taxi:2799:1,taxi,2799,1,user,3,train,1
taxi:2799:2,taxi,2799,2,agent,3,train,1
taxi:2799:3,taxi,2799,3,user,3,train,0
taxi:2799:4,taxi,2799,4,agent,2,train,0
taxi:2800:1,taxi,2800,1,user,1,test,0
taxi:2800:2,taxi,2800,2,agent,3,test,1
taxi:2800:3,taxi,2800,3,user,3,test,1
taxi:2800:4,taxi,2800,4,agent,2,test,0
taxi:2801:1,taxi,2801,1,user,3,train,1
taxi:2801:2,taxi,2801,2,agent,0,train,0
taxi:2801:3,taxi,2801,3,user,2,train,0
taxi:2801:4,taxi,2801,4,agent,2,train,0
taxi:2801:5,taxi,2801,5,user,0,train,0
taxi:2801:6,taxi,2801,6,agent,2,train,0
taxi:2802:1,taxi,2802,1,user,3,train,0
taxi:2802:2,taxi,2802,2,agent,3,train,1
taxi:2802:3,taxi,2802,3,user,0,train,0
taxi:2802:4,taxi,2802,4,agent,2,train,0
taxi:2802:5,taxi,2802,5,user,0,train,0
taxi:2802:6,taxi,2802,6,agent,2,train,0
taxi:2803:1,taxi,2803,1,user,3,train,1
taxi:2803:2,taxi,2803,2,agent,3,train,1
taxi:2803:3,taxi,2803,3,user,2,train,0
taxi:2803:4,taxi,2803,4,agent,2,train,0
taxi:2803:5,taxi,2803,5,user,0,train,0
taxi:2803:6,taxi,2803,6,agent,2,train,0
taxi:2804:1,taxi,2804,1,user,3,train,1
taxi:2804:2,taxi,2804,2,agent,3,train,0
taxi:2804:3,taxi,2804,3,user,2,train,0
taxi:2804:4,taxi,2804,4,agent,1,train,0
taxi:2804:5,taxi,2804,5,user,0,train,0
taxi:2804:6,taxi,2804,6,agent,2,train,0
taxi:2804:7,taxi,2804,7,user,0,train,0
taxi:2804:8,taxi,2804,8,agent,2,train,1
taxi:2805:1,taxi,2805,1,user,1,test,1
taxi:2805:2,taxi,2805,2,agent,2,test,0
taxi:2805:3,taxi,2805,3,user,3,test,0
taxi:2805:4,taxi,2805,4,agent,2,test,0
taxi:2806:1,taxi,2806,1,user,3,train,1
taxi:2806:2,taxi,2806,2,agent,3,train,0
taxi:2806:3,taxi,2806,3,user,3,train,1
taxi:2806:4,taxi,2806,4,agent,3,train,0
taxi:2807:1,taxi,2807,1,user,2,train,0
taxi:2807:2,taxi,2807,2,agent,2,train,0
taxi:2807:3,taxi,2807,3,user,2,train,0
taxi:2807:4,taxi,2807,4,agent,2,train,0
taxi:2808:1,taxi,2808,1,user,1,train,0
taxi:2808:2,taxi,2808,2,agent,3,train,1
taxi:2808:3,taxi,2808,3,user,0,train,1
taxi:2808:4,taxi,2808,4,agent,2,train,1
taxi:2808:5,taxi,2808,5,user,0,train,0
taxi:2808:6,taxi,2808,6,agent,3,train,1
taxi:2809:1,taxi,2809,1,user,3,validation,1
taxi:2809:2,taxi,2809,2,agent,3,validation,1
taxi:2809:3,taxi,2809,3,user,2,validation,0
taxi:2809:4,taxi,2809,4,agent,2,validation,0
taxi:2809:5,taxi,2809,5,user,0,validation,0
taxi:2809:6,taxi,2809,6,agent,2,validation,0
taxi:2810:1,taxi,2810,1,user,1,validation,0
taxi:2810:2,taxi,2810,2,agent,3,validation,1
taxi:2810:3,taxi,2810,3,user,0,validation,0
taxi:2810:4,taxi,2810,4,agent,2,validation,1
taxi:2810:5,taxi,2810,5,user,2,validation,1
taxi:2810:6,taxi,2810,6,agent,3,validation,1
taxi:2811:1,taxi,2811,1,user,3,train,0
taxi:2811:2,taxi,2811,2,agent,0,train,0
taxi:2811:3,taxi,2811,3,user,2,train,0
taxi:2811:4,taxi,2811,4,agent,2,train,0
taxi:2811:5,taxi,2811,5,user,0,train,0
taxi:2811:6,taxi,2811,6,agent,2,train,0
taxi:2812:1,taxi,2812,1,user,3,train,1
taxi:2812:2,taxi,2812,2,agent,3,train,0
taxi:2812:3,taxi,2812,3,user,2,train,0
taxi:2812:4,taxi,2812,4,agent,2,train,1
taxi:2812:5,taxi,2812,5,user,0,train,0
taxi:2812:6,taxi,2812,6,agent,3,train,1
taxi:2813:1,taxi,2813,1,user,3,train,1
taxi:2813:2,taxi,2813,2,agent,0,train,0
taxi:2813:3,taxi,2813,3,user,2,train,0
taxi:2813:4,taxi,2813,4,agent,0,train,1
taxi:2813:5,taxi,2813,5,user,0,train,1
taxi:2813:6,taxi,2813,6,agent,2,train,0
taxi:2813:7,taxi,2813,7,user,0,train,0
taxi:2813:8,taxi,2813,8,agent,2,train,1
taxi:2814:1,taxi,2814,1,user,3,train,1
taxi:2814:2,taxi,2814,2,agent,3,train,1
taxi:2814:3,taxi,2814,3,user,3,train,0
taxi:2814:4,taxi,2814,4,agent,3,train,1
taxi:2814:5,taxi,2814,5,user,3,train,1
taxi:2815:1,taxi,2815,1,user,3,train,1
taxi:2815:2,taxi,2815,2,agent,3,train,0
taxi:2815:3,taxi,2815,3,user,0,train,0
taxi:2815:4,taxi,2815,4,agent,2,train,0
taxi:2815:5,taxi,2815,5,user,0,train,0
taxi:2815:6,taxi,2815,6,user,0,train,0
taxi:2816:1,taxi,2816,1,user,3,train,1
taxi:2816:2,taxi,2816,2,agent,3,train,1
taxi:2816:3,taxi,2816,3,user,3,train,1
taxi:2816:4,taxi,2816,4,agent,3,train,1
taxi:2817:1,taxi,2817,1,user,0,train,1
taxi:2817:2,taxi,2817,2,agent,3,train,0
taxi:2817:3,taxi,2817,3,user,2,train,0
taxi:2817:4,taxi,2817,4,agent,2,train,0
taxi:2817:5,taxi,2817,5,user,0,train,0
taxi:2817:6,taxi,2817,6,agent,3,train,0
taxi:2818:1,taxi,2818,1,user,2,test,0
taxi:2818:2,taxi,2818,2,agent,3,test,1
taxi:2818:3,taxi,2818,3,user,0,test,0
taxi:2818:4,taxi,2818,4,agent,0,test,0
taxi:2818:5,taxi,2818,5,user,0,test,1
taxi:2818:6,taxi,2818,6,agent,0,test,0
taxi:2818:7,taxi,2818,7,user,0,test,0
taxi:2818:8,taxi,2818,8,agent,2,test,0
taxi:2818:9,taxi,2818,9,user,2,test,0
taxi:2818:10,taxi,2818,10,agent,2,test,1
taxi:2818:11,taxi,2818,11,user,3,test,1
taxi:2818:12,taxi,2818,12,agent,2,test,0
taxi:2818:13,taxi,2818,13,user,3,test,1
taxi:2819:1,taxi,2819,1,user,3,test,0
taxi:2819:2,taxi,2819,2,agent,0,test,0
taxi:2819:3,taxi,2819,3,user,1,test,0
taxi:2819:4,taxi,2819,4,agent,2,test,0
taxi:2819:5,taxi,2819,5,user,0,test,1
taxi:2819:6,taxi,2819,6,agent,2,test,0
taxi:2820:1,taxi,2820,1,user,3,train,0
taxi:2820:2,taxi,2820,2,agent,3,train,0
taxi:2820:3,taxi,2820,3,user,0,train,0
taxi:2820:4,taxi,2820,4,agent,3,train,1
taxi:2821:1,taxi,2821,1,user,1,test,0
taxi:2821:2,taxi,2821,2,agent,2,test,0
taxi:2821:3,taxi,2821,3,user,0,test,0
taxi:2821:4,taxi,2821,4,agent,2,test,0
taxi:2821:5,taxi,2821,5,user,2,test,0
taxi:2821:6,taxi,2821,6,agent,2,test,0
taxi:2822:1,taxi,2822,1,user,1,train,0
taxi:2822:2,taxi,2822,2,agent,0,train,0
taxi:2822:3,taxi,2822,3,user,0,train,1
taxi:2822:4,taxi,2822,4,agent,2,train,1
taxi:2822:5,taxi,2822,5,user,0,train,0
taxi:2822:6,taxi,2822,6,agent,2,train,0
taxi:2823:1,taxi,2823,1,user,3,train,0
taxi:2823:2,taxi,2823,2,agent,0,train,1
taxi:2823:3,taxi,2823,3,user,2,train,1
taxi:2823:4,taxi,2823,4,agent,2,train,0
taxi:2823:5,taxi,2823,5,user,0,train,0
taxi:2823:6,taxi,2823,6,agent,2,train,0
taxi:2824:1,taxi,2824,1,user,1,train,0
taxi:2824:2,taxi,2824,2,agent,2,train,1
taxi:2824:3,taxi,2824,3,user,0,train,0
taxi:2824:4,taxi,2824,4,agent,2,train,0
taxi:2825:1,taxi,2825,1,user,1,train,0
taxi:2825:2,taxi,2825,2,agent,3,train,0
taxi:2825:3,taxi,2825,3,user,2,train,1
taxi:2825:4,taxi,2825,4,agent,3,train,0
taxi:2826:1,taxi,2826,1,user,3,train,1
taxi:2826:2,taxi,2826,2,agent,3,train,1
taxi:2826:3,taxi,2826,3,user,1,train,0
taxi:2826:4,taxi,2826,4,agent,0,train,0
taxi:2826:5,taxi,2826,5,user,0,train,0
taxi:2826:6,taxi,2826,6,agent,2,train,0
taxi:2826:7,taxi,2826,7,user,2,train,0
taxi:2826:8,taxi,2826,8,agent,0,train,0
taxi:2826:9,taxi,2826,9,user,0,train,0
taxi:2826:10,taxi,2826,10,agent,0,train,0
taxi:2826:11,taxi,2826,11,user,0,train,0
taxi:2826:12,taxi,2826,12,agent,1,train,0
taxi:2826:13,taxi,2826,13,user,0,train,0
taxi:2826:14,taxi,2826,14,agent,2,train,0
taxi:2826:15,taxi,2826,15,user,3,train,0
taxi:2826:16,taxi,2826,16,agent,3,train,0
taxi:2826:17,taxi,2826,17,user,3,train,1
taxi:2827:1,taxi,2827,1,user,1,train,1
taxi:2827:2,taxi,2827,2,agent,3,train,1
taxi:2827:3,taxi,2827,3,user,0,train,0
taxi:2827:4,taxi,2827,4,agent,2,train,1
taxi:2827:5,taxi,2827,5,user,3,train,0
taxi:2827:6,taxi,2827,6,agent,2,train,0
taxi:2827:7,taxi,2827,7,user,2,train,0
taxi:2827:8,taxi,2827,8,agent,2,train,0
taxi:2827:9,taxi,2827,9,user,3,train,0
taxi:2828:1,taxi,2828,1,user,3,train,1
taxi:2828:2,taxi,2828,2,agent,3,train,1
taxi:2828:3,taxi,2828,3,user,3,train,0
taxi:2828:4,taxi,2828,4,agent,3,train,1
taxi:2829:1,taxi,2829,1,user,3,train,1
taxi:2829:2,taxi,2829,2,agent,3,train,1
taxi:2829:3,taxi,2829,3,user,2,train,0
taxi:2829:4,taxi,2829,4,agent,2,train,0
taxi:2829:5,taxi,2829,5,user,0,train,1
taxi:2829:6,taxi,2829,6,agent,2,train,0
taxi:2830:1,taxi,2830,1,user,3,train,1
taxi:2830:2,taxi,2830,2,agent,3,train,1
taxi:2830:3,taxi,2830,3,user,2,train,0
taxi:2830:4,taxi,2830,4,agent,2,train,1
taxi:2830:5,taxi,2830,5,user,0,train,0
taxi:2830:6,taxi,2830,6,agent,2,train,1
taxi:2831:1,taxi,2831,1,user,3,train,1
taxi:2831:2,taxi,2831,2,agent,3,train,0
taxi:2831:3,taxi,2831,3,user,3,train,0
taxi:2831:4,taxi,2831,4,agent,2,train,0
taxi:2832:1,taxi,2832,1,user,1,train,0
taxi:2832:2,taxi,2832,2,agent,0,train,1
taxi:2832:3,taxi,2832,3,user,0,train,0
taxi:2833:1,taxi,2833,1,user,3,train,0
taxi:2833:2,taxi,2833,2,agent,3,train,1
taxi:2833:3,taxi,2833,3,user,2,train,0
taxi:2833:4,taxi,2833,4,agent,2,train,0
taxi:2833:5,taxi,2833,5,user,0,train,0
taxi:2833:6,taxi,2833,6,agent,2,train,0
taxi:2834:1,taxi,2834,1,user,3,train,0
taxi:2834:2,taxi,2834,2,agent,3,train,1
taxi:2834:3,taxi,2834,3,user,2,train,1
taxi:2834:4,taxi,2834,4,agent,2,train,1
taxi:2834:5,taxi,2834,5,user,0,train,0
taxi:2834:6,taxi,2834,6,agent,2,train,0
taxi:2835:1,taxi,2835,1,user,2,validation,1
taxi:2835:2,taxi,2835,2,agent,3,validation,0
taxi:2835:3,taxi,2835,3,user,0,validation,0
taxi:2835:4,taxi,2835,4,agent,2,validation,1
taxi:2835:5,taxi,2835,5,user,3,validation,0
taxi:2835:6,taxi,2835,6,agent,2,validation,0
taxi:2835:7,taxi,2835,7,user,0,validation,0
taxi:2835:8,taxi,2835,8,agent,2,validation,0
taxi:2835:9,taxi,2835,9,user,3,validation,1
taxi:2835:10,taxi,2835,10,agent,2,validation,1
taxi:2835:11,taxi,2835,11,user,3,validation,1
taxi:2836:1,taxi,2836,1,user,1,train,0
taxi:2836:2,taxi,2836,2,agent,2,train,0
taxi:2836:3,taxi,2836,3,user,2,train,1
taxi:2836:4,taxi,2836,4,agent,2,train,1
taxi:2837:1,taxi,2837,1,user,3,test,1
taxi:2837:2,taxi,2837,2,agent,3,test,1
taxi:2837:3,taxi,2837,3,user,2,test,0
taxi:2837:4,taxi,2837,4,agent,2,test,0
taxi:2837:5,taxi,2837,5,user,0,test,0
taxi:2837:6,taxi,2837,6,agent,2,test,0
taxi:2838:1,taxi,2838,1,user,3,test,1
taxi:2838:2,taxi,2838,2,agent,3,test,1
taxi:2838:3,taxi,2838,3,user,2,test,0
taxi:2838:4,taxi,2838,4,agent,2,test,0
taxi:2838:5,taxi,2838,5,user,0,test,1
taxi:2838:6,taxi,2838,6,agent,2,test,0
taxi:2838:7,taxi,2838,7,user,3,test,1
taxi:2839:1,taxi,2839,1,user,2,train,0
taxi:2839:2,taxi,2839,2,agent,3,train,1
taxi:2839:3,taxi,2839,3,user,2,train,1
taxi:2839:4,taxi,2839,4,agent,2,train,1
taxi:2840:1,taxi,2840,1,user,3,test,0
taxi:2840:2,taxi,2840,2,agent,3,test,1
taxi:2840:3,taxi,2840,3,user,2,test,0
taxi:2840:4,taxi,2840,4,agent,2,test,1
taxi:2840:5,taxi,2840,5,user,0,test,1
taxi:2840:6,taxi,2840,6,agent,2,test,1
taxi:2841:1,taxi,2841,1,user,1,train,1
taxi:2841:2,taxi,2841,2,agent,0,train,0
taxi:2841:3,taxi,2841,3,user,0,train,1
taxi:2841:4,taxi,2841,4,agent,2,train,1
taxi:2841:5,taxi,2841,5,user,0,train,0
taxi:2841:6,taxi,2841,6,agent,2,train,0
taxi:2842:1,taxi,2842,1,user,2,validation,0
taxi:2842:2,taxi,2842,2,agent,2,validation,0
taxi:2842:3,taxi,2842,3,user,2,validation,0
taxi:2842:4,taxi,2842,4,agent,2,validation,0
taxi:2843:1,taxi,2843,1,user,3,train,1
taxi:2843:2,taxi,2843,2,agent,2,train,1
taxi:2843:3,taxi,2843,3,user,3,train,1
taxi:2843:4,taxi,2843,4,agent,2,train,0
taxi:2843:5,taxi,2843,5,user,3,train,1
taxi:2844:1,taxi,2844,1,user,2,train,0
taxi:2844:2,taxi,2844,2,agent,3,train,0
taxi:2844:3,taxi,2844,3,user,3,train,1
taxi:2844:4,taxi,2844,4,agent,3,train,1
taxi:2845:1,taxi,2845,1,user,1,train,0
taxi:2845:2,taxi,2845,2,agent,3,train,0
taxi:2845:3,taxi,2845,3,user,0,train,0
taxi:2845:4,taxi,2845,4,agent,0,train,0
taxi:2845:5,taxi,2845,5,user,1,train,1
taxi:2845:6,taxi,2845,6,agent,3,train,1
taxi:2845:7,taxi,2845,7,user,2,train,0
taxi:2845:8,taxi,2845,8,agent,2,train,1
taxi:2845:9,taxi,2845,9,user,0,train,1
taxi:2845:10,taxi,2845,10,agent,0,train,0
taxi:2845:11,taxi,2845,11,user,0,train,1
taxi:2845:12,taxi,2845,12,agent,2,train,0
taxi:2845:13,taxi,2845,13,user,3,train,0
taxi:2845:14,taxi,2845,14,agent,2,train,0
taxi:2845:15,taxi,2845,15,user,3,train,1
taxi:2846:1,taxi,2846,1,user,2,validation,1
taxi:2846:2,taxi,2846,2,agent,0,validation,0
taxi:2846:3,taxi,2846,3,user,0,validation,0
taxi:2846:4,taxi,2846,4,agent,0,validation,0
taxi:2846:5,taxi,2846,5,user,0,validation,0
taxi:2846:6,taxi,2846,6,agent,1,validation,0
taxi:2846:7,taxi,2846,7,user,0,validation,0
taxi:2846:8,taxi,2846,8,agent,2,validation,0
taxi:2846:9,taxi,2846,9,user,3,validation,1
taxi:2846:10,taxi,2846,10,agent,2,validation,1
taxi:2846:11,taxi,2846,11,user,3,validation,1
taxi:2847:1,taxi,2847,1,user,1,train,1
taxi:2847:2,taxi,2847,2,agent,3,train,1
taxi:2847:3,taxi,2847,3,user,0,train,0
taxi:2847:4,taxi,2847,4,agent,2,train,0
taxi:2847:5,taxi,2847,5,user,0,train,1
taxi:2847:6,taxi,2847,6,agent,2,train,0
taxi:2848:1,taxi,2848,1,user,3,train,1
taxi:2848:2,taxi,2848,2,agent,2,train,0
taxi:2848:3,taxi,2848,3,user,3,train,0
taxi:2848:4,taxi,2848,4,agent,2,train,1
taxi:2849:1,taxi,2849,1,user,1,train,0
taxi:2849:2,taxi,2849,2,agent,3,train,1
taxi:2849:3,taxi,2849,3,user,0,train,1
taxi:2849:4,taxi,2849,4,agent,0,train,0
taxi:2849:5,taxi,2849,5,user,2,train,0
taxi:2849:6,taxi,2849,6,agent,1,train,1
taxi:2849:7,taxi,2849,7,user,0,train,0
taxi:2849:8,taxi,2849,8,agent,2,train,0
taxi:2849:9,taxi,2849,9,user,3,train,1
taxi:2849:10,taxi,2849,10,agent,2,train,0
taxi:2849:11,taxi,2849,11,user,3,train,1
taxi:2850:1,taxi,2850,1,user,3,train,1
taxi:2850:2,taxi,2850,2,agent,3,train,1
taxi:2850:3,taxi,2850,3,user,2,train,0
taxi:2850:4,taxi,2850,4,agent,2,train,0
taxi:2850:5,taxi,2850,5,user,0,train,1
taxi:2850:6,taxi,2850,6,agent,2,train,0
taxi:2851:1,taxi,2851,1,user,1,train,0
taxi:2851:2,taxi,2851,2,agent,3,train,1
taxi:2851:3,taxi,2851,3,user,0,train,0
taxi:2851:4,taxi,2851,4,agent,2,train,0
taxi:2851:5,taxi,2851,5,user,0,train,0
taxi:2851:6,taxi,2851,6,agent,2,train,0
taxi:2852:1,taxi,2852,1,user,2,validation,0
taxi:2852:2,taxi,2852,2,agent,3,validation,1
taxi:2852:3,taxi,2852,3,user,3,validation,1
taxi:2852:4,taxi,2852,4,agent,2,validation,0
taxi:2853:1,taxi,2853,1,user,2,train,0
taxi:2853:2,taxi,2853,2,agent,3,train,0
taxi:2853:3,taxi,2853,3,user,3,train,1
taxi:2853:4,taxi,2853,4,agent,2,train,1
taxi:2853:5,taxi,2853,5,user,3,train,0
taxi:2853:6,taxi,2853,6,agent,3,train,0
taxi:2854:1,taxi,2854,1,user,1,test,0
taxi:2854:2,taxi,2854,2,agent,2,test,0
taxi:2854:3,taxi,2854,3,user,0,test,0
taxi:2854:4,taxi,2854,4,agent,2,test,0
taxi:2854:5,taxi,2854,5,user,3,test,1
taxi:2855:1,taxi,2855,1,user,2,validation,0
taxi:2855:2,taxi,2855,2,agent,0,validation,0
taxi:2855:3,taxi,2855,3,user,0,validation,0
taxi:2855:4,taxi,2855,4,agent,1,validation,0
taxi:2855:5,taxi,2855,5,user,0,validation,0
taxi:2855:6,taxi,2855,6,agent,1,validation,1
taxi:2855:7,taxi,2855,7,user,0,validation,0
taxi:2855:8,taxi,2855,8,agent,2,validation,0
taxi:2855:9,taxi,2855,9,user,3,validation,1
taxi:2855:10,taxi,2855,10,agent,2,validation,0
taxi:2855:11,taxi,2855,11,user,3,validation,1
taxi:2856:1,taxi,2856,1,user,0,train,0
taxi:2856:2,taxi,2856,2,agent,3,train,1
taxi:2856:3,taxi,2856,3,user,0,train,0
taxi:2856:4,taxi,2856,4,agent,2,train,1
taxi:2856:5,taxi,2856,5,user,0,train,0
taxi:2856:6,taxi,2856,6,agent,3,train,0
taxi:2857:1,taxi,2857,1,user,3,train,1
taxi:2857:2,taxi,2857,2,agent,0,train,1
taxi:2857:3,taxi,2857,3,user,0,train,0
taxi:2857:4,taxi,2857,4,agent,2,train,0
taxi:2857:5,taxi,2857,5,user,2,train,1
taxi:2857:6,taxi,2857,6,agent,2,train,1
taxi:2857:7,taxi,2857,7,user,3,train,0
taxi:2858:1,taxi,2858,1,user,1,train,0
taxi:2858:2,taxi,2858,2,agent,3,train,0
taxi:2858:3,taxi,2858,3,user,0,train,0
taxi:2858:4,taxi,2858,4,agent,2,train,0
taxi:2858:5,taxi,2858,5,user,0,train,0
taxi:2858:6,taxi,2858,6,agent,2,train,1
taxi:2858:7,taxi,2858,7,user,2,train,1
taxi:2858:8,taxi,2858,8,agent,2,train,0
taxi:2858:9,taxi,2858,9,user,3,train,1
taxi:2859:1,taxi,2859,1,user,3,test,1
taxi:2859:2,taxi,2859,2,agent,1,test,1
taxi:2859:3,taxi,2859,3,user,3,test,1
taxi:2859:4,taxi,2859,4,agent,2,test,0
taxi:2859:5,taxi,2859,5,user,3,test,1
taxi:2859:6,taxi,2859,6,agent,2,test,0
taxi:2860:1,taxi,2860,1,user,3,test,1
taxi:2860:2,taxi,2860,2,agent,2,test,0
taxi:2860:3,taxi,2860,3,user,3,test,1
taxi:2860:4,taxi,2860,4,agent,2,test,0
taxi:2861:1,taxi,2861,1,user,3,train,1
taxi:2861:2,taxi,2861,2,agent,0,train,0
taxi:2861:3,taxi,2861,3,user,0,train,0
taxi:2861:4,taxi,2861,4,agent,2,train,0
taxi:2861:5,taxi,2861,5,user,3,train,1
taxi:2861:6,taxi,2861,6,agent,2,train,0
taxi:2861:7,taxi,2861,7,user,3,train,0
taxi:2862:1,taxi,2862,1,user,3,train,1
taxi:2862:2,taxi,2862,2,agent,0,train,0
taxi:2862:3,taxi,2862,3,user,2,train,0
taxi:2862:4,taxi,2862,4,agent,2,train,1
taxi:2862:5,taxi,2862,5,user,0,train,0
taxi:2862:6,taxi,2862,6,agent,2,train,0
taxi:2863:1,taxi,2863,1,user,3,test,1
taxi:2863:2,taxi,2863,2,agent,3,test,0
taxi:2863:3,taxi,2863,3,user,3,test,0
taxi:2863:4,taxi,2863,4,agent,2,test,1
taxi:2864:1,taxi,2864,1,user,3,train,0
taxi:2864:2,taxi,2864,2,agent,3,train,1
taxi:2864:3,taxi,2864,3,user,2,train,0
taxi:2864:4,taxi,2864,4,agent,2,train,0
taxi:2864:5,taxi,2864,5,user,0,train,0
taxi:2864:6,taxi,2864,6,agent,2,train,0
taxi:2865:1,taxi,2865,1,user,3,test,1
taxi:2865:2,taxi,2865,2,agent,3,test,1
taxi:2865:3,taxi,2865,3,user,3,test,0
taxi:2865:4,taxi,2865,4,agent,2,test,1
taxi:2866:1,taxi,2866,1,user,3,train,1
taxi:2866:2,taxi,2866,2,agent,3,train,1
taxi:2866:3,taxi,2866,3,user,2,train,0
taxi:2866:4,taxi,2866,4,agent,2,train,0
taxi:2866:5,taxi,2866,5,user,0,train,0
taxi:2866:6,taxi,2866,6,agent,2,train,0
taxi:2867:1,taxi,2867,1,user,3,train,1
taxi:2867:2,taxi,2867,2,agent,3,train,1
taxi:2867:3,taxi,2867,3,user,2,train,0
taxi:2867:4,taxi,2867,4,agent,2,train,0
taxi:2867:5,taxi,2867,5,user,0,train,0
taxi:2867:6,taxi,2867,6,agent,2,train,0
taxi:2868:1,taxi,2868,1,user,3,train,1
taxi:2868:2,taxi,2868,2,agent,3,train,1
taxi:2868:3,taxi,2868,3,user,0,train,0
taxi:2868:4,taxi,2868,4,agent,3,train,0
taxi:2868:5,taxi,2868,5,user,0,train,0
taxi:2868:6,taxi,2868,6,agent,2,train,0
taxi:2868:7,taxi,2868,7,user,0,train,0
taxi:2868:8,taxi,2868,8,agent,2,train,0
taxi:2868:9,taxi,2868,9,user,3,train,1
taxi:2869:1,taxi,2869,1,user,2,train,0
taxi:2869:2,taxi,2869,2,agent,3,train,1
taxi:2869:3,taxi,2869,3,user,2,train,0
taxi:2869:4,taxi,2869,4,agent,3,train,0
taxi:2870:1,taxi,2870,1,user,2,train,0
taxi:2870:2,taxi,2870,2,agent,2,train,0
taxi:2870:3,taxi,2870,3,user,3,train,0
taxi:2870:4,taxi,2870,4,agent,2,train,1
taxi:2871:1,taxi,2871,1,user,3,train,1
taxi:2871:2,taxi,2871,2,agent,3,train,1
taxi:2871:3,taxi,2871,3,user,2,train,1
taxi:2871:4,taxi,2871,4,agent,2,train,1
taxi:2871:5,taxi,2871,5,user,0,train,0
taxi:2871:6,taxi,2871,6,agent,2,train,0
taxi:2872:1,taxi,2872,1,user,3,validation,1
taxi:2872:2,taxi,2872,2,agent,3,validation,0
taxi:2872:3,taxi,2872,3,user,3,validation,1
taxi:2872:4,taxi,2872,4,agent,3,validation,0
taxi:2873:1,taxi,2873,1,user,3,train,1
taxi:2873:2,taxi,2873,2,agent,2,train,0
taxi:2873:3,taxi,2873,3,user,2,train,0
taxi:2873:4,taxi,2873,4,agent,2,train,0
taxi:2873:5,taxi,2873,5,user,0,train,1
taxi:2873:6,taxi,2873,6,agent,2,train,0
taxi:2874:1,taxi,2874,1,user,3,validation,1
taxi:2874:2,taxi,2874,2,agent,3,validation,1
taxi:2874:3,taxi,2874,3,user,2,validation,0
taxi:2874:4,taxi,2874,4,agent,2,validation,1
taxi:2874:5,taxi,2874,5,user,0,validation,0
taxi:2874:6,taxi,2874,6,agent,2,validation,0
taxi:2875:1,taxi,2875,1,user,1,test,0
taxi:2875:2,taxi,2875,2,agent,0,test,0
taxi:2875:3,taxi,2875,3,user,0,test,0
taxi:2875:4,taxi,2875,4,agent,0,test,0
taxi:2875:5,taxi,2875,5,user,0,test,0
taxi:2875:6,taxi,2875,6,agent,0,test,0
taxi:2875:7,taxi,2875,7,user,0,test,0
taxi:2875:8,taxi,2875,8,agent,2,test,1
taxi:2875:9,taxi,2875,9,user,3,test,0
taxi:2875:10,taxi,2875,10,agent,2,test,1
taxi:2875:11,taxi,2875,11,user,3,test,1
taxi:2876:1,taxi,2876,1,user,3,train,1
taxi:2876:2,taxi,2876,2,agent,3,train,1
taxi:2876:3,taxi,2876,3,user,2,train,0
taxi:2876:4,taxi,2876,4,agent,2,train,0
taxi:2876:5,taxi,2876,5,user,0,train,0
taxi:2876:6,taxi,2876,6,agent,2,train,0
taxi:2877:1,taxi,2877,1,user,3,test,1
taxi:2877:2,taxi,2877,2,agent,3,test,0
taxi:2877:3,taxi,2877,3,user,2,test,0
taxi:2877:4,taxi,2877,4,agent,2,test,0
taxi:2877:5,taxi,2877,5,user,0,test,0
taxi:2877:6,taxi,2877,6,agent,2,test,0
taxi:2878:1,taxi,2878,1,user,3,train,0
taxi:2878:2,taxi,2878,2,agent,3,train,0
taxi:2878:3,taxi,2878,3,user,2,train,0
taxi:2878:4,taxi,2878,4,agent,2,train,1
taxi:2878:5,taxi,2878,5,user,0,train,0
taxi:2878:6,taxi,2878,6,agent,2,train,0
taxi:2879:1,taxi,2879,1,user,3,test,1
taxi:2879:2,taxi,2879,2,agent,3,test,1
taxi:2879:3,taxi,2879,3,user,2,test,0
taxi:2879:4,taxi,2879,4,agent,2,test,0
taxi:2879:5,taxi,2879,5,user,0,test,0
taxi:2879:6,taxi,2879,6,agent,2,test,0
taxi:2880:1,taxi,2880,1,user,1,train,1
taxi:2880:2,taxi,2880,2,agent,3,train,0
taxi:2880:3,taxi,2880,3,user,0,train,1
taxi:2880:4,taxi,2880,4,agent,0,train,1
taxi:2880:5,taxi,2880,5,user,0,train,0
taxi:2880:6,taxi,2880,6,agent,0,train,0
taxi:2880:7,taxi,2880,7,user,0,train,1
taxi:2880:8,taxi,2880,8,agent,0,train,0
taxi:2880:9,taxi,2880,9,user,0,train,0
taxi:2880:10,taxi,2880,10,agent,2,train,0
taxi:2880:11,taxi,2880,11,user,0,train,0
taxi:2880:12,taxi,2880,12,agent,2,train,0
taxi:2881:1,taxi,2881,1,user,1,validation,0
taxi:2881:2,taxi,2881,2,agent,3,validation,1
taxi:2881:3,taxi,2881,3,user,0,validation,0
taxi:2881:4,taxi,2881,4,agent,0,validation,0
taxi:2881:5,taxi,2881,5,user,0,validation,0
taxi:2881:6,taxi,2881,6,agent,0,validation,0
taxi:2881:7,taxi,2881,7,user,0,validation,0
taxi:2881:8,taxi,2881,8,agent,0,validation,0
taxi:2881:9,taxi,2881,9,user,0,validation,0
taxi:2881:10,taxi,2881,10,agent,2,validation,0
taxi:2881:11,taxi,2881,11,user,0,validation,0
taxi:2881:12,taxi,2881,12,agent,2,validation,1
taxi:2882:1,taxi,2882,1,user,0,train,0
taxi:2882:2,taxi,2882,2,agent,3,train,0
taxi:2882:3,taxi,2882,3,user,0,train,0
taxi:2882:4,taxi,2882,4,agent,1,train,0
taxi:2882:5,taxi,2882,5,user,0,train,0
taxi:2882:6,taxi,2882,6,agent,2,train,0
taxi:2882:7,taxi,2882,7,user,0,train,0
taxi:2882:8,taxi,2882,8,agent,2,train,1
taxi:2883:1,taxi,2883,1,user,3,train,1
taxi:2883:2,taxi,2883,2,agent,3,train,1
taxi:2883:3,taxi,2883,3,user,2,train,1
taxi:2883:4,taxi,2883,4,agent,2,train,1
taxi:2883:5,taxi,2883,5,user,0,train,0
taxi:2883:6,taxi,2883,6,agent,2,train,0
taxi:2884:1,taxi,2884,1,user,3,train,0
taxi:2884:2,taxi,2884,2,agent,3,train,1
taxi:2884:3,taxi,2884,3,user,2,train,0
taxi:2884:4,taxi,2884,4,agent,2,train,0
taxi:2884:5,taxi,2884,5,user,0,train,0
taxi:2884:6,taxi,2884,6,agent,2,train,0
taxi:2885:1,taxi,2885,1,user,2,train,0
taxi:2885:2,taxi,2885,2,agent,3,train,0
taxi:2885:3,taxi,2885,3,user,0,train,0
taxi:2885:4,taxi,2885,4,agent,2,train,0
taxi:2885:5,taxi,2885,5,user,0,train,0
taxi:2885:6,taxi,2885,6,agent,2,train,1
taxi:2885:7,taxi,2885,7,user,0,train,0
taxi:2885:8,taxi,2885,8,agent,2,train,0
taxi:2886:1,taxi,2886,1,user,3,train,1
taxi:2886:2,taxi,2886,2,agent,3,train,1
taxi:2886:3,taxi,2886,3,user,0,train,0
taxi:2886:4,taxi,2886,4,agent,2,train,0
taxi:2886:5,taxi,2886,5,user,3,train,1
taxi:2886:6,taxi,2886,6,agent,3,train,1
taxi:2887:1,taxi,2887,1,user,3,test,1
taxi:2887:2,taxi,2887,2,agent,3,test,1
taxi:2887:3,taxi,2887,3,user,2,test,0
taxi:2887:4,taxi,2887,4,agent,2,test,0
taxi:2887:5,taxi,2887,5,user,0,test,0
taxi:2887:6,taxi,2887,6,agent,2,test,0
taxi:2888:1,taxi,2888,1,user,1,validation,0
taxi:2888:2,taxi,2888,2,agent,3,validation,1
taxi:2888:3,taxi,2888,3,user,0,validation,0
taxi:2888:4,taxi,2888,4,agent,2,validation,1
taxi:2888:5,taxi,2888,5,user,0,validation,1
taxi:2888:6,taxi,2888,6,agent,2,validation,0
taxi:2889:1,taxi,2889,1,user,3,test,1
taxi:2889:2,taxi,2889,2,agent,3,test,0
taxi:2889:3,taxi,2889,3,user,3,test,1
taxi:2889:4,taxi,2889,4,agent,2,test,0
taxi:2889:5,taxi,2889,5,user,3,test,1
taxi:2889:6,taxi,2889,6,agent,2,test,1
taxi:2890:1,taxi,2890,1,user,3,train,0
taxi:2890:2,taxi,2890,2,agent,3,train,1
taxi:2890:3,taxi,2890,3,user,2,train,0
taxi:2890:4,taxi,2890,4,agent,2,train,0
taxi:2890:5,taxi,2890,5,user,0,train,0
taxi:2890:6,taxi,2890,6,agent,2,train,0
taxi:2891:1,taxi,2891,1,user,2,validation,1
taxi:2891:2,taxi,2891,2,agent,3,validation,1
taxi:2891:3,taxi,2891,3,user,2,validation,0
taxi:2891:4,taxi,2891,4,agent,2,validation,0
taxi:2891:5,taxi,2891,5,user,3,validation,1
taxi:2891:6,taxi,2891,6,agent,3,validation,1
taxi:2892:1,taxi,2892,1,user,3,train,1
taxi:2892:2,taxi,2892,2,agent,3,train,1
taxi:2892:3,taxi,2892,3,user,3,train,0
taxi:2892:4,taxi,2892,4,agent,0,train,0
taxi:2892:5,taxi,2892,5,user,2,train,0
taxi:2892:6,taxi,2892,6,agent,2,train,0
taxi:2892:7,taxi,2892,7,user,3,train,0
taxi:2892:8,taxi,2892,8,agent,2,train,0
taxi:2893:1,taxi,2893,1,user,3,train,0
taxi:2893:2,taxi,2893,2,agent,3,train,1
taxi:2893:3,taxi,2893,3,user,2,train,0
taxi:2893:4,taxi,2893,4,agent,2,train,1
taxi:2893:5,taxi,2893,5,user,0,train,1
taxi:2893:6,taxi,2893,6,agent,2,train,1
taxi:2894:1,taxi,2894,1,user,1,train,0
taxi:2894:2,taxi,2894,2,agent,3,train,1
taxi:2894:3,taxi,2894,3,user,0,train,0
taxi:2894:4,taxi,2894,4,agent,2,train,1
taxi:2894:5,taxi,2894,5,user,0,train,0
taxi:2894:6,taxi,2894,6,agent,2,train,0
taxi:2895:1,taxi,2895,1,user,3,train,1
taxi:2895:2,taxi,2895,2,agent,3,train,0
taxi:2895:3,taxi,2895,3,user,2,train,0
taxi:2895:4,taxi,2895,4,agent,2,train,0
taxi:2895:5,taxi,2895,5,user,0,train,0
taxi:2895:6,taxi,2895,6,agent,2,train,0
taxi:2896:1,taxi,2896,1,user,1,train,0
taxi:2896:2,taxi,2896,2,agent,3,train,1
taxi:2896:3,taxi,2896,3,user,0,train,0
taxi:2896:4,taxi,2896,4,agent,2,train,0
taxi:2896:5,taxi,2896,5,user,0,train,0
taxi:2896:6,taxi,2896,6,agent,2,train,0
taxi:2897:1,taxi,2897,1,user,3,validation,0
taxi:2897:2,taxi,2897,2,agent,3,validation,1
taxi:2897:3,taxi,2897,3,user,2,validation,0
taxi:2897:4,taxi,2897,4,agent,2,validation,0
taxi:2897:5,taxi,2897,5,user,0,validation,1
taxi:2897:6,taxi,2897,6,agent,2,validation,0
taxi:2898:1,taxi,2898,1,user,3,train,1
taxi:2898:2,taxi,2898,2,agent,3,train,0
taxi:2898:3,taxi,2898,3,user,3,train,1
taxi:2898:4,taxi,2898,4,agent,2,train,1
taxi:2899:1,taxi,2899,1,user,3,validation,0
taxi:2899:2,taxi,2899,2,agent,3,validation,0
taxi:2899:3,taxi,2899,3,user,3,validation,1
taxi:2899:4,taxi,2899,4,agent,1,validation,0
taxi:2899:5,taxi,2899,5,user,3,validation,1
taxi:2899:6,taxi,2899,6,agent,2,validation,0
taxi:2899:7,taxi,2899,7,user,3,validation,0
taxi:2899:8,taxi,2899,8,agent,3,validation,1
taxi:2900:1,taxi,2900,1,user,3,train,1
taxi:2900:2,taxi,2900,2,agent,3,train,1
taxi:2900:3,taxi,2900,3,user,3,train,1
taxi:2900:4,taxi,2900,4,agent,2,train,0
taxi:2901:1,taxi,2901,1,user,3,train,1
taxi:2901:2,taxi,2901,2,agent,3,train,1
taxi:2901:3,taxi,2901,3,user,2,train,1
taxi:2901:4,taxi,2901,4,agent,2,train,0
taxi:2901:5,taxi,2901,5,user,3,train,1
taxi:2901:6,taxi,2901,6,agent,3,train,0
taxi:2902:1,taxi,2902,1,user,2,train,0
taxi:2902:2,taxi,2902,2,agent,3,train,1
taxi:2902:3,taxi,2902,3,user,3,train,1
taxi:2902:4,taxi,2902,4,agent,2,train,0
taxi:2902:5,taxi,2902,5,user,3,train,1
taxi:2902:6,taxi,2902,6,agent,3,train,1
taxi:2903:1,taxi,2903,1,user,0,train,0
taxi:2903:2,taxi,2903,2,agent,3,train,1
taxi:2903:3,taxi,2903,3,user,0,train,1
taxi:2903:4,taxi,2903,4,agent,2,train,0
taxi:2903:5,taxi,2903,5,user,0,train,1
taxi:2903:6,taxi,2903,6,agent,2,train,0
taxi:2903:7,taxi,2903,7,user,0,train,0
taxi:2903:8,taxi,2903,8,agent,2,train,0
taxi:2904:1,taxi,2904,1,user,1,train,0
taxi:2904:2,taxi,2904,2,agent,3,train,1
taxi:2904:3,taxi,2904,3,user,0,train,0
taxi:2904:4,taxi,2904,4,agent,2,train,0
taxi:2904:5,taxi,2904,5,user,0,train,0
taxi:2904:6,taxi,2904,6,agent,2,train,0
taxi:2905:1,taxi,2905,1,user,2,test,1
taxi:2905:2,taxi,2905,2,agent,3,test,1
taxi:2905:3,taxi,2905,3,user,2,test,0
taxi:2905:4,taxi,2905,4,agent,2,test,0
taxi:2905:5,taxi,2905,5,user,2,test,0
taxi:2905:6,taxi,2905,6,agent,2,test,0
taxi:2906:1,taxi,2906,1,user,3,train,1
taxi:2906:2,taxi,2906,2,agent,3,train,0
taxi:2906:3,taxi,2906,3,user,3,train,0
taxi:2906:4,taxi,2906,4,agent,2,train,0
taxi:2906:5,taxi,2906,5,user,3,train,1
taxi:2906:6,taxi,2906,6,agent,2,train,0
taxi:2907:1,taxi,2907,1,user,2,train,0
taxi:2907:2,taxi,2907,2,agent,3,train,1
taxi:2907:3,taxi,2907,3,user,2,train,0
taxi:2907:4,taxi,2907,4,agent,1,train,0
taxi:2907:5,taxi,2907,5,user,2,train,0
taxi:2907:6,taxi,2907,6,agent,2,train,0
taxi:2907:7,taxi,2907,7,user,2,train,0
taxi:2907:8,taxi,2907,8,agent,3,train,0
taxi:2908:1,taxi,2908,1,user,1,test,0
taxi:2908:2,taxi,2908,2,agent,3,test,1
taxi:2908:3,taxi,2908,3,user,0,test,0
taxi:2908:4,taxi,2908,4,agent,2,test,0
taxi:2908:5,taxi,2908,5,user,0,test,0
taxi:2908:6,taxi,2908,6,agent,2,test,0
taxi:2909:1,taxi,2909,1,user,3,train,1
taxi:2909:2,taxi,2909,2,agent,3,train,1
taxi:2909:3,taxi,2909,3,user,3,train,1
taxi:2909:4,taxi,2909,4,agent,2,train,0
taxi:2910:1,taxi,2910,1,user,1,train,0
taxi:2910:2,taxi,2910,2,agent,3,train,1
taxi:2910:3,taxi,2910,3,user,0,train,1
taxi:2910:4,taxi,2910,4,agent,2,train,1
taxi:2910:5,taxi,2910,5,user,0,train,1
taxi:2910:6,taxi,2910,6,agent,2,train,0
taxi:2910:7,taxi,2910,7,user,0,train,1
taxi:2910:8,taxi,2910,8,agent,2,train,0
taxi:2911:1,taxi,2911,1,user,3,test,0
taxi:2911:2,taxi,2911,2,agent,3,test,1
taxi:2911:3,taxi,2911,3,user,2,test,1
taxi:2911:4,taxi,2911,4,agent,2,test,0
taxi:2911:5,taxi,2911,5,user,0,test,0
taxi:2911:6,taxi,2911,6,agent,2,test,0
taxi:2912:1,taxi,2912,1,user,2,train,0
taxi:2912:2,taxi,2912,2,agent,3,train,1
taxi:2912:3,taxi,2912,3,user,3,train,1
taxi:2912:4,taxi,2912,4,agent,2,train,0
taxi:2913:1,taxi,2913,1,user,0,train,1
taxi:2913:2,taxi,2913,2,agent,3,train,1
taxi:2913:3,taxi,2913,3,user,2,train,0
taxi:2913:4,taxi,2913,4,agent,2,train,0
taxi:2913:5,taxi,2913,5,user,0,train,1
taxi:2913:6,taxi,2913,6,agent,1,train,0
taxi:2913:7,taxi,2913,7,user,2,train,0
taxi:2913:8,taxi,2913,8,agent,1,train,0
taxi:2913:9,taxi,2913,9,user,0,train,0
taxi:2913:10,taxi,2913,10,agent,2,train,1
taxi:2913:11,taxi,2913,11,user,0,train,1
taxi:2913:12,taxi,2913,12,agent,2,train,0
taxi:2914:1,taxi,2914,1,user,2,train,0
taxi:2914:2,taxi,2914,2,agent,3,train,0
taxi:2914:3,taxi,2914,3,user,2,train,0
taxi:2914:4,taxi,2914,4,agent,1,train,1
taxi:2914:5,taxi,2914,5,user,3,train,1
taxi:2914:6,taxi,2914,6,agent,2,train,0
taxi:2914:7,taxi,2914,7,user,2,train,0
taxi:2914:8,taxi,2914,8,agent,3,train,1
taxi:2915:1,taxi,2915,1,user,2,train,0
taxi:2915:2,taxi,2915,2,agent,3,train,1
taxi:2915:3,taxi,2915,3,user,0,train,0
taxi:2915:4,taxi,2915,4,agent,1,train,1
taxi:2915:5,taxi,2915,5,user,0,train,0
taxi:2915:6,taxi,2915,6,agent,2,train,0
taxi:2915:7,taxi,2915,7,user,3,train,1
taxi:2915:8,taxi,2915,8,agent,3,train,1
taxi:2916:1,taxi,2916,1,user,3,test,1
taxi:2916:2,taxi,2916,2,agent,3,test,1
taxi:2916:3,taxi,2916,3,user,2,test,0
taxi:2916:4,taxi,2916,4,agent,1,test,0
taxi:2916:5,taxi,2916,5,user,2,test,0
taxi:2916:6,taxi,2916,6,agent,2,test,1
taxi:2916:7,taxi,2916,7,user,0,test,0
taxi:2916:8,taxi,2916,8,agent,3,test,1
taxi:2917:1,taxi,2917,1,user,0,train,0
taxi:2917:2,taxi,2917,2,agent,3,train,0
taxi:2917:3,taxi,2917,3,user,0,train,0
taxi:2917:4,taxi,2917,4,agent,0,train,0
taxi:2917:5,taxi,2917,5,user,0,train,0
taxi:2917:6,taxi,2917,6,agent,0,train,0
taxi:2917:7,taxi,2917,7,user,0,train,0
taxi:2917:8,taxi,2917,8,agent,2,train,1
taxi:2917:9,taxi,2917,9,user,0,train,0
taxi:2917:10,taxi,2917,10,agent,2,train,0
taxi:2918:1,taxi,2918,1,user,3,validation,1
taxi:2918:2,taxi,2918,2,agent,3,validation,0
taxi:2918:3,taxi,2918,3,user,3,validation,1
taxi:2918:4,taxi,2918,4,agent,0,validation,0
taxi:2918:5,taxi,2918,5,user,3,validation,1
taxi:2918:6,taxi,2918,6,agent,2,validation,0
taxi:2918:7,taxi,2918,7,user,3,validation,1
taxi:2918:8,taxi,2918,8,agent,2,validation,0
taxi:2919:1,taxi,2919,1,user,1,train,0
taxi:2919:2,taxi,2919,2,agent,3,train,0
taxi:2919:3,taxi,2919,3,user,2,train,0
taxi:2919:4,taxi,2919,4,agent,2,train,0
taxi:2919:5,taxi,2919,5,user,0,train,1
taxi:2919:6,taxi,2919,6,agent,2,train,0
taxi:2920:1,taxi,2920,1,user,3,train,1
taxi:2920:2,taxi,2920,2,agent,3,train,1
taxi:2920:3,taxi,2920,3,user,3,train,1
taxi:2920:4,taxi,2920,4,agent,1,train,0
taxi:2920:5,taxi,2920,5,user,2,train,0
taxi:2920:6,taxi,2920,6,agent,2,train,0
taxi:2920:7,taxi,2920,7,user,3,train,1
taxi:2920:8,taxi,2920,8,agent,3,train,0
taxi:2921:1,taxi,2921,1,user,3,train,1
taxi:2921:2,taxi,2921,2,agent,3,train,0
taxi:2921:3,taxi,2921,3,user,2,train,1
taxi:2921:4,taxi,2921,4,agent,2,train,0
taxi:2921:5,taxi,2921,5,user,0,train,0
taxi:2921:6,taxi,2921,6,agent,2,train,0
taxi:2922:1,taxi,2922,1,user,3,train,1
taxi:2922:2,taxi,2922,2,agent,3,train,0
taxi:2922:3,taxi,2922,3,user,2,train,1
taxi:2922:4,taxi,2922,4,agent,2,train,0
taxi:2922:5,taxi,2922,5,user,0,train,0
taxi:2922:6,taxi,2922,6,agent,2,train,0
taxi:2923:1,taxi,2923,1,user,3,validation,1
taxi:2923:2,taxi,2923,2,agent,3,validation,0
taxi:2923:3,taxi,2923,3,user,2,validation,0
taxi:2923:4,taxi,2923,4,agent,2,validation,1
taxi:2923:5,taxi,2923,5,user,0,validation,0
taxi:2923:6,taxi,2923,6,agent,2,validation,0
taxi:2924:1,taxi,2924,1,user,3,test,1
taxi:2924:2,taxi,2924,2,agent,3,test,1
taxi:2924:3,taxi,2924,3,user,2,test,0
taxi:2924:4,taxi,2924,4,agent,2,test,0
taxi:2924:5,taxi,2924,5,user,0,test,0
taxi:2924:6,taxi,2924,6,agent,2,test,0
taxi:2925:1,taxi,2925,1,user,3,train,0
taxi:2925:2,taxi,2925,2,agent,3,train,1
taxi:2925:3,taxi,2925,3,user,0,train,0
taxi:2925:4,taxi,2925,4,agent,1,train,0
taxi:2925:5,taxi,2925,5,user,2,train,0
taxi:2925:6,taxi,2925,6,agent,2,train,0
taxi:2925:7,taxi,2925,7,user,2,train,1
taxi:2925:8,taxi,2925,8,agent,3,train,1
taxi:2926:1,taxi,2926,1,user,3,train,1
taxi:2926:2,taxi,2926,2,agent,3,train,0
taxi:2926:3,taxi,2926,3,user,2,train,0
taxi:2926:4,taxi,2926,4,agent,2,train,0
taxi:2926:5,taxi,2926,5,user,0,train,0
taxi:2926:6,taxi,2926,6,agent,2,train,0
taxi:2927:1,taxi,2927,1,user,2,test,0
taxi:2927:2,taxi,2927,2,agent,3,test,1
taxi:2927:3,taxi,2927,3,user,0,test,0
taxi:2927:4,taxi,2927,4,agent,0,test,1
taxi:2927:5,taxi,2927,5,user,0,test,1
taxi:2927:6,taxi,2927,6,agent,0,test,0
taxi:2927:7,taxi,2927,7,user,0,test,0
taxi:2927:8,taxi,2927,8,agent,1,test,0
taxi:2927:9,taxi,2927,9,user,0,test,1
taxi:2927:10,taxi,2927,10,agent,2,test,1
taxi:2927:11,taxi,2927,11,user,3,test,0
taxi:2927:12,taxi,2927,12,agent,2,test,0
taxi:2927:13,taxi,2927,13,user,3,test,0
taxi:2928:1,taxi,2928,1,user,1,train,0
taxi:2928:2,taxi,2928,2,agent,2,train,0
taxi:2928:3,taxi,2928,3,user,3,train,0
taxi:2928:4,taxi,2928,4,agent,2,train,0
taxi:2929:1,taxi,2929,1,user,2,train,0
taxi:2929:2,taxi,2929,2,agent,3,train,1
taxi:2929:3,taxi,2929,3,user,3,train,1
taxi:2929:4,taxi,2929,4,agent,3,train,1
taxi:2930:1,taxi,2930,1,user,3,train,1
taxi:2930:2,taxi,2930,2,agent,3,train,1
taxi:2930:3,taxi,2930,3,user,2,train,0
taxi:2930:4,taxi,2930,4,agent,2,train,0
taxi:2930:5,taxi,2930,5,user,0,train,0
taxi:2930:6,taxi,2930,6,agent,3,train,0
taxi:2931:1,taxi,2931,1,user,3,train,1
taxi:2931:2,taxi,2931,2,agent,2,train,1
taxi:2931:3,taxi,2931,3,user,3,train,0
taxi:2931:4,taxi,2931,4,agent,2,train,0
taxi:2932:1,taxi,2932,1,user,3,validation,0
taxi:2932:2,taxi,2932,2,agent,3,validation,1
taxi:2932:3,taxi,2932,3,user,2,validation,0
taxi:2932:4,taxi,2932,4,agent,2,validation,0
taxi:2932:5,taxi,2932,5,user,0,validation,0
taxi:2932:6,taxi,2932,6,agent,3,validation,1
taxi:2933:1,taxi,2933,1,user,3,test,1
taxi:2933:2,taxi,2933,2,agent,3,test,0
taxi:2933:3,taxi,2933,3,user,2,test,0
taxi:2933:4,taxi,2933,4,agent,2,test,0
taxi:2933:5,taxi,2933,5,user,0,test,0
taxi:2933:6,taxi,2933,6,agent,2,test,0
taxi:2934:1,taxi,2934,1,user,2,test,0
taxi:2934:2,taxi,2934,2,agent,3,test,1
taxi:2934:3,taxi,2934,3,user,2,test,0
taxi:2934:4,taxi,2934,4,agent,3,test,1
taxi:2935:1,taxi,2935,1,user,3,train,1
taxi:2935:2,taxi,2935,2,agent,3,train,1
taxi:2935:3,taxi,2935,3,user,0,train,0
taxi:2935:4,taxi,2935,4,agent,1,train,0
taxi:2935:5,taxi,2935,5,user,0,train,0
taxi:2935:6,taxi,2935,6,agent,2,train,0
taxi:2935:7,taxi,2935,7,user,2,train,0
taxi:2935:8,taxi,2935,8,agent,3,train,0
taxi:2936:1,taxi,2936,1,user,1,test,0
taxi:2936:2,taxi,2936,2,agent,0,test,0
taxi:2936:3,taxi,2936,3,user,0,test,0
taxi:2936:4,taxi,2936,4,agent,2,test,0
taxi:2936:5,taxi,2936,5,user,0,test,0
taxi:2936:6,taxi,2936,6,agent,2,test,0
taxi:2937:1,taxi,2937,1,user,3,train,1
taxi:2937:2,taxi,2937,2,agent,3,train,1
taxi:2937:3,taxi,2937,3,user,3,train,1
taxi:2937:4,taxi,2937,4,agent,3,train,1
taxi:2938:1,taxi,2938,1,user,3,train,1
taxi:2938:2,taxi,2938,2,agent,3,train,1
taxi:2938:3,taxi,2938,3,user,2,train,0
taxi:2938:4,taxi,2938,4,agent,2,train,0
taxi:2938:5,taxi,2938,5,user,0,train,0
taxi:2938:6,taxi,2938,6,agent,3,train,1
taxi:2939:1,taxi,2939,1,user,3,test,0
taxi:2939:2,taxi,2939,2,agent,3,test,1
taxi:2939:3,taxi,2939,3,user,3,test,1
taxi:2939:4,taxi,2939,4,agent,3,test,0
taxi:2940:1,taxi,2940,1,user,1,train,0
taxi:2940:2,taxi,2940,2,agent,3,train,1
taxi:2940:3,taxi,2940,3,user,2,train,1
taxi:2940:4,taxi,2940,4,agent,3,train,1
taxi:2941:1,taxi,2941,1,user,2,train,0
taxi:2941:2,taxi,2941,2,agent,3,train,1
taxi:2941:3,taxi,2941,3,user,2,train,0
taxi:2941:4,taxi,2941,4,agent,3,train,1
taxi:2942:1,taxi,2942,1,user,1,train,1
taxi:2942:2,taxi,2942,2,agent,3,train,1
taxi:2942:3,taxi,2942,3,user,3,train,1
taxi:2942:4,taxi,2942,4,agent,3,train,1
taxi:2943:1,taxi,2943,1,user,3,validation,0
taxi:2943:2,taxi,2943,2,agent,3,validation,1
taxi:2943:3,taxi,2943,3,user,2,validation,0
taxi:2943:4,taxi,2943,4,agent,2,validation,0
taxi:2943:5,taxi,2943,5,user,3,validation,0
taxi:2943:6,taxi,2943,6,agent,2,validation,0
taxi:2943:7,taxi,2943,7,user,3,validation,1
taxi:2944:1,taxi,2944,1,user,3,train,1
taxi:2944:2,taxi,2944,2,agent,3,train,1
taxi:2944:3,taxi,2944,3,user,3,train,1
taxi:2944:4,taxi,2944,4,agent,2,train,0
taxi:2944:5,taxi,2944,5,user,3,train,0
taxi:2944:6,taxi,2944,6,agent,2,train,0
taxi:2945:1,taxi,2945,1,user,2,test,1
taxi:2945:2,taxi,2945,2,agent,2,test,0
taxi:2945:3,taxi,2945,3,user,3,test,1
taxi:2945:4,taxi,2945,4,agent,2,test,1
taxi:2946:1,taxi,2946,1,user,3,test,1
taxi:2946:2,taxi,2946,2,agent,3,test,0
taxi:2946:3,taxi,2946,3,user,2,test,0
taxi:2946:4,taxi,2946,4,agent,2,test,0
taxi:2946:5,taxi,2946,5,user,0,test,0
taxi:2946:6,taxi,2946,6,agent,2,test,0
taxi:2947:1,taxi,2947,1,user,3,train,0
taxi:2947:2,taxi,2947,2,agent,2,train,0
taxi:2947:3,taxi,2947,3,user,3,train,1
taxi:2947:4,taxi,2947,4,agent,2,train,0
taxi:2948:1,taxi,2948,1,user,3,train,1
taxi:2948:2,taxi,2948,2,agent,3,train,1
taxi:2948:3,taxi,2948,3,user,2,train,0
taxi:2948:4,taxi,2948,4,agent,2,train,0
taxi:2948:5,taxi,2948,5,user,0,train,0
taxi:2948:6,taxi,2948,6,agent,2,train,0
taxi:2949:1,taxi,2949,1,user,3,test,0
taxi:2949:2,taxi,2949,2,agent,3,test,1
taxi:2949:3,taxi,2949,3,user,2,test,0
taxi:2949:4,taxi,2949,4,agent,2,test,0
taxi:2949:5,taxi,2949,5,user,0,test,0
taxi:2949:6,taxi,2949,6,agent,2,test,0
taxi:2950:1,taxi,2950,1,user,3,train,1
taxi:2950:2,taxi,2950,2,agent,0,train,0
taxi:2950:3,taxi,2950,3,user,2,train,0
taxi:2950:4,taxi,2950,4,agent,2,train,0
taxi:2950:5,taxi,2950,5,user,0,train,0
taxi:2950:6,taxi,2950,6,agent,2,train,0
taxi:2951:1,taxi,2951,1,user,3,train,0
taxi:2951:2,taxi,2951,2,agent,3,train,0
taxi:2951:3,taxi,2951,3,user,2,train,0
taxi:2951:4,taxi,2951,4,agent,2,train,0
taxi:2951:5,taxi,2951,5,user,0,train,0
taxi:2951:6,taxi,2951,6,agent,2,train,0
taxi:2952:1,taxi,2952,1,user,2,validation,0
taxi:2952:2,taxi,2952,2,agent,3,validation,1
taxi:2952:3,taxi,2952,3,user,0,validation,0
taxi:2952:4,taxi,2952,4,agent,0,validation,0
taxi:2952:5,taxi,2952,5,agent,3,validation,1
taxi:2952:6,taxi,2952,6,user,3,validation,1
taxi:2952:7,taxi,2952,7,agent,1,validation,0
taxi:2952:8,taxi,2952,8,user,0,validation,0
taxi:2952:9,taxi,2952,9,agent,2,validation,1
taxi:2952:10,taxi,2952,10,user,3,validation,1
taxi:2952:11,taxi,2952,11,agent,3,validation,0
taxi:2953:1,taxi,2953,1,user,2,train,0
taxi:2953:2,taxi,2953,2,agent,2,train,1
taxi:2953:3,taxi,2953,3,user,0,train,0
taxi:2953:4,taxi,2953,4,agent,2,train,0
taxi:2953:5,taxi,2953,5,user,0,train,0
taxi:2953:6,taxi,2953,6,agent,2,train,0
taxi:2953:7,taxi,2953,7,user,2,train,0
taxi:2953:8,taxi,2953,8,agent,2,train,0
taxi:2953:9,taxi,2953,9,user,3,train,0
taxi:2954:1,taxi,2954,1,user,3,validation,1
taxi:2954:2,taxi,2954,2,agent,3,validation,1
taxi:2954:3,taxi,2954,3,user,2,validation,0
taxi:2954:4,taxi,2954,4,agent,2,validation,0
taxi:2954:5,taxi,2954,5,user,0,validation,0
taxi:2954:6,taxi,2954,6,agent,2,validation,0
taxi:2955:1,taxi,2955,1,user,1,validation,0
taxi:2955:2,taxi,2955,2,agent,3,validation,1
taxi:2955:3,taxi,2955,3,user,2,validation,1
taxi:2955:4,taxi,2955,4,agent,3,validation,1
taxi:2956:1,taxi,2956,1,user,3,test,0
taxi:2956:2,taxi,2956,2,agent,2,test,0
taxi:2956:3,taxi,2956,3,user,2,test,0
taxi:2956:4,taxi,2956,4,agent,2,test,0
taxi:2956:5,taxi,2956,5,user,3,test,1
taxi:2957:1,taxi,2957,1,user,1,train,0
taxi:2957:2,taxi,2957,2,agent,3,train,1
taxi:2957:3,taxi,2957,3,user,2,train,0
taxi:2957:4,taxi,2957,4,agent,3,train,1
taxi:2958:1,taxi,2958,1,user,2,train,0
taxi:2958:2,taxi,2958,2,agent,3,train,1
taxi:2958:3,taxi,2958,3,user,3,train,1
taxi:2958:4,taxi,2958,4,agent,3,train,1
taxi:2959:1,taxi,2959,1,user,3,train,1
taxi:2959:2,taxi,2959,2,agent,3,train,1
taxi:2959:3,taxi,2959,3,user,0,train,1
taxi:2959:4,taxi,2959,4,agent,2,train,0
taxi:2960:1,taxi,2960,1,user,1,test,0
taxi:2960:2,taxi,2960,2,agent,2,test,0
taxi:2960:3,taxi,2960,3,user,0,test,0
taxi:2960:4,taxi,2960,4,agent,2,test,1
taxi:2961:1,taxi,2961,1,user,1,test,0
taxi:2961:2,taxi,2961,2,agent,3,test,1
taxi:2961:3,taxi,2961,3,user,0,test,0
taxi:2961:4,taxi,2961,4,agent,2,test,0
taxi:2961:5,taxi,2961,5,user,0,test,1
taxi:2961:6,taxi,2961,6,agent,3,test,1
taxi:2962:1,taxi,2962,1,user,2,train,0
taxi:2962:2,taxi,2962,2,agent,3,train,0
taxi:2962:3,taxi,2962,3,user,3,train,1
taxi:2962:4,taxi,2962,4,agent,2,train,0
taxi:2962:5,taxi,2962,5,user,0,train,0
taxi:2962:6,taxi,2962,6,agent,3,train,1
taxi:2963:1,taxi,2963,1,user,3,test,0
taxi:2963:2,taxi,2963,2,agent,3,test,1
taxi:2963:3,taxi,2963,3,user,2,test,0
taxi:2963:4,taxi,2963,4,agent,2,test,0
taxi:2963:5,taxi,2963,5,user,0,test,0
taxi:2963:6,taxi,2963,6,agent,3,test,0
taxi:2964:1,taxi,2964,1,user,3,test,1
taxi:2964:2,taxi,2964,2,agent,3,test,1
taxi:2964:3,taxi,2964,3,user,2,test,0
taxi:2964:4,taxi,2964,4,agent,2,test,0
taxi:2964:5,taxi,2964,5,user,0,test,0
taxi:2964:6,taxi,2964,6,agent,2,test,0
taxi:2965:1,taxi,2965,1,user,2,test,0
taxi:2965:2,taxi,2965,2,agent,3,test,1
taxi:2965:3,taxi,2965,3,user,3,test,0
taxi:2965:4,taxi,2965,4,agent,2,test,0
taxi:2966:1,taxi,2966,1,user,2,train,0
taxi:2966:2,taxi,2966,2,agent,3,train,1
taxi:2966:3,taxi,2966,3,user,2,train,0
taxi:2966:4,taxi,2966,4,agent,2,train,1
taxi:2967:1,taxi,2967,1,user,1,train,1
taxi:2967:2,taxi,2967,2,agent,3,train,1
taxi:2967:3,taxi,2967,3,user,0,train,0
taxi:2967:4,taxi,2967,4,agent,2,train,0
taxi:2967:5,taxi,2967,5,user,0,train,1
taxi:2967:6,taxi,2967,6,agent,3,train,1
taxi:2968:1,taxi,2968,1,user,3,test,0
taxi:2968:2,taxi,2968,2,agent,3,test,1
taxi:2968:3,taxi,2968,3,user,2,test,0
taxi:2968:4,taxi,2968,4,agent,2,test,0
taxi:2968:5,taxi,2968,5,user,0,test,0
taxi:2968:6,taxi,2968,6,agent,3,test,1
taxi:2969:1,taxi,2969,1,user,2,test,0
taxi:2969:2,taxi,2969,2,agent,3,test,1
taxi:2969:3,taxi,2969,3,user,3,test,0
taxi:2969:4,taxi,2969,4,agent,3,test,1
taxi:2970:1,taxi,2970,1,user,1,train,0
taxi:2970:2,taxi,2970,2,agent,2,train,0
taxi:2970:3,taxi,2970,3,user,3,train,0
taxi:2970:4,taxi,2970,4,agent,2,train,0
taxi:2971:1,taxi,2971,1,user,1,train,0
taxi:2971:2,taxi,2971,2,agent,3,train,1
taxi:2971:3,taxi,2971,3,user,0,train,0
taxi:2971:4,taxi,2971,4,agent,2,train,0
taxi:2971:5,taxi,2971,5,user,3,train,1
taxi:2971:6,taxi,2971,6,agent,3,train,1
taxi:2972:1,taxi,2972,1,user,1,train,0
taxi:2972:2,taxi,2972,2,agent,0,train,0
taxi:2972:3,taxi,2972,3,user,0,train,0
taxi:2972:4,taxi,2972,4,agent,2,train,0
taxi:2972:5,taxi,2972,5,user,2,train,1
taxi:2972:6,taxi,2972,6,agent,2,train,1
taxi:2973:1,taxi,2973,1,user,1,train,0
taxi:2973:2,taxi,2973,2,agent,3,train,1
taxi:2973:3,taxi,2973,3,user,2,train,1
taxi:2973:4,taxi,2973,4,agent,3,train,0
taxi:2974:1,taxi,2974,1,user,2,train,0
taxi:2974:2,taxi,2974,2,agent,3,train,0
taxi:2974:3,taxi,2974,3,user,0,train,0
taxi:2974:4,taxi,2974,4,agent,1,train,0
taxi:2974:5,taxi,2974,5,user,0,train,0
taxi:2974:6,taxi,2974,6,agent,1,train,0
taxi:2974:7,taxi,2974,7,user,2,train,0
taxi:2974:8,taxi,2974,8,agent,1,train,0
taxi:2974:9,taxi,2974,9,user,0,train,0
taxi:2974:10,taxi,2974,10,agent,2,train,0
taxi:2974:11,taxi,2974,11,user,3,train,1
taxi:2974:12,taxi,2974,12,agent,2,train,1
taxi:2974:13,taxi,2974,13,user,3,train,0
taxi:2975:1,taxi,2975,1,user,1,validation,0
taxi:2975:2,taxi,2975,2,agent,3,validation,1
taxi:2975:3,taxi,2975,3,user,0,validation,0
taxi:2975:4,taxi,2975,4,agent,2,validation,0
taxi:2975:5,taxi,2975,5,user,0,validation,0
taxi:2975:6,taxi,2975,6,agent,3,validation,1
taxi:2976:1,taxi,2976,1,user,1,train,0
taxi:2976:2,taxi,2976,2,agent,3,train,1
taxi:2976:3,taxi,2976,3,user,0,train,0
taxi:2976:4,taxi,2976,4,agent,2,train,1
taxi:2976:5,taxi,2976,5,user,0,train,0
taxi:2976:6,taxi,2976,6,agent,2,train,0
taxi:2977:1,taxi,2977,1,user,1,test,0
taxi:2977:2,taxi,2977,2,agent,2,test,0
taxi:2977:3,taxi,2977,3,user,3,test,1
taxi:2977:4,taxi,2977,4,agent,2,test,0
taxi:2978:1,taxi,2978,1,user,0,train,0
taxi:2978:2,taxi,2978,2,user,2,train,0
taxi:2978:3,taxi,2978,3,agent,2,train,0
taxi:2978:4,taxi,2978,4,user,2,train,1
taxi:2978:5,taxi,2978,5,agent,2,train,0
taxi:2979:1,taxi,2979,1,user,2,validation,0
taxi:2979:2,taxi,2979,2,agent,3,validation,0
taxi:2979:3,taxi,2979,3,user,0,validation,0
taxi:2979:4,taxi,2979,4,agent,2,validation,1
taxi:2979:5,taxi,2979,5,user,0,validation,0
taxi:2979:6,taxi,2979,6,agent,2,validation,0
taxi:2979:7,taxi,2979,7,user,0,validation,0
taxi:2979:8,taxi,2979,8,agent,2,validation,0
taxi:2979:9,taxi,2979,9,user,2,validation,1
taxi:2979:10,taxi,2979,10,agent,2,validation,0
taxi:2979:11,taxi,2979,11,user,3,validation,1
taxi:2980:1,taxi,2980,1,user,3,test,0
taxi:2980:2,taxi,2980,2,agent,3,test,0
taxi:2980:3,taxi,2980,3,user,2,test,0
taxi:2980:4,taxi,2980,4,agent,2,test,1
taxi:2980:5,taxi,2980,5,user,0,test,1
taxi:2980:6,taxi,2980,6,agent,2,test,0
taxi:2981:1,taxi,2981,1,user,3,train,1
taxi:2981:2,taxi,2981,2,agent,3,train,1
taxi:2981:3,taxi,2981,3,user,2,train,0
taxi:2981:4,taxi,2981,4,agent,2,train,0
taxi:2981:5,taxi,2981,5,user,0,train,0
taxi:2981:6,taxi,2981,6,agent,2,train,0
taxi:2982:1,taxi,2982,1,user,1,train,0
taxi:2982:2,taxi,2982,2,agent,3,train,0
taxi:2982:3,taxi,2982,3,user,2,train,0
taxi:2982:4,taxi,2982,4,agent,2,train,1
taxi:2982:5,taxi,2982,5,user,0,train,1
taxi:2982:6,taxi,2982,6,agent,2,train,0
taxi:2983:1,taxi,2983,1,user,3,train,0
taxi:2983:2,taxi,2983,2,agent,3,train,0
taxi:2983:3,taxi,2983,3,user,2,train,1
taxi:2983:4,taxi,2983,4,agent,2,train,0
taxi:2983:5,taxi,2983,5,user,0,train,0
taxi:2983:6,taxi,2983,6,agent,2,train,0
taxi:2984:1,taxi,2984,1,user,2,train,0
taxi:2984:2,taxi,2984,2,agent,3,train,1
taxi:2984:3,taxi,2984,3,user,0,train,0
taxi:2984:4,taxi,2984,4,agent,1,train,0
taxi:2984:5,taxi,2984,5,user,0,train,0
taxi:2984:6,taxi,2984,6,agent,1,train,0
taxi:2984:7,taxi,2984,7,user,0,train,0
taxi:2984:8,taxi,2984,8,agent,2,train,1
taxi:2984:9,taxi,2984,9,user,2,train,1
taxi:2984:10,taxi,2984,10,agent,3,train,1
taxi:2984:11,taxi,2984,11,user,3,train,0
taxi:2985:1,taxi,2985,1,user,1,train,0
taxi:2985:2,taxi,2985,2,agent,3,train,1
taxi:2985:3,taxi,2985,3,user,0,train,1
taxi:2985:4,taxi,2985,4,agent,2,train,0
taxi:2985:5,taxi,2985,5,user,0,train,0
taxi:2985:6,taxi,2985,6,agent,2,train,1
taxi:2986:1,taxi,2986,1,user,3,train,1
taxi:2986:2,taxi,2986,2,agent,3,train,1
taxi:2986:3,taxi,2986,3,user,2,train,0
taxi:2986:4,taxi,2986,4,agent,2,train,0
taxi:2986:5,taxi,2986,5,user,0,train,0
taxi:2986:6,taxi,2986,6,agent,2,train,0
taxi:2987:1,taxi,2987,1,user,3,train,1
taxi:2987:2,taxi,2987,2,agent,3,train,1
taxi:2987:3,taxi,2987,3,user,3,train,0
taxi:2987:4,taxi,2987,4,agent,2,train,0
taxi:2988:1,taxi,2988,1,user,1,train,0
taxi:2988:2,taxi,2988,2,agent,2,train,1
taxi:2988:3,taxi,2988,3,user,0,train,1
taxi:2988:4,taxi,2988,4,agent,2,train,0
taxi:2989:1,taxi,2989,1,user,3,train,1
taxi:2989:2,taxi,2989,2,agent,3,train,0
taxi:2989:3,taxi,2989,3,user,2,train,1
taxi:2989:4,taxi,2989,4,agent,2,train,1
taxi:2989:5,taxi,2989,5,user,0,train,1
taxi:2989:6,taxi,2989,6,agent,2,train,1
taxi:2990:1,taxi,2990,1,user,3,test,1
taxi:2990:2,taxi,2990,2,agent,3,test,1
taxi:2990:3,taxi,2990,3,user,2,test,0
taxi:2990:4,taxi,2990,4,agent,2,test,0
taxi:2990:5,taxi,2990,5,user,0,test,0
taxi:2990:6,taxi,2990,6,agent,2,test,0
taxi:2991:1,taxi,2991,1,user,3,test,1
taxi:2991:2,taxi,2991,2,agent,3,test,0
taxi:2991:3,taxi,2991,3,user,0,test,0
taxi:2991:4,taxi,2991,4,agent,0,test,0
taxi:2991:5,taxi,2991,5,user,0,test,0
taxi:2991:6,taxi,2991,6,agent,0,test,0
taxi:2991:7,taxi,2991,7,user,0,test,0
taxi:2991:8,taxi,2991,8,agent,2,test,1
taxi:2991:9,taxi,2991,9,user,3,test,1
taxi:2991:10,taxi,2991,10,agent,3,test,1
taxi:2992:1,taxi,2992,1,user,3,test,1
taxi:2992:2,taxi,2992,2,agent,3,test,1
taxi:2992:3,taxi,2992,3,user,2,test,0
taxi:2992:4,taxi,2992,4,agent,3,test,0
taxi:2993:1,taxi,2993,1,user,3,test,1
taxi:2993:2,taxi,2993,2,agent,3,test,1
taxi:2993:3,taxi,2993,3,user,2,test,0
taxi:2993:4,taxi,2993,4,agent,2,test,0
taxi:2993:5,taxi,2993,5,user,0,test,0
taxi:2993:6,taxi,2993,6,agent,3,test,0
taxi:2994:1,taxi,2994,1,user,3,train,0
taxi:2994:2,taxi,2994,2,agent,3,train,1
taxi:2994:3,taxi,2994,3,user,2,train,0
taxi:2994:4,taxi,2994,4,agent,2,train,0
taxi:2994:5,taxi,2994,5,user,0,train,0
taxi:2994:6,taxi,2994,6,agent,2,train,0
taxi:2995:1,taxi,2995,1,user,1,train,1
taxi:2995:2,taxi,2995,2,agent,3,train,1
taxi:2995:3,taxi,2995,3,user,2,train,0
taxi:2995:4,taxi,2995,4,agent,3,train,1
taxi:2996:1,taxi,2996,1,user,1,validation,0
taxi:2996:2,taxi,2996,2,agent,2,validation,0
taxi:2996:3,taxi,2996,3,user,0,validation,0
taxi:2996:4,taxi,2996,4,agent,2,validation,1
taxi:2997:1,taxi,2997,1,user,3,validation,1
taxi:2997:2,taxi,2997,2,agent,3,validation,1
taxi:2997:3,taxi,2997,3,user,2,validation,0
taxi:2997:4,taxi,2997,4,agent,2,validation,1
taxi:2997:5,taxi,2997,5,user,0,validation,0
taxi:2997:6,taxi,2997,6,agent,3,validation,1
taxi:2998:1,taxi,2998,1,user,3,train,1
taxi:2998:2,taxi,2998,2,user,3,train,1
taxi:2998:3,taxi,2998,3,agent,3,train,0
taxi:2998:4,taxi,2998,4,user,0,train,0
taxi:2998:5,taxi,2998,5,agent,2,train,0
taxi:2998:6,taxi,2998,6,user,2,train,0
taxi:2998:7,taxi,2998,7,agent,2,train,0
taxi:2998:8,taxi,2998,8,user,0,train,0
taxi:2998:9,taxi,2998,9,agent,2,train,0
taxi:2999:1,taxi,2999,1,user,3,train,0
taxi:2999:2,taxi,2999,2,agent,3,train,0
taxi:2999:3,taxi,2999,3,user,3,train,0
taxi:2999:4,taxi,2999,4,agent,2,train,0
taxi:3000:1,taxi,3000,1,user,1,train,0
taxi:3000:2,taxi,3000,2,agent,3,train,0
taxi:3000:3,taxi,3000,3,user,3,train,0
taxi:3000:4,taxi,3000,4,agent,2,train,0
taxi:3001:1,taxi,3001,1,user,3,train,1
taxi:3001:2,taxi,3001,2,agent,0,train,0
taxi:3001:3,taxi,3001,3,user,2,train,0
taxi:3001:4,taxi,3001,4,agent,2,train,0
taxi:3001:5,taxi,3001,5,user,0,train,0
taxi:3001:6,taxi,3001,6,agent,2,train,0
taxi:3002:1,taxi,3002,1,user,3,train,0
taxi:3002:2,taxi,3002,2,agent,3,train,1
taxi:3002:3,taxi,3002,3,user,0,train,0
taxi:3002:4,taxi,3002,4,agent,2,train,0
taxi:3002:5,taxi,3002,5,user,0,train,0
taxi:3002:6,taxi,3002,6,agent,2,train,0
taxi:3003:1,taxi,3003,1,user,3,train,0
taxi:3003:2,taxi,3003,2,agent,3,train,1
taxi:3003:3,taxi,3003,3,user,2,train,0
taxi:3003:4,taxi,3003,4,agent,2,train,0
taxi:3003:5,taxi,3003,5,user,0,train,0
taxi:3003:6,taxi,3003,6,agent,2,train,0
taxi:3004:1,taxi,3004,1,user,3,train,1
taxi:3004:2,taxi,3004,2,agent,3,train,1
taxi:3004:3,taxi,3004,3,user,2,train,0
taxi:3004:4,taxi,3004,4,agent,1,train,1
taxi:3004:5,taxi,3004,5,user,0,train,0
taxi:3004:6,taxi,3004,6,agent,2,train,0
taxi:3004:7,taxi,3004,7,user,0,train,0
taxi:3004:8,taxi,3004,8,agent,2,train,0
taxi:3005:1,taxi,3005,1,user,1,train,0
taxi:3005:2,taxi,3005,2,agent,2,train,0
taxi:3005:3,taxi,3005,3,user,3,train,1
taxi:3005:4,taxi,3005,4,agent,2,train,1
taxi:3006:1,taxi,3006,1,user,3,train,0
taxi:3006:2,taxi,3006,2,agent,3,train,1
taxi:3006:3,taxi,3006,3,user,3,train,1
taxi:3006:4,taxi,3006,4,agent,3,train,1
taxi:3007:1,taxi,3007,1,user,2,train,0
taxi:3007:2,taxi,3007,2,agent,2,train,1
taxi:3007:3,taxi,3007,3,user,2,train,0
taxi:3007:4,taxi,3007,4,agent,2,train,0
taxi:3008:1,taxi,3008,1,user,1,train,1
taxi:3008:2,taxi,3008,2,agent,3,train,0
taxi:3008:3,taxi,3008,3,user,0,train,1
taxi:3008:4,taxi,3008,4,agent,2,train,0
taxi:3008:5,taxi,3008,5,user,0,train,1
taxi:3008:6,taxi,3008,6,agent,3,train,1
taxi:3009:1,taxi,3009,1,user,3,test,1
taxi:3009:2,taxi,3009,2,agent,3,test,1
taxi:3009:3,taxi,3009,3,user,2,test,0
taxi:3009:4,taxi,3009,4,agent,2,test,0
taxi:3009:5,taxi,3009,5,user,0,test,0
taxi:3009:6,taxi,3009,6,agent,2,test,0
taxi:3010:1,taxi,3010,1,user,1,train,0
taxi:3010:2,taxi,3010,2,agent,3,train,1
taxi:3010:3,taxi,3010,3,user,0,train,1
taxi:3010:4,taxi,3010,4,agent,2,train,0
taxi:3010:5,taxi,3010,5,user,2,train,0
taxi:3010:6,taxi,3010,6,agent,3,train,0
taxi:3011:1,taxi,3011,1,user,3,train,0
taxi:3011:2,taxi,3011,2,agent,0,train,1
taxi:3011:3,taxi,3011,3,user,2,train,0
taxi:3011:4,taxi,3011,4,agent,2,train,0
taxi:3011:5,taxi,3011,5,user,0,train,0
taxi:3011:6,taxi,3011,6,agent,2,train,0
taxi:3012:1,taxi,3012,1,user,3,train,1
taxi:3012:2,taxi,3012,2,agent,3,train,1
taxi:3012:3,taxi,3012,3,user,2,train,0
taxi:3012:4,taxi,3012,4,agent,2,train,1
taxi:3012:5,taxi,3012,5,user,0,train,1
taxi:3012:6,taxi,3012,6,agent,3,train,1
taxi:3013:1,taxi,3013,1,user,3,train,1
taxi:3013:2,taxi,3013,2,agent,0,train,0
taxi:3013:3,taxi,3013,3,user,2,train,0
taxi:3013:4,taxi,3013,4,agent,0,train,1
taxi:3013:5,taxi,3013,5,user,0,train,0
taxi:3013:6,taxi,3013,6,agent,2,train,0
taxi:3013:7,taxi,3013,7,user,0,train,0
taxi:3013:8,taxi,3013,8,agent,2,train,0
taxi:3014:1,taxi,3014,1,user,3,train,1
taxi:3014:2,taxi,3014,2,agent,3,train,0
taxi:3014:3,taxi,3014,3,user,3,train,1
taxi:3014:4,taxi,3014,4,agent,3,train,1
taxi:3014:5,taxi,3014,5,user,3,train,1
taxi:3015:1,taxi,3015,1,user,3,validation,0
taxi:3015:2,taxi,3015,2,agent,3,validation,0
taxi:3015:3,taxi,3015,3,user,0,validation,0
taxi:3015:4,taxi,3015,4,agent,2,validation,0
taxi:3015:5,taxi,3015,5,user,0,validation,0
taxi:3015:6,taxi,3015,6,user,0,validation,0
taxi:3016:1,taxi,3016,1,user,3,train,1
taxi:3016:2,taxi,3016,2,agent,3,train,1
taxi:3016:3,taxi,3016,3,user,3,train,1
taxi:3016:4,taxi,3016,4,agent,3,train,1
taxi:3017:1,taxi,3017,1,user,0,train,0
taxi:3017:2,taxi,3017,2,agent,3,train,1
taxi:3017:3,taxi,3017,3,user,2,train,1
taxi:3017:4,taxi,3017,4,agent,2,train,0
taxi:3017:5,taxi,3017,5,user,0,train,0
taxi:3017:6,taxi,3017,6,agent,3,train,1
taxi:3018:1,taxi,3018,1,user,2,train,0
taxi:3018:2,taxi,3018,2,agent,3,train,1
taxi:3018:3,taxi,3018,3,user,0,train,1
taxi:3018:4,taxi,3018,4,agent,0,train,0
taxi:3018:5,taxi,3018,5,user,0,train,0
taxi:3018:6,taxi,3018,6,agent,0,train,1
taxi:3018:7,taxi,3018,7,user,0,train,0
taxi:3018:8,taxi,3018,8,agent,2,train,1
taxi:3018:9,taxi,3018,9,user,2,train,0
taxi:3018:10,taxi,3018,10,agent,2,train,0
taxi:3018:11,taxi,3018,11,user,3,train,1
taxi:3018:12,taxi,3018,12,agent,2,train,0
taxi:3018:13,taxi,3018,13,user,3,train,1
taxi:3019:1,taxi,3019,1,user,3,validation,1
taxi:3019:2,taxi,3019,2,agent,0,validation,0
taxi:3019:3,taxi,3019,3,user,1,validation,0
taxi:3019:4,taxi,3019,4,agent,2,validation,1
taxi:3019:5,taxi,3019,5,user,0,validation,0
taxi:3019:6,taxi,3019,6,agent,2,validation,0
taxi:3020:1,taxi,3020,1,user,3,test,0
taxi:3020:2,taxi,3020,2,agent,3,test,1
taxi:3020:3,taxi,3020,3,user,0,test,0
taxi:3020:4,taxi,3020,4,agent,3,test,1
taxi:3021:1,taxi,3021,1,user,1,train,1
taxi:3021:2,taxi,3021,2,agent,2,train,0
taxi:3021:3,taxi,3021,3,user,0,train,0
taxi:3021:4,taxi,3021,4,agent,2,train,0
taxi:3021:5,taxi,3021,5,user,2,train,0
taxi:3021:6,taxi,3021,6,agent,2,train,1
taxi:3022:1,taxi,3022,1,user,1,validation,0
taxi:3022:2,taxi,3022,2,agent,0,validation,0
taxi:3022:3,taxi,3022,3,user,0,validation,0
taxi:3022:4,taxi,3022,4,agent,2,validation,1
taxi:3022:5,taxi,3022,5,user,0,validation,0
taxi:3022:6,taxi,3022,6,agent,2,validation,0
taxi:3023:1,taxi,3023,1,user,3,train,0
taxi:3023:2,taxi,3023,2,agent,0,train,1
taxi:3023:3,taxi,3023,3,user,2,train,1
taxi:3023:4,taxi,3023,4,agent,2,train,0
taxi:3023:5,taxi,3023,5,user,0,train,1
taxi:3023:6,taxi,3023,6,agent,2,train,0
taxi:3024:1,taxi,3024,1,user,1,test,0
taxi:3024:2,taxi,3024,2,agent,2,test,0
taxi:3024:3,taxi,3024,3,user,0,test,1
taxi:3024:4,taxi,3024,4,agent,2,test,0
taxi:3025:1,taxi,3025,1,user,1,train,1
taxi:3025:2,taxi,3025,2,agent,3,train,0
taxi:3025:3,taxi,3025,3,user,2,train,0
taxi:3025:4,taxi,3025,4,agent,3,train,1
taxi:3026:1,taxi,3026,1,user,3,test,0
taxi:3026:2,taxi,3026,2,agent,3,test,0
taxi:3026:3,taxi,3026,3,user,1,test,0
taxi:3026:4,taxi,3026,4,agent,0,test,1
taxi:3026:5,taxi,3026,5,user,0,test,0
taxi:3026:6,taxi,3026,6,agent,2,test,0
taxi:3026:7,taxi,3026,7,user,2,test,0
taxi:3026:8,taxi,3026,8,agent,0,test,0
taxi:3026:9,taxi,3026,9,user,0,test,0
taxi:3026:10,taxi,3026,10,agent,0,test,0
taxi:3026:11,taxi,3026,11,user,0,test,1
taxi:3026:12,taxi,3026,12,agent,1,test,0
taxi:3026:13,taxi,3026,13,user,0,test,1
taxi:3026:14,taxi,3026,14,agent,2,test,1
taxi:3026:15,taxi,3026,15,user,3,test,0
taxi:3026:16,taxi,3026,16,agent,3,test,1
taxi:3026:17,taxi,3026,17,user,3,test,1
taxi:3027:1,taxi,3027,1,user,1,train,1
taxi:3027:2,taxi,3027,2,agent,3,train,1
taxi:3027:3,taxi,3027,3,user,0,train,0
taxi:3027:4,taxi,3027,4,agent,2,train,0
taxi:3027:5,taxi,3027,5,user,3,train,0
taxi:3027:6,taxi,3027,6,agent,2,train,0
taxi:3027:7,taxi,3027,7,user,2,train,0
taxi:3027:8,taxi,3027,8,agent,2,train,0
taxi:3027:9,taxi,3027,9,user,3,train,1
taxi:3028:1,taxi,3028,1,user,3,train,0
taxi:3028:2,taxi,3028,2,agent,3,train,0
taxi:3028:3,taxi,3028,3,user,3,train,0
taxi:3028:4,taxi,3028,4,agent,3,train,1
taxi:3029:1,taxi,3029,1,user,3,train,1
taxi:3029:2,taxi,3029,2,agent,3,train,1
taxi:3029:3,taxi,3029,3,user,2,train,0
taxi:3029:4,taxi,3029,4,agent,2,train,0
taxi:3029:5,taxi,3029,5,user,0,train,0
taxi:3029:6,taxi,3029,6,agent,2,train,0
taxi:3030:1,taxi,3030,1,user,3,test,1
taxi:3030:2,taxi,3030,2,agent,3,test,1
taxi:3030:3,taxi,3030,3,user,2,test,1
taxi:3030:4,taxi,3030,4,agent,2,test,1
taxi:3030:5,taxi,3030,5,user,0,test,0
taxi:3030:6,taxi,3030,6,agent,2,test,0
taxi:3031:1,taxi,3031,1,user,3,test,0
taxi:3031:2,taxi,3031,2,agent,3,test,0
taxi:3031:3,taxi,3031,3,user,3,test,0
taxi:3031:4,taxi,3031,4,agent,2,test,0
taxi:3032:1,taxi,3032,1,user,1,train,0
taxi:3032:2,taxi,3032,2,agent,0,train,1
taxi:3032:3,taxi,3032,3,user,0,train,0
taxi:3033:1,taxi,3033,1,user,3,train,1
taxi:3033:2,taxi,3033,2,agent,3,train,1
taxi:3033:3,taxi,3033,3,user,2,train,1
taxi:3033:4,taxi,3033,4,agent,2,train,0
taxi:3033:5,taxi,3033,5,user,0,train,0
taxi:3033:6,taxi,3033,6,agent,2,train,0
taxi:3034:1,taxi,3034,1,user,3,train,0
taxi:3034:2,taxi,3034,2,agent,3,train,0
taxi:3034:3,taxi,3034,3,user,2,train,0
taxi:3034:4,taxi,3034,4,agent,2,train,0
taxi:3034:5,taxi,3034,5,user,0,train,0
taxi:3034:6,taxi,3034,6,agent,2,train,0
taxi:3035:1,taxi,3035,1,user,2,train,0
taxi:3035:2,taxi,3035,2,agent,3,train,1
taxi:3035:3,taxi,3035,3,user,0,train,0
taxi:3035:4,taxi,3035,4,agent,2,train,0
taxi:3035:5,taxi,3035,5,user,3,train,0
taxi:3035:6,taxi,3035,6,agent,2,train,0
taxi:3035:7,taxi,3035,7,user,0,train,0
taxi:3035:8,taxi,3035,8,agent,2,train,0
taxi:3035:9,taxi,3035,9,user,3,train,0
taxi:3035:10,taxi,3035,10,agent,2,train,0
taxi:3035:11,taxi,3035,11,user,3,train,1
taxi:3036:1,taxi,3036,1,user,1,train,0
taxi:3036:2,taxi,3036,2,agent,2,train,1
taxi:3036:3,taxi,3036,3,user,2,train,0
taxi:3036:4,taxi,3036,4,agent,2,train,0
taxi:3037:1,taxi,3037,1,user,3,train,1
taxi:3037:2,taxi,3037,2,agent,3,train,1
taxi:3037:3,taxi,3037,3,user,2,train,0
taxi:3037:4,taxi,3037,4,agent,2,train,0
taxi:3037:5,taxi,3037,5,user,0,train,0
taxi:3037:6,taxi,3037,6,agent,2,train,0
taxi:3038:1,taxi,3038,1,user,3,validation,1
taxi:3038:2,taxi,3038,2,agent,3,validation,1
taxi:3038:3,taxi,3038,3,user,2,validation,1
taxi:3038:4,taxi,3038,4,agent,2,validation,1
taxi:3038:5,taxi,3038,5,user,0,validation,0
taxi:3038:6,taxi,3038,6,agent,2,validation,0
taxi:3038:7,taxi,3038,7,user,3,validation,1
taxi:3039:1,taxi,3039,1,user,2,train,1
taxi:3039:2,taxi,3039,2,agent,3,train,0
taxi:3039:3,taxi,3039,3,user,2,train,0
taxi:3039:4,taxi,3039,4,agent,2,train,0
taxi:3040:1,taxi,3040,1,user,3,test,0
taxi:3040:2,taxi,3040,2,agent,3,test,1
taxi:3040:3,taxi,3040,3,user,2,test,1
taxi:3040:4,taxi,3040,4,agent,2,test,0
taxi:3040:5,taxi,3040,5,user,0,test,1
taxi:3040:6,taxi,3040,6,agent,2,test,0
taxi:3041:1,taxi,3041,1,user,1,train,0
taxi:3041:2,taxi,3041,2,agent,0,train,0
taxi:3041:3,taxi,3041,3,user,0,train,1
taxi:3041:4,taxi,3041,4,agent,2,train,0
taxi:3041:5,taxi,3041,5,user,0,train,0
taxi:3041:6,taxi,3041,6,agent,2,train,1
taxi:3042:1,taxi,3042,1,user,2,train,0
taxi:3042:2,taxi,3042,2,agent,2,train,0
taxi:3042:3,taxi,3042,3,user,2,train,0
taxi:3042:4,taxi,3042,4,agent,2,train,0
taxi:3043:1,taxi,3043,1,user,3,train,1
taxi:3043:2,taxi,3043,2,agent,2,train,0
taxi:3043:3,taxi,3043,3,user,3,train,1
taxi:3043:4,taxi,3043,4,agent,2,train,0
taxi:3043:5,taxi,3043,5,user,3,train,1
taxi:3044:1,taxi,3044,1,user,2,train,1
taxi:3044:2,taxi,3044,2,agent,3,train,1
taxi:3044:3,taxi,3044,3,user,3,train,1
taxi:3044:4,taxi,3044,4,agent,3,train,1
taxi:3045:1,taxi,3045,1,user,1,test,0
taxi:3045:2,taxi,3045,2,agent,3,test,1
taxi:3045:3,taxi,3045,3,user,0,test,1
taxi:3045:4,taxi,3045,4,agent,0,test,0
taxi:3045:5,taxi,3045,5,user,1,test,0
taxi:3045:6,taxi,3045,6,agent,3,test,0
taxi:3045:7,taxi,3045,7,user,2,test,1
taxi:3045:8,taxi,3045,8,agent,2,test,0
taxi:3045:9,taxi,3045,9,user,0,test,1
taxi:3045:10,taxi,3045,10,agent,0,test,0
taxi:3045:11,taxi,3045,11,user,0,test,0
taxi:3045:12,taxi,3045,12,agent,2,test,0
taxi:3045:13,taxi,3045,13,user,3,test,1
taxi:3045:14,taxi,3045,14,agent,2,test,0
taxi:3045:15,taxi,3045,15,user,3,test,1
taxi:3046:1,taxi,3046,1,user,2,train,1
taxi:3046:2,taxi,3046,2,agent,0,train,0
taxi:3046:3,taxi,3046,3,user,0,train,0
taxi:3046:4,taxi,3046,4,agent,0,train,1
taxi:3046:5,taxi,3046,5,user,0,train,0
taxi:3046:6,taxi,3046,6,agent,1,train,0
taxi:3046:7,taxi,3046,7,user,0,train,0
taxi:3046:8,taxi,3046,8,agent,2,train,0
taxi:3046:9,taxi,3046,9,user,3,train,1
taxi:3046:10,taxi,3046,10,agent,2,train,0
taxi:3046:11,taxi,3046,11,user,3,train,0
taxi:3047:1,taxi,3047,1,user,1,test,0
taxi:3047:2,taxi,3047,2,agent,3,test,1
taxi:3047:3,taxi,3047,3,user,0,test,0
taxi:3047:4,taxi,3047,4,agent,2,test,0
taxi:3047:5,taxi,3047,5,user,0,test,0
taxi:3047:6,taxi,3047,6,agent,2,test,0
taxi:3048:1,taxi,3048,1,user,3,test,1
taxi:3048:2,taxi,3048,2,agent,2,test,0
taxi:3048:3,taxi,3048,3,user,3,test,1
taxi:3048:4,taxi,3048,4,agent,2,test,0
taxi:3049:1,taxi,3049,1,user,1,train,0
taxi:3049:2,taxi,3049,2,agent,3,train,1
taxi:3049:3,taxi,3049,3,user,0,train,0
taxi:3049:4,taxi,3049,4,agent,0,train,0
taxi:3049:5,taxi,3049,5,user,2,train,0
taxi:3049:6,taxi,3049,6,agent,1,train,0
taxi:3049:7,taxi,3049,7,user,0,train,1
taxi:3049:8,taxi,3049,8,agent,2,train,0
taxi:3049:9,taxi,3049,9,user,3,train,1
taxi:3049:10,taxi,3049,10,agent,2,train,0
taxi:3049:11,taxi,3049,11,user,3,train,0
taxi:3050:1,taxi,3050,1,user,3,train,1
taxi:3050:2,taxi,3050,2,agent,3,train,0
taxi:3050:3,taxi,3050,3,user,2,train,0
taxi:3050:4,taxi,3050,4,agent,2,train,0
taxi:3050:5,taxi,3050,5,user,0,train,0
taxi:3050:6,taxi,3050,6,agent,2,train,0
taxi:3051:1,taxi,3051,1,user,1,train,0
taxi:3051:2,taxi,3051,2,agent,3,train,1
taxi:3051:3,taxi,3051,3,user,0,train,0
taxi:3051:4,taxi,3051,4,agent,2,train,1
taxi:3051:5,taxi,3051,5,user,0,train,0
taxi:3051:6,taxi,3051,6,agent,2,train,0
taxi:3052:1,taxi,3052,1,user,2,train,0
taxi:3052:2,taxi,3052,2,agent,3,train,1
taxi:3052:3,taxi,3052,3,user,3,train,0
taxi:3052:4,taxi,3052,4,agent,2,train,0
taxi:3053:1,taxi,3053,1,user,2,test,0
taxi:3053:2,taxi,3053,2,agent,3,test,1
taxi:3053:3,taxi,3053,3,user,3,test,1
taxi:3053:4,taxi,3053,4,agent,2,test,0
taxi:3053:5,taxi,3053,5,user,3,test,1
taxi:3053:6,taxi,3053,6,agent,3,test,0
taxi:3054:1,taxi,3054,1,user,1,train,0
taxi:3054:2,taxi,3054,2,agent,2,train,0
taxi:3054:3,taxi,3054,3,user,0,train,0
taxi:3054:4,taxi,3054,4,agent,2,train,1
taxi:3054:5,taxi,3054,5,user,3,train,1
taxi:3055:1,taxi,3055,1,user,2,train,0
taxi:3055:2,taxi,3055,2,agent,0,train,0
taxi:3055:3,taxi,3055,3,user,0,train,0
taxi:3055:4,taxi,3055,4,agent,1,train,0
taxi:3055:5,taxi,3055,5,user,0,train,1
taxi:3055:6,taxi,3055,6,agent,1,train,0
taxi:3055:7,taxi,3055,7,user,0,train,0
taxi:3055:8,taxi,3055,8,agent,2,train,0
taxi:3055:9,taxi,3055,9,user,3,train,0
taxi:3055:10,taxi,3055,10,agent,2,train,0
taxi:3055:11,taxi,3055,11,user,3,train,0
taxi:3056:1,taxi,3056,1,user,0,test,0
taxi:3056:2,taxi,3056,2,agent,3,test,1
taxi:3056:3,taxi,3056,3,user,0,test,0
taxi:3056:4,taxi,3056,4,agent,2,test,0
taxi:3056:5,taxi,3056,5,user,0,test,0
taxi:3056:6,taxi,3056,6,agent,3,test,1
taxi:3057:1,taxi,3057,1,user,3,train,0
taxi:3057:2,taxi,3057,2,agent,0,train,0
taxi:3057:3,taxi,3057,3,user,0,train,0
taxi:3057:4,taxi,3057,4,agent,2,train,0
taxi:3057:5,taxi,3057,5,user,2,train,0
taxi:3057:6,taxi,3057,6,agent,2,train,0
taxi:3057:7,taxi,3057,7,user,3,train,1
taxi:3058:1,taxi,3058,1,user,1,train,0
taxi:3058:2,taxi,3058,2,agent,3,train,1
taxi:3058:3,taxi,3058,3,user,0,train,0
taxi:3058:4,taxi,3058,4,agent,2,train,0
taxi:3058:5,taxi,3058,5,user,0,train,0
taxi:3058:6,taxi,3058,6,agent,2,train,0
taxi:3058:7,taxi,3058,7,user,2,train,0
taxi:3058:8,taxi,3058,8,agent,2,train,0
taxi:3058:9,taxi,3058,9,user,3,train,0
taxi:3059:1,taxi,3059,1,user,3,test,0
taxi:3059:2,taxi,3059,2,agent,1,test,0
taxi:3059:3,taxi,3059,3,user,3,test,0
taxi:3059:4,taxi,3059,4,agent,2,test,0
taxi:3059:5,taxi,3059,5,user,3,test,1
taxi:3059:6,taxi,3059,6,agent,2,test,0
taxi:3060:1,taxi,3060,1,user,3,validation,1
taxi:3060:2,taxi,3060,2,agent,2,validation,0
taxi:3060:3,taxi,3060,3,user,3,validation,1
taxi:3060:4,taxi,3060,4,agent,2,validation,0
taxi:3061:1,taxi,3061,1,user,3,train,1
taxi:3061:2,taxi,3061,2,agent,0,train,0
taxi:3061:3,taxi,3061,3,user,0,train,0
taxi:3061:4,taxi,3061,4,agent,2,train,1
taxi:3061:5,taxi,3061,5,user,3,train,1
taxi:3061:6,taxi,3061,6,agent,2,train,1
taxi:3061:7,taxi,3061,7,user,3,train,0
taxi:3062:1,taxi,3062,1,user,3,test,1
taxi:3062:2,taxi,3062,2,agent,0,test,0
taxi:3062:3,taxi,3062,3,user,2,test,0
taxi:3062:4,taxi,3062,4,agent,2,test,1
taxi:3062:5,taxi,3062,5,user,0,test,0
taxi:3062:6,taxi,3062,6,agent,2,test,0
taxi:3063:1,taxi,3063,1,user,3,train,1
taxi:3063:2,taxi,3063,2,agent,3,train,1
taxi:3063:3,taxi,3063,3,user,3,train,0
taxi:3063:4,taxi,3063,4,agent,2,train,0
taxi:3064:1,taxi,3064,1,user,3,train,0
taxi:3064:2,taxi,3064,2,agent,3,train,0
taxi:3064:3,taxi,3064,3,user,2,train,0
taxi:3064:4,taxi,3064,4,agent,2,train,0
taxi:3064:5,taxi,3064,5,user,0,train,0
taxi:3064:6,taxi,3064,6,agent,2,train,0
taxi:3065:1,taxi,3065,1,user,3,test,0
taxi:3065:2,taxi,3065,2,agent,3,test,1
taxi:3065:3,taxi,3065,3,user,3,test,0
taxi:3065:4,taxi,3065,4,agent,2,test,0
taxi:3066:1,taxi,3066,1,user,3,train,1
taxi:3066:2,taxi,3066,2,agent,3,train,1
taxi:3066:3,taxi,3066,3,user,2,train,0
taxi:3066:4,taxi,3066,4,agent,2,train,0
taxi:3066:5,taxi,3066,5,user,0,train,0
taxi:3066:6,taxi,3066,6,agent,2,train,1
taxi:3067:1,taxi,3067,1,user,3,train,1
taxi:3067:2,taxi,3067,2,agent,3,train,1
taxi:3067:3,taxi,3067,3,user,2,train,0
taxi:3067:4,taxi,3067,4,agent,2,train,0
taxi:3067:5,taxi,3067,5,user,0,train,1
taxi:3067:6,taxi,3067,6,agent,2,train,0
taxi:3068:1,taxi,3068,1,user,3,train,0
taxi:3068:2,taxi,3068,2,agent,3,train,0
taxi:3068:3,taxi,3068,3,user,0,train,0
taxi:3068:4,taxi,3068,4,agent,3,train,0
taxi:3068:5,taxi,3068,5,user,0,train,0
taxi:3068:6,taxi,3068,6,agent,2,train,0
taxi:3068:7,taxi,3068,7,user,0,train,0
taxi:3068:8,taxi,3068,8,agent,2,train,0
taxi:3068:9,taxi,3068,9,user,3,train,0
taxi:3069:1,taxi,3069,1,user,2,test,0
taxi:3069:2,taxi,3069,2,agent,3,test,0
taxi:3069:3,taxi,3069,3,user,2,test,0
taxi:3069:4,taxi,3069,4,agent,3,test,0
taxi:3070:1,taxi,3070,1,user,2,validation,0
taxi:3070:2,taxi,3070,2,agent,2,validation,0
taxi:3070:3,taxi,3070,3,user,3,validation,0
taxi:3070:4,taxi,3070,4,agent,2,validation,0
taxi:3071:1,taxi,3071,1,user,3,train,1
taxi:3071:2,taxi,3071,2,agent,3,train,1
taxi:3071:3,taxi,3071,3,user,2,train,0
taxi:3071:4,taxi,3071,4,agent,2,train,0
taxi:3071:5,taxi,3071,5,user,0,train,1
taxi:3071:6,taxi,3071,6,agent,2,train,0
taxi:3072:1,taxi,3072,1,user,3,train,1
taxi:3072:2,taxi,3072,2,agent,3,train,1
taxi:3072:3,taxi,3072,3,user,3,train,0
taxi:3072:4,taxi,3072,4,agent,3,train,0
taxi:3073:1,taxi,3073,1,user,3,train,0
taxi:3073:2,taxi,3073,2,agent,2,train,0
taxi:3073:3,taxi,3073,3,user,2,train,1
taxi:3073:4,taxi,3073,4,agent,2,train,0
taxi:3073:5,taxi,3073,5,user,0,train,0
taxi:3073:6,taxi,3073,6,agent,2,train,0
taxi:3074:1,taxi,3074,1,user,3,test,0
taxi:3074:2,taxi,3074,2,agent,3,test,1
taxi:3074:3,taxi,3074,3,user,2,test,0
taxi:3074:4,taxi,3074,4,agent,2,test,0
taxi:3074:5,taxi,3074,5,user,0,test,1
taxi:3074:6,taxi,3074,6,agent,2,test,0
taxi:3075:1,taxi,3075,1,user,1,train,0
taxi:3075:2,taxi,3075,2,agent,0,train,0
taxi:3075:3,taxi,3075,3,user,0,train,0
taxi:3075:4,taxi,3075,4,agent,0,train,0
taxi:3075:5,taxi,3075,5,user,0,train,1
taxi:3075:6,taxi,3075,6,agent,0,train,0
taxi:3075:7,taxi,3075,7,user,0,train,0
taxi:3075:8,taxi,3075,8,agent,2,train,0
taxi:3075:9,taxi,3075,9,user,3,train,0
taxi:3075:10,taxi,3075,10,agent,2,train,1
taxi:3075:11,taxi,3075,11,user,3,train,1
taxi:3076:1,taxi,3076,1,user,3,train,1
taxi:3076:2,taxi,3076,2,agent,3,train,1
taxi:3076:3,taxi,3076,3,user,2,train,0
taxi:3076:4,taxi,3076,4,agent,2,train,1
taxi:3076:5,taxi,3076,5,user,0,train,0
taxi:3076:6,taxi,3076,6,agent,2,train,0
taxi:3077:1,taxi,3077,1,user,3,validation,0
taxi:3077:2,taxi,3077,2,agent,3,validation,1
taxi:3077:3,taxi,3077,3,user,2,validation,1
taxi:3077:4,taxi,3077,4,agent,2,validation,0
taxi:3077:5,taxi,3077,5,user,0,validation,0
taxi:3077:6,taxi,3077,6,agent,2,validation,1
taxi:3078:1,taxi,3078,1,user,2,train,0
taxi:3078:2,taxi,3078,2,agent,2,train,0
taxi:3078:3,taxi,3078,3,user,0,train,0
taxi:3078:4,taxi,3078,4,agent,2,train,1
taxi:3079:1,taxi,3079,1,user,3,train,1
taxi:3079:2,taxi,3079,2,agent,0,train,0
taxi:3079:3,taxi,3079,3,user,0,train,1
taxi:3079:4,taxi,3079,4,agent,2,train,0
taxi:3079:5,taxi,3079,5,user,3,train,1
taxi:3079:6,taxi,3079,6,agent,2,train,0
taxi:3079:7,taxi,3079,7,user,3,train,1
taxi:3080:1,taxi,3080,1,user,3,test,1
taxi:3080:2,taxi,3080,2,agent,3,test,1
taxi:3080:3,taxi,3080,3,user,2,test,0
taxi:3080:4,taxi,3080,4,agent,2,test,1
taxi:3080:5,taxi,3080,5,user,0,test,1
taxi:3080:6,taxi,3080,6,agent,2,test,1
taxi:3081:1,taxi,3081,1,user,3,validation,1
taxi:3081:2,taxi,3081,2,agent,3,validation,0
taxi:3081:3,taxi,3081,3,user,0,validation,0
taxi:3081:4,taxi,3081,4,agent,0,validation,0
taxi:3081:5,taxi,3081,5,user,3,validation,1
taxi:3081:6,taxi,3081,6,agent,1,validation,0
taxi:3081:7,taxi,3081,7,user,0,validation,0
taxi:3081:8,taxi,3081,8,agent,2,validation,1
taxi:3081:9,taxi,3081,9,user,3,validation,1
taxi:3081:10,taxi,3081,10,agent,3,validation,0
taxi:3082:1,taxi,3082,1,user,3,train,1
taxi:3082:2,taxi,3082,2,agent,3,train,0
taxi:3082:3,taxi,3082,3,user,3,train,1
taxi:3082:4,taxi,3082,4,agent,2,train,0
taxi:3082:5,taxi,3082,5,user,0,train,0
taxi:3082:6,taxi,3082,6,agent,2,train,0
taxi:3082:7,taxi,3082,7,user,3,train,0
taxi:3082:8,taxi,3082,8,agent,2,train,0
taxi:3082:9,taxi,3082,9,user,3,train,1
taxi:3083:1,taxi,3083,1,user,3,test,1
taxi:3083:2,taxi,3083,2,agent,3,test,1
taxi:3083:3,taxi,3083,3,user,2,test,0
taxi:3083:4,taxi,3083,4,agent,2,test,0
taxi:3083:5,taxi,3083,5,user,0,test,0
taxi:3083:6,taxi,3083,6,agent,2,test,0
taxi:3084:1,taxi,3084,1,user,2,test,1
taxi:3084:2,taxi,3084,2,agent,0,test,0
taxi:3084:3,taxi,3084,3,user,0,test,0
taxi:3084:4,taxi,3084,4,agent,0,test,0
taxi:3084:5,taxi,3084,5,user,0,test,0
taxi:3084:6,taxi,3084,6,agent,2,test,0
taxi:3084:7,taxi,3084,7,user,2,test,0
taxi:3084:8,taxi,3084,8,agent,1,test,1
taxi:3084:9,taxi,3084,9,user,0,test,0
taxi:3084:10,taxi,3084,10,agent,2,test,0
taxi:3084:11,taxi,3084,11,user,3,test,1
taxi:3085:1,taxi,3085,1,user,1,train,0
taxi:3085:2,taxi,3085,2,agent,3,train,1
taxi:3085:3,taxi,3085,3,user,2,train,0
taxi:3085:4,taxi,3085,4,agent,3,train,1
taxi:3086:1,taxi,3086,1,user,3,train,0
taxi:3086:2,taxi,3086,2,agent,3,train,1
taxi:3086:3,taxi,3086,3,user,2,train,0
taxi:3086:4,taxi,3086,4,agent,2,train,0
taxi:3086:5,taxi,3086,5,user,0,train,0
taxi:3086:6,taxi,3086,6,agent,2,train,0
taxi:3087:1,taxi,3087,1,user,3,test,0
taxi:3087:2,taxi,3087,2,agent,3,test,0
taxi:3087:3,taxi,3087,3,user,2,test,0
taxi:3087:4,taxi,3087,4,agent,2,test,0
taxi:3087:5,taxi,3087,5,user,0,test,1
taxi:3087:6,taxi,3087,6,agent,2,test,0
taxi:3088:1,taxi,3088,1,user,3,train,0
taxi:3088:2,taxi,3088,2,agent,3,train,0
taxi:3088:3,taxi,3088,3,user,2,train,0
taxi:3088:4,taxi,3088,4,agent,2,train,0
taxi:3088:5,taxi,3088,5,user,0,train,0
taxi:3088:6,taxi,3088,6,agent,2,train,0
taxi:3089:1,taxi,3089,1,user,2,train,0
taxi:3089:2,taxi,3089,2,agent,2,train,0
taxi:3089:3,taxi,3089,3,agent,2,train,0
taxi:3089:4,taxi,3089,4,user,0,train,0
taxi:3089:5,taxi,3089,5,agent,2,train,0
taxi:3090:1,taxi,3090,1,user,2,train,0
taxi:3090:2,taxi,3090,2,agent,3,train,1
taxi:3090:3,taxi,3090,3,user,0,train,0
taxi:3090:4,taxi,3090,4,agent,0,train,0
taxi:3090:5,taxi,3090,5,user,0,train,1
taxi:3090:6,taxi,3090,6,agent,1,train,0
taxi:3090:7,taxi,3090,7,user,0,train,0
taxi:3090:8,taxi,3090,8,agent,2,train,0
taxi:3090:9,taxi,3090,9,user,0,train,0
taxi:3090:10,taxi,3090,10,agent,3,train,1
taxi:3090:11,taxi,3090,11,user,3,train,1
taxi:3091:1,taxi,3091,1,user,3,train,1
taxi:3091:2,taxi,3091,2,agent,3,train,0
taxi:3091:3,taxi,3091,3,user,2,train,0
taxi:3091:4,taxi,3091,4,agent,2,train,0
taxi:3091:5,taxi,3091,5,user,0,train,1
taxi:3091:6,taxi,3091,6,agent,2,train,0
taxi:3092:1,taxi,3092,1,user,3,validation,1
taxi:3092:2,taxi,3092,2,agent,3,validation,1
taxi:3092:3,taxi,3092,3,user,2,validation,0
taxi:3092:4,taxi,3092,4,agent,2,validation,1
taxi:3092:5,taxi,3092,5,user,0,validation,0
taxi:3092:6,taxi,3092,6,agent,3,validation,1
taxi:3093:1,taxi,3093,1,user,1,train,1
taxi:3093:2,taxi,3093,2,agent,3,train,1
taxi:3093:3,taxi,3093,3,user,2,train,0
taxi:3093:4,taxi,3093,4,agent,2,train,0
taxi:3093:5,taxi,3093,5,user,2,train,1
taxi:3093:6,taxi,3093,6,agent,3,train,1
taxi:3094:1,taxi,3094,1,user,1,train,0
taxi:3094:2,taxi,3094,2,agent,3,train,1
taxi:3094:3,taxi,3094,3,user,0,train,0
taxi:3094:4,taxi,3094,4,agent,3,train,1
taxi:3094:5,taxi,3094,5,user,0,train,0
taxi:3094:6,taxi,3094,6,agent,2,train,0
taxi:3094:7,taxi,3094,7,user,3,train,1
taxi:3094:8,taxi,3094,8,agent,2,train,0
taxi:3094:9,taxi,3094,9,user,3,train,1
